var,piece,transform,x,y,cells
1,0,0,0,0,[(0, 0), (1, 0), (2, 0), (2, 1), (3, 1), (4, 1)]
2,0,0,0,1,[(0, 1), (1, 1), (2, 1), (2, 2), (3, 2), (4, 2)]
3,0,0,0,2,[(0, 2), (1, 2), (2, 2), (2, 3), (3, 3), (4, 3)]
4,0,0,0,3,[(0, 3), (1, 3), (2, 3), (2, 4), (3, 4), (4, 4)]
5,0,0,0,4,[(0, 4), (1, 4), (2, 4), (2, 5), (3, 5), (4, 5)]
6,0,0,0,5,[(0, 5), (1, 5), (2, 5), (2, 6), (3, 6), (4, 6)]
7,0,0,0,6,[(0, 6), (1, 6), (2, 6), (2, 7), (3, 7), (4, 7)]
8,0,0,0,7,[(0, 7), (1, 7), (2, 7), (2, 8), (3, 8), (4, 8)]
9,0,0,0,8,[(0, 8), (1, 8), (2, 8), (2, 9), (3, 9), (4, 9)]
10,0,0,0,9,[(0, 9), (1, 9), (2, 9), (2, 10), (3, 10), (4, 10)]
11,0,0,0,10,[(0, 10), (1, 10), (2, 10), (2, 11), (3, 11), (4, 11)]
12,0,0,1,0,[(1, 0), (2, 0), (3, 0), (3, 1), (4, 1), (5, 1)]
13,0,0,1,1,[(1, 1), (2, 1), (3, 1), (3, 2), (4, 2), (5, 2)]
14,0,0,1,2,[(1, 2), (2, 2), (3, 2), (3, 3), (4, 3), (5, 3)]
15,0,0,1,3,[(1, 3), (2, 3), (3, 3), (3, 4), (4, 4), (5, 4)]
16,0,0,1,4,[(1, 4), (2, 4), (3, 4), (3, 5), (4, 5), (5, 5)]
17,0,0,1,5,[(1, 5), (2, 5), (3, 5), (3, 6), (4, 6), (5, 6)]
18,0,0,1,6,[(1, 6), (2, 6), (3, 6), (3, 7), (4, 7), (5, 7)]
19,0,0,1,7,[(1, 7), (2, 7), (3, 7), (3, 8), (4, 8), (5, 8)]
20,0,0,1,8,[(1, 8), (2, 8), (3, 8), (3, 9), (4, 9), (5, 9)]
21,0,0,1,9,[(1, 9), (2, 9), (3, 9), (3, 10), (4, 10), (5, 10)]
22,0,0,1,10,[(1, 10), (2, 10), (3, 10), (3, 11), (4, 11), (5, 11)]
23,0,0,2,0,[(2, 0), (3, 0), (4, 0), (4, 1), (5, 1), (6, 1)]
24,0,0,2,1,[(2, 1), (3, 1), (4, 1), (4, 2), (5, 2), (6, 2)]
25,0,0,2,2,[(2, 2), (3, 2), (4, 2), (4, 3), (5, 3), (6, 3)]
26,0,0,2,3,[(2, 3), (3, 3), (4, 3), (4, 4), (5, 4), (6, 4)]
27,0,0,2,4,[(2, 4), (3, 4), (4, 4), (4, 5), (5, 5), (6, 5)]
28,0,0,2,5,[(2, 5), (3, 5), (4, 5), (4, 6), (5, 6), (6, 6)]
29,0,0,2,6,[(2, 6), (3, 6), (4, 6), (4, 7), (5, 7), (6, 7)]
30,0,0,2,7,[(2, 7), (3, 7), (4, 7), (4, 8), (5, 8), (6, 8)]
31,0,0,2,8,[(2, 8), (3, 8), (4, 8), (4, 9), (5, 9), (6, 9)]
32,0,0,2,9,[(2, 9), (3, 9), (4, 9), (4, 10), (5, 10), (6, 10)]
33,0,0,2,10,[(2, 10), (3, 10), (4, 10), (4, 11), (5, 11), (6, 11)]
34,0,0,3,0,[(3, 0), (4, 0), (5, 0), (5, 1), (6, 1), (7, 1)]
35,0,0,3,1,[(3, 1), (4, 1), (5, 1), (5, 2), (6, 2), (7, 2)]
36,0,0,3,2,[(3, 2), (4, 2), (5, 2), (5, 3), (6, 3), (7, 3)]
37,0,0,3,3,[(3, 3), (4, 3), (5, 3), (5, 4), (6, 4), (7, 4)]
38,0,0,3,4,[(3, 4), (4, 4), (5, 4), (5, 5), (6, 5), (7, 5)]
39,0,0,3,5,[(3, 5), (4, 5), (5, 5), (5, 6), (6, 6), (7, 6)]
40,0,0,3,6,[(3, 6), (4, 6), (5, 6), (5, 7), (6, 7), (7, 7)]
41,0,0,3,7,[(3, 7), (4, 7), (5, 7), (5, 8), (6, 8), (7, 8)]
42,0,0,3,8,[(3, 8), (4, 8), (5, 8), (5, 9), (6, 9), (7, 9)]
43,0,0,3,9,[(3, 9), (4, 9), (5, 9), (5, 10), (6, 10), (7, 10)]
44,0,0,3,10,[(3, 10), (4, 10), (5, 10), (5, 11), (6, 11), (7, 11)]
45,0,0,4,0,[(4, 0), (5, 0), (6, 0), (6, 1), (7, 1), (8, 1)]
46,0,0,4,1,[(4, 1), (5, 1), (6, 1), (6, 2), (7, 2), (8, 2)]
47,0,0,4,2,[(4, 2), (5, 2), (6, 2), (6, 3), (7, 3), (8, 3)]
48,0,0,4,3,[(4, 3), (5, 3), (6, 3), (6, 4), (7, 4), (8, 4)]
49,0,0,4,4,[(4, 4), (5, 4), (6, 4), (6, 5), (7, 5), (8, 5)]
50,0,0,4,5,[(4, 5), (5, 5), (6, 5), (6, 6), (7, 6), (8, 6)]
51,0,0,4,6,[(4, 6), (5, 6), (6, 6), (6, 7), (7, 7), (8, 7)]
52,0,0,4,7,[(4, 7), (5, 7), (6, 7), (6, 8), (7, 8), (8, 8)]
53,0,0,4,8,[(4, 8), (5, 8), (6, 8), (6, 9), (7, 9), (8, 9)]
54,0,0,4,9,[(4, 9), (5, 9), (6, 9), (6, 10), (7, 10), (8, 10)]
55,0,0,4,10,[(4, 10), (5, 10), (6, 10), (6, 11), (7, 11), (8, 11)]
56,0,0,5,0,[(5, 0), (6, 0), (7, 0), (7, 1), (8, 1), (9, 1)]
57,0,0,5,1,[(5, 1), (6, 1), (7, 1), (7, 2), (8, 2), (9, 2)]
58,0,0,5,2,[(5, 2), (6, 2), (7, 2), (7, 3), (8, 3), (9, 3)]
59,0,0,5,3,[(5, 3), (6, 3), (7, 3), (7, 4), (8, 4), (9, 4)]
60,0,0,5,4,[(5, 4), (6, 4), (7, 4), (7, 5), (8, 5), (9, 5)]
61,0,0,5,5,[(5, 5), (6, 5), (7, 5), (7, 6), (8, 6), (9, 6)]
62,0,0,5,6,[(5, 6), (6, 6), (7, 6), (7, 7), (8, 7), (9, 7)]
63,0,0,5,7,[(5, 7), (6, 7), (7, 7), (7, 8), (8, 8), (9, 8)]
64,0,0,5,8,[(5, 8), (6, 8), (7, 8), (7, 9), (8, 9), (9, 9)]
65,0,0,5,9,[(5, 9), (6, 9), (7, 9), (7, 10), (8, 10), (9, 10)]
66,0,0,5,10,[(5, 10), (6, 10), (7, 10), (7, 11), (8, 11), (9, 11)]
67,0,0,6,0,[(6, 0), (7, 0), (8, 0), (8, 1), (9, 1), (10, 1)]
68,0,0,6,1,[(6, 1), (7, 1), (8, 1), (8, 2), (9, 2), (10, 2)]
69,0,0,6,2,[(6, 2), (7, 2), (8, 2), (8, 3), (9, 3), (10, 3)]
70,0,0,6,3,[(6, 3), (7, 3), (8, 3), (8, 4), (9, 4), (10, 4)]
71,0,0,6,4,[(6, 4), (7, 4), (8, 4), (8, 5), (9, 5), (10, 5)]
72,0,0,6,5,[(6, 5), (7, 5), (8, 5), (8, 6), (9, 6), (10, 6)]
73,0,0,6,6,[(6, 6), (7, 6), (8, 6), (8, 7), (9, 7), (10, 7)]
74,0,0,6,7,[(6, 7), (7, 7), (8, 7), (8, 8), (9, 8), (10, 8)]
75,0,0,6,8,[(6, 8), (7, 8), (8, 8), (8, 9), (9, 9), (10, 9)]
76,0,0,6,9,[(6, 9), (7, 9), (8, 9), (8, 10), (9, 10), (10, 10)]
77,0,0,6,10,[(6, 10), (7, 10), (8, 10), (8, 11), (9, 11), (10, 11)]
78,0,1,0,0,[(0, 1), (1, 1), (2, 0), (2, 1), (3, 0), (4, 0)]
79,0,1,0,1,[(0, 2), (1, 2), (2, 1), (2, 2), (3, 1), (4, 1)]
80,0,1,0,2,[(0, 3), (1, 3), (2, 2), (2, 3), (3, 2), (4, 2)]
81,0,1,0,3,[(0, 4), (1, 4), (2, 3), (2, 4), (3, 3), (4, 3)]
82,0,1,0,4,[(0, 5), (1, 5), (2, 4), (2, 5), (3, 4), (4, 4)]
83,0,1,0,5,[(0, 6), (1, 6), (2, 5), (2, 6), (3, 5), (4, 5)]
84,0,1,0,6,[(0, 7), (1, 7), (2, 6), (2, 7), (3, 6), (4, 6)]
85,0,1,0,7,[(0, 8), (1, 8), (2, 7), (2, 8), (3, 7), (4, 7)]
86,0,1,0,8,[(0, 9), (1, 9), (2, 8), (2, 9), (3, 8), (4, 8)]
87,0,1,0,9,[(0, 10), (1, 10), (2, 9), (2, 10), (3, 9), (4, 9)]
88,0,1,0,10,[(0, 11), (1, 11), (2, 10), (2, 11), (3, 10), (4, 10)]
89,0,1,1,0,[(1, 1), (2, 1), (3, 0), (3, 1), (4, 0), (5, 0)]
90,0,1,1,1,[(1, 2), (2, 2), (3, 1), (3, 2), (4, 1), (5, 1)]
91,0,1,1,2,[(1, 3), (2, 3), (3, 2), (3, 3), (4, 2), (5, 2)]
92,0,1,1,3,[(1, 4), (2, 4), (3, 3), (3, 4), (4, 3), (5, 3)]
93,0,1,1,4,[(1, 5), (2, 5), (3, 4), (3, 5), (4, 4), (5, 4)]
94,0,1,1,5,[(1, 6), (2, 6), (3, 5), (3, 6), (4, 5), (5, 5)]
95,0,1,1,6,[(1, 7), (2, 7), (3, 6), (3, 7), (4, 6), (5, 6)]
96,0,1,1,7,[(1, 8), (2, 8), (3, 7), (3, 8), (4, 7), (5, 7)]
97,0,1,1,8,[(1, 9), (2, 9), (3, 8), (3, 9), (4, 8), (5, 8)]
98,0,1,1,9,[(1, 10), (2, 10), (3, 9), (3, 10), (4, 9), (5, 9)]
99,0,1,1,10,[(1, 11), (2, 11), (3, 10), (3, 11), (4, 10), (5, 10)]
100,0,1,2,0,[(2, 1), (3, 1), (4, 0), (4, 1), (5, 0), (6, 0)]
101,0,1,2,1,[(2, 2), (3, 2), (4, 1), (4, 2), (5, 1), (6, 1)]
102,0,1,2,2,[(2, 3), (3, 3), (4, 2), (4, 3), (5, 2), (6, 2)]
103,0,1,2,3,[(2, 4), (3, 4), (4, 3), (4, 4), (5, 3), (6, 3)]
104,0,1,2,4,[(2, 5), (3, 5), (4, 4), (4, 5), (5, 4), (6, 4)]
105,0,1,2,5,[(2, 6), (3, 6), (4, 5), (4, 6), (5, 5), (6, 5)]
106,0,1,2,6,[(2, 7), (3, 7), (4, 6), (4, 7), (5, 6), (6, 6)]
107,0,1,2,7,[(2, 8), (3, 8), (4, 7), (4, 8), (5, 7), (6, 7)]
108,0,1,2,8,[(2, 9), (3, 9), (4, 8), (4, 9), (5, 8), (6, 8)]
109,0,1,2,9,[(2, 10), (3, 10), (4, 9), (4, 10), (5, 9), (6, 9)]
110,0,1,2,10,[(2, 11), (3, 11), (4, 10), (4, 11), (5, 10), (6, 10)]
111,0,1,3,0,[(3, 1), (4, 1), (5, 0), (5, 1), (6, 0), (7, 0)]
112,0,1,3,1,[(3, 2), (4, 2), (5, 1), (5, 2), (6, 1), (7, 1)]
113,0,1,3,2,[(3, 3), (4, 3), (5, 2), (5, 3), (6, 2), (7, 2)]
114,0,1,3,3,[(3, 4), (4, 4), (5, 3), (5, 4), (6, 3), (7, 3)]
115,0,1,3,4,[(3, 5), (4, 5), (5, 4), (5, 5), (6, 4), (7, 4)]
116,0,1,3,5,[(3, 6), (4, 6), (5, 5), (5, 6), (6, 5), (7, 5)]
117,0,1,3,6,[(3, 7), (4, 7), (5, 6), (5, 7), (6, 6), (7, 6)]
118,0,1,3,7,[(3, 8), (4, 8), (5, 7), (5, 8), (6, 7), (7, 7)]
119,0,1,3,8,[(3, 9), (4, 9), (5, 8), (5, 9), (6, 8), (7, 8)]
120,0,1,3,9,[(3, 10), (4, 10), (5, 9), (5, 10), (6, 9), (7, 9)]
121,0,1,3,10,[(3, 11), (4, 11), (5, 10), (5, 11), (6, 10), (7, 10)]
122,0,1,4,0,[(4, 1), (5, 1), (6, 0), (6, 1), (7, 0), (8, 0)]
123,0,1,4,1,[(4, 2), (5, 2), (6, 1), (6, 2), (7, 1), (8, 1)]
124,0,1,4,2,[(4, 3), (5, 3), (6, 2), (6, 3), (7, 2), (8, 2)]
125,0,1,4,3,[(4, 4), (5, 4), (6, 3), (6, 4), (7, 3), (8, 3)]
126,0,1,4,4,[(4, 5), (5, 5), (6, 4), (6, 5), (7, 4), (8, 4)]
127,0,1,4,5,[(4, 6), (5, 6), (6, 5), (6, 6), (7, 5), (8, 5)]
128,0,1,4,6,[(4, 7), (5, 7), (6, 6), (6, 7), (7, 6), (8, 6)]
129,0,1,4,7,[(4, 8), (5, 8), (6, 7), (6, 8), (7, 7), (8, 7)]
130,0,1,4,8,[(4, 9), (5, 9), (6, 8), (6, 9), (7, 8), (8, 8)]
131,0,1,4,9,[(4, 10), (5, 10), (6, 9), (6, 10), (7, 9), (8, 9)]
132,0,1,4,10,[(4, 11), (5, 11), (6, 10), (6, 11), (7, 10), (8, 10)]
133,0,1,5,0,[(5, 1), (6, 1), (7, 0), (7, 1), (8, 0), (9, 0)]
134,0,1,5,1,[(5, 2), (6, 2), (7, 1), (7, 2), (8, 1), (9, 1)]
135,0,1,5,2,[(5, 3), (6, 3), (7, 2), (7, 3), (8, 2), (9, 2)]
136,0,1,5,3,[(5, 4), (6, 4), (7, 3), (7, 4), (8, 3), (9, 3)]
137,0,1,5,4,[(5, 5), (6, 5), (7, 4), (7, 5), (8, 4), (9, 4)]
138,0,1,5,5,[(5, 6), (6, 6), (7, 5), (7, 6), (8, 5), (9, 5)]
139,0,1,5,6,[(5, 7), (6, 7), (7, 6), (7, 7), (8, 6), (9, 6)]
140,0,1,5,7,[(5, 8), (6, 8), (7, 7), (7, 8), (8, 7), (9, 7)]
141,0,1,5,8,[(5, 9), (6, 9), (7, 8), (7, 9), (8, 8), (9, 8)]
142,0,1,5,9,[(5, 10), (6, 10), (7, 9), (7, 10), (8, 9), (9, 9)]
143,0,1,5,10,[(5, 11), (6, 11), (7, 10), (7, 11), (8, 10), (9, 10)]
144,0,1,6,0,[(6, 1), (7, 1), (8, 0), (8, 1), (9, 0), (10, 0)]
145,0,1,6,1,[(6, 2), (7, 2), (8, 1), (8, 2), (9, 1), (10, 1)]
146,0,1,6,2,[(6, 3), (7, 3), (8, 2), (8, 3), (9, 2), (10, 2)]
147,0,1,6,3,[(6, 4), (7, 4), (8, 3), (8, 4), (9, 3), (10, 3)]
148,0,1,6,4,[(6, 5), (7, 5), (8, 4), (8, 5), (9, 4), (10, 4)]
149,0,1,6,5,[(6, 6), (7, 6), (8, 5), (8, 6), (9, 5), (10, 5)]
150,0,1,6,6,[(6, 7), (7, 7), (8, 6), (8, 7), (9, 6), (10, 6)]
151,0,1,6,7,[(6, 8), (7, 8), (8, 7), (8, 8), (9, 7), (10, 7)]
152,0,1,6,8,[(6, 9), (7, 9), (8, 8), (8, 9), (9, 8), (10, 8)]
153,0,1,6,9,[(6, 10), (7, 10), (8, 9), (8, 10), (9, 9), (10, 9)]
154,0,1,6,10,[(6, 11), (7, 11), (8, 10), (8, 11), (9, 10), (10, 10)]
155,0,2,0,0,[(0, 2), (0, 3), (0, 4), (1, 0), (1, 1), (1, 2)]
156,0,2,0,1,[(0, 3), (0, 4), (0, 5), (1, 1), (1, 2), (1, 3)]
157,0,2,0,2,[(0, 4), (0, 5), (0, 6), (1, 2), (1, 3), (1, 4)]
158,0,2,0,3,[(0, 5), (0, 6), (0, 7), (1, 3), (1, 4), (1, 5)]
159,0,2,0,4,[(0, 6), (0, 7), (0, 8), (1, 4), (1, 5), (1, 6)]
160,0,2,0,5,[(0, 7), (0, 8), (0, 9), (1, 5), (1, 6), (1, 7)]
161,0,2,0,6,[(0, 8), (0, 9), (0, 10), (1, 6), (1, 7), (1, 8)]
162,0,2,0,7,[(0, 9), (0, 10), (0, 11), (1, 7), (1, 8), (1, 9)]
163,0,2,1,0,[(1, 2), (1, 3), (1, 4), (2, 0), (2, 1), (2, 2)]
164,0,2,1,1,[(1, 3), (1, 4), (1, 5), (2, 1), (2, 2), (2, 3)]
165,0,2,1,2,[(1, 4), (1, 5), (1, 6), (2, 2), (2, 3), (2, 4)]
166,0,2,1,3,[(1, 5), (1, 6), (1, 7), (2, 3), (2, 4), (2, 5)]
167,0,2,1,4,[(1, 6), (1, 7), (1, 8), (2, 4), (2, 5), (2, 6)]
168,0,2,1,5,[(1, 7), (1, 8), (1, 9), (2, 5), (2, 6), (2, 7)]
169,0,2,1,6,[(1, 8), (1, 9), (1, 10), (2, 6), (2, 7), (2, 8)]
170,0,2,1,7,[(1, 9), (1, 10), (1, 11), (2, 7), (2, 8), (2, 9)]
171,0,2,2,0,[(2, 2), (2, 3), (2, 4), (3, 0), (3, 1), (3, 2)]
172,0,2,2,1,[(2, 3), (2, 4), (2, 5), (3, 1), (3, 2), (3, 3)]
173,0,2,2,2,[(2, 4), (2, 5), (2, 6), (3, 2), (3, 3), (3, 4)]
174,0,2,2,3,[(2, 5), (2, 6), (2, 7), (3, 3), (3, 4), (3, 5)]
175,0,2,2,4,[(2, 6), (2, 7), (2, 8), (3, 4), (3, 5), (3, 6)]
176,0,2,2,5,[(2, 7), (2, 8), (2, 9), (3, 5), (3, 6), (3, 7)]
177,0,2,2,6,[(2, 8), (2, 9), (2, 10), (3, 6), (3, 7), (3, 8)]
178,0,2,2,7,[(2, 9), (2, 10), (2, 11), (3, 7), (3, 8), (3, 9)]
179,0,2,3,0,[(3, 2), (3, 3), (3, 4), (4, 0), (4, 1), (4, 2)]
180,0,2,3,1,[(3, 3), (3, 4), (3, 5), (4, 1), (4, 2), (4, 3)]
181,0,2,3,2,[(3, 4), (3, 5), (3, 6), (4, 2), (4, 3), (4, 4)]
182,0,2,3,3,[(3, 5), (3, 6), (3, 7), (4, 3), (4, 4), (4, 5)]
183,0,2,3,4,[(3, 6), (3, 7), (3, 8), (4, 4), (4, 5), (4, 6)]
184,0,2,3,5,[(3, 7), (3, 8), (3, 9), (4, 5), (4, 6), (4, 7)]
185,0,2,3,6,[(3, 8), (3, 9), (3, 10), (4, 6), (4, 7), (4, 8)]
186,0,2,3,7,[(3, 9), (3, 10), (3, 11), (4, 7), (4, 8), (4, 9)]
187,0,2,4,0,[(4, 2), (4, 3), (4, 4), (5, 0), (5, 1), (5, 2)]
188,0,2,4,1,[(4, 3), (4, 4), (4, 5), (5, 1), (5, 2), (5, 3)]
189,0,2,4,2,[(4, 4), (4, 5), (4, 6), (5, 2), (5, 3), (5, 4)]
190,0,2,4,3,[(4, 5), (4, 6), (4, 7), (5, 3), (5, 4), (5, 5)]
191,0,2,4,4,[(4, 6), (4, 7), (4, 8), (5, 4), (5, 5), (5, 6)]
192,0,2,4,5,[(4, 7), (4, 8), (4, 9), (5, 5), (5, 6), (5, 7)]
193,0,2,4,6,[(4, 8), (4, 9), (4, 10), (5, 6), (5, 7), (5, 8)]
194,0,2,4,7,[(4, 9), (4, 10), (4, 11), (5, 7), (5, 8), (5, 9)]
195,0,2,5,0,[(5, 2), (5, 3), (5, 4), (6, 0), (6, 1), (6, 2)]
196,0,2,5,1,[(5, 3), (5, 4), (5, 5), (6, 1), (6, 2), (6, 3)]
197,0,2,5,2,[(5, 4), (5, 5), (5, 6), (6, 2), (6, 3), (6, 4)]
198,0,2,5,3,[(5, 5), (5, 6), (5, 7), (6, 3), (6, 4), (6, 5)]
199,0,2,5,4,[(5, 6), (5, 7), (5, 8), (6, 4), (6, 5), (6, 6)]
200,0,2,5,5,[(5, 7), (5, 8), (5, 9), (6, 5), (6, 6), (6, 7)]
201,0,2,5,6,[(5, 8), (5, 9), (5, 10), (6, 6), (6, 7), (6, 8)]
202,0,2,5,7,[(5, 9), (5, 10), (5, 11), (6, 7), (6, 8), (6, 9)]
203,0,2,6,0,[(6, 2), (6, 3), (6, 4), (7, 0), (7, 1), (7, 2)]
204,0,2,6,1,[(6, 3), (6, 4), (6, 5), (7, 1), (7, 2), (7, 3)]
205,0,2,6,2,[(6, 4), (6, 5), (6, 6), (7, 2), (7, 3), (7, 4)]
206,0,2,6,3,[(6, 5), (6, 6), (6, 7), (7, 3), (7, 4), (7, 5)]
207,0,2,6,4,[(6, 6), (6, 7), (6, 8), (7, 4), (7, 5), (7, 6)]
208,0,2,6,5,[(6, 7), (6, 8), (6, 9), (7, 5), (7, 6), (7, 7)]
209,0,2,6,6,[(6, 8), (6, 9), (6, 10), (7, 6), (7, 7), (7, 8)]
210,0,2,6,7,[(6, 9), (6, 10), (6, 11), (7, 7), (7, 8), (7, 9)]
211,0,3,0,0,[(0, 0), (0, 1), (0, 2), (1, 2), (1, 3), (1, 4)]
212,0,3,0,1,[(0, 1), (0, 2), (0, 3), (1, 3), (1, 4), (1, 5)]
213,0,3,0,2,[(0, 2), (0, 3), (0, 4), (1, 4), (1, 5), (1, 6)]
214,0,3,0,3,[(0, 3), (0, 4), (0, 5), (1, 5), (1, 6), (1, 7)]
215,0,3,0,4,[(0, 4), (0, 5), (0, 6), (1, 6), (1, 7), (1, 8)]
216,0,3,0,5,[(0, 5), (0, 6), (0, 7), (1, 7), (1, 8), (1, 9)]
217,0,3,0,6,[(0, 6), (0, 7), (0, 8), (1, 8), (1, 9), (1, 10)]
218,0,3,0,7,[(0, 7), (0, 8), (0, 9), (1, 9), (1, 10), (1, 11)]
219,0,3,1,0,[(1, 0), (1, 1), (1, 2), (2, 2), (2, 3), (2, 4)]
220,0,3,1,1,[(1, 1), (1, 2), (1, 3), (2, 3), (2, 4), (2, 5)]
221,0,3,1,2,[(1, 2), (1, 3), (1, 4), (2, 4), (2, 5), (2, 6)]
222,0,3,1,3,[(1, 3), (1, 4), (1, 5), (2, 5), (2, 6), (2, 7)]
223,0,3,1,4,[(1, 4), (1, 5), (1, 6), (2, 6), (2, 7), (2, 8)]
224,0,3,1,5,[(1, 5), (1, 6), (1, 7), (2, 7), (2, 8), (2, 9)]
225,0,3,1,6,[(1, 6), (1, 7), (1, 8), (2, 8), (2, 9), (2, 10)]
226,0,3,1,7,[(1, 7), (1, 8), (1, 9), (2, 9), (2, 10), (2, 11)]
227,0,3,2,0,[(2, 0), (2, 1), (2, 2), (3, 2), (3, 3), (3, 4)]
228,0,3,2,1,[(2, 1), (2, 2), (2, 3), (3, 3), (3, 4), (3, 5)]
229,0,3,2,2,[(2, 2), (2, 3), (2, 4), (3, 4), (3, 5), (3, 6)]
230,0,3,2,3,[(2, 3), (2, 4), (2, 5), (3, 5), (3, 6), (3, 7)]
231,0,3,2,4,[(2, 4), (2, 5), (2, 6), (3, 6), (3, 7), (3, 8)]
232,0,3,2,5,[(2, 5), (2, 6), (2, 7), (3, 7), (3, 8), (3, 9)]
233,0,3,2,6,[(2, 6), (2, 7), (2, 8), (3, 8), (3, 9), (3, 10)]
234,0,3,2,7,[(2, 7), (2, 8), (2, 9), (3, 9), (3, 10), (3, 11)]
235,0,3,3,0,[(3, 0), (3, 1), (3, 2), (4, 2), (4, 3), (4, 4)]
236,0,3,3,1,[(3, 1), (3, 2), (3, 3), (4, 3), (4, 4), (4, 5)]
237,0,3,3,2,[(3, 2), (3, 3), (3, 4), (4, 4), (4, 5), (4, 6)]
238,0,3,3,3,[(3, 3), (3, 4), (3, 5), (4, 5), (4, 6), (4, 7)]
239,0,3,3,4,[(3, 4), (3, 5), (3, 6), (4, 6), (4, 7), (4, 8)]
240,0,3,3,5,[(3, 5), (3, 6), (3, 7), (4, 7), (4, 8), (4, 9)]
241,0,3,3,6,[(3, 6), (3, 7), (3, 8), (4, 8), (4, 9), (4, 10)]
242,0,3,3,7,[(3, 7), (3, 8), (3, 9), (4, 9), (4, 10), (4, 11)]
243,0,3,4,0,[(4, 0), (4, 1), (4, 2), (5, 2), (5, 3), (5, 4)]
244,0,3,4,1,[(4, 1), (4, 2), (4, 3), (5, 3), (5, 4), (5, 5)]
245,0,3,4,2,[(4, 2), (4, 3), (4, 4), (5, 4), (5, 5), (5, 6)]
246,0,3,4,3,[(4, 3), (4, 4), (4, 5), (5, 5), (5, 6), (5, 7)]
247,0,3,4,4,[(4, 4), (4, 5), (4, 6), (5, 6), (5, 7), (5, 8)]
248,0,3,4,5,[(4, 5), (4, 6), (4, 7), (5, 7), (5, 8), (5, 9)]
249,0,3,4,6,[(4, 6), (4, 7), (4, 8), (5, 8), (5, 9), (5, 10)]
250,0,3,4,7,[(4, 7), (4, 8), (4, 9), (5, 9), (5, 10), (5, 11)]
251,0,3,5,0,[(5, 0), (5, 1), (5, 2), (6, 2), (6, 3), (6, 4)]
252,0,3,5,1,[(5, 1), (5, 2), (5, 3), (6, 3), (6, 4), (6, 5)]
253,0,3,5,2,[(5, 2), (5, 3), (5, 4), (6, 4), (6, 5), (6, 6)]
254,0,3,5,3,[(5, 3), (5, 4), (5, 5), (6, 5), (6, 6), (6, 7)]
255,0,3,5,4,[(5, 4), (5, 5), (5, 6), (6, 6), (6, 7), (6, 8)]
256,0,3,5,5,[(5, 5), (5, 6), (5, 7), (6, 7), (6, 8), (6, 9)]
257,0,3,5,6,[(5, 6), (5, 7), (5, 8), (6, 8), (6, 9), (6, 10)]
258,0,3,5,7,[(5, 7), (5, 8), (5, 9), (6, 9), (6, 10), (6, 11)]
259,0,3,6,0,[(6, 0), (6, 1), (6, 2), (7, 2), (7, 3), (7, 4)]
260,0,3,6,1,[(6, 1), (6, 2), (6, 3), (7, 3), (7, 4), (7, 5)]
261,0,3,6,2,[(6, 2), (6, 3), (6, 4), (7, 4), (7, 5), (7, 6)]
262,0,3,6,3,[(6, 3), (6, 4), (6, 5), (7, 5), (7, 6), (7, 7)]
263,0,3,6,4,[(6, 4), (6, 5), (6, 6), (7, 6), (7, 7), (7, 8)]
264,0,3,6,5,[(6, 5), (6, 6), (6, 7), (7, 7), (7, 8), (7, 9)]
265,0,3,6,6,[(6, 6), (6, 7), (6, 8), (7, 8), (7, 9), (7, 10)]
266,0,3,6,7,[(6, 7), (6, 8), (6, 9), (7, 9), (7, 10), (7, 11)]
267,1,0,0,0,[(0, 1), (0, 2), (1, 1), (2, 0), (2, 1), (3, 1)]
268,1,0,0,1,[(0, 2), (0, 3), (1, 2), (2, 1), (2, 2), (3, 2)]
269,1,0,0,2,[(0, 3), (0, 4), (1, 3), (2, 2), (2, 3), (3, 3)]
270,1,0,0,3,[(0, 4), (0, 5), (1, 4), (2, 3), (2, 4), (3, 4)]
271,1,0,0,4,[(0, 5), (0, 6), (1, 5), (2, 4), (2, 5), (3, 5)]
272,1,0,0,5,[(0, 6), (0, 7), (1, 6), (2, 5), (2, 6), (3, 6)]
273,1,0,0,6,[(0, 7), (0, 8), (1, 7), (2, 6), (2, 7), (3, 7)]
274,1,0,0,7,[(0, 8), (0, 9), (1, 8), (2, 7), (2, 8), (3, 8)]
275,1,0,0,8,[(0, 9), (0, 10), (1, 9), (2, 8), (2, 9), (3, 9)]
276,1,0,0,9,[(0, 10), (0, 11), (1, 10), (2, 9), (2, 10), (3, 10)]
277,1,0,1,0,[(1, 1), (1, 2), (2, 1), (3, 0), (3, 1), (4, 1)]
278,1,0,1,1,[(1, 2), (1, 3), (2, 2), (3, 1), (3, 2), (4, 2)]
279,1,0,1,2,[(1, 3), (1, 4), (2, 3), (3, 2), (3, 3), (4, 3)]
280,1,0,1,3,[(1, 4), (1, 5), (2, 4), (3, 3), (3, 4), (4, 4)]
281,1,0,1,4,[(1, 5), (1, 6), (2, 5), (3, 4), (3, 5), (4, 5)]
282,1,0,1,5,[(1, 6), (1, 7), (2, 6), (3, 5), (3, 6), (4, 6)]
283,1,0,1,6,[(1, 7), (1, 8), (2, 7), (3, 6), (3, 7), (4, 7)]
284,1,0,1,7,[(1, 8), (1, 9), (2, 8), (3, 7), (3, 8), (4, 8)]
285,1,0,1,8,[(1, 9), (1, 10), (2, 9), (3, 8), (3, 9), (4, 9)]
286,1,0,1,9,[(1, 10), (1, 11), (2, 10), (3, 9), (3, 10), (4, 10)]
287,1,0,2,0,[(2, 1), (2, 2), (3, 1), (4, 0), (4, 1), (5, 1)]
288,1,0,2,1,[(2, 2), (2, 3), (3, 2), (4, 1), (4, 2), (5, 2)]
289,1,0,2,2,[(2, 3), (2, 4), (3, 3), (4, 2), (4, 3), (5, 3)]
290,1,0,2,3,[(2, 4), (2, 5), (3, 4), (4, 3), (4, 4), (5, 4)]
291,1,0,2,4,[(2, 5), (2, 6), (3, 5), (4, 4), (4, 5), (5, 5)]
292,1,0,2,5,[(2, 6), (2, 7), (3, 6), (4, 5), (4, 6), (5, 6)]
293,1,0,2,6,[(2, 7), (2, 8), (3, 7), (4, 6), (4, 7), (5, 7)]
294,1,0,2,7,[(2, 8), (2, 9), (3, 8), (4, 7), (4, 8), (5, 8)]
295,1,0,2,8,[(2, 9), (2, 10), (3, 9), (4, 8), (4, 9), (5, 9)]
296,1,0,2,9,[(2, 10), (2, 11), (3, 10), (4, 9), (4, 10), (5, 10)]
297,1,0,3,0,[(3, 1), (3, 2), (4, 1), (5, 0), (5, 1), (6, 1)]
298,1,0,3,1,[(3, 2), (3, 3), (4, 2), (5, 1), (5, 2), (6, 2)]
299,1,0,3,2,[(3, 3), (3, 4), (4, 3), (5, 2), (5, 3), (6, 3)]
300,1,0,3,3,[(3, 4), (3, 5), (4, 4), (5, 3), (5, 4), (6, 4)]
301,1,0,3,4,[(3, 5), (3, 6), (4, 5), (5, 4), (5, 5), (6, 5)]
302,1,0,3,5,[(3, 6), (3, 7), (4, 6), (5, 5), (5, 6), (6, 6)]
303,1,0,3,6,[(3, 7), (3, 8), (4, 7), (5, 6), (5, 7), (6, 7)]
304,1,0,3,7,[(3, 8), (3, 9), (4, 8), (5, 7), (5, 8), (6, 8)]
305,1,0,3,8,[(3, 9), (3, 10), (4, 9), (5, 8), (5, 9), (6, 9)]
306,1,0,3,9,[(3, 10), (3, 11), (4, 10), (5, 9), (5, 10), (6, 10)]
307,1,0,4,0,[(4, 1), (4, 2), (5, 1), (6, 0), (6, 1), (7, 1)]
308,1,0,4,1,[(4, 2), (4, 3), (5, 2), (6, 1), (6, 2), (7, 2)]
309,1,0,4,2,[(4, 3), (4, 4), (5, 3), (6, 2), (6, 3), (7, 3)]
310,1,0,4,3,[(4, 4), (4, 5), (5, 4), (6, 3), (6, 4), (7, 4)]
311,1,0,4,4,[(4, 5), (4, 6), (5, 5), (6, 4), (6, 5), (7, 5)]
312,1,0,4,5,[(4, 6), (4, 7), (5, 6), (6, 5), (6, 6), (7, 6)]
313,1,0,4,6,[(4, 7), (4, 8), (5, 7), (6, 6), (6, 7), (7, 7)]
314,1,0,4,7,[(4, 8), (4, 9), (5, 8), (6, 7), (6, 8), (7, 8)]
315,1,0,4,8,[(4, 9), (4, 10), (5, 9), (6, 8), (6, 9), (7, 9)]
316,1,0,4,9,[(4, 10), (4, 11), (5, 10), (6, 9), (6, 10), (7, 10)]
317,1,0,5,0,[(5, 1), (5, 2), (6, 1), (7, 0), (7, 1), (8, 1)]
318,1,0,5,1,[(5, 2), (5, 3), (6, 2), (7, 1), (7, 2), (8, 2)]
319,1,0,5,2,[(5, 3), (5, 4), (6, 3), (7, 2), (7, 3), (8, 3)]
320,1,0,5,3,[(5, 4), (5, 5), (6, 4), (7, 3), (7, 4), (8, 4)]
321,1,0,5,4,[(5, 5), (5, 6), (6, 5), (7, 4), (7, 5), (8, 5)]
322,1,0,5,5,[(5, 6), (5, 7), (6, 6), (7, 5), (7, 6), (8, 6)]
323,1,0,5,6,[(5, 7), (5, 8), (6, 7), (7, 6), (7, 7), (8, 7)]
324,1,0,5,7,[(5, 8), (5, 9), (6, 8), (7, 7), (7, 8), (8, 8)]
325,1,0,5,8,[(5, 9), (5, 10), (6, 9), (7, 8), (7, 9), (8, 9)]
326,1,0,5,9,[(5, 10), (5, 11), (6, 10), (7, 9), (7, 10), (8, 10)]
327,1,0,6,0,[(6, 1), (6, 2), (7, 1), (8, 0), (8, 1), (9, 1)]
328,1,0,6,1,[(6, 2), (6, 3), (7, 2), (8, 1), (8, 2), (9, 2)]
329,1,0,6,2,[(6, 3), (6, 4), (7, 3), (8, 2), (8, 3), (9, 3)]
330,1,0,6,3,[(6, 4), (6, 5), (7, 4), (8, 3), (8, 4), (9, 4)]
331,1,0,6,4,[(6, 5), (6, 6), (7, 5), (8, 4), (8, 5), (9, 5)]
332,1,0,6,5,[(6, 6), (6, 7), (7, 6), (8, 5), (8, 6), (9, 6)]
333,1,0,6,6,[(6, 7), (6, 8), (7, 7), (8, 6), (8, 7), (9, 7)]
334,1,0,6,7,[(6, 8), (6, 9), (7, 8), (8, 7), (8, 8), (9, 8)]
335,1,0,6,8,[(6, 9), (6, 10), (7, 9), (8, 8), (8, 9), (9, 9)]
336,1,0,6,9,[(6, 10), (6, 11), (7, 10), (8, 9), (8, 10), (9, 10)]
337,1,0,7,0,[(7, 1), (7, 2), (8, 1), (9, 0), (9, 1), (10, 1)]
338,1,0,7,1,[(7, 2), (7, 3), (8, 2), (9, 1), (9, 2), (10, 2)]
339,1,0,7,2,[(7, 3), (7, 4), (8, 3), (9, 2), (9, 3), (10, 3)]
340,1,0,7,3,[(7, 4), (7, 5), (8, 4), (9, 3), (9, 4), (10, 4)]
341,1,0,7,4,[(7, 5), (7, 6), (8, 5), (9, 4), (9, 5), (10, 5)]
342,1,0,7,5,[(7, 6), (7, 7), (8, 6), (9, 5), (9, 6), (10, 6)]
343,1,0,7,6,[(7, 7), (7, 8), (8, 7), (9, 6), (9, 7), (10, 7)]
344,1,0,7,7,[(7, 8), (7, 9), (8, 8), (9, 7), (9, 8), (10, 8)]
345,1,0,7,8,[(7, 9), (7, 10), (8, 9), (9, 8), (9, 9), (10, 9)]
346,1,0,7,9,[(7, 10), (7, 11), (8, 10), (9, 9), (9, 10), (10, 10)]
347,1,0,8,0,[(8, 1), (8, 2), (9, 1), (10, 0), (10, 1), (11, 1)]
348,1,0,8,1,[(8, 2), (8, 3), (9, 2), (10, 1), (10, 2), (11, 2)]
349,1,0,8,2,[(8, 3), (8, 4), (9, 3), (10, 2), (10, 3), (11, 3)]
350,1,0,8,3,[(8, 4), (8, 5), (9, 4), (10, 3), (10, 4), (11, 4)]
351,1,0,8,4,[(8, 5), (8, 6), (9, 5), (10, 4), (10, 5), (11, 5)]
352,1,0,8,5,[(8, 6), (8, 7), (9, 6), (10, 5), (10, 6), (11, 6)]
353,1,0,8,6,[(8, 7), (8, 8), (9, 7), (10, 6), (10, 7), (11, 7)]
354,1,0,8,7,[(8, 8), (8, 9), (9, 8), (10, 7), (10, 8), (11, 8)]
355,1,0,8,8,[(8, 9), (8, 10), (9, 9), (10, 8), (10, 9), (11, 9)]
356,1,0,8,9,[(8, 10), (8, 11), (9, 10), (10, 9), (10, 10), (11, 10)]
357,1,1,0,0,[(0, 0), (0, 1), (1, 1), (2, 1), (2, 2), (3, 1)]
358,1,1,0,1,[(0, 1), (0, 2), (1, 2), (2, 2), (2, 3), (3, 2)]
359,1,1,0,2,[(0, 2), (0, 3), (1, 3), (2, 3), (2, 4), (3, 3)]
360,1,1,0,3,[(0, 3), (0, 4), (1, 4), (2, 4), (2, 5), (3, 4)]
361,1,1,0,4,[(0, 4), (0, 5), (1, 5), (2, 5), (2, 6), (3, 5)]
362,1,1,0,5,[(0, 5), (0, 6), (1, 6), (2, 6), (2, 7), (3, 6)]
363,1,1,0,6,[(0, 6), (0, 7), (1, 7), (2, 7), (2, 8), (3, 7)]
364,1,1,0,7,[(0, 7), (0, 8), (1, 8), (2, 8), (2, 9), (3, 8)]
365,1,1,0,8,[(0, 8), (0, 9), (1, 9), (2, 9), (2, 10), (3, 9)]
366,1,1,0,9,[(0, 9), (0, 10), (1, 10), (2, 10), (2, 11), (3, 10)]
367,1,1,1,0,[(1, 0), (1, 1), (2, 1), (3, 1), (3, 2), (4, 1)]
368,1,1,1,1,[(1, 1), (1, 2), (2, 2), (3, 2), (3, 3), (4, 2)]
369,1,1,1,2,[(1, 2), (1, 3), (2, 3), (3, 3), (3, 4), (4, 3)]
370,1,1,1,3,[(1, 3), (1, 4), (2, 4), (3, 4), (3, 5), (4, 4)]
371,1,1,1,4,[(1, 4), (1, 5), (2, 5), (3, 5), (3, 6), (4, 5)]
372,1,1,1,5,[(1, 5), (1, 6), (2, 6), (3, 6), (3, 7), (4, 6)]
373,1,1,1,6,[(1, 6), (1, 7), (2, 7), (3, 7), (3, 8), (4, 7)]
374,1,1,1,7,[(1, 7), (1, 8), (2, 8), (3, 8), (3, 9), (4, 8)]
375,1,1,1,8,[(1, 8), (1, 9), (2, 9), (3, 9), (3, 10), (4, 9)]
376,1,1,1,9,[(1, 9), (1, 10), (2, 10), (3, 10), (3, 11), (4, 10)]
377,1,1,2,0,[(2, 0), (2, 1), (3, 1), (4, 1), (4, 2), (5, 1)]
378,1,1,2,1,[(2, 1), (2, 2), (3, 2), (4, 2), (4, 3), (5, 2)]
379,1,1,2,2,[(2, 2), (2, 3), (3, 3), (4, 3), (4, 4), (5, 3)]
380,1,1,2,3,[(2, 3), (2, 4), (3, 4), (4, 4), (4, 5), (5, 4)]
381,1,1,2,4,[(2, 4), (2, 5), (3, 5), (4, 5), (4, 6), (5, 5)]
382,1,1,2,5,[(2, 5), (2, 6), (3, 6), (4, 6), (4, 7), (5, 6)]
383,1,1,2,6,[(2, 6), (2, 7), (3, 7), (4, 7), (4, 8), (5, 7)]
384,1,1,2,7,[(2, 7), (2, 8), (3, 8), (4, 8), (4, 9), (5, 8)]
385,1,1,2,8,[(2, 8), (2, 9), (3, 9), (4, 9), (4, 10), (5, 9)]
386,1,1,2,9,[(2, 9), (2, 10), (3, 10), (4, 10), (4, 11), (5, 10)]
387,1,1,3,0,[(3, 0), (3, 1), (4, 1), (5, 1), (5, 2), (6, 1)]
388,1,1,3,1,[(3, 1), (3, 2), (4, 2), (5, 2), (5, 3), (6, 2)]
389,1,1,3,2,[(3, 2), (3, 3), (4, 3), (5, 3), (5, 4), (6, 3)]
390,1,1,3,3,[(3, 3), (3, 4), (4, 4), (5, 4), (5, 5), (6, 4)]
391,1,1,3,4,[(3, 4), (3, 5), (4, 5), (5, 5), (5, 6), (6, 5)]
392,1,1,3,5,[(3, 5), (3, 6), (4, 6), (5, 6), (5, 7), (6, 6)]
393,1,1,3,6,[(3, 6), (3, 7), (4, 7), (5, 7), (5, 8), (6, 7)]
394,1,1,3,7,[(3, 7), (3, 8), (4, 8), (5, 8), (5, 9), (6, 8)]
395,1,1,3,8,[(3, 8), (3, 9), (4, 9), (5, 9), (5, 10), (6, 9)]
396,1,1,3,9,[(3, 9), (3, 10), (4, 10), (5, 10), (5, 11), (6, 10)]
397,1,1,4,0,[(4, 0), (4, 1), (5, 1), (6, 1), (6, 2), (7, 1)]
398,1,1,4,1,[(4, 1), (4, 2), (5, 2), (6, 2), (6, 3), (7, 2)]
399,1,1,4,2,[(4, 2), (4, 3), (5, 3), (6, 3), (6, 4), (7, 3)]
400,1,1,4,3,[(4, 3), (4, 4), (5, 4), (6, 4), (6, 5), (7, 4)]
401,1,1,4,4,[(4, 4), (4, 5), (5, 5), (6, 5), (6, 6), (7, 5)]
402,1,1,4,5,[(4, 5), (4, 6), (5, 6), (6, 6), (6, 7), (7, 6)]
403,1,1,4,6,[(4, 6), (4, 7), (5, 7), (6, 7), (6, 8), (7, 7)]
404,1,1,4,7,[(4, 7), (4, 8), (5, 8), (6, 8), (6, 9), (7, 8)]
405,1,1,4,8,[(4, 8), (4, 9), (5, 9), (6, 9), (6, 10), (7, 9)]
406,1,1,4,9,[(4, 9), (4, 10), (5, 10), (6, 10), (6, 11), (7, 10)]
407,1,1,5,0,[(5, 0), (5, 1), (6, 1), (7, 1), (7, 2), (8, 1)]
408,1,1,5,1,[(5, 1), (5, 2), (6, 2), (7, 2), (7, 3), (8, 2)]
409,1,1,5,2,[(5, 2), (5, 3), (6, 3), (7, 3), (7, 4), (8, 3)]
410,1,1,5,3,[(5, 3), (5, 4), (6, 4), (7, 4), (7, 5), (8, 4)]
411,1,1,5,4,[(5, 4), (5, 5), (6, 5), (7, 5), (7, 6), (8, 5)]
412,1,1,5,5,[(5, 5), (5, 6), (6, 6), (7, 6), (7, 7), (8, 6)]
413,1,1,5,6,[(5, 6), (5, 7), (6, 7), (7, 7), (7, 8), (8, 7)]
414,1,1,5,7,[(5, 7), (5, 8), (6, 8), (7, 8), (7, 9), (8, 8)]
415,1,1,5,8,[(5, 8), (5, 9), (6, 9), (7, 9), (7, 10), (8, 9)]
416,1,1,5,9,[(5, 9), (5, 10), (6, 10), (7, 10), (7, 11), (8, 10)]
417,1,1,6,0,[(6, 0), (6, 1), (7, 1), (8, 1), (8, 2), (9, 1)]
418,1,1,6,1,[(6, 1), (6, 2), (7, 2), (8, 2), (8, 3), (9, 2)]
419,1,1,6,2,[(6, 2), (6, 3), (7, 3), (8, 3), (8, 4), (9, 3)]
420,1,1,6,3,[(6, 3), (6, 4), (7, 4), (8, 4), (8, 5), (9, 4)]
421,1,1,6,4,[(6, 4), (6, 5), (7, 5), (8, 5), (8, 6), (9, 5)]
422,1,1,6,5,[(6, 5), (6, 6), (7, 6), (8, 6), (8, 7), (9, 6)]
423,1,1,6,6,[(6, 6), (6, 7), (7, 7), (8, 7), (8, 8), (9, 7)]
424,1,1,6,7,[(6, 7), (6, 8), (7, 8), (8, 8), (8, 9), (9, 8)]
425,1,1,6,8,[(6, 8), (6, 9), (7, 9), (8, 9), (8, 10), (9, 9)]
426,1,1,6,9,[(6, 9), (6, 10), (7, 10), (8, 10), (8, 11), (9, 10)]
427,1,1,7,0,[(7, 0), (7, 1), (8, 1), (9, 1), (9, 2), (10, 1)]
428,1,1,7,1,[(7, 1), (7, 2), (8, 2), (9, 2), (9, 3), (10, 2)]
429,1,1,7,2,[(7, 2), (7, 3), (8, 3), (9, 3), (9, 4), (10, 3)]
430,1,1,7,3,[(7, 3), (7, 4), (8, 4), (9, 4), (9, 5), (10, 4)]
431,1,1,7,4,[(7, 4), (7, 5), (8, 5), (9, 5), (9, 6), (10, 5)]
432,1,1,7,5,[(7, 5), (7, 6), (8, 6), (9, 6), (9, 7), (10, 6)]
433,1,1,7,6,[(7, 6), (7, 7), (8, 7), (9, 7), (9, 8), (10, 7)]
434,1,1,7,7,[(7, 7), (7, 8), (8, 8), (9, 8), (9, 9), (10, 8)]
435,1,1,7,8,[(7, 8), (7, 9), (8, 9), (9, 9), (9, 10), (10, 9)]
436,1,1,7,9,[(7, 9), (7, 10), (8, 10), (9, 10), (9, 11), (10, 10)]
437,1,1,8,0,[(8, 0), (8, 1), (9, 1), (10, 1), (10, 2), (11, 1)]
438,1,1,8,1,[(8, 1), (8, 2), (9, 2), (10, 2), (10, 3), (11, 2)]
439,1,1,8,2,[(8, 2), (8, 3), (9, 3), (10, 3), (10, 4), (11, 3)]
440,1,1,8,3,[(8, 3), (8, 4), (9, 4), (10, 4), (10, 5), (11, 4)]
441,1,1,8,4,[(8, 4), (8, 5), (9, 5), (10, 5), (10, 6), (11, 5)]
442,1,1,8,5,[(8, 5), (8, 6), (9, 6), (10, 6), (10, 7), (11, 6)]
443,1,1,8,6,[(8, 6), (8, 7), (9, 7), (10, 7), (10, 8), (11, 7)]
444,1,1,8,7,[(8, 7), (8, 8), (9, 8), (10, 8), (10, 9), (11, 8)]
445,1,1,8,8,[(8, 8), (8, 9), (9, 9), (10, 9), (10, 10), (11, 9)]
446,1,1,8,9,[(8, 9), (8, 10), (9, 10), (10, 10), (10, 11), (11, 10)]
447,1,2,0,0,[(0, 1), (1, 0), (1, 1), (2, 1), (3, 1), (3, 2)]
448,1,2,0,1,[(0, 2), (1, 1), (1, 2), (2, 2), (3, 2), (3, 3)]
449,1,2,0,2,[(0, 3), (1, 2), (1, 3), (2, 3), (3, 3), (3, 4)]
450,1,2,0,3,[(0, 4), (1, 3), (1, 4), (2, 4), (3, 4), (3, 5)]
451,1,2,0,4,[(0, 5), (1, 4), (1, 5), (2, 5), (3, 5), (3, 6)]
452,1,2,0,5,[(0, 6), (1, 5), (1, 6), (2, 6), (3, 6), (3, 7)]
453,1,2,0,6,[(0, 7), (1, 6), (1, 7), (2, 7), (3, 7), (3, 8)]
454,1,2,0,7,[(0, 8), (1, 7), (1, 8), (2, 8), (3, 8), (3, 9)]
455,1,2,0,8,[(0, 9), (1, 8), (1, 9), (2, 9), (3, 9), (3, 10)]
456,1,2,0,9,[(0, 10), (1, 9), (1, 10), (2, 10), (3, 10), (3, 11)]
457,1,2,1,0,[(1, 1), (2, 0), (2, 1), (3, 1), (4, 1), (4, 2)]
458,1,2,1,1,[(1, 2), (2, 1), (2, 2), (3, 2), (4, 2), (4, 3)]
459,1,2,1,2,[(1, 3), (2, 2), (2, 3), (3, 3), (4, 3), (4, 4)]
460,1,2,1,3,[(1, 4), (2, 3), (2, 4), (3, 4), (4, 4), (4, 5)]
461,1,2,1,4,[(1, 5), (2, 4), (2, 5), (3, 5), (4, 5), (4, 6)]
462,1,2,1,5,[(1, 6), (2, 5), (2, 6), (3, 6), (4, 6), (4, 7)]
463,1,2,1,6,[(1, 7), (2, 6), (2, 7), (3, 7), (4, 7), (4, 8)]
464,1,2,1,7,[(1, 8), (2, 7), (2, 8), (3, 8), (4, 8), (4, 9)]
465,1,2,1,8,[(1, 9), (2, 8), (2, 9), (3, 9), (4, 9), (4, 10)]
466,1,2,1,9,[(1, 10), (2, 9), (2, 10), (3, 10), (4, 10), (4, 11)]
467,1,2,2,0,[(2, 1), (3, 0), (3, 1), (4, 1), (5, 1), (5, 2)]
468,1,2,2,1,[(2, 2), (3, 1), (3, 2), (4, 2), (5, 2), (5, 3)]
469,1,2,2,2,[(2, 3), (3, 2), (3, 3), (4, 3), (5, 3), (5, 4)]
470,1,2,2,3,[(2, 4), (3, 3), (3, 4), (4, 4), (5, 4), (5, 5)]
471,1,2,2,4,[(2, 5), (3, 4), (3, 5), (4, 5), (5, 5), (5, 6)]
472,1,2,2,5,[(2, 6), (3, 5), (3, 6), (4, 6), (5, 6), (5, 7)]
473,1,2,2,6,[(2, 7), (3, 6), (3, 7), (4, 7), (5, 7), (5, 8)]
474,1,2,2,7,[(2, 8), (3, 7), (3, 8), (4, 8), (5, 8), (5, 9)]
475,1,2,2,8,[(2, 9), (3, 8), (3, 9), (4, 9), (5, 9), (5, 10)]
476,1,2,2,9,[(2, 10), (3, 9), (3, 10), (4, 10), (5, 10), (5, 11)]
477,1,2,3,0,[(3, 1), (4, 0), (4, 1), (5, 1), (6, 1), (6, 2)]
478,1,2,3,1,[(3, 2), (4, 1), (4, 2), (5, 2), (6, 2), (6, 3)]
479,1,2,3,2,[(3, 3), (4, 2), (4, 3), (5, 3), (6, 3), (6, 4)]
480,1,2,3,3,[(3, 4), (4, 3), (4, 4), (5, 4), (6, 4), (6, 5)]
481,1,2,3,4,[(3, 5), (4, 4), (4, 5), (5, 5), (6, 5), (6, 6)]
482,1,2,3,5,[(3, 6), (4, 5), (4, 6), (5, 6), (6, 6), (6, 7)]
483,1,2,3,6,[(3, 7), (4, 6), (4, 7), (5, 7), (6, 7), (6, 8)]
484,1,2,3,7,[(3, 8), (4, 7), (4, 8), (5, 8), (6, 8), (6, 9)]
485,1,2,3,8,[(3, 9), (4, 8), (4, 9), (5, 9), (6, 9), (6, 10)]
486,1,2,3,9,[(3, 10), (4, 9), (4, 10), (5, 10), (6, 10), (6, 11)]
487,1,2,4,0,[(4, 1), (5, 0), (5, 1), (6, 1), (7, 1), (7, 2)]
488,1,2,4,1,[(4, 2), (5, 1), (5, 2), (6, 2), (7, 2), (7, 3)]
489,1,2,4,2,[(4, 3), (5, 2), (5, 3), (6, 3), (7, 3), (7, 4)]
490,1,2,4,3,[(4, 4), (5, 3), (5, 4), (6, 4), (7, 4), (7, 5)]
491,1,2,4,4,[(4, 5), (5, 4), (5, 5), (6, 5), (7, 5), (7, 6)]
492,1,2,4,5,[(4, 6), (5, 5), (5, 6), (6, 6), (7, 6), (7, 7)]
493,1,2,4,6,[(4, 7), (5, 6), (5, 7), (6, 7), (7, 7), (7, 8)]
494,1,2,4,7,[(4, 8), (5, 7), (5, 8), (6, 8), (7, 8), (7, 9)]
495,1,2,4,8,[(4, 9), (5, 8), (5, 9), (6, 9), (7, 9), (7, 10)]
496,1,2,4,9,[(4, 10), (5, 9), (5, 10), (6, 10), (7, 10), (7, 11)]
497,1,2,5,0,[(5, 1), (6, 0), (6, 1), (7, 1), (8, 1), (8, 2)]
498,1,2,5,1,[(5, 2), (6, 1), (6, 2), (7, 2), (8, 2), (8, 3)]
499,1,2,5,2,[(5, 3), (6, 2), (6, 3), (7, 3), (8, 3), (8, 4)]
500,1,2,5,3,[(5, 4), (6, 3), (6, 4), (7, 4), (8, 4), (8, 5)]
501,1,2,5,4,[(5, 5), (6, 4), (6, 5), (7, 5), (8, 5), (8, 6)]
502,1,2,5,5,[(5, 6), (6, 5), (6, 6), (7, 6), (8, 6), (8, 7)]
503,1,2,5,6,[(5, 7), (6, 6), (6, 7), (7, 7), (8, 7), (8, 8)]
504,1,2,5,7,[(5, 8), (6, 7), (6, 8), (7, 8), (8, 8), (8, 9)]
505,1,2,5,8,[(5, 9), (6, 8), (6, 9), (7, 9), (8, 9), (8, 10)]
506,1,2,5,9,[(5, 10), (6, 9), (6, 10), (7, 10), (8, 10), (8, 11)]
507,1,2,6,0,[(6, 1), (7, 0), (7, 1), (8, 1), (9, 1), (9, 2)]
508,1,2,6,1,[(6, 2), (7, 1), (7, 2), (8, 2), (9, 2), (9, 3)]
509,1,2,6,2,[(6, 3), (7, 2), (7, 3), (8, 3), (9, 3), (9, 4)]
510,1,2,6,3,[(6, 4), (7, 3), (7, 4), (8, 4), (9, 4), (9, 5)]
511,1,2,6,4,[(6, 5), (7, 4), (7, 5), (8, 5), (9, 5), (9, 6)]
512,1,2,6,5,[(6, 6), (7, 5), (7, 6), (8, 6), (9, 6), (9, 7)]
513,1,2,6,6,[(6, 7), (7, 6), (7, 7), (8, 7), (9, 7), (9, 8)]
514,1,2,6,7,[(6, 8), (7, 7), (7, 8), (8, 8), (9, 8), (9, 9)]
515,1,2,6,8,[(6, 9), (7, 8), (7, 9), (8, 9), (9, 9), (9, 10)]
516,1,2,6,9,[(6, 10), (7, 9), (7, 10), (8, 10), (9, 10), (9, 11)]
517,1,2,7,0,[(7, 1), (8, 0), (8, 1), (9, 1), (10, 1), (10, 2)]
518,1,2,7,1,[(7, 2), (8, 1), (8, 2), (9, 2), (10, 2), (10, 3)]
519,1,2,7,2,[(7, 3), (8, 2), (8, 3), (9, 3), (10, 3), (10, 4)]
520,1,2,7,3,[(7, 4), (8, 3), (8, 4), (9, 4), (10, 4), (10, 5)]
521,1,2,7,4,[(7, 5), (8, 4), (8, 5), (9, 5), (10, 5), (10, 6)]
522,1,2,7,5,[(7, 6), (8, 5), (8, 6), (9, 6), (10, 6), (10, 7)]
523,1,2,7,6,[(7, 7), (8, 6), (8, 7), (9, 7), (10, 7), (10, 8)]
524,1,2,7,7,[(7, 8), (8, 7), (8, 8), (9, 8), (10, 8), (10, 9)]
525,1,2,7,8,[(7, 9), (8, 8), (8, 9), (9, 9), (10, 9), (10, 10)]
526,1,2,7,9,[(7, 10), (8, 9), (8, 10), (9, 10), (10, 10), (10, 11)]
527,1,2,8,0,[(8, 1), (9, 0), (9, 1), (10, 1), (11, 1), (11, 2)]
528,1,2,8,1,[(8, 2), (9, 1), (9, 2), (10, 2), (11, 2), (11, 3)]
529,1,2,8,2,[(8, 3), (9, 2), (9, 3), (10, 3), (11, 3), (11, 4)]
530,1,2,8,3,[(8, 4), (9, 3), (9, 4), (10, 4), (11, 4), (11, 5)]
531,1,2,8,4,[(8, 5), (9, 4), (9, 5), (10, 5), (11, 5), (11, 6)]
532,1,2,8,5,[(8, 6), (9, 5), (9, 6), (10, 6), (11, 6), (11, 7)]
533,1,2,8,6,[(8, 7), (9, 6), (9, 7), (10, 7), (11, 7), (11, 8)]
534,1,2,8,7,[(8, 8), (9, 7), (9, 8), (10, 8), (11, 8), (11, 9)]
535,1,2,8,8,[(8, 9), (9, 8), (9, 9), (10, 9), (11, 9), (11, 10)]
536,1,2,8,9,[(8, 10), (9, 9), (9, 10), (10, 10), (11, 10), (11, 11)]
537,1,3,0,0,[(0, 1), (1, 0), (1, 1), (1, 2), (1, 3), (2, 3)]
538,1,3,0,1,[(0, 2), (1, 1), (1, 2), (1, 3), (1, 4), (2, 4)]
539,1,3,0,2,[(0, 3), (1, 2), (1, 3), (1, 4), (1, 5), (2, 5)]
540,1,3,0,3,[(0, 4), (1, 3), (1, 4), (1, 5), (1, 6), (2, 6)]
541,1,3,0,4,[(0, 5), (1, 4), (1, 5), (1, 6), (1, 7), (2, 7)]
542,1,3,0,5,[(0, 6), (1, 5), (1, 6), (1, 7), (1, 8), (2, 8)]
543,1,3,0,6,[(0, 7), (1, 6), (1, 7), (1, 8), (1, 9), (2, 9)]
544,1,3,0,7,[(0, 8), (1, 7), (1, 8), (1, 9), (1, 10), (2, 10)]
545,1,3,0,8,[(0, 9), (1, 8), (1, 9), (1, 10), (1, 11), (2, 11)]
546,1,3,1,0,[(1, 1), (2, 0), (2, 1), (2, 2), (2, 3), (3, 3)]
547,1,3,1,1,[(1, 2), (2, 1), (2, 2), (2, 3), (2, 4), (3, 4)]
548,1,3,1,2,[(1, 3), (2, 2), (2, 3), (2, 4), (2, 5), (3, 5)]
549,1,3,1,3,[(1, 4), (2, 3), (2, 4), (2, 5), (2, 6), (3, 6)]
550,1,3,1,4,[(1, 5), (2, 4), (2, 5), (2, 6), (2, 7), (3, 7)]
551,1,3,1,5,[(1, 6), (2, 5), (2, 6), (2, 7), (2, 8), (3, 8)]
552,1,3,1,6,[(1, 7), (2, 6), (2, 7), (2, 8), (2, 9), (3, 9)]
553,1,3,1,7,[(1, 8), (2, 7), (2, 8), (2, 9), (2, 10), (3, 10)]
554,1,3,1,8,[(1, 9), (2, 8), (2, 9), (2, 10), (2, 11), (3, 11)]
555,1,3,2,0,[(2, 1), (3, 0), (3, 1), (3, 2), (3, 3), (4, 3)]
556,1,3,2,1,[(2, 2), (3, 1), (3, 2), (3, 3), (3, 4), (4, 4)]
557,1,3,2,2,[(2, 3), (3, 2), (3, 3), (3, 4), (3, 5), (4, 5)]
558,1,3,2,3,[(2, 4), (3, 3), (3, 4), (3, 5), (3, 6), (4, 6)]
559,1,3,2,4,[(2, 5), (3, 4), (3, 5), (3, 6), (3, 7), (4, 7)]
560,1,3,2,5,[(2, 6), (3, 5), (3, 6), (3, 7), (3, 8), (4, 8)]
561,1,3,2,6,[(2, 7), (3, 6), (3, 7), (3, 8), (3, 9), (4, 9)]
562,1,3,2,7,[(2, 8), (3, 7), (3, 8), (3, 9), (3, 10), (4, 10)]
563,1,3,2,8,[(2, 9), (3, 8), (3, 9), (3, 10), (3, 11), (4, 11)]
564,1,3,3,0,[(3, 1), (4, 0), (4, 1), (4, 2), (4, 3), (5, 3)]
565,1,3,3,1,[(3, 2), (4, 1), (4, 2), (4, 3), (4, 4), (5, 4)]
566,1,3,3,2,[(3, 3), (4, 2), (4, 3), (4, 4), (4, 5), (5, 5)]
567,1,3,3,3,[(3, 4), (4, 3), (4, 4), (4, 5), (4, 6), (5, 6)]
568,1,3,3,4,[(3, 5), (4, 4), (4, 5), (4, 6), (4, 7), (5, 7)]
569,1,3,3,5,[(3, 6), (4, 5), (4, 6), (4, 7), (4, 8), (5, 8)]
570,1,3,3,6,[(3, 7), (4, 6), (4, 7), (4, 8), (4, 9), (5, 9)]
571,1,3,3,7,[(3, 8), (4, 7), (4, 8), (4, 9), (4, 10), (5, 10)]
572,1,3,3,8,[(3, 9), (4, 8), (4, 9), (4, 10), (4, 11), (5, 11)]
573,1,3,4,0,[(4, 1), (5, 0), (5, 1), (5, 2), (5, 3), (6, 3)]
574,1,3,4,1,[(4, 2), (5, 1), (5, 2), (5, 3), (5, 4), (6, 4)]
575,1,3,4,2,[(4, 3), (5, 2), (5, 3), (5, 4), (5, 5), (6, 5)]
576,1,3,4,3,[(4, 4), (5, 3), (5, 4), (5, 5), (5, 6), (6, 6)]
577,1,3,4,4,[(4, 5), (5, 4), (5, 5), (5, 6), (5, 7), (6, 7)]
578,1,3,4,5,[(4, 6), (5, 5), (5, 6), (5, 7), (5, 8), (6, 8)]
579,1,3,4,6,[(4, 7), (5, 6), (5, 7), (5, 8), (5, 9), (6, 9)]
580,1,3,4,7,[(4, 8), (5, 7), (5, 8), (5, 9), (5, 10), (6, 10)]
581,1,3,4,8,[(4, 9), (5, 8), (5, 9), (5, 10), (5, 11), (6, 11)]
582,1,3,5,0,[(5, 1), (6, 0), (6, 1), (6, 2), (6, 3), (7, 3)]
583,1,3,5,1,[(5, 2), (6, 1), (6, 2), (6, 3), (6, 4), (7, 4)]
584,1,3,5,2,[(5, 3), (6, 2), (6, 3), (6, 4), (6, 5), (7, 5)]
585,1,3,5,3,[(5, 4), (6, 3), (6, 4), (6, 5), (6, 6), (7, 6)]
586,1,3,5,4,[(5, 5), (6, 4), (6, 5), (6, 6), (6, 7), (7, 7)]
587,1,3,5,5,[(5, 6), (6, 5), (6, 6), (6, 7), (6, 8), (7, 8)]
588,1,3,5,6,[(5, 7), (6, 6), (6, 7), (6, 8), (6, 9), (7, 9)]
589,1,3,5,7,[(5, 8), (6, 7), (6, 8), (6, 9), (6, 10), (7, 10)]
590,1,3,5,8,[(5, 9), (6, 8), (6, 9), (6, 10), (6, 11), (7, 11)]
591,1,3,6,0,[(6, 1), (7, 0), (7, 1), (7, 2), (7, 3), (8, 3)]
592,1,3,6,1,[(6, 2), (7, 1), (7, 2), (7, 3), (7, 4), (8, 4)]
593,1,3,6,2,[(6, 3), (7, 2), (7, 3), (7, 4), (7, 5), (8, 5)]
594,1,3,6,3,[(6, 4), (7, 3), (7, 4), (7, 5), (7, 6), (8, 6)]
595,1,3,6,4,[(6, 5), (7, 4), (7, 5), (7, 6), (7, 7), (8, 7)]
596,1,3,6,5,[(6, 6), (7, 5), (7, 6), (7, 7), (7, 8), (8, 8)]
597,1,3,6,6,[(6, 7), (7, 6), (7, 7), (7, 8), (7, 9), (8, 9)]
598,1,3,6,7,[(6, 8), (7, 7), (7, 8), (7, 9), (7, 10), (8, 10)]
599,1,3,6,8,[(6, 9), (7, 8), (7, 9), (7, 10), (7, 11), (8, 11)]
600,1,3,7,0,[(7, 1), (8, 0), (8, 1), (8, 2), (8, 3), (9, 3)]
601,1,3,7,1,[(7, 2), (8, 1), (8, 2), (8, 3), (8, 4), (9, 4)]
602,1,3,7,2,[(7, 3), (8, 2), (8, 3), (8, 4), (8, 5), (9, 5)]
603,1,3,7,3,[(7, 4), (8, 3), (8, 4), (8, 5), (8, 6), (9, 6)]
604,1,3,7,4,[(7, 5), (8, 4), (8, 5), (8, 6), (8, 7), (9, 7)]
605,1,3,7,5,[(7, 6), (8, 5), (8, 6), (8, 7), (8, 8), (9, 8)]
606,1,3,7,6,[(7, 7), (8, 6), (8, 7), (8, 8), (8, 9), (9, 9)]
607,1,3,7,7,[(7, 8), (8, 7), (8, 8), (8, 9), (8, 10), (9, 10)]
608,1,3,7,8,[(7, 9), (8, 8), (8, 9), (8, 10), (8, 11), (9, 11)]
609,1,3,8,0,[(8, 1), (9, 0), (9, 1), (9, 2), (9, 3), (10, 3)]
610,1,3,8,1,[(8, 2), (9, 1), (9, 2), (9, 3), (9, 4), (10, 4)]
611,1,3,8,2,[(8, 3), (9, 2), (9, 3), (9, 4), (9, 5), (10, 5)]
612,1,3,8,3,[(8, 4), (9, 3), (9, 4), (9, 5), (9, 6), (10, 6)]
613,1,3,8,4,[(8, 5), (9, 4), (9, 5), (9, 6), (9, 7), (10, 7)]
614,1,3,8,5,[(8, 6), (9, 5), (9, 6), (9, 7), (9, 8), (10, 8)]
615,1,3,8,6,[(8, 7), (9, 6), (9, 7), (9, 8), (9, 9), (10, 9)]
616,1,3,8,7,[(8, 8), (9, 7), (9, 8), (9, 9), (9, 10), (10, 10)]
617,1,3,8,8,[(8, 9), (9, 8), (9, 9), (9, 10), (9, 11), (10, 11)]
618,1,3,9,0,[(9, 1), (10, 0), (10, 1), (10, 2), (10, 3), (11, 3)]
619,1,3,9,1,[(9, 2), (10, 1), (10, 2), (10, 3), (10, 4), (11, 4)]
620,1,3,9,2,[(9, 3), (10, 2), (10, 3), (10, 4), (10, 5), (11, 5)]
621,1,3,9,3,[(9, 4), (10, 3), (10, 4), (10, 5), (10, 6), (11, 6)]
622,1,3,9,4,[(9, 5), (10, 4), (10, 5), (10, 6), (10, 7), (11, 7)]
623,1,3,9,5,[(9, 6), (10, 5), (10, 6), (10, 7), (10, 8), (11, 8)]
624,1,3,9,6,[(9, 7), (10, 6), (10, 7), (10, 8), (10, 9), (11, 9)]
625,1,3,9,7,[(9, 8), (10, 7), (10, 8), (10, 9), (10, 10), (11, 10)]
626,1,3,9,8,[(9, 9), (10, 8), (10, 9), (10, 10), (10, 11), (11, 11)]
627,1,4,0,0,[(0, 2), (1, 0), (1, 1), (1, 2), (1, 3), (2, 0)]
628,1,4,0,1,[(0, 3), (1, 1), (1, 2), (1, 3), (1, 4), (2, 1)]
629,1,4,0,2,[(0, 4), (1, 2), (1, 3), (1, 4), (1, 5), (2, 2)]
630,1,4,0,3,[(0, 5), (1, 3), (1, 4), (1, 5), (1, 6), (2, 3)]
631,1,4,0,4,[(0, 6), (1, 4), (1, 5), (1, 6), (1, 7), (2, 4)]
632,1,4,0,5,[(0, 7), (1, 5), (1, 6), (1, 7), (1, 8), (2, 5)]
633,1,4,0,6,[(0, 8), (1, 6), (1, 7), (1, 8), (1, 9), (2, 6)]
634,1,4,0,7,[(0, 9), (1, 7), (1, 8), (1, 9), (1, 10), (2, 7)]
635,1,4,0,8,[(0, 10), (1, 8), (1, 9), (1, 10), (1, 11), (2, 8)]
636,1,4,1,0,[(1, 2), (2, 0), (2, 1), (2, 2), (2, 3), (3, 0)]
637,1,4,1,1,[(1, 3), (2, 1), (2, 2), (2, 3), (2, 4), (3, 1)]
638,1,4,1,2,[(1, 4), (2, 2), (2, 3), (2, 4), (2, 5), (3, 2)]
639,1,4,1,3,[(1, 5), (2, 3), (2, 4), (2, 5), (2, 6), (3, 3)]
640,1,4,1,4,[(1, 6), (2, 4), (2, 5), (2, 6), (2, 7), (3, 4)]
641,1,4,1,5,[(1, 7), (2, 5), (2, 6), (2, 7), (2, 8), (3, 5)]
642,1,4,1,6,[(1, 8), (2, 6), (2, 7), (2, 8), (2, 9), (3, 6)]
643,1,4,1,7,[(1, 9), (2, 7), (2, 8), (2, 9), (2, 10), (3, 7)]
644,1,4,1,8,[(1, 10), (2, 8), (2, 9), (2, 10), (2, 11), (3, 8)]
645,1,4,2,0,[(2, 2), (3, 0), (3, 1), (3, 2), (3, 3), (4, 0)]
646,1,4,2,1,[(2, 3), (3, 1), (3, 2), (3, 3), (3, 4), (4, 1)]
647,1,4,2,2,[(2, 4), (3, 2), (3, 3), (3, 4), (3, 5), (4, 2)]
648,1,4,2,3,[(2, 5), (3, 3), (3, 4), (3, 5), (3, 6), (4, 3)]
649,1,4,2,4,[(2, 6), (3, 4), (3, 5), (3, 6), (3, 7), (4, 4)]
650,1,4,2,5,[(2, 7), (3, 5), (3, 6), (3, 7), (3, 8), (4, 5)]
651,1,4,2,6,[(2, 8), (3, 6), (3, 7), (3, 8), (3, 9), (4, 6)]
652,1,4,2,7,[(2, 9), (3, 7), (3, 8), (3, 9), (3, 10), (4, 7)]
653,1,4,2,8,[(2, 10), (3, 8), (3, 9), (3, 10), (3, 11), (4, 8)]
654,1,4,3,0,[(3, 2), (4, 0), (4, 1), (4, 2), (4, 3), (5, 0)]
655,1,4,3,1,[(3, 3), (4, 1), (4, 2), (4, 3), (4, 4), (5, 1)]
656,1,4,3,2,[(3, 4), (4, 2), (4, 3), (4, 4), (4, 5), (5, 2)]
657,1,4,3,3,[(3, 5), (4, 3), (4, 4), (4, 5), (4, 6), (5, 3)]
658,1,4,3,4,[(3, 6), (4, 4), (4, 5), (4, 6), (4, 7), (5, 4)]
659,1,4,3,5,[(3, 7), (4, 5), (4, 6), (4, 7), (4, 8), (5, 5)]
660,1,4,3,6,[(3, 8), (4, 6), (4, 7), (4, 8), (4, 9), (5, 6)]
661,1,4,3,7,[(3, 9), (4, 7), (4, 8), (4, 9), (4, 10), (5, 7)]
662,1,4,3,8,[(3, 10), (4, 8), (4, 9), (4, 10), (4, 11), (5, 8)]
663,1,4,4,0,[(4, 2), (5, 0), (5, 1), (5, 2), (5, 3), (6, 0)]
664,1,4,4,1,[(4, 3), (5, 1), (5, 2), (5, 3), (5, 4), (6, 1)]
665,1,4,4,2,[(4, 4), (5, 2), (5, 3), (5, 4), (5, 5), (6, 2)]
666,1,4,4,3,[(4, 5), (5, 3), (5, 4), (5, 5), (5, 6), (6, 3)]
667,1,4,4,4,[(4, 6), (5, 4), (5, 5), (5, 6), (5, 7), (6, 4)]
668,1,4,4,5,[(4, 7), (5, 5), (5, 6), (5, 7), (5, 8), (6, 5)]
669,1,4,4,6,[(4, 8), (5, 6), (5, 7), (5, 8), (5, 9), (6, 6)]
670,1,4,4,7,[(4, 9), (5, 7), (5, 8), (5, 9), (5, 10), (6, 7)]
671,1,4,4,8,[(4, 10), (5, 8), (5, 9), (5, 10), (5, 11), (6, 8)]
672,1,4,5,0,[(5, 2), (6, 0), (6, 1), (6, 2), (6, 3), (7, 0)]
673,1,4,5,1,[(5, 3), (6, 1), (6, 2), (6, 3), (6, 4), (7, 1)]
674,1,4,5,2,[(5, 4), (6, 2), (6, 3), (6, 4), (6, 5), (7, 2)]
675,1,4,5,3,[(5, 5), (6, 3), (6, 4), (6, 5), (6, 6), (7, 3)]
676,1,4,5,4,[(5, 6), (6, 4), (6, 5), (6, 6), (6, 7), (7, 4)]
677,1,4,5,5,[(5, 7), (6, 5), (6, 6), (6, 7), (6, 8), (7, 5)]
678,1,4,5,6,[(5, 8), (6, 6), (6, 7), (6, 8), (6, 9), (7, 6)]
679,1,4,5,7,[(5, 9), (6, 7), (6, 8), (6, 9), (6, 10), (7, 7)]
680,1,4,5,8,[(5, 10), (6, 8), (6, 9), (6, 10), (6, 11), (7, 8)]
681,1,4,6,0,[(6, 2), (7, 0), (7, 1), (7, 2), (7, 3), (8, 0)]
682,1,4,6,1,[(6, 3), (7, 1), (7, 2), (7, 3), (7, 4), (8, 1)]
683,1,4,6,2,[(6, 4), (7, 2), (7, 3), (7, 4), (7, 5), (8, 2)]
684,1,4,6,3,[(6, 5), (7, 3), (7, 4), (7, 5), (7, 6), (8, 3)]
685,1,4,6,4,[(6, 6), (7, 4), (7, 5), (7, 6), (7, 7), (8, 4)]
686,1,4,6,5,[(6, 7), (7, 5), (7, 6), (7, 7), (7, 8), (8, 5)]
687,1,4,6,6,[(6, 8), (7, 6), (7, 7), (7, 8), (7, 9), (8, 6)]
688,1,4,6,7,[(6, 9), (7, 7), (7, 8), (7, 9), (7, 10), (8, 7)]
689,1,4,6,8,[(6, 10), (7, 8), (7, 9), (7, 10), (7, 11), (8, 8)]
690,1,4,7,0,[(7, 2), (8, 0), (8, 1), (8, 2), (8, 3), (9, 0)]
691,1,4,7,1,[(7, 3), (8, 1), (8, 2), (8, 3), (8, 4), (9, 1)]
692,1,4,7,2,[(7, 4), (8, 2), (8, 3), (8, 4), (8, 5), (9, 2)]
693,1,4,7,3,[(7, 5), (8, 3), (8, 4), (8, 5), (8, 6), (9, 3)]
694,1,4,7,4,[(7, 6), (8, 4), (8, 5), (8, 6), (8, 7), (9, 4)]
695,1,4,7,5,[(7, 7), (8, 5), (8, 6), (8, 7), (8, 8), (9, 5)]
696,1,4,7,6,[(7, 8), (8, 6), (8, 7), (8, 8), (8, 9), (9, 6)]
697,1,4,7,7,[(7, 9), (8, 7), (8, 8), (8, 9), (8, 10), (9, 7)]
698,1,4,7,8,[(7, 10), (8, 8), (8, 9), (8, 10), (8, 11), (9, 8)]
699,1,4,8,0,[(8, 2), (9, 0), (9, 1), (9, 2), (9, 3), (10, 0)]
700,1,4,8,1,[(8, 3), (9, 1), (9, 2), (9, 3), (9, 4), (10, 1)]
701,1,4,8,2,[(8, 4), (9, 2), (9, 3), (9, 4), (9, 5), (10, 2)]
702,1,4,8,3,[(8, 5), (9, 3), (9, 4), (9, 5), (9, 6), (10, 3)]
703,1,4,8,4,[(8, 6), (9, 4), (9, 5), (9, 6), (9, 7), (10, 4)]
704,1,4,8,5,[(8, 7), (9, 5), (9, 6), (9, 7), (9, 8), (10, 5)]
705,1,4,8,6,[(8, 8), (9, 6), (9, 7), (9, 8), (9, 9), (10, 6)]
706,1,4,8,7,[(8, 9), (9, 7), (9, 8), (9, 9), (9, 10), (10, 7)]
707,1,4,8,8,[(8, 10), (9, 8), (9, 9), (9, 10), (9, 11), (10, 8)]
708,1,4,9,0,[(9, 2), (10, 0), (10, 1), (10, 2), (10, 3), (11, 0)]
709,1,4,9,1,[(9, 3), (10, 1), (10, 2), (10, 3), (10, 4), (11, 1)]
710,1,4,9,2,[(9, 4), (10, 2), (10, 3), (10, 4), (10, 5), (11, 2)]
711,1,4,9,3,[(9, 5), (10, 3), (10, 4), (10, 5), (10, 6), (11, 3)]
712,1,4,9,4,[(9, 6), (10, 4), (10, 5), (10, 6), (10, 7), (11, 4)]
713,1,4,9,5,[(9, 7), (10, 5), (10, 6), (10, 7), (10, 8), (11, 5)]
714,1,4,9,6,[(9, 8), (10, 6), (10, 7), (10, 8), (10, 9), (11, 6)]
715,1,4,9,7,[(9, 9), (10, 7), (10, 8), (10, 9), (10, 10), (11, 7)]
716,1,4,9,8,[(9, 10), (10, 8), (10, 9), (10, 10), (10, 11), (11, 8)]
717,1,5,0,0,[(0, 3), (1, 0), (1, 1), (1, 2), (1, 3), (2, 1)]
718,1,5,0,1,[(0, 4), (1, 1), (1, 2), (1, 3), (1, 4), (2, 2)]
719,1,5,0,2,[(0, 5), (1, 2), (1, 3), (1, 4), (1, 5), (2, 3)]
720,1,5,0,3,[(0, 6), (1, 3), (1, 4), (1, 5), (1, 6), (2, 4)]
721,1,5,0,4,[(0, 7), (1, 4), (1, 5), (1, 6), (1, 7), (2, 5)]
722,1,5,0,5,[(0, 8), (1, 5), (1, 6), (1, 7), (1, 8), (2, 6)]
723,1,5,0,6,[(0, 9), (1, 6), (1, 7), (1, 8), (1, 9), (2, 7)]
724,1,5,0,7,[(0, 10), (1, 7), (1, 8), (1, 9), (1, 10), (2, 8)]
725,1,5,0,8,[(0, 11), (1, 8), (1, 9), (1, 10), (1, 11), (2, 9)]
726,1,5,1,0,[(1, 3), (2, 0), (2, 1), (2, 2), (2, 3), (3, 1)]
727,1,5,1,1,[(1, 4), (2, 1), (2, 2), (2, 3), (2, 4), (3, 2)]
728,1,5,1,2,[(1, 5), (2, 2), (2, 3), (2, 4), (2, 5), (3, 3)]
729,1,5,1,3,[(1, 6), (2, 3), (2, 4), (2, 5), (2, 6), (3, 4)]
730,1,5,1,4,[(1, 7), (2, 4), (2, 5), (2, 6), (2, 7), (3, 5)]
731,1,5,1,5,[(1, 8), (2, 5), (2, 6), (2, 7), (2, 8), (3, 6)]
732,1,5,1,6,[(1, 9), (2, 6), (2, 7), (2, 8), (2, 9), (3, 7)]
733,1,5,1,7,[(1, 10), (2, 7), (2, 8), (2, 9), (2, 10), (3, 8)]
734,1,5,1,8,[(1, 11), (2, 8), (2, 9), (2, 10), (2, 11), (3, 9)]
735,1,5,2,0,[(2, 3), (3, 0), (3, 1), (3, 2), (3, 3), (4, 1)]
736,1,5,2,1,[(2, 4), (3, 1), (3, 2), (3, 3), (3, 4), (4, 2)]
737,1,5,2,2,[(2, 5), (3, 2), (3, 3), (3, 4), (3, 5), (4, 3)]
738,1,5,2,3,[(2, 6), (3, 3), (3, 4), (3, 5), (3, 6), (4, 4)]
739,1,5,2,4,[(2, 7), (3, 4), (3, 5), (3, 6), (3, 7), (4, 5)]
740,1,5,2,5,[(2, 8), (3, 5), (3, 6), (3, 7), (3, 8), (4, 6)]
741,1,5,2,6,[(2, 9), (3, 6), (3, 7), (3, 8), (3, 9), (4, 7)]
742,1,5,2,7,[(2, 10), (3, 7), (3, 8), (3, 9), (3, 10), (4, 8)]
743,1,5,2,8,[(2, 11), (3, 8), (3, 9), (3, 10), (3, 11), (4, 9)]
744,1,5,3,0,[(3, 3), (4, 0), (4, 1), (4, 2), (4, 3), (5, 1)]
745,1,5,3,1,[(3, 4), (4, 1), (4, 2), (4, 3), (4, 4), (5, 2)]
746,1,5,3,2,[(3, 5), (4, 2), (4, 3), (4, 4), (4, 5), (5, 3)]
747,1,5,3,3,[(3, 6), (4, 3), (4, 4), (4, 5), (4, 6), (5, 4)]
748,1,5,3,4,[(3, 7), (4, 4), (4, 5), (4, 6), (4, 7), (5, 5)]
749,1,5,3,5,[(3, 8), (4, 5), (4, 6), (4, 7), (4, 8), (5, 6)]
750,1,5,3,6,[(3, 9), (4, 6), (4, 7), (4, 8), (4, 9), (5, 7)]
751,1,5,3,7,[(3, 10), (4, 7), (4, 8), (4, 9), (4, 10), (5, 8)]
752,1,5,3,8,[(3, 11), (4, 8), (4, 9), (4, 10), (4, 11), (5, 9)]
753,1,5,4,0,[(4, 3), (5, 0), (5, 1), (5, 2), (5, 3), (6, 1)]
754,1,5,4,1,[(4, 4), (5, 1), (5, 2), (5, 3), (5, 4), (6, 2)]
755,1,5,4,2,[(4, 5), (5, 2), (5, 3), (5, 4), (5, 5), (6, 3)]
756,1,5,4,3,[(4, 6), (5, 3), (5, 4), (5, 5), (5, 6), (6, 4)]
757,1,5,4,4,[(4, 7), (5, 4), (5, 5), (5, 6), (5, 7), (6, 5)]
758,1,5,4,5,[(4, 8), (5, 5), (5, 6), (5, 7), (5, 8), (6, 6)]
759,1,5,4,6,[(4, 9), (5, 6), (5, 7), (5, 8), (5, 9), (6, 7)]
760,1,5,4,7,[(4, 10), (5, 7), (5, 8), (5, 9), (5, 10), (6, 8)]
761,1,5,4,8,[(4, 11), (5, 8), (5, 9), (5, 10), (5, 11), (6, 9)]
762,1,5,5,0,[(5, 3), (6, 0), (6, 1), (6, 2), (6, 3), (7, 1)]
763,1,5,5,1,[(5, 4), (6, 1), (6, 2), (6, 3), (6, 4), (7, 2)]
764,1,5,5,2,[(5, 5), (6, 2), (6, 3), (6, 4), (6, 5), (7, 3)]
765,1,5,5,3,[(5, 6), (6, 3), (6, 4), (6, 5), (6, 6), (7, 4)]
766,1,5,5,4,[(5, 7), (6, 4), (6, 5), (6, 6), (6, 7), (7, 5)]
767,1,5,5,5,[(5, 8), (6, 5), (6, 6), (6, 7), (6, 8), (7, 6)]
768,1,5,5,6,[(5, 9), (6, 6), (6, 7), (6, 8), (6, 9), (7, 7)]
769,1,5,5,7,[(5, 10), (6, 7), (6, 8), (6, 9), (6, 10), (7, 8)]
770,1,5,5,8,[(5, 11), (6, 8), (6, 9), (6, 10), (6, 11), (7, 9)]
771,1,5,6,0,[(6, 3), (7, 0), (7, 1), (7, 2), (7, 3), (8, 1)]
772,1,5,6,1,[(6, 4), (7, 1), (7, 2), (7, 3), (7, 4), (8, 2)]
773,1,5,6,2,[(6, 5), (7, 2), (7, 3), (7, 4), (7, 5), (8, 3)]
774,1,5,6,3,[(6, 6), (7, 3), (7, 4), (7, 5), (7, 6), (8, 4)]
775,1,5,6,4,[(6, 7), (7, 4), (7, 5), (7, 6), (7, 7), (8, 5)]
776,1,5,6,5,[(6, 8), (7, 5), (7, 6), (7, 7), (7, 8), (8, 6)]
777,1,5,6,6,[(6, 9), (7, 6), (7, 7), (7, 8), (7, 9), (8, 7)]
778,1,5,6,7,[(6, 10), (7, 7), (7, 8), (7, 9), (7, 10), (8, 8)]
779,1,5,6,8,[(6, 11), (7, 8), (7, 9), (7, 10), (7, 11), (8, 9)]
780,1,5,7,0,[(7, 3), (8, 0), (8, 1), (8, 2), (8, 3), (9, 1)]
781,1,5,7,1,[(7, 4), (8, 1), (8, 2), (8, 3), (8, 4), (9, 2)]
782,1,5,7,2,[(7, 5), (8, 2), (8, 3), (8, 4), (8, 5), (9, 3)]
783,1,5,7,3,[(7, 6), (8, 3), (8, 4), (8, 5), (8, 6), (9, 4)]
784,1,5,7,4,[(7, 7), (8, 4), (8, 5), (8, 6), (8, 7), (9, 5)]
785,1,5,7,5,[(7, 8), (8, 5), (8, 6), (8, 7), (8, 8), (9, 6)]
786,1,5,7,6,[(7, 9), (8, 6), (8, 7), (8, 8), (8, 9), (9, 7)]
787,1,5,7,7,[(7, 10), (8, 7), (8, 8), (8, 9), (8, 10), (9, 8)]
788,1,5,7,8,[(7, 11), (8, 8), (8, 9), (8, 10), (8, 11), (9, 9)]
789,1,5,8,0,[(8, 3), (9, 0), (9, 1), (9, 2), (9, 3), (10, 1)]
790,1,5,8,1,[(8, 4), (9, 1), (9, 2), (9, 3), (9, 4), (10, 2)]
791,1,5,8,2,[(8, 5), (9, 2), (9, 3), (9, 4), (9, 5), (10, 3)]
792,1,5,8,3,[(8, 6), (9, 3), (9, 4), (9, 5), (9, 6), (10, 4)]
793,1,5,8,4,[(8, 7), (9, 4), (9, 5), (9, 6), (9, 7), (10, 5)]
794,1,5,8,5,[(8, 8), (9, 5), (9, 6), (9, 7), (9, 8), (10, 6)]
795,1,5,8,6,[(8, 9), (9, 6), (9, 7), (9, 8), (9, 9), (10, 7)]
796,1,5,8,7,[(8, 10), (9, 7), (9, 8), (9, 9), (9, 10), (10, 8)]
797,1,5,8,8,[(8, 11), (9, 8), (9, 9), (9, 10), (9, 11), (10, 9)]
798,1,5,9,0,[(9, 3), (10, 0), (10, 1), (10, 2), (10, 3), (11, 1)]
799,1,5,9,1,[(9, 4), (10, 1), (10, 2), (10, 3), (10, 4), (11, 2)]
800,1,5,9,2,[(9, 5), (10, 2), (10, 3), (10, 4), (10, 5), (11, 3)]
801,1,5,9,3,[(9, 6), (10, 3), (10, 4), (10, 5), (10, 6), (11, 4)]
802,1,5,9,4,[(9, 7), (10, 4), (10, 5), (10, 6), (10, 7), (11, 5)]
803,1,5,9,5,[(9, 8), (10, 5), (10, 6), (10, 7), (10, 8), (11, 6)]
804,1,5,9,6,[(9, 9), (10, 6), (10, 7), (10, 8), (10, 9), (11, 7)]
805,1,5,9,7,[(9, 10), (10, 7), (10, 8), (10, 9), (10, 10), (11, 8)]
806,1,5,9,8,[(9, 11), (10, 8), (10, 9), (10, 10), (10, 11), (11, 9)]
807,1,6,0,0,[(0, 1), (1, 1), (1, 2), (2, 1), (3, 0), (3, 1)]
808,1,6,0,1,[(0, 2), (1, 2), (1, 3), (2, 2), (3, 1), (3, 2)]
809,1,6,0,2,[(0, 3), (1, 3), (1, 4), (2, 3), (3, 2), (3, 3)]
810,1,6,0,3,[(0, 4), (1, 4), (1, 5), (2, 4), (3, 3), (3, 4)]
811,1,6,0,4,[(0, 5), (1, 5), (1, 6), (2, 5), (3, 4), (3, 5)]
812,1,6,0,5,[(0, 6), (1, 6), (1, 7), (2, 6), (3, 5), (3, 6)]
813,1,6,0,6,[(0, 7), (1, 7), (1, 8), (2, 7), (3, 6), (3, 7)]
814,1,6,0,7,[(0, 8), (1, 8), (1, 9), (2, 8), (3, 7), (3, 8)]
815,1,6,0,8,[(0, 9), (1, 9), (1, 10), (2, 9), (3, 8), (3, 9)]
816,1,6,0,9,[(0, 10), (1, 10), (1, 11), (2, 10), (3, 9), (3, 10)]
817,1,6,1,0,[(1, 1), (2, 1), (2, 2), (3, 1), (4, 0), (4, 1)]
818,1,6,1,1,[(1, 2), (2, 2), (2, 3), (3, 2), (4, 1), (4, 2)]
819,1,6,1,2,[(1, 3), (2, 3), (2, 4), (3, 3), (4, 2), (4, 3)]
820,1,6,1,3,[(1, 4), (2, 4), (2, 5), (3, 4), (4, 3), (4, 4)]
821,1,6,1,4,[(1, 5), (2, 5), (2, 6), (3, 5), (4, 4), (4, 5)]
822,1,6,1,5,[(1, 6), (2, 6), (2, 7), (3, 6), (4, 5), (4, 6)]
823,1,6,1,6,[(1, 7), (2, 7), (2, 8), (3, 7), (4, 6), (4, 7)]
824,1,6,1,7,[(1, 8), (2, 8), (2, 9), (3, 8), (4, 7), (4, 8)]
825,1,6,1,8,[(1, 9), (2, 9), (2, 10), (3, 9), (4, 8), (4, 9)]
826,1,6,1,9,[(1, 10), (2, 10), (2, 11), (3, 10), (4, 9), (4, 10)]
827,1,6,2,0,[(2, 1), (3, 1), (3, 2), (4, 1), (5, 0), (5, 1)]
828,1,6,2,1,[(2, 2), (3, 2), (3, 3), (4, 2), (5, 1), (5, 2)]
829,1,6,2,2,[(2, 3), (3, 3), (3, 4), (4, 3), (5, 2), (5, 3)]
830,1,6,2,3,[(2, 4), (3, 4), (3, 5), (4, 4), (5, 3), (5, 4)]
831,1,6,2,4,[(2, 5), (3, 5), (3, 6), (4, 5), (5, 4), (5, 5)]
832,1,6,2,5,[(2, 6), (3, 6), (3, 7), (4, 6), (5, 5), (5, 6)]
833,1,6,2,6,[(2, 7), (3, 7), (3, 8), (4, 7), (5, 6), (5, 7)]
834,1,6,2,7,[(2, 8), (3, 8), (3, 9), (4, 8), (5, 7), (5, 8)]
835,1,6,2,8,[(2, 9), (3, 9), (3, 10), (4, 9), (5, 8), (5, 9)]
836,1,6,2,9,[(2, 10), (3, 10), (3, 11), (4, 10), (5, 9), (5, 10)]
837,1,6,3,0,[(3, 1), (4, 1), (4, 2), (5, 1), (6, 0), (6, 1)]
838,1,6,3,1,[(3, 2), (4, 2), (4, 3), (5, 2), (6, 1), (6, 2)]
839,1,6,3,2,[(3, 3), (4, 3), (4, 4), (5, 3), (6, 2), (6, 3)]
840,1,6,3,3,[(3, 4), (4, 4), (4, 5), (5, 4), (6, 3), (6, 4)]
841,1,6,3,4,[(3, 5), (4, 5), (4, 6), (5, 5), (6, 4), (6, 5)]
842,1,6,3,5,[(3, 6), (4, 6), (4, 7), (5, 6), (6, 5), (6, 6)]
843,1,6,3,6,[(3, 7), (4, 7), (4, 8), (5, 7), (6, 6), (6, 7)]
844,1,6,3,7,[(3, 8), (4, 8), (4, 9), (5, 8), (6, 7), (6, 8)]
845,1,6,3,8,[(3, 9), (4, 9), (4, 10), (5, 9), (6, 8), (6, 9)]
846,1,6,3,9,[(3, 10), (4, 10), (4, 11), (5, 10), (6, 9), (6, 10)]
847,1,6,4,0,[(4, 1), (5, 1), (5, 2), (6, 1), (7, 0), (7, 1)]
848,1,6,4,1,[(4, 2), (5, 2), (5, 3), (6, 2), (7, 1), (7, 2)]
849,1,6,4,2,[(4, 3), (5, 3), (5, 4), (6, 3), (7, 2), (7, 3)]
850,1,6,4,3,[(4, 4), (5, 4), (5, 5), (6, 4), (7, 3), (7, 4)]
851,1,6,4,4,[(4, 5), (5, 5), (5, 6), (6, 5), (7, 4), (7, 5)]
852,1,6,4,5,[(4, 6), (5, 6), (5, 7), (6, 6), (7, 5), (7, 6)]
853,1,6,4,6,[(4, 7), (5, 7), (5, 8), (6, 7), (7, 6), (7, 7)]
854,1,6,4,7,[(4, 8), (5, 8), (5, 9), (6, 8), (7, 7), (7, 8)]
855,1,6,4,8,[(4, 9), (5, 9), (5, 10), (6, 9), (7, 8), (7, 9)]
856,1,6,4,9,[(4, 10), (5, 10), (5, 11), (6, 10), (7, 9), (7, 10)]
857,1,6,5,0,[(5, 1), (6, 1), (6, 2), (7, 1), (8, 0), (8, 1)]
858,1,6,5,1,[(5, 2), (6, 2), (6, 3), (7, 2), (8, 1), (8, 2)]
859,1,6,5,2,[(5, 3), (6, 3), (6, 4), (7, 3), (8, 2), (8, 3)]
860,1,6,5,3,[(5, 4), (6, 4), (6, 5), (7, 4), (8, 3), (8, 4)]
861,1,6,5,4,[(5, 5), (6, 5), (6, 6), (7, 5), (8, 4), (8, 5)]
862,1,6,5,5,[(5, 6), (6, 6), (6, 7), (7, 6), (8, 5), (8, 6)]
863,1,6,5,6,[(5, 7), (6, 7), (6, 8), (7, 7), (8, 6), (8, 7)]
864,1,6,5,7,[(5, 8), (6, 8), (6, 9), (7, 8), (8, 7), (8, 8)]
865,1,6,5,8,[(5, 9), (6, 9), (6, 10), (7, 9), (8, 8), (8, 9)]
866,1,6,5,9,[(5, 10), (6, 10), (6, 11), (7, 10), (8, 9), (8, 10)]
867,1,6,6,0,[(6, 1), (7, 1), (7, 2), (8, 1), (9, 0), (9, 1)]
868,1,6,6,1,[(6, 2), (7, 2), (7, 3), (8, 2), (9, 1), (9, 2)]
869,1,6,6,2,[(6, 3), (7, 3), (7, 4), (8, 3), (9, 2), (9, 3)]
870,1,6,6,3,[(6, 4), (7, 4), (7, 5), (8, 4), (9, 3), (9, 4)]
871,1,6,6,4,[(6, 5), (7, 5), (7, 6), (8, 5), (9, 4), (9, 5)]
872,1,6,6,5,[(6, 6), (7, 6), (7, 7), (8, 6), (9, 5), (9, 6)]
873,1,6,6,6,[(6, 7), (7, 7), (7, 8), (8, 7), (9, 6), (9, 7)]
874,1,6,6,7,[(6, 8), (7, 8), (7, 9), (8, 8), (9, 7), (9, 8)]
875,1,6,6,8,[(6, 9), (7, 9), (7, 10), (8, 9), (9, 8), (9, 9)]
876,1,6,6,9,[(6, 10), (7, 10), (7, 11), (8, 10), (9, 9), (9, 10)]
877,1,6,7,0,[(7, 1), (8, 1), (8, 2), (9, 1), (10, 0), (10, 1)]
878,1,6,7,1,[(7, 2), (8, 2), (8, 3), (9, 2), (10, 1), (10, 2)]
879,1,6,7,2,[(7, 3), (8, 3), (8, 4), (9, 3), (10, 2), (10, 3)]
880,1,6,7,3,[(7, 4), (8, 4), (8, 5), (9, 4), (10, 3), (10, 4)]
881,1,6,7,4,[(7, 5), (8, 5), (8, 6), (9, 5), (10, 4), (10, 5)]
882,1,6,7,5,[(7, 6), (8, 6), (8, 7), (9, 6), (10, 5), (10, 6)]
883,1,6,7,6,[(7, 7), (8, 7), (8, 8), (9, 7), (10, 6), (10, 7)]
884,1,6,7,7,[(7, 8), (8, 8), (8, 9), (9, 8), (10, 7), (10, 8)]
885,1,6,7,8,[(7, 9), (8, 9), (8, 10), (9, 9), (10, 8), (10, 9)]
886,1,6,7,9,[(7, 10), (8, 10), (8, 11), (9, 10), (10, 9), (10, 10)]
887,1,6,8,0,[(8, 1), (9, 1), (9, 2), (10, 1), (11, 0), (11, 1)]
888,1,6,8,1,[(8, 2), (9, 2), (9, 3), (10, 2), (11, 1), (11, 2)]
889,1,6,8,2,[(8, 3), (9, 3), (9, 4), (10, 3), (11, 2), (11, 3)]
890,1,6,8,3,[(8, 4), (9, 4), (9, 5), (10, 4), (11, 3), (11, 4)]
891,1,6,8,4,[(8, 5), (9, 5), (9, 6), (10, 5), (11, 4), (11, 5)]
892,1,6,8,5,[(8, 6), (9, 6), (9, 7), (10, 6), (11, 5), (11, 6)]
893,1,6,8,6,[(8, 7), (9, 7), (9, 8), (10, 7), (11, 6), (11, 7)]
894,1,6,8,7,[(8, 8), (9, 8), (9, 9), (10, 8), (11, 7), (11, 8)]
895,1,6,8,8,[(8, 9), (9, 9), (9, 10), (10, 9), (11, 8), (11, 9)]
896,1,6,8,9,[(8, 10), (9, 10), (9, 11), (10, 10), (11, 9), (11, 10)]
897,1,7,0,0,[(0, 0), (1, 0), (1, 1), (1, 2), (1, 3), (2, 2)]
898,1,7,0,1,[(0, 1), (1, 1), (1, 2), (1, 3), (1, 4), (2, 3)]
899,1,7,0,2,[(0, 2), (1, 2), (1, 3), (1, 4), (1, 5), (2, 4)]
900,1,7,0,3,[(0, 3), (1, 3), (1, 4), (1, 5), (1, 6), (2, 5)]
901,1,7,0,4,[(0, 4), (1, 4), (1, 5), (1, 6), (1, 7), (2, 6)]
902,1,7,0,5,[(0, 5), (1, 5), (1, 6), (1, 7), (1, 8), (2, 7)]
903,1,7,0,6,[(0, 6), (1, 6), (1, 7), (1, 8), (1, 9), (2, 8)]
904,1,7,0,7,[(0, 7), (1, 7), (1, 8), (1, 9), (1, 10), (2, 9)]
905,1,7,0,8,[(0, 8), (1, 8), (1, 9), (1, 10), (1, 11), (2, 10)]
906,1,7,1,0,[(1, 0), (2, 0), (2, 1), (2, 2), (2, 3), (3, 2)]
907,1,7,1,1,[(1, 1), (2, 1), (2, 2), (2, 3), (2, 4), (3, 3)]
908,1,7,1,2,[(1, 2), (2, 2), (2, 3), (2, 4), (2, 5), (3, 4)]
909,1,7,1,3,[(1, 3), (2, 3), (2, 4), (2, 5), (2, 6), (3, 5)]
910,1,7,1,4,[(1, 4), (2, 4), (2, 5), (2, 6), (2, 7), (3, 6)]
911,1,7,1,5,[(1, 5), (2, 5), (2, 6), (2, 7), (2, 8), (3, 7)]
912,1,7,1,6,[(1, 6), (2, 6), (2, 7), (2, 8), (2, 9), (3, 8)]
913,1,7,1,7,[(1, 7), (2, 7), (2, 8), (2, 9), (2, 10), (3, 9)]
914,1,7,1,8,[(1, 8), (2, 8), (2, 9), (2, 10), (2, 11), (3, 10)]
915,1,7,2,0,[(2, 0), (3, 0), (3, 1), (3, 2), (3, 3), (4, 2)]
916,1,7,2,1,[(2, 1), (3, 1), (3, 2), (3, 3), (3, 4), (4, 3)]
917,1,7,2,2,[(2, 2), (3, 2), (3, 3), (3, 4), (3, 5), (4, 4)]
918,1,7,2,3,[(2, 3), (3, 3), (3, 4), (3, 5), (3, 6), (4, 5)]
919,1,7,2,4,[(2, 4), (3, 4), (3, 5), (3, 6), (3, 7), (4, 6)]
920,1,7,2,5,[(2, 5), (3, 5), (3, 6), (3, 7), (3, 8), (4, 7)]
921,1,7,2,6,[(2, 6), (3, 6), (3, 7), (3, 8), (3, 9), (4, 8)]
922,1,7,2,7,[(2, 7), (3, 7), (3, 8), (3, 9), (3, 10), (4, 9)]
923,1,7,2,8,[(2, 8), (3, 8), (3, 9), (3, 10), (3, 11), (4, 10)]
924,1,7,3,0,[(3, 0), (4, 0), (4, 1), (4, 2), (4, 3), (5, 2)]
925,1,7,3,1,[(3, 1), (4, 1), (4, 2), (4, 3), (4, 4), (5, 3)]
926,1,7,3,2,[(3, 2), (4, 2), (4, 3), (4, 4), (4, 5), (5, 4)]
927,1,7,3,3,[(3, 3), (4, 3), (4, 4), (4, 5), (4, 6), (5, 5)]
928,1,7,3,4,[(3, 4), (4, 4), (4, 5), (4, 6), (4, 7), (5, 6)]
929,1,7,3,5,[(3, 5), (4, 5), (4, 6), (4, 7), (4, 8), (5, 7)]
930,1,7,3,6,[(3, 6), (4, 6), (4, 7), (4, 8), (4, 9), (5, 8)]
931,1,7,3,7,[(3, 7), (4, 7), (4, 8), (4, 9), (4, 10), (5, 9)]
932,1,7,3,8,[(3, 8), (4, 8), (4, 9), (4, 10), (4, 11), (5, 10)]
933,1,7,4,0,[(4, 0), (5, 0), (5, 1), (5, 2), (5, 3), (6, 2)]
934,1,7,4,1,[(4, 1), (5, 1), (5, 2), (5, 3), (5, 4), (6, 3)]
935,1,7,4,2,[(4, 2), (5, 2), (5, 3), (5, 4), (5, 5), (6, 4)]
936,1,7,4,3,[(4, 3), (5, 3), (5, 4), (5, 5), (5, 6), (6, 5)]
937,1,7,4,4,[(4, 4), (5, 4), (5, 5), (5, 6), (5, 7), (6, 6)]
938,1,7,4,5,[(4, 5), (5, 5), (5, 6), (5, 7), (5, 8), (6, 7)]
939,1,7,4,6,[(4, 6), (5, 6), (5, 7), (5, 8), (5, 9), (6, 8)]
940,1,7,4,7,[(4, 7), (5, 7), (5, 8), (5, 9), (5, 10), (6, 9)]
941,1,7,4,8,[(4, 8), (5, 8), (5, 9), (5, 10), (5, 11), (6, 10)]
942,1,7,5,0,[(5, 0), (6, 0), (6, 1), (6, 2), (6, 3), (7, 2)]
943,1,7,5,1,[(5, 1), (6, 1), (6, 2), (6, 3), (6, 4), (7, 3)]
944,1,7,5,2,[(5, 2), (6, 2), (6, 3), (6, 4), (6, 5), (7, 4)]
945,1,7,5,3,[(5, 3), (6, 3), (6, 4), (6, 5), (6, 6), (7, 5)]
946,1,7,5,4,[(5, 4), (6, 4), (6, 5), (6, 6), (6, 7), (7, 6)]
947,1,7,5,5,[(5, 5), (6, 5), (6, 6), (6, 7), (6, 8), (7, 7)]
948,1,7,5,6,[(5, 6), (6, 6), (6, 7), (6, 8), (6, 9), (7, 8)]
949,1,7,5,7,[(5, 7), (6, 7), (6, 8), (6, 9), (6, 10), (7, 9)]
950,1,7,5,8,[(5, 8), (6, 8), (6, 9), (6, 10), (6, 11), (7, 10)]
951,1,7,6,0,[(6, 0), (7, 0), (7, 1), (7, 2), (7, 3), (8, 2)]
952,1,7,6,1,[(6, 1), (7, 1), (7, 2), (7, 3), (7, 4), (8, 3)]
953,1,7,6,2,[(6, 2), (7, 2), (7, 3), (7, 4), (7, 5), (8, 4)]
954,1,7,6,3,[(6, 3), (7, 3), (7, 4), (7, 5), (7, 6), (8, 5)]
955,1,7,6,4,[(6, 4), (7, 4), (7, 5), (7, 6), (7, 7), (8, 6)]
956,1,7,6,5,[(6, 5), (7, 5), (7, 6), (7, 7), (7, 8), (8, 7)]
957,1,7,6,6,[(6, 6), (7, 6), (7, 7), (7, 8), (7, 9), (8, 8)]
958,1,7,6,7,[(6, 7), (7, 7), (7, 8), (7, 9), (7, 10), (8, 9)]
959,1,7,6,8,[(6, 8), (7, 8), (7, 9), (7, 10), (7, 11), (8, 10)]
960,1,7,7,0,[(7, 0), (8, 0), (8, 1), (8, 2), (8, 3), (9, 2)]
961,1,7,7,1,[(7, 1), (8, 1), (8, 2), (8, 3), (8, 4), (9, 3)]
962,1,7,7,2,[(7, 2), (8, 2), (8, 3), (8, 4), (8, 5), (9, 4)]
963,1,7,7,3,[(7, 3), (8, 3), (8, 4), (8, 5), (8, 6), (9, 5)]
964,1,7,7,4,[(7, 4), (8, 4), (8, 5), (8, 6), (8, 7), (9, 6)]
965,1,7,7,5,[(7, 5), (8, 5), (8, 6), (8, 7), (8, 8), (9, 7)]
966,1,7,7,6,[(7, 6), (8, 6), (8, 7), (8, 8), (8, 9), (9, 8)]
967,1,7,7,7,[(7, 7), (8, 7), (8, 8), (8, 9), (8, 10), (9, 9)]
968,1,7,7,8,[(7, 8), (8, 8), (8, 9), (8, 10), (8, 11), (9, 10)]
969,1,7,8,0,[(8, 0), (9, 0), (9, 1), (9, 2), (9, 3), (10, 2)]
970,1,7,8,1,[(8, 1), (9, 1), (9, 2), (9, 3), (9, 4), (10, 3)]
971,1,7,8,2,[(8, 2), (9, 2), (9, 3), (9, 4), (9, 5), (10, 4)]
972,1,7,8,3,[(8, 3), (9, 3), (9, 4), (9, 5), (9, 6), (10, 5)]
973,1,7,8,4,[(8, 4), (9, 4), (9, 5), (9, 6), (9, 7), (10, 6)]
974,1,7,8,5,[(8, 5), (9, 5), (9, 6), (9, 7), (9, 8), (10, 7)]
975,1,7,8,6,[(8, 6), (9, 6), (9, 7), (9, 8), (9, 9), (10, 8)]
976,1,7,8,7,[(8, 7), (9, 7), (9, 8), (9, 9), (9, 10), (10, 9)]
977,1,7,8,8,[(8, 8), (9, 8), (9, 9), (9, 10), (9, 11), (10, 10)]
978,1,7,9,0,[(9, 0), (10, 0), (10, 1), (10, 2), (10, 3), (11, 2)]
979,1,7,9,1,[(9, 1), (10, 1), (10, 2), (10, 3), (10, 4), (11, 3)]
980,1,7,9,2,[(9, 2), (10, 2), (10, 3), (10, 4), (10, 5), (11, 4)]
981,1,7,9,3,[(9, 3), (10, 3), (10, 4), (10, 5), (10, 6), (11, 5)]
982,1,7,9,4,[(9, 4), (10, 4), (10, 5), (10, 6), (10, 7), (11, 6)]
983,1,7,9,5,[(9, 5), (10, 5), (10, 6), (10, 7), (10, 8), (11, 7)]
984,1,7,9,6,[(9, 6), (10, 6), (10, 7), (10, 8), (10, 9), (11, 8)]
985,1,7,9,7,[(9, 7), (10, 7), (10, 8), (10, 9), (10, 10), (11, 9)]
986,1,7,9,8,[(9, 8), (10, 8), (10, 9), (10, 10), (10, 11), (11, 10)]
987,2,0,0,0,[(0, 0), (1, 0), (1, 1), (1, 2), (2, 1), (3, 1)]
988,2,0,0,1,[(0, 1), (1, 1), (1, 2), (1, 3), (2, 2), (3, 2)]
989,2,0,0,2,[(0, 2), (1, 2), (1, 3), (1, 4), (2, 3), (3, 3)]
990,2,0,0,3,[(0, 3), (1, 3), (1, 4), (1, 5), (2, 4), (3, 4)]
991,2,0,0,4,[(0, 4), (1, 4), (1, 5), (1, 6), (2, 5), (3, 5)]
992,2,0,0,5,[(0, 5), (1, 5), (1, 6), (1, 7), (2, 6), (3, 6)]
993,2,0,0,6,[(0, 6), (1, 6), (1, 7), (1, 8), (2, 7), (3, 7)]
994,2,0,0,7,[(0, 7), (1, 7), (1, 8), (1, 9), (2, 8), (3, 8)]
995,2,0,0,8,[(0, 8), (1, 8), (1, 9), (1, 10), (2, 9), (3, 9)]
996,2,0,0,9,[(0, 9), (1, 9), (1, 10), (1, 11), (2, 10), (3, 10)]
997,2,0,1,0,[(1, 0), (2, 0), (2, 1), (2, 2), (3, 1), (4, 1)]
998,2,0,1,1,[(1, 1), (2, 1), (2, 2), (2, 3), (3, 2), (4, 2)]
999,2,0,1,2,[(1, 2), (2, 2), (2, 3), (2, 4), (3, 3), (4, 3)]
1000,2,0,1,3,[(1, 3), (2, 3), (2, 4), (2, 5), (3, 4), (4, 4)]
1001,2,0,1,4,[(1, 4), (2, 4), (2, 5), (2, 6), (3, 5), (4, 5)]
1002,2,0,1,5,[(1, 5), (2, 5), (2, 6), (2, 7), (3, 6), (4, 6)]
1003,2,0,1,6,[(1, 6), (2, 6), (2, 7), (2, 8), (3, 7), (4, 7)]
1004,2,0,1,7,[(1, 7), (2, 7), (2, 8), (2, 9), (3, 8), (4, 8)]
1005,2,0,1,8,[(1, 8), (2, 8), (2, 9), (2, 10), (3, 9), (4, 9)]
1006,2,0,1,9,[(1, 9), (2, 9), (2, 10), (2, 11), (3, 10), (4, 10)]
1007,2,0,2,0,[(2, 0), (3, 0), (3, 1), (3, 2), (4, 1), (5, 1)]
1008,2,0,2,1,[(2, 1), (3, 1), (3, 2), (3, 3), (4, 2), (5, 2)]
1009,2,0,2,2,[(2, 2), (3, 2), (3, 3), (3, 4), (4, 3), (5, 3)]
1010,2,0,2,3,[(2, 3), (3, 3), (3, 4), (3, 5), (4, 4), (5, 4)]
1011,2,0,2,4,[(2, 4), (3, 4), (3, 5), (3, 6), (4, 5), (5, 5)]
1012,2,0,2,5,[(2, 5), (3, 5), (3, 6), (3, 7), (4, 6), (5, 6)]
1013,2,0,2,6,[(2, 6), (3, 6), (3, 7), (3, 8), (4, 7), (5, 7)]
1014,2,0,2,7,[(2, 7), (3, 7), (3, 8), (3, 9), (4, 8), (5, 8)]
1015,2,0,2,8,[(2, 8), (3, 8), (3, 9), (3, 10), (4, 9), (5, 9)]
1016,2,0,2,9,[(2, 9), (3, 9), (3, 10), (3, 11), (4, 10), (5, 10)]
1017,2,0,3,0,[(3, 0), (4, 0), (4, 1), (4, 2), (5, 1), (6, 1)]
1018,2,0,3,1,[(3, 1), (4, 1), (4, 2), (4, 3), (5, 2), (6, 2)]
1019,2,0,3,2,[(3, 2), (4, 2), (4, 3), (4, 4), (5, 3), (6, 3)]
1020,2,0,3,3,[(3, 3), (4, 3), (4, 4), (4, 5), (5, 4), (6, 4)]
1021,2,0,3,4,[(3, 4), (4, 4), (4, 5), (4, 6), (5, 5), (6, 5)]
1022,2,0,3,5,[(3, 5), (4, 5), (4, 6), (4, 7), (5, 6), (6, 6)]
1023,2,0,3,6,[(3, 6), (4, 6), (4, 7), (4, 8), (5, 7), (6, 7)]
1024,2,0,3,7,[(3, 7), (4, 7), (4, 8), (4, 9), (5, 8), (6, 8)]
1025,2,0,3,8,[(3, 8), (4, 8), (4, 9), (4, 10), (5, 9), (6, 9)]
1026,2,0,3,9,[(3, 9), (4, 9), (4, 10), (4, 11), (5, 10), (6, 10)]
1027,2,0,4,0,[(4, 0), (5, 0), (5, 1), (5, 2), (6, 1), (7, 1)]
1028,2,0,4,1,[(4, 1), (5, 1), (5, 2), (5, 3), (6, 2), (7, 2)]
1029,2,0,4,2,[(4, 2), (5, 2), (5, 3), (5, 4), (6, 3), (7, 3)]
1030,2,0,4,3,[(4, 3), (5, 3), (5, 4), (5, 5), (6, 4), (7, 4)]
1031,2,0,4,4,[(4, 4), (5, 4), (5, 5), (5, 6), (6, 5), (7, 5)]
1032,2,0,4,5,[(4, 5), (5, 5), (5, 6), (5, 7), (6, 6), (7, 6)]
1033,2,0,4,6,[(4, 6), (5, 6), (5, 7), (5, 8), (6, 7), (7, 7)]
1034,2,0,4,7,[(4, 7), (5, 7), (5, 8), (5, 9), (6, 8), (7, 8)]
1035,2,0,4,8,[(4, 8), (5, 8), (5, 9), (5, 10), (6, 9), (7, 9)]
1036,2,0,4,9,[(4, 9), (5, 9), (5, 10), (5, 11), (6, 10), (7, 10)]
1037,2,0,5,0,[(5, 0), (6, 0), (6, 1), (6, 2), (7, 1), (8, 1)]
1038,2,0,5,1,[(5, 1), (6, 1), (6, 2), (6, 3), (7, 2), (8, 2)]
1039,2,0,5,2,[(5, 2), (6, 2), (6, 3), (6, 4), (7, 3), (8, 3)]
1040,2,0,5,3,[(5, 3), (6, 3), (6, 4), (6, 5), (7, 4), (8, 4)]
1041,2,0,5,4,[(5, 4), (6, 4), (6, 5), (6, 6), (7, 5), (8, 5)]
1042,2,0,5,5,[(5, 5), (6, 5), (6, 6), (6, 7), (7, 6), (8, 6)]
1043,2,0,5,6,[(5, 6), (6, 6), (6, 7), (6, 8), (7, 7), (8, 7)]
1044,2,0,5,7,[(5, 7), (6, 7), (6, 8), (6, 9), (7, 8), (8, 8)]
1045,2,0,5,8,[(5, 8), (6, 8), (6, 9), (6, 10), (7, 9), (8, 9)]
1046,2,0,5,9,[(5, 9), (6, 9), (6, 10), (6, 11), (7, 10), (8, 10)]
1047,2,0,6,0,[(6, 0), (7, 0), (7, 1), (7, 2), (8, 1), (9, 1)]
1048,2,0,6,1,[(6, 1), (7, 1), (7, 2), (7, 3), (8, 2), (9, 2)]
1049,2,0,6,2,[(6, 2), (7, 2), (7, 3), (7, 4), (8, 3), (9, 3)]
1050,2,0,6,3,[(6, 3), (7, 3), (7, 4), (7, 5), (8, 4), (9, 4)]
1051,2,0,6,4,[(6, 4), (7, 4), (7, 5), (7, 6), (8, 5), (9, 5)]
1052,2,0,6,5,[(6, 5), (7, 5), (7, 6), (7, 7), (8, 6), (9, 6)]
1053,2,0,6,6,[(6, 6), (7, 6), (7, 7), (7, 8), (8, 7), (9, 7)]
1054,2,0,6,7,[(6, 7), (7, 7), (7, 8), (7, 9), (8, 8), (9, 8)]
1055,2,0,6,8,[(6, 8), (7, 8), (7, 9), (7, 10), (8, 9), (9, 9)]
1056,2,0,6,9,[(6, 9), (7, 9), (7, 10), (7, 11), (8, 10), (9, 10)]
1057,2,0,7,0,[(7, 0), (8, 0), (8, 1), (8, 2), (9, 1), (10, 1)]
1058,2,0,7,1,[(7, 1), (8, 1), (8, 2), (8, 3), (9, 2), (10, 2)]
1059,2,0,7,2,[(7, 2), (8, 2), (8, 3), (8, 4), (9, 3), (10, 3)]
1060,2,0,7,3,[(7, 3), (8, 3), (8, 4), (8, 5), (9, 4), (10, 4)]
1061,2,0,7,4,[(7, 4), (8, 4), (8, 5), (8, 6), (9, 5), (10, 5)]
1062,2,0,7,5,[(7, 5), (8, 5), (8, 6), (8, 7), (9, 6), (10, 6)]
1063,2,0,7,6,[(7, 6), (8, 6), (8, 7), (8, 8), (9, 7), (10, 7)]
1064,2,0,7,7,[(7, 7), (8, 7), (8, 8), (8, 9), (9, 8), (10, 8)]
1065,2,0,7,8,[(7, 8), (8, 8), (8, 9), (8, 10), (9, 9), (10, 9)]
1066,2,0,7,9,[(7, 9), (8, 9), (8, 10), (8, 11), (9, 10), (10, 10)]
1067,2,0,8,0,[(8, 0), (9, 0), (9, 1), (9, 2), (10, 1), (11, 1)]
1068,2,0,8,1,[(8, 1), (9, 1), (9, 2), (9, 3), (10, 2), (11, 2)]
1069,2,0,8,2,[(8, 2), (9, 2), (9, 3), (9, 4), (10, 3), (11, 3)]
1070,2,0,8,3,[(8, 3), (9, 3), (9, 4), (9, 5), (10, 4), (11, 4)]
1071,2,0,8,4,[(8, 4), (9, 4), (9, 5), (9, 6), (10, 5), (11, 5)]
1072,2,0,8,5,[(8, 5), (9, 5), (9, 6), (9, 7), (10, 6), (11, 6)]
1073,2,0,8,6,[(8, 6), (9, 6), (9, 7), (9, 8), (10, 7), (11, 7)]
1074,2,0,8,7,[(8, 7), (9, 7), (9, 8), (9, 9), (10, 8), (11, 8)]
1075,2,0,8,8,[(8, 8), (9, 8), (9, 9), (9, 10), (10, 9), (11, 9)]
1076,2,0,8,9,[(8, 9), (9, 9), (9, 10), (9, 11), (10, 10), (11, 10)]
1077,2,1,0,0,[(0, 2), (1, 0), (1, 1), (1, 2), (2, 1), (3, 1)]
1078,2,1,0,1,[(0, 3), (1, 1), (1, 2), (1, 3), (2, 2), (3, 2)]
1079,2,1,0,2,[(0, 4), (1, 2), (1, 3), (1, 4), (2, 3), (3, 3)]
1080,2,1,0,3,[(0, 5), (1, 3), (1, 4), (1, 5), (2, 4), (3, 4)]
1081,2,1,0,4,[(0, 6), (1, 4), (1, 5), (1, 6), (2, 5), (3, 5)]
1082,2,1,0,5,[(0, 7), (1, 5), (1, 6), (1, 7), (2, 6), (3, 6)]
1083,2,1,0,6,[(0, 8), (1, 6), (1, 7), (1, 8), (2, 7), (3, 7)]
1084,2,1,0,7,[(0, 9), (1, 7), (1, 8), (1, 9), (2, 8), (3, 8)]
1085,2,1,0,8,[(0, 10), (1, 8), (1, 9), (1, 10), (2, 9), (3, 9)]
1086,2,1,0,9,[(0, 11), (1, 9), (1, 10), (1, 11), (2, 10), (3, 10)]
1087,2,1,1,0,[(1, 2), (2, 0), (2, 1), (2, 2), (3, 1), (4, 1)]
1088,2,1,1,1,[(1, 3), (2, 1), (2, 2), (2, 3), (3, 2), (4, 2)]
1089,2,1,1,2,[(1, 4), (2, 2), (2, 3), (2, 4), (3, 3), (4, 3)]
1090,2,1,1,3,[(1, 5), (2, 3), (2, 4), (2, 5), (3, 4), (4, 4)]
1091,2,1,1,4,[(1, 6), (2, 4), (2, 5), (2, 6), (3, 5), (4, 5)]
1092,2,1,1,5,[(1, 7), (2, 5), (2, 6), (2, 7), (3, 6), (4, 6)]
1093,2,1,1,6,[(1, 8), (2, 6), (2, 7), (2, 8), (3, 7), (4, 7)]
1094,2,1,1,7,[(1, 9), (2, 7), (2, 8), (2, 9), (3, 8), (4, 8)]
1095,2,1,1,8,[(1, 10), (2, 8), (2, 9), (2, 10), (3, 9), (4, 9)]
1096,2,1,1,9,[(1, 11), (2, 9), (2, 10), (2, 11), (3, 10), (4, 10)]
1097,2,1,2,0,[(2, 2), (3, 0), (3, 1), (3, 2), (4, 1), (5, 1)]
1098,2,1,2,1,[(2, 3), (3, 1), (3, 2), (3, 3), (4, 2), (5, 2)]
1099,2,1,2,2,[(2, 4), (3, 2), (3, 3), (3, 4), (4, 3), (5, 3)]
1100,2,1,2,3,[(2, 5), (3, 3), (3, 4), (3, 5), (4, 4), (5, 4)]
1101,2,1,2,4,[(2, 6), (3, 4), (3, 5), (3, 6), (4, 5), (5, 5)]
1102,2,1,2,5,[(2, 7), (3, 5), (3, 6), (3, 7), (4, 6), (5, 6)]
1103,2,1,2,6,[(2, 8), (3, 6), (3, 7), (3, 8), (4, 7), (5, 7)]
1104,2,1,2,7,[(2, 9), (3, 7), (3, 8), (3, 9), (4, 8), (5, 8)]
1105,2,1,2,8,[(2, 10), (3, 8), (3, 9), (3, 10), (4, 9), (5, 9)]
1106,2,1,2,9,[(2, 11), (3, 9), (3, 10), (3, 11), (4, 10), (5, 10)]
1107,2,1,3,0,[(3, 2), (4, 0), (4, 1), (4, 2), (5, 1), (6, 1)]
1108,2,1,3,1,[(3, 3), (4, 1), (4, 2), (4, 3), (5, 2), (6, 2)]
1109,2,1,3,2,[(3, 4), (4, 2), (4, 3), (4, 4), (5, 3), (6, 3)]
1110,2,1,3,3,[(3, 5), (4, 3), (4, 4), (4, 5), (5, 4), (6, 4)]
1111,2,1,3,4,[(3, 6), (4, 4), (4, 5), (4, 6), (5, 5), (6, 5)]
1112,2,1,3,5,[(3, 7), (4, 5), (4, 6), (4, 7), (5, 6), (6, 6)]
1113,2,1,3,6,[(3, 8), (4, 6), (4, 7), (4, 8), (5, 7), (6, 7)]
1114,2,1,3,7,[(3, 9), (4, 7), (4, 8), (4, 9), (5, 8), (6, 8)]
1115,2,1,3,8,[(3, 10), (4, 8), (4, 9), (4, 10), (5, 9), (6, 9)]
1116,2,1,3,9,[(3, 11), (4, 9), (4, 10), (4, 11), (5, 10), (6, 10)]
1117,2,1,4,0,[(4, 2), (5, 0), (5, 1), (5, 2), (6, 1), (7, 1)]
1118,2,1,4,1,[(4, 3), (5, 1), (5, 2), (5, 3), (6, 2), (7, 2)]
1119,2,1,4,2,[(4, 4), (5, 2), (5, 3), (5, 4), (6, 3), (7, 3)]
1120,2,1,4,3,[(4, 5), (5, 3), (5, 4), (5, 5), (6, 4), (7, 4)]
1121,2,1,4,4,[(4, 6), (5, 4), (5, 5), (5, 6), (6, 5), (7, 5)]
1122,2,1,4,5,[(4, 7), (5, 5), (5, 6), (5, 7), (6, 6), (7, 6)]
1123,2,1,4,6,[(4, 8), (5, 6), (5, 7), (5, 8), (6, 7), (7, 7)]
1124,2,1,4,7,[(4, 9), (5, 7), (5, 8), (5, 9), (6, 8), (7, 8)]
1125,2,1,4,8,[(4, 10), (5, 8), (5, 9), (5, 10), (6, 9), (7, 9)]
1126,2,1,4,9,[(4, 11), (5, 9), (5, 10), (5, 11), (6, 10), (7, 10)]
1127,2,1,5,0,[(5, 2), (6, 0), (6, 1), (6, 2), (7, 1), (8, 1)]
1128,2,1,5,1,[(5, 3), (6, 1), (6, 2), (6, 3), (7, 2), (8, 2)]
1129,2,1,5,2,[(5, 4), (6, 2), (6, 3), (6, 4), (7, 3), (8, 3)]
1130,2,1,5,3,[(5, 5), (6, 3), (6, 4), (6, 5), (7, 4), (8, 4)]
1131,2,1,5,4,[(5, 6), (6, 4), (6, 5), (6, 6), (7, 5), (8, 5)]
1132,2,1,5,5,[(5, 7), (6, 5), (6, 6), (6, 7), (7, 6), (8, 6)]
1133,2,1,5,6,[(5, 8), (6, 6), (6, 7), (6, 8), (7, 7), (8, 7)]
1134,2,1,5,7,[(5, 9), (6, 7), (6, 8), (6, 9), (7, 8), (8, 8)]
1135,2,1,5,8,[(5, 10), (6, 8), (6, 9), (6, 10), (7, 9), (8, 9)]
1136,2,1,5,9,[(5, 11), (6, 9), (6, 10), (6, 11), (7, 10), (8, 10)]
1137,2,1,6,0,[(6, 2), (7, 0), (7, 1), (7, 2), (8, 1), (9, 1)]
1138,2,1,6,1,[(6, 3), (7, 1), (7, 2), (7, 3), (8, 2), (9, 2)]
1139,2,1,6,2,[(6, 4), (7, 2), (7, 3), (7, 4), (8, 3), (9, 3)]
1140,2,1,6,3,[(6, 5), (7, 3), (7, 4), (7, 5), (8, 4), (9, 4)]
1141,2,1,6,4,[(6, 6), (7, 4), (7, 5), (7, 6), (8, 5), (9, 5)]
1142,2,1,6,5,[(6, 7), (7, 5), (7, 6), (7, 7), (8, 6), (9, 6)]
1143,2,1,6,6,[(6, 8), (7, 6), (7, 7), (7, 8), (8, 7), (9, 7)]
1144,2,1,6,7,[(6, 9), (7, 7), (7, 8), (7, 9), (8, 8), (9, 8)]
1145,2,1,6,8,[(6, 10), (7, 8), (7, 9), (7, 10), (8, 9), (9, 9)]
1146,2,1,6,9,[(6, 11), (7, 9), (7, 10), (7, 11), (8, 10), (9, 10)]
1147,2,1,7,0,[(7, 2), (8, 0), (8, 1), (8, 2), (9, 1), (10, 1)]
1148,2,1,7,1,[(7, 3), (8, 1), (8, 2), (8, 3), (9, 2), (10, 2)]
1149,2,1,7,2,[(7, 4), (8, 2), (8, 3), (8, 4), (9, 3), (10, 3)]
1150,2,1,7,3,[(7, 5), (8, 3), (8, 4), (8, 5), (9, 4), (10, 4)]
1151,2,1,7,4,[(7, 6), (8, 4), (8, 5), (8, 6), (9, 5), (10, 5)]
1152,2,1,7,5,[(7, 7), (8, 5), (8, 6), (8, 7), (9, 6), (10, 6)]
1153,2,1,7,6,[(7, 8), (8, 6), (8, 7), (8, 8), (9, 7), (10, 7)]
1154,2,1,7,7,[(7, 9), (8, 7), (8, 8), (8, 9), (9, 8), (10, 8)]
1155,2,1,7,8,[(7, 10), (8, 8), (8, 9), (8, 10), (9, 9), (10, 9)]
1156,2,1,7,9,[(7, 11), (8, 9), (8, 10), (8, 11), (9, 10), (10, 10)]
1157,2,1,8,0,[(8, 2), (9, 0), (9, 1), (9, 2), (10, 1), (11, 1)]
1158,2,1,8,1,[(8, 3), (9, 1), (9, 2), (9, 3), (10, 2), (11, 2)]
1159,2,1,8,2,[(8, 4), (9, 2), (9, 3), (9, 4), (10, 3), (11, 3)]
1160,2,1,8,3,[(8, 5), (9, 3), (9, 4), (9, 5), (10, 4), (11, 4)]
1161,2,1,8,4,[(8, 6), (9, 4), (9, 5), (9, 6), (10, 5), (11, 5)]
1162,2,1,8,5,[(8, 7), (9, 5), (9, 6), (9, 7), (10, 6), (11, 6)]
1163,2,1,8,6,[(8, 8), (9, 6), (9, 7), (9, 8), (10, 7), (11, 7)]
1164,2,1,8,7,[(8, 9), (9, 7), (9, 8), (9, 9), (10, 8), (11, 8)]
1165,2,1,8,8,[(8, 10), (9, 8), (9, 9), (9, 10), (10, 9), (11, 9)]
1166,2,1,8,9,[(8, 11), (9, 9), (9, 10), (9, 11), (10, 10), (11, 10)]
1167,2,2,0,0,[(0, 1), (1, 1), (2, 0), (2, 1), (2, 2), (3, 0)]
1168,2,2,0,1,[(0, 2), (1, 2), (2, 1), (2, 2), (2, 3), (3, 1)]
1169,2,2,0,2,[(0, 3), (1, 3), (2, 2), (2, 3), (2, 4), (3, 2)]
1170,2,2,0,3,[(0, 4), (1, 4), (2, 3), (2, 4), (2, 5), (3, 3)]
1171,2,2,0,4,[(0, 5), (1, 5), (2, 4), (2, 5), (2, 6), (3, 4)]
1172,2,2,0,5,[(0, 6), (1, 6), (2, 5), (2, 6), (2, 7), (3, 5)]
1173,2,2,0,6,[(0, 7), (1, 7), (2, 6), (2, 7), (2, 8), (3, 6)]
1174,2,2,0,7,[(0, 8), (1, 8), (2, 7), (2, 8), (2, 9), (3, 7)]
1175,2,2,0,8,[(0, 9), (1, 9), (2, 8), (2, 9), (2, 10), (3, 8)]
1176,2,2,0,9,[(0, 10), (1, 10), (2, 9), (2, 10), (2, 11), (3, 9)]
1177,2,2,1,0,[(1, 1), (2, 1), (3, 0), (3, 1), (3, 2), (4, 0)]
1178,2,2,1,1,[(1, 2), (2, 2), (3, 1), (3, 2), (3, 3), (4, 1)]
1179,2,2,1,2,[(1, 3), (2, 3), (3, 2), (3, 3), (3, 4), (4, 2)]
1180,2,2,1,3,[(1, 4), (2, 4), (3, 3), (3, 4), (3, 5), (4, 3)]
1181,2,2,1,4,[(1, 5), (2, 5), (3, 4), (3, 5), (3, 6), (4, 4)]
1182,2,2,1,5,[(1, 6), (2, 6), (3, 5), (3, 6), (3, 7), (4, 5)]
1183,2,2,1,6,[(1, 7), (2, 7), (3, 6), (3, 7), (3, 8), (4, 6)]
1184,2,2,1,7,[(1, 8), (2, 8), (3, 7), (3, 8), (3, 9), (4, 7)]
1185,2,2,1,8,[(1, 9), (2, 9), (3, 8), (3, 9), (3, 10), (4, 8)]
1186,2,2,1,9,[(1, 10), (2, 10), (3, 9), (3, 10), (3, 11), (4, 9)]
1187,2,2,2,0,[(2, 1), (3, 1), (4, 0), (4, 1), (4, 2), (5, 0)]
1188,2,2,2,1,[(2, 2), (3, 2), (4, 1), (4, 2), (4, 3), (5, 1)]
1189,2,2,2,2,[(2, 3), (3, 3), (4, 2), (4, 3), (4, 4), (5, 2)]
1190,2,2,2,3,[(2, 4), (3, 4), (4, 3), (4, 4), (4, 5), (5, 3)]
1191,2,2,2,4,[(2, 5), (3, 5), (4, 4), (4, 5), (4, 6), (5, 4)]
1192,2,2,2,5,[(2, 6), (3, 6), (4, 5), (4, 6), (4, 7), (5, 5)]
1193,2,2,2,6,[(2, 7), (3, 7), (4, 6), (4, 7), (4, 8), (5, 6)]
1194,2,2,2,7,[(2, 8), (3, 8), (4, 7), (4, 8), (4, 9), (5, 7)]
1195,2,2,2,8,[(2, 9), (3, 9), (4, 8), (4, 9), (4, 10), (5, 8)]
1196,2,2,2,9,[(2, 10), (3, 10), (4, 9), (4, 10), (4, 11), (5, 9)]
1197,2,2,3,0,[(3, 1), (4, 1), (5, 0), (5, 1), (5, 2), (6, 0)]
1198,2,2,3,1,[(3, 2), (4, 2), (5, 1), (5, 2), (5, 3), (6, 1)]
1199,2,2,3,2,[(3, 3), (4, 3), (5, 2), (5, 3), (5, 4), (6, 2)]
1200,2,2,3,3,[(3, 4), (4, 4), (5, 3), (5, 4), (5, 5), (6, 3)]
1201,2,2,3,4,[(3, 5), (4, 5), (5, 4), (5, 5), (5, 6), (6, 4)]
1202,2,2,3,5,[(3, 6), (4, 6), (5, 5), (5, 6), (5, 7), (6, 5)]
1203,2,2,3,6,[(3, 7), (4, 7), (5, 6), (5, 7), (5, 8), (6, 6)]
1204,2,2,3,7,[(3, 8), (4, 8), (5, 7), (5, 8), (5, 9), (6, 7)]
1205,2,2,3,8,[(3, 9), (4, 9), (5, 8), (5, 9), (5, 10), (6, 8)]
1206,2,2,3,9,[(3, 10), (4, 10), (5, 9), (5, 10), (5, 11), (6, 9)]
1207,2,2,4,0,[(4, 1), (5, 1), (6, 0), (6, 1), (6, 2), (7, 0)]
1208,2,2,4,1,[(4, 2), (5, 2), (6, 1), (6, 2), (6, 3), (7, 1)]
1209,2,2,4,2,[(4, 3), (5, 3), (6, 2), (6, 3), (6, 4), (7, 2)]
1210,2,2,4,3,[(4, 4), (5, 4), (6, 3), (6, 4), (6, 5), (7, 3)]
1211,2,2,4,4,[(4, 5), (5, 5), (6, 4), (6, 5), (6, 6), (7, 4)]
1212,2,2,4,5,[(4, 6), (5, 6), (6, 5), (6, 6), (6, 7), (7, 5)]
1213,2,2,4,6,[(4, 7), (5, 7), (6, 6), (6, 7), (6, 8), (7, 6)]
1214,2,2,4,7,[(4, 8), (5, 8), (6, 7), (6, 8), (6, 9), (7, 7)]
1215,2,2,4,8,[(4, 9), (5, 9), (6, 8), (6, 9), (6, 10), (7, 8)]
1216,2,2,4,9,[(4, 10), (5, 10), (6, 9), (6, 10), (6, 11), (7, 9)]
1217,2,2,5,0,[(5, 1), (6, 1), (7, 0), (7, 1), (7, 2), (8, 0)]
1218,2,2,5,1,[(5, 2), (6, 2), (7, 1), (7, 2), (7, 3), (8, 1)]
1219,2,2,5,2,[(5, 3), (6, 3), (7, 2), (7, 3), (7, 4), (8, 2)]
1220,2,2,5,3,[(5, 4), (6, 4), (7, 3), (7, 4), (7, 5), (8, 3)]
1221,2,2,5,4,[(5, 5), (6, 5), (7, 4), (7, 5), (7, 6), (8, 4)]
1222,2,2,5,5,[(5, 6), (6, 6), (7, 5), (7, 6), (7, 7), (8, 5)]
1223,2,2,5,6,[(5, 7), (6, 7), (7, 6), (7, 7), (7, 8), (8, 6)]
1224,2,2,5,7,[(5, 8), (6, 8), (7, 7), (7, 8), (7, 9), (8, 7)]
1225,2,2,5,8,[(5, 9), (6, 9), (7, 8), (7, 9), (7, 10), (8, 8)]
1226,2,2,5,9,[(5, 10), (6, 10), (7, 9), (7, 10), (7, 11), (8, 9)]
1227,2,2,6,0,[(6, 1), (7, 1), (8, 0), (8, 1), (8, 2), (9, 0)]
1228,2,2,6,1,[(6, 2), (7, 2), (8, 1), (8, 2), (8, 3), (9, 1)]
1229,2,2,6,2,[(6, 3), (7, 3), (8, 2), (8, 3), (8, 4), (9, 2)]
1230,2,2,6,3,[(6, 4), (7, 4), (8, 3), (8, 4), (8, 5), (9, 3)]
1231,2,2,6,4,[(6, 5), (7, 5), (8, 4), (8, 5), (8, 6), (9, 4)]
1232,2,2,6,5,[(6, 6), (7, 6), (8, 5), (8, 6), (8, 7), (9, 5)]
1233,2,2,6,6,[(6, 7), (7, 7), (8, 6), (8, 7), (8, 8), (9, 6)]
1234,2,2,6,7,[(6, 8), (7, 8), (8, 7), (8, 8), (8, 9), (9, 7)]
1235,2,2,6,8,[(6, 9), (7, 9), (8, 8), (8, 9), (8, 10), (9, 8)]
1236,2,2,6,9,[(6, 10), (7, 10), (8, 9), (8, 10), (8, 11), (9, 9)]
1237,2,2,7,0,[(7, 1), (8, 1), (9, 0), (9, 1), (9, 2), (10, 0)]
1238,2,2,7,1,[(7, 2), (8, 2), (9, 1), (9, 2), (9, 3), (10, 1)]
1239,2,2,7,2,[(7, 3), (8, 3), (9, 2), (9, 3), (9, 4), (10, 2)]
1240,2,2,7,3,[(7, 4), (8, 4), (9, 3), (9, 4), (9, 5), (10, 3)]
1241,2,2,7,4,[(7, 5), (8, 5), (9, 4), (9, 5), (9, 6), (10, 4)]
1242,2,2,7,5,[(7, 6), (8, 6), (9, 5), (9, 6), (9, 7), (10, 5)]
1243,2,2,7,6,[(7, 7), (8, 7), (9, 6), (9, 7), (9, 8), (10, 6)]
1244,2,2,7,7,[(7, 8), (8, 8), (9, 7), (9, 8), (9, 9), (10, 7)]
1245,2,2,7,8,[(7, 9), (8, 9), (9, 8), (9, 9), (9, 10), (10, 8)]
1246,2,2,7,9,[(7, 10), (8, 10), (9, 9), (9, 10), (9, 11), (10, 9)]
1247,2,2,8,0,[(8, 1), (9, 1), (10, 0), (10, 1), (10, 2), (11, 0)]
1248,2,2,8,1,[(8, 2), (9, 2), (10, 1), (10, 2), (10, 3), (11, 1)]
1249,2,2,8,2,[(8, 3), (9, 3), (10, 2), (10, 3), (10, 4), (11, 2)]
1250,2,2,8,3,[(8, 4), (9, 4), (10, 3), (10, 4), (10, 5), (11, 3)]
1251,2,2,8,4,[(8, 5), (9, 5), (10, 4), (10, 5), (10, 6), (11, 4)]
1252,2,2,8,5,[(8, 6), (9, 6), (10, 5), (10, 6), (10, 7), (11, 5)]
1253,2,2,8,6,[(8, 7), (9, 7), (10, 6), (10, 7), (10, 8), (11, 6)]
1254,2,2,8,7,[(8, 8), (9, 8), (10, 7), (10, 8), (10, 9), (11, 7)]
1255,2,2,8,8,[(8, 9), (9, 9), (10, 8), (10, 9), (10, 10), (11, 8)]
1256,2,2,8,9,[(8, 10), (9, 10), (10, 9), (10, 10), (10, 11), (11, 9)]
1257,2,3,0,0,[(0, 2), (0, 3), (1, 0), (1, 1), (1, 2), (2, 2)]
1258,2,3,0,1,[(0, 3), (0, 4), (1, 1), (1, 2), (1, 3), (2, 3)]
1259,2,3,0,2,[(0, 4), (0, 5), (1, 2), (1, 3), (1, 4), (2, 4)]
1260,2,3,0,3,[(0, 5), (0, 6), (1, 3), (1, 4), (1, 5), (2, 5)]
1261,2,3,0,4,[(0, 6), (0, 7), (1, 4), (1, 5), (1, 6), (2, 6)]
1262,2,3,0,5,[(0, 7), (0, 8), (1, 5), (1, 6), (1, 7), (2, 7)]
1263,2,3,0,6,[(0, 8), (0, 9), (1, 6), (1, 7), (1, 8), (2, 8)]
1264,2,3,0,7,[(0, 9), (0, 10), (1, 7), (1, 8), (1, 9), (2, 9)]
1265,2,3,0,8,[(0, 10), (0, 11), (1, 8), (1, 9), (1, 10), (2, 10)]
1266,2,3,1,0,[(1, 2), (1, 3), (2, 0), (2, 1), (2, 2), (3, 2)]
1267,2,3,1,1,[(1, 3), (1, 4), (2, 1), (2, 2), (2, 3), (3, 3)]
1268,2,3,1,2,[(1, 4), (1, 5), (2, 2), (2, 3), (2, 4), (3, 4)]
1269,2,3,1,3,[(1, 5), (1, 6), (2, 3), (2, 4), (2, 5), (3, 5)]
1270,2,3,1,4,[(1, 6), (1, 7), (2, 4), (2, 5), (2, 6), (3, 6)]
1271,2,3,1,5,[(1, 7), (1, 8), (2, 5), (2, 6), (2, 7), (3, 7)]
1272,2,3,1,6,[(1, 8), (1, 9), (2, 6), (2, 7), (2, 8), (3, 8)]
1273,2,3,1,7,[(1, 9), (1, 10), (2, 7), (2, 8), (2, 9), (3, 9)]
1274,2,3,1,8,[(1, 10), (1, 11), (2, 8), (2, 9), (2, 10), (3, 10)]
1275,2,3,2,0,[(2, 2), (2, 3), (3, 0), (3, 1), (3, 2), (4, 2)]
1276,2,3,2,1,[(2, 3), (2, 4), (3, 1), (3, 2), (3, 3), (4, 3)]
1277,2,3,2,2,[(2, 4), (2, 5), (3, 2), (3, 3), (3, 4), (4, 4)]
1278,2,3,2,3,[(2, 5), (2, 6), (3, 3), (3, 4), (3, 5), (4, 5)]
1279,2,3,2,4,[(2, 6), (2, 7), (3, 4), (3, 5), (3, 6), (4, 6)]
1280,2,3,2,5,[(2, 7), (2, 8), (3, 5), (3, 6), (3, 7), (4, 7)]
1281,2,3,2,6,[(2, 8), (2, 9), (3, 6), (3, 7), (3, 8), (4, 8)]
1282,2,3,2,7,[(2, 9), (2, 10), (3, 7), (3, 8), (3, 9), (4, 9)]
1283,2,3,2,8,[(2, 10), (2, 11), (3, 8), (3, 9), (3, 10), (4, 10)]
1284,2,3,3,0,[(3, 2), (3, 3), (4, 0), (4, 1), (4, 2), (5, 2)]
1285,2,3,3,1,[(3, 3), (3, 4), (4, 1), (4, 2), (4, 3), (5, 3)]
1286,2,3,3,2,[(3, 4), (3, 5), (4, 2), (4, 3), (4, 4), (5, 4)]
1287,2,3,3,3,[(3, 5), (3, 6), (4, 3), (4, 4), (4, 5), (5, 5)]
1288,2,3,3,4,[(3, 6), (3, 7), (4, 4), (4, 5), (4, 6), (5, 6)]
1289,2,3,3,5,[(3, 7), (3, 8), (4, 5), (4, 6), (4, 7), (5, 7)]
1290,2,3,3,6,[(3, 8), (3, 9), (4, 6), (4, 7), (4, 8), (5, 8)]
1291,2,3,3,7,[(3, 9), (3, 10), (4, 7), (4, 8), (4, 9), (5, 9)]
1292,2,3,3,8,[(3, 10), (3, 11), (4, 8), (4, 9), (4, 10), (5, 10)]
1293,2,3,4,0,[(4, 2), (4, 3), (5, 0), (5, 1), (5, 2), (6, 2)]
1294,2,3,4,1,[(4, 3), (4, 4), (5, 1), (5, 2), (5, 3), (6, 3)]
1295,2,3,4,2,[(4, 4), (4, 5), (5, 2), (5, 3), (5, 4), (6, 4)]
1296,2,3,4,3,[(4, 5), (4, 6), (5, 3), (5, 4), (5, 5), (6, 5)]
1297,2,3,4,4,[(4, 6), (4, 7), (5, 4), (5, 5), (5, 6), (6, 6)]
1298,2,3,4,5,[(4, 7), (4, 8), (5, 5), (5, 6), (5, 7), (6, 7)]
1299,2,3,4,6,[(4, 8), (4, 9), (5, 6), (5, 7), (5, 8), (6, 8)]
1300,2,3,4,7,[(4, 9), (4, 10), (5, 7), (5, 8), (5, 9), (6, 9)]
1301,2,3,4,8,[(4, 10), (4, 11), (5, 8), (5, 9), (5, 10), (6, 10)]
1302,2,3,5,0,[(5, 2), (5, 3), (6, 0), (6, 1), (6, 2), (7, 2)]
1303,2,3,5,1,[(5, 3), (5, 4), (6, 1), (6, 2), (6, 3), (7, 3)]
1304,2,3,5,2,[(5, 4), (5, 5), (6, 2), (6, 3), (6, 4), (7, 4)]
1305,2,3,5,3,[(5, 5), (5, 6), (6, 3), (6, 4), (6, 5), (7, 5)]
1306,2,3,5,4,[(5, 6), (5, 7), (6, 4), (6, 5), (6, 6), (7, 6)]
1307,2,3,5,5,[(5, 7), (5, 8), (6, 5), (6, 6), (6, 7), (7, 7)]
1308,2,3,5,6,[(5, 8), (5, 9), (6, 6), (6, 7), (6, 8), (7, 8)]
1309,2,3,5,7,[(5, 9), (5, 10), (6, 7), (6, 8), (6, 9), (7, 9)]
1310,2,3,5,8,[(5, 10), (5, 11), (6, 8), (6, 9), (6, 10), (7, 10)]
1311,2,3,6,0,[(6, 2), (6, 3), (7, 0), (7, 1), (7, 2), (8, 2)]
1312,2,3,6,1,[(6, 3), (6, 4), (7, 1), (7, 2), (7, 3), (8, 3)]
1313,2,3,6,2,[(6, 4), (6, 5), (7, 2), (7, 3), (7, 4), (8, 4)]
1314,2,3,6,3,[(6, 5), (6, 6), (7, 3), (7, 4), (7, 5), (8, 5)]
1315,2,3,6,4,[(6, 6), (6, 7), (7, 4), (7, 5), (7, 6), (8, 6)]
1316,2,3,6,5,[(6, 7), (6, 8), (7, 5), (7, 6), (7, 7), (8, 7)]
1317,2,3,6,6,[(6, 8), (6, 9), (7, 6), (7, 7), (7, 8), (8, 8)]
1318,2,3,6,7,[(6, 9), (6, 10), (7, 7), (7, 8), (7, 9), (8, 9)]
1319,2,3,6,8,[(6, 10), (6, 11), (7, 8), (7, 9), (7, 10), (8, 10)]
1320,2,3,7,0,[(7, 2), (7, 3), (8, 0), (8, 1), (8, 2), (9, 2)]
1321,2,3,7,1,[(7, 3), (7, 4), (8, 1), (8, 2), (8, 3), (9, 3)]
1322,2,3,7,2,[(7, 4), (7, 5), (8, 2), (8, 3), (8, 4), (9, 4)]
1323,2,3,7,3,[(7, 5), (7, 6), (8, 3), (8, 4), (8, 5), (9, 5)]
1324,2,3,7,4,[(7, 6), (7, 7), (8, 4), (8, 5), (8, 6), (9, 6)]
1325,2,3,7,5,[(7, 7), (7, 8), (8, 5), (8, 6), (8, 7), (9, 7)]
1326,2,3,7,6,[(7, 8), (7, 9), (8, 6), (8, 7), (8, 8), (9, 8)]
1327,2,3,7,7,[(7, 9), (7, 10), (8, 7), (8, 8), (8, 9), (9, 9)]
1328,2,3,7,8,[(7, 10), (7, 11), (8, 8), (8, 9), (8, 10), (9, 10)]
1329,2,3,8,0,[(8, 2), (8, 3), (9, 0), (9, 1), (9, 2), (10, 2)]
1330,2,3,8,1,[(8, 3), (8, 4), (9, 1), (9, 2), (9, 3), (10, 3)]
1331,2,3,8,2,[(8, 4), (8, 5), (9, 2), (9, 3), (9, 4), (10, 4)]
1332,2,3,8,3,[(8, 5), (8, 6), (9, 3), (9, 4), (9, 5), (10, 5)]
1333,2,3,8,4,[(8, 6), (8, 7), (9, 4), (9, 5), (9, 6), (10, 6)]
1334,2,3,8,5,[(8, 7), (8, 8), (9, 5), (9, 6), (9, 7), (10, 7)]
1335,2,3,8,6,[(8, 8), (8, 9), (9, 6), (9, 7), (9, 8), (10, 8)]
1336,2,3,8,7,[(8, 9), (8, 10), (9, 7), (9, 8), (9, 9), (10, 9)]
1337,2,3,8,8,[(8, 10), (8, 11), (9, 8), (9, 9), (9, 10), (10, 10)]
1338,2,3,9,0,[(9, 2), (9, 3), (10, 0), (10, 1), (10, 2), (11, 2)]
1339,2,3,9,1,[(9, 3), (9, 4), (10, 1), (10, 2), (10, 3), (11, 3)]
1340,2,3,9,2,[(9, 4), (9, 5), (10, 2), (10, 3), (10, 4), (11, 4)]
1341,2,3,9,3,[(9, 5), (9, 6), (10, 3), (10, 4), (10, 5), (11, 5)]
1342,2,3,9,4,[(9, 6), (9, 7), (10, 4), (10, 5), (10, 6), (11, 6)]
1343,2,3,9,5,[(9, 7), (9, 8), (10, 5), (10, 6), (10, 7), (11, 7)]
1344,2,3,9,6,[(9, 8), (9, 9), (10, 6), (10, 7), (10, 8), (11, 8)]
1345,2,3,9,7,[(9, 9), (9, 10), (10, 7), (10, 8), (10, 9), (11, 9)]
1346,2,3,9,8,[(9, 10), (9, 11), (10, 8), (10, 9), (10, 10), (11, 10)]
1347,2,4,0,0,[(0, 0), (0, 1), (1, 1), (1, 2), (1, 3), (2, 1)]
1348,2,4,0,1,[(0, 1), (0, 2), (1, 2), (1, 3), (1, 4), (2, 2)]
1349,2,4,0,2,[(0, 2), (0, 3), (1, 3), (1, 4), (1, 5), (2, 3)]
1350,2,4,0,3,[(0, 3), (0, 4), (1, 4), (1, 5), (1, 6), (2, 4)]
1351,2,4,0,4,[(0, 4), (0, 5), (1, 5), (1, 6), (1, 7), (2, 5)]
1352,2,4,0,5,[(0, 5), (0, 6), (1, 6), (1, 7), (1, 8), (2, 6)]
1353,2,4,0,6,[(0, 6), (0, 7), (1, 7), (1, 8), (1, 9), (2, 7)]
1354,2,4,0,7,[(0, 7), (0, 8), (1, 8), (1, 9), (1, 10), (2, 8)]
1355,2,4,0,8,[(0, 8), (0, 9), (1, 9), (1, 10), (1, 11), (2, 9)]
1356,2,4,1,0,[(1, 0), (1, 1), (2, 1), (2, 2), (2, 3), (3, 1)]
1357,2,4,1,1,[(1, 1), (1, 2), (2, 2), (2, 3), (2, 4), (3, 2)]
1358,2,4,1,2,[(1, 2), (1, 3), (2, 3), (2, 4), (2, 5), (3, 3)]
1359,2,4,1,3,[(1, 3), (1, 4), (2, 4), (2, 5), (2, 6), (3, 4)]
1360,2,4,1,4,[(1, 4), (1, 5), (2, 5), (2, 6), (2, 7), (3, 5)]
1361,2,4,1,5,[(1, 5), (1, 6), (2, 6), (2, 7), (2, 8), (3, 6)]
1362,2,4,1,6,[(1, 6), (1, 7), (2, 7), (2, 8), (2, 9), (3, 7)]
1363,2,4,1,7,[(1, 7), (1, 8), (2, 8), (2, 9), (2, 10), (3, 8)]
1364,2,4,1,8,[(1, 8), (1, 9), (2, 9), (2, 10), (2, 11), (3, 9)]
1365,2,4,2,0,[(2, 0), (2, 1), (3, 1), (3, 2), (3, 3), (4, 1)]
1366,2,4,2,1,[(2, 1), (2, 2), (3, 2), (3, 3), (3, 4), (4, 2)]
1367,2,4,2,2,[(2, 2), (2, 3), (3, 3), (3, 4), (3, 5), (4, 3)]
1368,2,4,2,3,[(2, 3), (2, 4), (3, 4), (3, 5), (3, 6), (4, 4)]
1369,2,4,2,4,[(2, 4), (2, 5), (3, 5), (3, 6), (3, 7), (4, 5)]
1370,2,4,2,5,[(2, 5), (2, 6), (3, 6), (3, 7), (3, 8), (4, 6)]
1371,2,4,2,6,[(2, 6), (2, 7), (3, 7), (3, 8), (3, 9), (4, 7)]
1372,2,4,2,7,[(2, 7), (2, 8), (3, 8), (3, 9), (3, 10), (4, 8)]
1373,2,4,2,8,[(2, 8), (2, 9), (3, 9), (3, 10), (3, 11), (4, 9)]
1374,2,4,3,0,[(3, 0), (3, 1), (4, 1), (4, 2), (4, 3), (5, 1)]
1375,2,4,3,1,[(3, 1), (3, 2), (4, 2), (4, 3), (4, 4), (5, 2)]
1376,2,4,3,2,[(3, 2), (3, 3), (4, 3), (4, 4), (4, 5), (5, 3)]
1377,2,4,3,3,[(3, 3), (3, 4), (4, 4), (4, 5), (4, 6), (5, 4)]
1378,2,4,3,4,[(3, 4), (3, 5), (4, 5), (4, 6), (4, 7), (5, 5)]
1379,2,4,3,5,[(3, 5), (3, 6), (4, 6), (4, 7), (4, 8), (5, 6)]
1380,2,4,3,6,[(3, 6), (3, 7), (4, 7), (4, 8), (4, 9), (5, 7)]
1381,2,4,3,7,[(3, 7), (3, 8), (4, 8), (4, 9), (4, 10), (5, 8)]
1382,2,4,3,8,[(3, 8), (3, 9), (4, 9), (4, 10), (4, 11), (5, 9)]
1383,2,4,4,0,[(4, 0), (4, 1), (5, 1), (5, 2), (5, 3), (6, 1)]
1384,2,4,4,1,[(4, 1), (4, 2), (5, 2), (5, 3), (5, 4), (6, 2)]
1385,2,4,4,2,[(4, 2), (4, 3), (5, 3), (5, 4), (5, 5), (6, 3)]
1386,2,4,4,3,[(4, 3), (4, 4), (5, 4), (5, 5), (5, 6), (6, 4)]
1387,2,4,4,4,[(4, 4), (4, 5), (5, 5), (5, 6), (5, 7), (6, 5)]
1388,2,4,4,5,[(4, 5), (4, 6), (5, 6), (5, 7), (5, 8), (6, 6)]
1389,2,4,4,6,[(4, 6), (4, 7), (5, 7), (5, 8), (5, 9), (6, 7)]
1390,2,4,4,7,[(4, 7), (4, 8), (5, 8), (5, 9), (5, 10), (6, 8)]
1391,2,4,4,8,[(4, 8), (4, 9), (5, 9), (5, 10), (5, 11), (6, 9)]
1392,2,4,5,0,[(5, 0), (5, 1), (6, 1), (6, 2), (6, 3), (7, 1)]
1393,2,4,5,1,[(5, 1), (5, 2), (6, 2), (6, 3), (6, 4), (7, 2)]
1394,2,4,5,2,[(5, 2), (5, 3), (6, 3), (6, 4), (6, 5), (7, 3)]
1395,2,4,5,3,[(5, 3), (5, 4), (6, 4), (6, 5), (6, 6), (7, 4)]
1396,2,4,5,4,[(5, 4), (5, 5), (6, 5), (6, 6), (6, 7), (7, 5)]
1397,2,4,5,5,[(5, 5), (5, 6), (6, 6), (6, 7), (6, 8), (7, 6)]
1398,2,4,5,6,[(5, 6), (5, 7), (6, 7), (6, 8), (6, 9), (7, 7)]
1399,2,4,5,7,[(5, 7), (5, 8), (6, 8), (6, 9), (6, 10), (7, 8)]
1400,2,4,5,8,[(5, 8), (5, 9), (6, 9), (6, 10), (6, 11), (7, 9)]
1401,2,4,6,0,[(6, 0), (6, 1), (7, 1), (7, 2), (7, 3), (8, 1)]
1402,2,4,6,1,[(6, 1), (6, 2), (7, 2), (7, 3), (7, 4), (8, 2)]
1403,2,4,6,2,[(6, 2), (6, 3), (7, 3), (7, 4), (7, 5), (8, 3)]
1404,2,4,6,3,[(6, 3), (6, 4), (7, 4), (7, 5), (7, 6), (8, 4)]
1405,2,4,6,4,[(6, 4), (6, 5), (7, 5), (7, 6), (7, 7), (8, 5)]
1406,2,4,6,5,[(6, 5), (6, 6), (7, 6), (7, 7), (7, 8), (8, 6)]
1407,2,4,6,6,[(6, 6), (6, 7), (7, 7), (7, 8), (7, 9), (8, 7)]
1408,2,4,6,7,[(6, 7), (6, 8), (7, 8), (7, 9), (7, 10), (8, 8)]
1409,2,4,6,8,[(6, 8), (6, 9), (7, 9), (7, 10), (7, 11), (8, 9)]
1410,2,4,7,0,[(7, 0), (7, 1), (8, 1), (8, 2), (8, 3), (9, 1)]
1411,2,4,7,1,[(7, 1), (7, 2), (8, 2), (8, 3), (8, 4), (9, 2)]
1412,2,4,7,2,[(7, 2), (7, 3), (8, 3), (8, 4), (8, 5), (9, 3)]
1413,2,4,7,3,[(7, 3), (7, 4), (8, 4), (8, 5), (8, 6), (9, 4)]
1414,2,4,7,4,[(7, 4), (7, 5), (8, 5), (8, 6), (8, 7), (9, 5)]
1415,2,4,7,5,[(7, 5), (7, 6), (8, 6), (8, 7), (8, 8), (9, 6)]
1416,2,4,7,6,[(7, 6), (7, 7), (8, 7), (8, 8), (8, 9), (9, 7)]
1417,2,4,7,7,[(7, 7), (7, 8), (8, 8), (8, 9), (8, 10), (9, 8)]
1418,2,4,7,8,[(7, 8), (7, 9), (8, 9), (8, 10), (8, 11), (9, 9)]
1419,2,4,8,0,[(8, 0), (8, 1), (9, 1), (9, 2), (9, 3), (10, 1)]
1420,2,4,8,1,[(8, 1), (8, 2), (9, 2), (9, 3), (9, 4), (10, 2)]
1421,2,4,8,2,[(8, 2), (8, 3), (9, 3), (9, 4), (9, 5), (10, 3)]
1422,2,4,8,3,[(8, 3), (8, 4), (9, 4), (9, 5), (9, 6), (10, 4)]
1423,2,4,8,4,[(8, 4), (8, 5), (9, 5), (9, 6), (9, 7), (10, 5)]
1424,2,4,8,5,[(8, 5), (8, 6), (9, 6), (9, 7), (9, 8), (10, 6)]
1425,2,4,8,6,[(8, 6), (8, 7), (9, 7), (9, 8), (9, 9), (10, 7)]
1426,2,4,8,7,[(8, 7), (8, 8), (9, 8), (9, 9), (9, 10), (10, 8)]
1427,2,4,8,8,[(8, 8), (8, 9), (9, 9), (9, 10), (9, 11), (10, 9)]
1428,2,4,9,0,[(9, 0), (9, 1), (10, 1), (10, 2), (10, 3), (11, 1)]
1429,2,4,9,1,[(9, 1), (9, 2), (10, 2), (10, 3), (10, 4), (11, 2)]
1430,2,4,9,2,[(9, 2), (9, 3), (10, 3), (10, 4), (10, 5), (11, 3)]
1431,2,4,9,3,[(9, 3), (9, 4), (10, 4), (10, 5), (10, 6), (11, 4)]
1432,2,4,9,4,[(9, 4), (9, 5), (10, 5), (10, 6), (10, 7), (11, 5)]
1433,2,4,9,5,[(9, 5), (9, 6), (10, 6), (10, 7), (10, 8), (11, 6)]
1434,2,4,9,6,[(9, 6), (9, 7), (10, 7), (10, 8), (10, 9), (11, 7)]
1435,2,4,9,7,[(9, 7), (9, 8), (10, 8), (10, 9), (10, 10), (11, 8)]
1436,2,4,9,8,[(9, 8), (9, 9), (10, 9), (10, 10), (10, 11), (11, 9)]
1437,2,5,0,0,[(0, 2), (1, 0), (1, 1), (1, 2), (2, 2), (2, 3)]
1438,2,5,0,1,[(0, 3), (1, 1), (1, 2), (1, 3), (2, 3), (2, 4)]
1439,2,5,0,2,[(0, 4), (1, 2), (1, 3), (1, 4), (2, 4), (2, 5)]
1440,2,5,0,3,[(0, 5), (1, 3), (1, 4), (1, 5), (2, 5), (2, 6)]
1441,2,5,0,4,[(0, 6), (1, 4), (1, 5), (1, 6), (2, 6), (2, 7)]
1442,2,5,0,5,[(0, 7), (1, 5), (1, 6), (1, 7), (2, 7), (2, 8)]
1443,2,5,0,6,[(0, 8), (1, 6), (1, 7), (1, 8), (2, 8), (2, 9)]
1444,2,5,0,7,[(0, 9), (1, 7), (1, 8), (1, 9), (2, 9), (2, 10)]
1445,2,5,0,8,[(0, 10), (1, 8), (1, 9), (1, 10), (2, 10), (2, 11)]
1446,2,5,1,0,[(1, 2), (2, 0), (2, 1), (2, 2), (3, 2), (3, 3)]
1447,2,5,1,1,[(1, 3), (2, 1), (2, 2), (2, 3), (3, 3), (3, 4)]
1448,2,5,1,2,[(1, 4), (2, 2), (2, 3), (2, 4), (3, 4), (3, 5)]
1449,2,5,1,3,[(1, 5), (2, 3), (2, 4), (2, 5), (3, 5), (3, 6)]
1450,2,5,1,4,[(1, 6), (2, 4), (2, 5), (2, 6), (3, 6), (3, 7)]
1451,2,5,1,5,[(1, 7), (2, 5), (2, 6), (2, 7), (3, 7), (3, 8)]
1452,2,5,1,6,[(1, 8), (2, 6), (2, 7), (2, 8), (3, 8), (3, 9)]
1453,2,5,1,7,[(1, 9), (2, 7), (2, 8), (2, 9), (3, 9), (3, 10)]
1454,2,5,1,8,[(1, 10), (2, 8), (2, 9), (2, 10), (3, 10), (3, 11)]
1455,2,5,2,0,[(2, 2), (3, 0), (3, 1), (3, 2), (4, 2), (4, 3)]
1456,2,5,2,1,[(2, 3), (3, 1), (3, 2), (3, 3), (4, 3), (4, 4)]
1457,2,5,2,2,[(2, 4), (3, 2), (3, 3), (3, 4), (4, 4), (4, 5)]
1458,2,5,2,3,[(2, 5), (3, 3), (3, 4), (3, 5), (4, 5), (4, 6)]
1459,2,5,2,4,[(2, 6), (3, 4), (3, 5), (3, 6), (4, 6), (4, 7)]
1460,2,5,2,5,[(2, 7), (3, 5), (3, 6), (3, 7), (4, 7), (4, 8)]
1461,2,5,2,6,[(2, 8), (3, 6), (3, 7), (3, 8), (4, 8), (4, 9)]
1462,2,5,2,7,[(2, 9), (3, 7), (3, 8), (3, 9), (4, 9), (4, 10)]
1463,2,5,2,8,[(2, 10), (3, 8), (3, 9), (3, 10), (4, 10), (4, 11)]
1464,2,5,3,0,[(3, 2), (4, 0), (4, 1), (4, 2), (5, 2), (5, 3)]
1465,2,5,3,1,[(3, 3), (4, 1), (4, 2), (4, 3), (5, 3), (5, 4)]
1466,2,5,3,2,[(3, 4), (4, 2), (4, 3), (4, 4), (5, 4), (5, 5)]
1467,2,5,3,3,[(3, 5), (4, 3), (4, 4), (4, 5), (5, 5), (5, 6)]
1468,2,5,3,4,[(3, 6), (4, 4), (4, 5), (4, 6), (5, 6), (5, 7)]
1469,2,5,3,5,[(3, 7), (4, 5), (4, 6), (4, 7), (5, 7), (5, 8)]
1470,2,5,3,6,[(3, 8), (4, 6), (4, 7), (4, 8), (5, 8), (5, 9)]
1471,2,5,3,7,[(3, 9), (4, 7), (4, 8), (4, 9), (5, 9), (5, 10)]
1472,2,5,3,8,[(3, 10), (4, 8), (4, 9), (4, 10), (5, 10), (5, 11)]
1473,2,5,4,0,[(4, 2), (5, 0), (5, 1), (5, 2), (6, 2), (6, 3)]
1474,2,5,4,1,[(4, 3), (5, 1), (5, 2), (5, 3), (6, 3), (6, 4)]
1475,2,5,4,2,[(4, 4), (5, 2), (5, 3), (5, 4), (6, 4), (6, 5)]
1476,2,5,4,3,[(4, 5), (5, 3), (5, 4), (5, 5), (6, 5), (6, 6)]
1477,2,5,4,4,[(4, 6), (5, 4), (5, 5), (5, 6), (6, 6), (6, 7)]
1478,2,5,4,5,[(4, 7), (5, 5), (5, 6), (5, 7), (6, 7), (6, 8)]
1479,2,5,4,6,[(4, 8), (5, 6), (5, 7), (5, 8), (6, 8), (6, 9)]
1480,2,5,4,7,[(4, 9), (5, 7), (5, 8), (5, 9), (6, 9), (6, 10)]
1481,2,5,4,8,[(4, 10), (5, 8), (5, 9), (5, 10), (6, 10), (6, 11)]
1482,2,5,5,0,[(5, 2), (6, 0), (6, 1), (6, 2), (7, 2), (7, 3)]
1483,2,5,5,1,[(5, 3), (6, 1), (6, 2), (6, 3), (7, 3), (7, 4)]
1484,2,5,5,2,[(5, 4), (6, 2), (6, 3), (6, 4), (7, 4), (7, 5)]
1485,2,5,5,3,[(5, 5), (6, 3), (6, 4), (6, 5), (7, 5), (7, 6)]
1486,2,5,5,4,[(5, 6), (6, 4), (6, 5), (6, 6), (7, 6), (7, 7)]
1487,2,5,5,5,[(5, 7), (6, 5), (6, 6), (6, 7), (7, 7), (7, 8)]
1488,2,5,5,6,[(5, 8), (6, 6), (6, 7), (6, 8), (7, 8), (7, 9)]
1489,2,5,5,7,[(5, 9), (6, 7), (6, 8), (6, 9), (7, 9), (7, 10)]
1490,2,5,5,8,[(5, 10), (6, 8), (6, 9), (6, 10), (7, 10), (7, 11)]
1491,2,5,6,0,[(6, 2), (7, 0), (7, 1), (7, 2), (8, 2), (8, 3)]
1492,2,5,6,1,[(6, 3), (7, 1), (7, 2), (7, 3), (8, 3), (8, 4)]
1493,2,5,6,2,[(6, 4), (7, 2), (7, 3), (7, 4), (8, 4), (8, 5)]
1494,2,5,6,3,[(6, 5), (7, 3), (7, 4), (7, 5), (8, 5), (8, 6)]
1495,2,5,6,4,[(6, 6), (7, 4), (7, 5), (7, 6), (8, 6), (8, 7)]
1496,2,5,6,5,[(6, 7), (7, 5), (7, 6), (7, 7), (8, 7), (8, 8)]
1497,2,5,6,6,[(6, 8), (7, 6), (7, 7), (7, 8), (8, 8), (8, 9)]
1498,2,5,6,7,[(6, 9), (7, 7), (7, 8), (7, 9), (8, 9), (8, 10)]
1499,2,5,6,8,[(6, 10), (7, 8), (7, 9), (7, 10), (8, 10), (8, 11)]
1500,2,5,7,0,[(7, 2), (8, 0), (8, 1), (8, 2), (9, 2), (9, 3)]
1501,2,5,7,1,[(7, 3), (8, 1), (8, 2), (8, 3), (9, 3), (9, 4)]
1502,2,5,7,2,[(7, 4), (8, 2), (8, 3), (8, 4), (9, 4), (9, 5)]
1503,2,5,7,3,[(7, 5), (8, 3), (8, 4), (8, 5), (9, 5), (9, 6)]
1504,2,5,7,4,[(7, 6), (8, 4), (8, 5), (8, 6), (9, 6), (9, 7)]
1505,2,5,7,5,[(7, 7), (8, 5), (8, 6), (8, 7), (9, 7), (9, 8)]
1506,2,5,7,6,[(7, 8), (8, 6), (8, 7), (8, 8), (9, 8), (9, 9)]
1507,2,5,7,7,[(7, 9), (8, 7), (8, 8), (8, 9), (9, 9), (9, 10)]
1508,2,5,7,8,[(7, 10), (8, 8), (8, 9), (8, 10), (9, 10), (9, 11)]
1509,2,5,8,0,[(8, 2), (9, 0), (9, 1), (9, 2), (10, 2), (10, 3)]
1510,2,5,8,1,[(8, 3), (9, 1), (9, 2), (9, 3), (10, 3), (10, 4)]
1511,2,5,8,2,[(8, 4), (9, 2), (9, 3), (9, 4), (10, 4), (10, 5)]
1512,2,5,8,3,[(8, 5), (9, 3), (9, 4), (9, 5), (10, 5), (10, 6)]
1513,2,5,8,4,[(8, 6), (9, 4), (9, 5), (9, 6), (10, 6), (10, 7)]
1514,2,5,8,5,[(8, 7), (9, 5), (9, 6), (9, 7), (10, 7), (10, 8)]
1515,2,5,8,6,[(8, 8), (9, 6), (9, 7), (9, 8), (10, 8), (10, 9)]
1516,2,5,8,7,[(8, 9), (9, 7), (9, 8), (9, 9), (10, 9), (10, 10)]
1517,2,5,8,8,[(8, 10), (9, 8), (9, 9), (9, 10), (10, 10), (10, 11)]
1518,2,5,9,0,[(9, 2), (10, 0), (10, 1), (10, 2), (11, 2), (11, 3)]
1519,2,5,9,1,[(9, 3), (10, 1), (10, 2), (10, 3), (11, 3), (11, 4)]
1520,2,5,9,2,[(9, 4), (10, 2), (10, 3), (10, 4), (11, 4), (11, 5)]
1521,2,5,9,3,[(9, 5), (10, 3), (10, 4), (10, 5), (11, 5), (11, 6)]
1522,2,5,9,4,[(9, 6), (10, 4), (10, 5), (10, 6), (11, 6), (11, 7)]
1523,2,5,9,5,[(9, 7), (10, 5), (10, 6), (10, 7), (11, 7), (11, 8)]
1524,2,5,9,6,[(9, 8), (10, 6), (10, 7), (10, 8), (11, 8), (11, 9)]
1525,2,5,9,7,[(9, 9), (10, 7), (10, 8), (10, 9), (11, 9), (11, 10)]
1526,2,5,9,8,[(9, 10), (10, 8), (10, 9), (10, 10), (11, 10), (11, 11)]
1527,2,6,0,0,[(0, 1), (1, 1), (2, 0), (2, 1), (2, 2), (3, 2)]
1528,2,6,0,1,[(0, 2), (1, 2), (2, 1), (2, 2), (2, 3), (3, 3)]
1529,2,6,0,2,[(0, 3), (1, 3), (2, 2), (2, 3), (2, 4), (3, 4)]
1530,2,6,0,3,[(0, 4), (1, 4), (2, 3), (2, 4), (2, 5), (3, 5)]
1531,2,6,0,4,[(0, 5), (1, 5), (2, 4), (2, 5), (2, 6), (3, 6)]
1532,2,6,0,5,[(0, 6), (1, 6), (2, 5), (2, 6), (2, 7), (3, 7)]
1533,2,6,0,6,[(0, 7), (1, 7), (2, 6), (2, 7), (2, 8), (3, 8)]
1534,2,6,0,7,[(0, 8), (1, 8), (2, 7), (2, 8), (2, 9), (3, 9)]
1535,2,6,0,8,[(0, 9), (1, 9), (2, 8), (2, 9), (2, 10), (3, 10)]
1536,2,6,0,9,[(0, 10), (1, 10), (2, 9), (2, 10), (2, 11), (3, 11)]
1537,2,6,1,0,[(1, 1), (2, 1), (3, 0), (3, 1), (3, 2), (4, 2)]
1538,2,6,1,1,[(1, 2), (2, 2), (3, 1), (3, 2), (3, 3), (4, 3)]
1539,2,6,1,2,[(1, 3), (2, 3), (3, 2), (3, 3), (3, 4), (4, 4)]
1540,2,6,1,3,[(1, 4), (2, 4), (3, 3), (3, 4), (3, 5), (4, 5)]
1541,2,6,1,4,[(1, 5), (2, 5), (3, 4), (3, 5), (3, 6), (4, 6)]
1542,2,6,1,5,[(1, 6), (2, 6), (3, 5), (3, 6), (3, 7), (4, 7)]
1543,2,6,1,6,[(1, 7), (2, 7), (3, 6), (3, 7), (3, 8), (4, 8)]
1544,2,6,1,7,[(1, 8), (2, 8), (3, 7), (3, 8), (3, 9), (4, 9)]
1545,2,6,1,8,[(1, 9), (2, 9), (3, 8), (3, 9), (3, 10), (4, 10)]
1546,2,6,1,9,[(1, 10), (2, 10), (3, 9), (3, 10), (3, 11), (4, 11)]
1547,2,6,2,0,[(2, 1), (3, 1), (4, 0), (4, 1), (4, 2), (5, 2)]
1548,2,6,2,1,[(2, 2), (3, 2), (4, 1), (4, 2), (4, 3), (5, 3)]
1549,2,6,2,2,[(2, 3), (3, 3), (4, 2), (4, 3), (4, 4), (5, 4)]
1550,2,6,2,3,[(2, 4), (3, 4), (4, 3), (4, 4), (4, 5), (5, 5)]
1551,2,6,2,4,[(2, 5), (3, 5), (4, 4), (4, 5), (4, 6), (5, 6)]
1552,2,6,2,5,[(2, 6), (3, 6), (4, 5), (4, 6), (4, 7), (5, 7)]
1553,2,6,2,6,[(2, 7), (3, 7), (4, 6), (4, 7), (4, 8), (5, 8)]
1554,2,6,2,7,[(2, 8), (3, 8), (4, 7), (4, 8), (4, 9), (5, 9)]
1555,2,6,2,8,[(2, 9), (3, 9), (4, 8), (4, 9), (4, 10), (5, 10)]
1556,2,6,2,9,[(2, 10), (3, 10), (4, 9), (4, 10), (4, 11), (5, 11)]
1557,2,6,3,0,[(3, 1), (4, 1), (5, 0), (5, 1), (5, 2), (6, 2)]
1558,2,6,3,1,[(3, 2), (4, 2), (5, 1), (5, 2), (5, 3), (6, 3)]
1559,2,6,3,2,[(3, 3), (4, 3), (5, 2), (5, 3), (5, 4), (6, 4)]
1560,2,6,3,3,[(3, 4), (4, 4), (5, 3), (5, 4), (5, 5), (6, 5)]
1561,2,6,3,4,[(3, 5), (4, 5), (5, 4), (5, 5), (5, 6), (6, 6)]
1562,2,6,3,5,[(3, 6), (4, 6), (5, 5), (5, 6), (5, 7), (6, 7)]
1563,2,6,3,6,[(3, 7), (4, 7), (5, 6), (5, 7), (5, 8), (6, 8)]
1564,2,6,3,7,[(3, 8), (4, 8), (5, 7), (5, 8), (5, 9), (6, 9)]
1565,2,6,3,8,[(3, 9), (4, 9), (5, 8), (5, 9), (5, 10), (6, 10)]
1566,2,6,3,9,[(3, 10), (4, 10), (5, 9), (5, 10), (5, 11), (6, 11)]
1567,2,6,4,0,[(4, 1), (5, 1), (6, 0), (6, 1), (6, 2), (7, 2)]
1568,2,6,4,1,[(4, 2), (5, 2), (6, 1), (6, 2), (6, 3), (7, 3)]
1569,2,6,4,2,[(4, 3), (5, 3), (6, 2), (6, 3), (6, 4), (7, 4)]
1570,2,6,4,3,[(4, 4), (5, 4), (6, 3), (6, 4), (6, 5), (7, 5)]
1571,2,6,4,4,[(4, 5), (5, 5), (6, 4), (6, 5), (6, 6), (7, 6)]
1572,2,6,4,5,[(4, 6), (5, 6), (6, 5), (6, 6), (6, 7), (7, 7)]
1573,2,6,4,6,[(4, 7), (5, 7), (6, 6), (6, 7), (6, 8), (7, 8)]
1574,2,6,4,7,[(4, 8), (5, 8), (6, 7), (6, 8), (6, 9), (7, 9)]
1575,2,6,4,8,[(4, 9), (5, 9), (6, 8), (6, 9), (6, 10), (7, 10)]
1576,2,6,4,9,[(4, 10), (5, 10), (6, 9), (6, 10), (6, 11), (7, 11)]
1577,2,6,5,0,[(5, 1), (6, 1), (7, 0), (7, 1), (7, 2), (8, 2)]
1578,2,6,5,1,[(5, 2), (6, 2), (7, 1), (7, 2), (7, 3), (8, 3)]
1579,2,6,5,2,[(5, 3), (6, 3), (7, 2), (7, 3), (7, 4), (8, 4)]
1580,2,6,5,3,[(5, 4), (6, 4), (7, 3), (7, 4), (7, 5), (8, 5)]
1581,2,6,5,4,[(5, 5), (6, 5), (7, 4), (7, 5), (7, 6), (8, 6)]
1582,2,6,5,5,[(5, 6), (6, 6), (7, 5), (7, 6), (7, 7), (8, 7)]
1583,2,6,5,6,[(5, 7), (6, 7), (7, 6), (7, 7), (7, 8), (8, 8)]
1584,2,6,5,7,[(5, 8), (6, 8), (7, 7), (7, 8), (7, 9), (8, 9)]
1585,2,6,5,8,[(5, 9), (6, 9), (7, 8), (7, 9), (7, 10), (8, 10)]
1586,2,6,5,9,[(5, 10), (6, 10), (7, 9), (7, 10), (7, 11), (8, 11)]
1587,2,6,6,0,[(6, 1), (7, 1), (8, 0), (8, 1), (8, 2), (9, 2)]
1588,2,6,6,1,[(6, 2), (7, 2), (8, 1), (8, 2), (8, 3), (9, 3)]
1589,2,6,6,2,[(6, 3), (7, 3), (8, 2), (8, 3), (8, 4), (9, 4)]
1590,2,6,6,3,[(6, 4), (7, 4), (8, 3), (8, 4), (8, 5), (9, 5)]
1591,2,6,6,4,[(6, 5), (7, 5), (8, 4), (8, 5), (8, 6), (9, 6)]
1592,2,6,6,5,[(6, 6), (7, 6), (8, 5), (8, 6), (8, 7), (9, 7)]
1593,2,6,6,6,[(6, 7), (7, 7), (8, 6), (8, 7), (8, 8), (9, 8)]
1594,2,6,6,7,[(6, 8), (7, 8), (8, 7), (8, 8), (8, 9), (9, 9)]
1595,2,6,6,8,[(6, 9), (7, 9), (8, 8), (8, 9), (8, 10), (9, 10)]
1596,2,6,6,9,[(6, 10), (7, 10), (8, 9), (8, 10), (8, 11), (9, 11)]
1597,2,6,7,0,[(7, 1), (8, 1), (9, 0), (9, 1), (9, 2), (10, 2)]
1598,2,6,7,1,[(7, 2), (8, 2), (9, 1), (9, 2), (9, 3), (10, 3)]
1599,2,6,7,2,[(7, 3), (8, 3), (9, 2), (9, 3), (9, 4), (10, 4)]
1600,2,6,7,3,[(7, 4), (8, 4), (9, 3), (9, 4), (9, 5), (10, 5)]
1601,2,6,7,4,[(7, 5), (8, 5), (9, 4), (9, 5), (9, 6), (10, 6)]
1602,2,6,7,5,[(7, 6), (8, 6), (9, 5), (9, 6), (9, 7), (10, 7)]
1603,2,6,7,6,[(7, 7), (8, 7), (9, 6), (9, 7), (9, 8), (10, 8)]
1604,2,6,7,7,[(7, 8), (8, 8), (9, 7), (9, 8), (9, 9), (10, 9)]
1605,2,6,7,8,[(7, 9), (8, 9), (9, 8), (9, 9), (9, 10), (10, 10)]
1606,2,6,7,9,[(7, 10), (8, 10), (9, 9), (9, 10), (9, 11), (10, 11)]
1607,2,6,8,0,[(8, 1), (9, 1), (10, 0), (10, 1), (10, 2), (11, 2)]
1608,2,6,8,1,[(8, 2), (9, 2), (10, 1), (10, 2), (10, 3), (11, 3)]
1609,2,6,8,2,[(8, 3), (9, 3), (10, 2), (10, 3), (10, 4), (11, 4)]
1610,2,6,8,3,[(8, 4), (9, 4), (10, 3), (10, 4), (10, 5), (11, 5)]
1611,2,6,8,4,[(8, 5), (9, 5), (10, 4), (10, 5), (10, 6), (11, 6)]
1612,2,6,8,5,[(8, 6), (9, 6), (10, 5), (10, 6), (10, 7), (11, 7)]
1613,2,6,8,6,[(8, 7), (9, 7), (10, 6), (10, 7), (10, 8), (11, 8)]
1614,2,6,8,7,[(8, 8), (9, 8), (10, 7), (10, 8), (10, 9), (11, 9)]
1615,2,6,8,8,[(8, 9), (9, 9), (10, 8), (10, 9), (10, 10), (11, 10)]
1616,2,6,8,9,[(8, 10), (9, 10), (10, 9), (10, 10), (10, 11), (11, 11)]
1617,2,7,0,0,[(0, 1), (1, 1), (1, 2), (1, 3), (2, 0), (2, 1)]
1618,2,7,0,1,[(0, 2), (1, 2), (1, 3), (1, 4), (2, 1), (2, 2)]
1619,2,7,0,2,[(0, 3), (1, 3), (1, 4), (1, 5), (2, 2), (2, 3)]
1620,2,7,0,3,[(0, 4), (1, 4), (1, 5), (1, 6), (2, 3), (2, 4)]
1621,2,7,0,4,[(0, 5), (1, 5), (1, 6), (1, 7), (2, 4), (2, 5)]
1622,2,7,0,5,[(0, 6), (1, 6), (1, 7), (1, 8), (2, 5), (2, 6)]
1623,2,7,0,6,[(0, 7), (1, 7), (1, 8), (1, 9), (2, 6), (2, 7)]
1624,2,7,0,7,[(0, 8), (1, 8), (1, 9), (1, 10), (2, 7), (2, 8)]
1625,2,7,0,8,[(0, 9), (1, 9), (1, 10), (1, 11), (2, 8), (2, 9)]
1626,2,7,1,0,[(1, 1), (2, 1), (2, 2), (2, 3), (3, 0), (3, 1)]
1627,2,7,1,1,[(1, 2), (2, 2), (2, 3), (2, 4), (3, 1), (3, 2)]
1628,2,7,1,2,[(1, 3), (2, 3), (2, 4), (2, 5), (3, 2), (3, 3)]
1629,2,7,1,3,[(1, 4), (2, 4), (2, 5), (2, 6), (3, 3), (3, 4)]
1630,2,7,1,4,[(1, 5), (2, 5), (2, 6), (2, 7), (3, 4), (3, 5)]
1631,2,7,1,5,[(1, 6), (2, 6), (2, 7), (2, 8), (3, 5), (3, 6)]
1632,2,7,1,6,[(1, 7), (2, 7), (2, 8), (2, 9), (3, 6), (3, 7)]
1633,2,7,1,7,[(1, 8), (2, 8), (2, 9), (2, 10), (3, 7), (3, 8)]
1634,2,7,1,8,[(1, 9), (2, 9), (2, 10), (2, 11), (3, 8), (3, 9)]
1635,2,7,2,0,[(2, 1), (3, 1), (3, 2), (3, 3), (4, 0), (4, 1)]
1636,2,7,2,1,[(2, 2), (3, 2), (3, 3), (3, 4), (4, 1), (4, 2)]
1637,2,7,2,2,[(2, 3), (3, 3), (3, 4), (3, 5), (4, 2), (4, 3)]
1638,2,7,2,3,[(2, 4), (3, 4), (3, 5), (3, 6), (4, 3), (4, 4)]
1639,2,7,2,4,[(2, 5), (3, 5), (3, 6), (3, 7), (4, 4), (4, 5)]
1640,2,7,2,5,[(2, 6), (3, 6), (3, 7), (3, 8), (4, 5), (4, 6)]
1641,2,7,2,6,[(2, 7), (3, 7), (3, 8), (3, 9), (4, 6), (4, 7)]
1642,2,7,2,7,[(2, 8), (3, 8), (3, 9), (3, 10), (4, 7), (4, 8)]
1643,2,7,2,8,[(2, 9), (3, 9), (3, 10), (3, 11), (4, 8), (4, 9)]
1644,2,7,3,0,[(3, 1), (4, 1), (4, 2), (4, 3), (5, 0), (5, 1)]
1645,2,7,3,1,[(3, 2), (4, 2), (4, 3), (4, 4), (5, 1), (5, 2)]
1646,2,7,3,2,[(3, 3), (4, 3), (4, 4), (4, 5), (5, 2), (5, 3)]
1647,2,7,3,3,[(3, 4), (4, 4), (4, 5), (4, 6), (5, 3), (5, 4)]
1648,2,7,3,4,[(3, 5), (4, 5), (4, 6), (4, 7), (5, 4), (5, 5)]
1649,2,7,3,5,[(3, 6), (4, 6), (4, 7), (4, 8), (5, 5), (5, 6)]
1650,2,7,3,6,[(3, 7), (4, 7), (4, 8), (4, 9), (5, 6), (5, 7)]
1651,2,7,3,7,[(3, 8), (4, 8), (4, 9), (4, 10), (5, 7), (5, 8)]
1652,2,7,3,8,[(3, 9), (4, 9), (4, 10), (4, 11), (5, 8), (5, 9)]
1653,2,7,4,0,[(4, 1), (5, 1), (5, 2), (5, 3), (6, 0), (6, 1)]
1654,2,7,4,1,[(4, 2), (5, 2), (5, 3), (5, 4), (6, 1), (6, 2)]
1655,2,7,4,2,[(4, 3), (5, 3), (5, 4), (5, 5), (6, 2), (6, 3)]
1656,2,7,4,3,[(4, 4), (5, 4), (5, 5), (5, 6), (6, 3), (6, 4)]
1657,2,7,4,4,[(4, 5), (5, 5), (5, 6), (5, 7), (6, 4), (6, 5)]
1658,2,7,4,5,[(4, 6), (5, 6), (5, 7), (5, 8), (6, 5), (6, 6)]
1659,2,7,4,6,[(4, 7), (5, 7), (5, 8), (5, 9), (6, 6), (6, 7)]
1660,2,7,4,7,[(4, 8), (5, 8), (5, 9), (5, 10), (6, 7), (6, 8)]
1661,2,7,4,8,[(4, 9), (5, 9), (5, 10), (5, 11), (6, 8), (6, 9)]
1662,2,7,5,0,[(5, 1), (6, 1), (6, 2), (6, 3), (7, 0), (7, 1)]
1663,2,7,5,1,[(5, 2), (6, 2), (6, 3), (6, 4), (7, 1), (7, 2)]
1664,2,7,5,2,[(5, 3), (6, 3), (6, 4), (6, 5), (7, 2), (7, 3)]
1665,2,7,5,3,[(5, 4), (6, 4), (6, 5), (6, 6), (7, 3), (7, 4)]
1666,2,7,5,4,[(5, 5), (6, 5), (6, 6), (6, 7), (7, 4), (7, 5)]
1667,2,7,5,5,[(5, 6), (6, 6), (6, 7), (6, 8), (7, 5), (7, 6)]
1668,2,7,5,6,[(5, 7), (6, 7), (6, 8), (6, 9), (7, 6), (7, 7)]
1669,2,7,5,7,[(5, 8), (6, 8), (6, 9), (6, 10), (7, 7), (7, 8)]
1670,2,7,5,8,[(5, 9), (6, 9), (6, 10), (6, 11), (7, 8), (7, 9)]
1671,2,7,6,0,[(6, 1), (7, 1), (7, 2), (7, 3), (8, 0), (8, 1)]
1672,2,7,6,1,[(6, 2), (7, 2), (7, 3), (7, 4), (8, 1), (8, 2)]
1673,2,7,6,2,[(6, 3), (7, 3), (7, 4), (7, 5), (8, 2), (8, 3)]
1674,2,7,6,3,[(6, 4), (7, 4), (7, 5), (7, 6), (8, 3), (8, 4)]
1675,2,7,6,4,[(6, 5), (7, 5), (7, 6), (7, 7), (8, 4), (8, 5)]
1676,2,7,6,5,[(6, 6), (7, 6), (7, 7), (7, 8), (8, 5), (8, 6)]
1677,2,7,6,6,[(6, 7), (7, 7), (7, 8), (7, 9), (8, 6), (8, 7)]
1678,2,7,6,7,[(6, 8), (7, 8), (7, 9), (7, 10), (8, 7), (8, 8)]
1679,2,7,6,8,[(6, 9), (7, 9), (7, 10), (7, 11), (8, 8), (8, 9)]
1680,2,7,7,0,[(7, 1), (8, 1), (8, 2), (8, 3), (9, 0), (9, 1)]
1681,2,7,7,1,[(7, 2), (8, 2), (8, 3), (8, 4), (9, 1), (9, 2)]
1682,2,7,7,2,[(7, 3), (8, 3), (8, 4), (8, 5), (9, 2), (9, 3)]
1683,2,7,7,3,[(7, 4), (8, 4), (8, 5), (8, 6), (9, 3), (9, 4)]
1684,2,7,7,4,[(7, 5), (8, 5), (8, 6), (8, 7), (9, 4), (9, 5)]
1685,2,7,7,5,[(7, 6), (8, 6), (8, 7), (8, 8), (9, 5), (9, 6)]
1686,2,7,7,6,[(7, 7), (8, 7), (8, 8), (8, 9), (9, 6), (9, 7)]
1687,2,7,7,7,[(7, 8), (8, 8), (8, 9), (8, 10), (9, 7), (9, 8)]
1688,2,7,7,8,[(7, 9), (8, 9), (8, 10), (8, 11), (9, 8), (9, 9)]
1689,2,7,8,0,[(8, 1), (9, 1), (9, 2), (9, 3), (10, 0), (10, 1)]
1690,2,7,8,1,[(8, 2), (9, 2), (9, 3), (9, 4), (10, 1), (10, 2)]
1691,2,7,8,2,[(8, 3), (9, 3), (9, 4), (9, 5), (10, 2), (10, 3)]
1692,2,7,8,3,[(8, 4), (9, 4), (9, 5), (9, 6), (10, 3), (10, 4)]
1693,2,7,8,4,[(8, 5), (9, 5), (9, 6), (9, 7), (10, 4), (10, 5)]
1694,2,7,8,5,[(8, 6), (9, 6), (9, 7), (9, 8), (10, 5), (10, 6)]
1695,2,7,8,6,[(8, 7), (9, 7), (9, 8), (9, 9), (10, 6), (10, 7)]
1696,2,7,8,7,[(8, 8), (9, 8), (9, 9), (9, 10), (10, 7), (10, 8)]
1697,2,7,8,8,[(8, 9), (9, 9), (9, 10), (9, 11), (10, 8), (10, 9)]
1698,2,7,9,0,[(9, 1), (10, 1), (10, 2), (10, 3), (11, 0), (11, 1)]
1699,2,7,9,1,[(9, 2), (10, 2), (10, 3), (10, 4), (11, 1), (11, 2)]
1700,2,7,9,2,[(9, 3), (10, 3), (10, 4), (10, 5), (11, 2), (11, 3)]
1701,2,7,9,3,[(9, 4), (10, 4), (10, 5), (10, 6), (11, 3), (11, 4)]
1702,2,7,9,4,[(9, 5), (10, 5), (10, 6), (10, 7), (11, 4), (11, 5)]
1703,2,7,9,5,[(9, 6), (10, 6), (10, 7), (10, 8), (11, 5), (11, 6)]
1704,2,7,9,6,[(9, 7), (10, 7), (10, 8), (10, 9), (11, 6), (11, 7)]
1705,2,7,9,7,[(9, 8), (10, 8), (10, 9), (10, 10), (11, 7), (11, 8)]
1706,2,7,9,8,[(9, 9), (10, 9), (10, 10), (10, 11), (11, 8), (11, 9)]
1707,3,0,0,0,[(0, 0), (0, 1), (0, 2), (1, 1), (2, 1), (3, 1)]
1708,3,0,0,1,[(0, 1), (0, 2), (0, 3), (1, 2), (2, 2), (3, 2)]
1709,3,0,0,2,[(0, 2), (0, 3), (0, 4), (1, 3), (2, 3), (3, 3)]
1710,3,0,0,3,[(0, 3), (0, 4), (0, 5), (1, 4), (2, 4), (3, 4)]
1711,3,0,0,4,[(0, 4), (0, 5), (0, 6), (1, 5), (2, 5), (3, 5)]
1712,3,0,0,5,[(0, 5), (0, 6), (0, 7), (1, 6), (2, 6), (3, 6)]
1713,3,0,0,6,[(0, 6), (0, 7), (0, 8), (1, 7), (2, 7), (3, 7)]
1714,3,0,0,7,[(0, 7), (0, 8), (0, 9), (1, 8), (2, 8), (3, 8)]
1715,3,0,0,8,[(0, 8), (0, 9), (0, 10), (1, 9), (2, 9), (3, 9)]
1716,3,0,0,9,[(0, 9), (0, 10), (0, 11), (1, 10), (2, 10), (3, 10)]
1717,3,0,1,0,[(1, 0), (1, 1), (1, 2), (2, 1), (3, 1), (4, 1)]
1718,3,0,1,1,[(1, 1), (1, 2), (1, 3), (2, 2), (3, 2), (4, 2)]
1719,3,0,1,2,[(1, 2), (1, 3), (1, 4), (2, 3), (3, 3), (4, 3)]
1720,3,0,1,3,[(1, 3), (1, 4), (1, 5), (2, 4), (3, 4), (4, 4)]
1721,3,0,1,4,[(1, 4), (1, 5), (1, 6), (2, 5), (3, 5), (4, 5)]
1722,3,0,1,5,[(1, 5), (1, 6), (1, 7), (2, 6), (3, 6), (4, 6)]
1723,3,0,1,6,[(1, 6), (1, 7), (1, 8), (2, 7), (3, 7), (4, 7)]
1724,3,0,1,7,[(1, 7), (1, 8), (1, 9), (2, 8), (3, 8), (4, 8)]
1725,3,0,1,8,[(1, 8), (1, 9), (1, 10), (2, 9), (3, 9), (4, 9)]
1726,3,0,1,9,[(1, 9), (1, 10), (1, 11), (2, 10), (3, 10), (4, 10)]
1727,3,0,2,0,[(2, 0), (2, 1), (2, 2), (3, 1), (4, 1), (5, 1)]
1728,3,0,2,1,[(2, 1), (2, 2), (2, 3), (3, 2), (4, 2), (5, 2)]
1729,3,0,2,2,[(2, 2), (2, 3), (2, 4), (3, 3), (4, 3), (5, 3)]
1730,3,0,2,3,[(2, 3), (2, 4), (2, 5), (3, 4), (4, 4), (5, 4)]
1731,3,0,2,4,[(2, 4), (2, 5), (2, 6), (3, 5), (4, 5), (5, 5)]
1732,3,0,2,5,[(2, 5), (2, 6), (2, 7), (3, 6), (4, 6), (5, 6)]
1733,3,0,2,6,[(2, 6), (2, 7), (2, 8), (3, 7), (4, 7), (5, 7)]
1734,3,0,2,7,[(2, 7), (2, 8), (2, 9), (3, 8), (4, 8), (5, 8)]
1735,3,0,2,8,[(2, 8), (2, 9), (2, 10), (3, 9), (4, 9), (5, 9)]
1736,3,0,2,9,[(2, 9), (2, 10), (2, 11), (3, 10), (4, 10), (5, 10)]
1737,3,0,3,0,[(3, 0), (3, 1), (3, 2), (4, 1), (5, 1), (6, 1)]
1738,3,0,3,1,[(3, 1), (3, 2), (3, 3), (4, 2), (5, 2), (6, 2)]
1739,3,0,3,2,[(3, 2), (3, 3), (3, 4), (4, 3), (5, 3), (6, 3)]
1740,3,0,3,3,[(3, 3), (3, 4), (3, 5), (4, 4), (5, 4), (6, 4)]
1741,3,0,3,4,[(3, 4), (3, 5), (3, 6), (4, 5), (5, 5), (6, 5)]
1742,3,0,3,5,[(3, 5), (3, 6), (3, 7), (4, 6), (5, 6), (6, 6)]
1743,3,0,3,6,[(3, 6), (3, 7), (3, 8), (4, 7), (5, 7), (6, 7)]
1744,3,0,3,7,[(3, 7), (3, 8), (3, 9), (4, 8), (5, 8), (6, 8)]
1745,3,0,3,8,[(3, 8), (3, 9), (3, 10), (4, 9), (5, 9), (6, 9)]
1746,3,0,3,9,[(3, 9), (3, 10), (3, 11), (4, 10), (5, 10), (6, 10)]
1747,3,0,4,0,[(4, 0), (4, 1), (4, 2), (5, 1), (6, 1), (7, 1)]
1748,3,0,4,1,[(4, 1), (4, 2), (4, 3), (5, 2), (6, 2), (7, 2)]
1749,3,0,4,2,[(4, 2), (4, 3), (4, 4), (5, 3), (6, 3), (7, 3)]
1750,3,0,4,3,[(4, 3), (4, 4), (4, 5), (5, 4), (6, 4), (7, 4)]
1751,3,0,4,4,[(4, 4), (4, 5), (4, 6), (5, 5), (6, 5), (7, 5)]
1752,3,0,4,5,[(4, 5), (4, 6), (4, 7), (5, 6), (6, 6), (7, 6)]
1753,3,0,4,6,[(4, 6), (4, 7), (4, 8), (5, 7), (6, 7), (7, 7)]
1754,3,0,4,7,[(4, 7), (4, 8), (4, 9), (5, 8), (6, 8), (7, 8)]
1755,3,0,4,8,[(4, 8), (4, 9), (4, 10), (5, 9), (6, 9), (7, 9)]
1756,3,0,4,9,[(4, 9), (4, 10), (4, 11), (5, 10), (6, 10), (7, 10)]
1757,3,0,5,0,[(5, 0), (5, 1), (5, 2), (6, 1), (7, 1), (8, 1)]
1758,3,0,5,1,[(5, 1), (5, 2), (5, 3), (6, 2), (7, 2), (8, 2)]
1759,3,0,5,2,[(5, 2), (5, 3), (5, 4), (6, 3), (7, 3), (8, 3)]
1760,3,0,5,3,[(5, 3), (5, 4), (5, 5), (6, 4), (7, 4), (8, 4)]
1761,3,0,5,4,[(5, 4), (5, 5), (5, 6), (6, 5), (7, 5), (8, 5)]
1762,3,0,5,5,[(5, 5), (5, 6), (5, 7), (6, 6), (7, 6), (8, 6)]
1763,3,0,5,6,[(5, 6), (5, 7), (5, 8), (6, 7), (7, 7), (8, 7)]
1764,3,0,5,7,[(5, 7), (5, 8), (5, 9), (6, 8), (7, 8), (8, 8)]
1765,3,0,5,8,[(5, 8), (5, 9), (5, 10), (6, 9), (7, 9), (8, 9)]
1766,3,0,5,9,[(5, 9), (5, 10), (5, 11), (6, 10), (7, 10), (8, 10)]
1767,3,0,6,0,[(6, 0), (6, 1), (6, 2), (7, 1), (8, 1), (9, 1)]
1768,3,0,6,1,[(6, 1), (6, 2), (6, 3), (7, 2), (8, 2), (9, 2)]
1769,3,0,6,2,[(6, 2), (6, 3), (6, 4), (7, 3), (8, 3), (9, 3)]
1770,3,0,6,3,[(6, 3), (6, 4), (6, 5), (7, 4), (8, 4), (9, 4)]
1771,3,0,6,4,[(6, 4), (6, 5), (6, 6), (7, 5), (8, 5), (9, 5)]
1772,3,0,6,5,[(6, 5), (6, 6), (6, 7), (7, 6), (8, 6), (9, 6)]
1773,3,0,6,6,[(6, 6), (6, 7), (6, 8), (7, 7), (8, 7), (9, 7)]
1774,3,0,6,7,[(6, 7), (6, 8), (6, 9), (7, 8), (8, 8), (9, 8)]
1775,3,0,6,8,[(6, 8), (6, 9), (6, 10), (7, 9), (8, 9), (9, 9)]
1776,3,0,6,9,[(6, 9), (6, 10), (6, 11), (7, 10), (8, 10), (9, 10)]
1777,3,0,7,0,[(7, 0), (7, 1), (7, 2), (8, 1), (9, 1), (10, 1)]
1778,3,0,7,1,[(7, 1), (7, 2), (7, 3), (8, 2), (9, 2), (10, 2)]
1779,3,0,7,2,[(7, 2), (7, 3), (7, 4), (8, 3), (9, 3), (10, 3)]
1780,3,0,7,3,[(7, 3), (7, 4), (7, 5), (8, 4), (9, 4), (10, 4)]
1781,3,0,7,4,[(7, 4), (7, 5), (7, 6), (8, 5), (9, 5), (10, 5)]
1782,3,0,7,5,[(7, 5), (7, 6), (7, 7), (8, 6), (9, 6), (10, 6)]
1783,3,0,7,6,[(7, 6), (7, 7), (7, 8), (8, 7), (9, 7), (10, 7)]
1784,3,0,7,7,[(7, 7), (7, 8), (7, 9), (8, 8), (9, 8), (10, 8)]
1785,3,0,7,8,[(7, 8), (7, 9), (7, 10), (8, 9), (9, 9), (10, 9)]
1786,3,0,7,9,[(7, 9), (7, 10), (7, 11), (8, 10), (9, 10), (10, 10)]
1787,3,0,8,0,[(8, 0), (8, 1), (8, 2), (9, 1), (10, 1), (11, 1)]
1788,3,0,8,1,[(8, 1), (8, 2), (8, 3), (9, 2), (10, 2), (11, 2)]
1789,3,0,8,2,[(8, 2), (8, 3), (8, 4), (9, 3), (10, 3), (11, 3)]
1790,3,0,8,3,[(8, 3), (8, 4), (8, 5), (9, 4), (10, 4), (11, 4)]
1791,3,0,8,4,[(8, 4), (8, 5), (8, 6), (9, 5), (10, 5), (11, 5)]
1792,3,0,8,5,[(8, 5), (8, 6), (8, 7), (9, 6), (10, 6), (11, 6)]
1793,3,0,8,6,[(8, 6), (8, 7), (8, 8), (9, 7), (10, 7), (11, 7)]
1794,3,0,8,7,[(8, 7), (8, 8), (8, 9), (9, 8), (10, 8), (11, 8)]
1795,3,0,8,8,[(8, 8), (8, 9), (8, 10), (9, 9), (10, 9), (11, 9)]
1796,3,0,8,9,[(8, 9), (8, 10), (8, 11), (9, 10), (10, 10), (11, 10)]
1797,3,1,0,0,[(0, 1), (1, 1), (2, 1), (3, 0), (3, 1), (3, 2)]
1798,3,1,0,1,[(0, 2), (1, 2), (2, 2), (3, 1), (3, 2), (3, 3)]
1799,3,1,0,2,[(0, 3), (1, 3), (2, 3), (3, 2), (3, 3), (3, 4)]
1800,3,1,0,3,[(0, 4), (1, 4), (2, 4), (3, 3), (3, 4), (3, 5)]
1801,3,1,0,4,[(0, 5), (1, 5), (2, 5), (3, 4), (3, 5), (3, 6)]
1802,3,1,0,5,[(0, 6), (1, 6), (2, 6), (3, 5), (3, 6), (3, 7)]
1803,3,1,0,6,[(0, 7), (1, 7), (2, 7), (3, 6), (3, 7), (3, 8)]
1804,3,1,0,7,[(0, 8), (1, 8), (2, 8), (3, 7), (3, 8), (3, 9)]
1805,3,1,0,8,[(0, 9), (1, 9), (2, 9), (3, 8), (3, 9), (3, 10)]
1806,3,1,0,9,[(0, 10), (1, 10), (2, 10), (3, 9), (3, 10), (3, 11)]
1807,3,1,1,0,[(1, 1), (2, 1), (3, 1), (4, 0), (4, 1), (4, 2)]
1808,3,1,1,1,[(1, 2), (2, 2), (3, 2), (4, 1), (4, 2), (4, 3)]
1809,3,1,1,2,[(1, 3), (2, 3), (3, 3), (4, 2), (4, 3), (4, 4)]
1810,3,1,1,3,[(1, 4), (2, 4), (3, 4), (4, 3), (4, 4), (4, 5)]
1811,3,1,1,4,[(1, 5), (2, 5), (3, 5), (4, 4), (4, 5), (4, 6)]
1812,3,1,1,5,[(1, 6), (2, 6), (3, 6), (4, 5), (4, 6), (4, 7)]
1813,3,1,1,6,[(1, 7), (2, 7), (3, 7), (4, 6), (4, 7), (4, 8)]
1814,3,1,1,7,[(1, 8), (2, 8), (3, 8), (4, 7), (4, 8), (4, 9)]
1815,3,1,1,8,[(1, 9), (2, 9), (3, 9), (4, 8), (4, 9), (4, 10)]
1816,3,1,1,9,[(1, 10), (2, 10), (3, 10), (4, 9), (4, 10), (4, 11)]
1817,3,1,2,0,[(2, 1), (3, 1), (4, 1), (5, 0), (5, 1), (5, 2)]
1818,3,1,2,1,[(2, 2), (3, 2), (4, 2), (5, 1), (5, 2), (5, 3)]
1819,3,1,2,2,[(2, 3), (3, 3), (4, 3), (5, 2), (5, 3), (5, 4)]
1820,3,1,2,3,[(2, 4), (3, 4), (4, 4), (5, 3), (5, 4), (5, 5)]
1821,3,1,2,4,[(2, 5), (3, 5), (4, 5), (5, 4), (5, 5), (5, 6)]
1822,3,1,2,5,[(2, 6), (3, 6), (4, 6), (5, 5), (5, 6), (5, 7)]
1823,3,1,2,6,[(2, 7), (3, 7), (4, 7), (5, 6), (5, 7), (5, 8)]
1824,3,1,2,7,[(2, 8), (3, 8), (4, 8), (5, 7), (5, 8), (5, 9)]
1825,3,1,2,8,[(2, 9), (3, 9), (4, 9), (5, 8), (5, 9), (5, 10)]
1826,3,1,2,9,[(2, 10), (3, 10), (4, 10), (5, 9), (5, 10), (5, 11)]
1827,3,1,3,0,[(3, 1), (4, 1), (5, 1), (6, 0), (6, 1), (6, 2)]
1828,3,1,3,1,[(3, 2), (4, 2), (5, 2), (6, 1), (6, 2), (6, 3)]
1829,3,1,3,2,[(3, 3), (4, 3), (5, 3), (6, 2), (6, 3), (6, 4)]
1830,3,1,3,3,[(3, 4), (4, 4), (5, 4), (6, 3), (6, 4), (6, 5)]
1831,3,1,3,4,[(3, 5), (4, 5), (5, 5), (6, 4), (6, 5), (6, 6)]
1832,3,1,3,5,[(3, 6), (4, 6), (5, 6), (6, 5), (6, 6), (6, 7)]
1833,3,1,3,6,[(3, 7), (4, 7), (5, 7), (6, 6), (6, 7), (6, 8)]
1834,3,1,3,7,[(3, 8), (4, 8), (5, 8), (6, 7), (6, 8), (6, 9)]
1835,3,1,3,8,[(3, 9), (4, 9), (5, 9), (6, 8), (6, 9), (6, 10)]
1836,3,1,3,9,[(3, 10), (4, 10), (5, 10), (6, 9), (6, 10), (6, 11)]
1837,3,1,4,0,[(4, 1), (5, 1), (6, 1), (7, 0), (7, 1), (7, 2)]
1838,3,1,4,1,[(4, 2), (5, 2), (6, 2), (7, 1), (7, 2), (7, 3)]
1839,3,1,4,2,[(4, 3), (5, 3), (6, 3), (7, 2), (7, 3), (7, 4)]
1840,3,1,4,3,[(4, 4), (5, 4), (6, 4), (7, 3), (7, 4), (7, 5)]
1841,3,1,4,4,[(4, 5), (5, 5), (6, 5), (7, 4), (7, 5), (7, 6)]
1842,3,1,4,5,[(4, 6), (5, 6), (6, 6), (7, 5), (7, 6), (7, 7)]
1843,3,1,4,6,[(4, 7), (5, 7), (6, 7), (7, 6), (7, 7), (7, 8)]
1844,3,1,4,7,[(4, 8), (5, 8), (6, 8), (7, 7), (7, 8), (7, 9)]
1845,3,1,4,8,[(4, 9), (5, 9), (6, 9), (7, 8), (7, 9), (7, 10)]
1846,3,1,4,9,[(4, 10), (5, 10), (6, 10), (7, 9), (7, 10), (7, 11)]
1847,3,1,5,0,[(5, 1), (6, 1), (7, 1), (8, 0), (8, 1), (8, 2)]
1848,3,1,5,1,[(5, 2), (6, 2), (7, 2), (8, 1), (8, 2), (8, 3)]
1849,3,1,5,2,[(5, 3), (6, 3), (7, 3), (8, 2), (8, 3), (8, 4)]
1850,3,1,5,3,[(5, 4), (6, 4), (7, 4), (8, 3), (8, 4), (8, 5)]
1851,3,1,5,4,[(5, 5), (6, 5), (7, 5), (8, 4), (8, 5), (8, 6)]
1852,3,1,5,5,[(5, 6), (6, 6), (7, 6), (8, 5), (8, 6), (8, 7)]
1853,3,1,5,6,[(5, 7), (6, 7), (7, 7), (8, 6), (8, 7), (8, 8)]
1854,3,1,5,7,[(5, 8), (6, 8), (7, 8), (8, 7), (8, 8), (8, 9)]
1855,3,1,5,8,[(5, 9), (6, 9), (7, 9), (8, 8), (8, 9), (8, 10)]
1856,3,1,5,9,[(5, 10), (6, 10), (7, 10), (8, 9), (8, 10), (8, 11)]
1857,3,1,6,0,[(6, 1), (7, 1), (8, 1), (9, 0), (9, 1), (9, 2)]
1858,3,1,6,1,[(6, 2), (7, 2), (8, 2), (9, 1), (9, 2), (9, 3)]
1859,3,1,6,2,[(6, 3), (7, 3), (8, 3), (9, 2), (9, 3), (9, 4)]
1860,3,1,6,3,[(6, 4), (7, 4), (8, 4), (9, 3), (9, 4), (9, 5)]
1861,3,1,6,4,[(6, 5), (7, 5), (8, 5), (9, 4), (9, 5), (9, 6)]
1862,3,1,6,5,[(6, 6), (7, 6), (8, 6), (9, 5), (9, 6), (9, 7)]
1863,3,1,6,6,[(6, 7), (7, 7), (8, 7), (9, 6), (9, 7), (9, 8)]
1864,3,1,6,7,[(6, 8), (7, 8), (8, 8), (9, 7), (9, 8), (9, 9)]
1865,3,1,6,8,[(6, 9), (7, 9), (8, 9), (9, 8), (9, 9), (9, 10)]
1866,3,1,6,9,[(6, 10), (7, 10), (8, 10), (9, 9), (9, 10), (9, 11)]
1867,3,1,7,0,[(7, 1), (8, 1), (9, 1), (10, 0), (10, 1), (10, 2)]
1868,3,1,7,1,[(7, 2), (8, 2), (9, 2), (10, 1), (10, 2), (10, 3)]
1869,3,1,7,2,[(7, 3), (8, 3), (9, 3), (10, 2), (10, 3), (10, 4)]
1870,3,1,7,3,[(7, 4), (8, 4), (9, 4), (10, 3), (10, 4), (10, 5)]
1871,3,1,7,4,[(7, 5), (8, 5), (9, 5), (10, 4), (10, 5), (10, 6)]
1872,3,1,7,5,[(7, 6), (8, 6), (9, 6), (10, 5), (10, 6), (10, 7)]
1873,3,1,7,6,[(7, 7), (8, 7), (9, 7), (10, 6), (10, 7), (10, 8)]
1874,3,1,7,7,[(7, 8), (8, 8), (9, 8), (10, 7), (10, 8), (10, 9)]
1875,3,1,7,8,[(7, 9), (8, 9), (9, 9), (10, 8), (10, 9), (10, 10)]
1876,3,1,7,9,[(7, 10), (8, 10), (9, 10), (10, 9), (10, 10), (10, 11)]
1877,3,1,8,0,[(8, 1), (9, 1), (10, 1), (11, 0), (11, 1), (11, 2)]
1878,3,1,8,1,[(8, 2), (9, 2), (10, 2), (11, 1), (11, 2), (11, 3)]
1879,3,1,8,2,[(8, 3), (9, 3), (10, 3), (11, 2), (11, 3), (11, 4)]
1880,3,1,8,3,[(8, 4), (9, 4), (10, 4), (11, 3), (11, 4), (11, 5)]
1881,3,1,8,4,[(8, 5), (9, 5), (10, 5), (11, 4), (11, 5), (11, 6)]
1882,3,1,8,5,[(8, 6), (9, 6), (10, 6), (11, 5), (11, 6), (11, 7)]
1883,3,1,8,6,[(8, 7), (9, 7), (10, 7), (11, 6), (11, 7), (11, 8)]
1884,3,1,8,7,[(8, 8), (9, 8), (10, 8), (11, 7), (11, 8), (11, 9)]
1885,3,1,8,8,[(8, 9), (9, 9), (10, 9), (11, 8), (11, 9), (11, 10)]
1886,3,1,8,9,[(8, 10), (9, 10), (10, 10), (11, 9), (11, 10), (11, 11)]
1887,3,2,0,0,[(0, 3), (1, 0), (1, 1), (1, 2), (1, 3), (2, 3)]
1888,3,2,0,1,[(0, 4), (1, 1), (1, 2), (1, 3), (1, 4), (2, 4)]
1889,3,2,0,2,[(0, 5), (1, 2), (1, 3), (1, 4), (1, 5), (2, 5)]
1890,3,2,0,3,[(0, 6), (1, 3), (1, 4), (1, 5), (1, 6), (2, 6)]
1891,3,2,0,4,[(0, 7), (1, 4), (1, 5), (1, 6), (1, 7), (2, 7)]
1892,3,2,0,5,[(0, 8), (1, 5), (1, 6), (1, 7), (1, 8), (2, 8)]
1893,3,2,0,6,[(0, 9), (1, 6), (1, 7), (1, 8), (1, 9), (2, 9)]
1894,3,2,0,7,[(0, 10), (1, 7), (1, 8), (1, 9), (1, 10), (2, 10)]
1895,3,2,0,8,[(0, 11), (1, 8), (1, 9), (1, 10), (1, 11), (2, 11)]
1896,3,2,1,0,[(1, 3), (2, 0), (2, 1), (2, 2), (2, 3), (3, 3)]
1897,3,2,1,1,[(1, 4), (2, 1), (2, 2), (2, 3), (2, 4), (3, 4)]
1898,3,2,1,2,[(1, 5), (2, 2), (2, 3), (2, 4), (2, 5), (3, 5)]
1899,3,2,1,3,[(1, 6), (2, 3), (2, 4), (2, 5), (2, 6), (3, 6)]
1900,3,2,1,4,[(1, 7), (2, 4), (2, 5), (2, 6), (2, 7), (3, 7)]
1901,3,2,1,5,[(1, 8), (2, 5), (2, 6), (2, 7), (2, 8), (3, 8)]
1902,3,2,1,6,[(1, 9), (2, 6), (2, 7), (2, 8), (2, 9), (3, 9)]
1903,3,2,1,7,[(1, 10), (2, 7), (2, 8), (2, 9), (2, 10), (3, 10)]
1904,3,2,1,8,[(1, 11), (2, 8), (2, 9), (2, 10), (2, 11), (3, 11)]
1905,3,2,2,0,[(2, 3), (3, 0), (3, 1), (3, 2), (3, 3), (4, 3)]
1906,3,2,2,1,[(2, 4), (3, 1), (3, 2), (3, 3), (3, 4), (4, 4)]
1907,3,2,2,2,[(2, 5), (3, 2), (3, 3), (3, 4), (3, 5), (4, 5)]
1908,3,2,2,3,[(2, 6), (3, 3), (3, 4), (3, 5), (3, 6), (4, 6)]
1909,3,2,2,4,[(2, 7), (3, 4), (3, 5), (3, 6), (3, 7), (4, 7)]
1910,3,2,2,5,[(2, 8), (3, 5), (3, 6), (3, 7), (3, 8), (4, 8)]
1911,3,2,2,6,[(2, 9), (3, 6), (3, 7), (3, 8), (3, 9), (4, 9)]
1912,3,2,2,7,[(2, 10), (3, 7), (3, 8), (3, 9), (3, 10), (4, 10)]
1913,3,2,2,8,[(2, 11), (3, 8), (3, 9), (3, 10), (3, 11), (4, 11)]
1914,3,2,3,0,[(3, 3), (4, 0), (4, 1), (4, 2), (4, 3), (5, 3)]
1915,3,2,3,1,[(3, 4), (4, 1), (4, 2), (4, 3), (4, 4), (5, 4)]
1916,3,2,3,2,[(3, 5), (4, 2), (4, 3), (4, 4), (4, 5), (5, 5)]
1917,3,2,3,3,[(3, 6), (4, 3), (4, 4), (4, 5), (4, 6), (5, 6)]
1918,3,2,3,4,[(3, 7), (4, 4), (4, 5), (4, 6), (4, 7), (5, 7)]
1919,3,2,3,5,[(3, 8), (4, 5), (4, 6), (4, 7), (4, 8), (5, 8)]
1920,3,2,3,6,[(3, 9), (4, 6), (4, 7), (4, 8), (4, 9), (5, 9)]
1921,3,2,3,7,[(3, 10), (4, 7), (4, 8), (4, 9), (4, 10), (5, 10)]
1922,3,2,3,8,[(3, 11), (4, 8), (4, 9), (4, 10), (4, 11), (5, 11)]
1923,3,2,4,0,[(4, 3), (5, 0), (5, 1), (5, 2), (5, 3), (6, 3)]
1924,3,2,4,1,[(4, 4), (5, 1), (5, 2), (5, 3), (5, 4), (6, 4)]
1925,3,2,4,2,[(4, 5), (5, 2), (5, 3), (5, 4), (5, 5), (6, 5)]
1926,3,2,4,3,[(4, 6), (5, 3), (5, 4), (5, 5), (5, 6), (6, 6)]
1927,3,2,4,4,[(4, 7), (5, 4), (5, 5), (5, 6), (5, 7), (6, 7)]
1928,3,2,4,5,[(4, 8), (5, 5), (5, 6), (5, 7), (5, 8), (6, 8)]
1929,3,2,4,6,[(4, 9), (5, 6), (5, 7), (5, 8), (5, 9), (6, 9)]
1930,3,2,4,7,[(4, 10), (5, 7), (5, 8), (5, 9), (5, 10), (6, 10)]
1931,3,2,4,8,[(4, 11), (5, 8), (5, 9), (5, 10), (5, 11), (6, 11)]
1932,3,2,5,0,[(5, 3), (6, 0), (6, 1), (6, 2), (6, 3), (7, 3)]
1933,3,2,5,1,[(5, 4), (6, 1), (6, 2), (6, 3), (6, 4), (7, 4)]
1934,3,2,5,2,[(5, 5), (6, 2), (6, 3), (6, 4), (6, 5), (7, 5)]
1935,3,2,5,3,[(5, 6), (6, 3), (6, 4), (6, 5), (6, 6), (7, 6)]
1936,3,2,5,4,[(5, 7), (6, 4), (6, 5), (6, 6), (6, 7), (7, 7)]
1937,3,2,5,5,[(5, 8), (6, 5), (6, 6), (6, 7), (6, 8), (7, 8)]
1938,3,2,5,6,[(5, 9), (6, 6), (6, 7), (6, 8), (6, 9), (7, 9)]
1939,3,2,5,7,[(5, 10), (6, 7), (6, 8), (6, 9), (6, 10), (7, 10)]
1940,3,2,5,8,[(5, 11), (6, 8), (6, 9), (6, 10), (6, 11), (7, 11)]
1941,3,2,6,0,[(6, 3), (7, 0), (7, 1), (7, 2), (7, 3), (8, 3)]
1942,3,2,6,1,[(6, 4), (7, 1), (7, 2), (7, 3), (7, 4), (8, 4)]
1943,3,2,6,2,[(6, 5), (7, 2), (7, 3), (7, 4), (7, 5), (8, 5)]
1944,3,2,6,3,[(6, 6), (7, 3), (7, 4), (7, 5), (7, 6), (8, 6)]
1945,3,2,6,4,[(6, 7), (7, 4), (7, 5), (7, 6), (7, 7), (8, 7)]
1946,3,2,6,5,[(6, 8), (7, 5), (7, 6), (7, 7), (7, 8), (8, 8)]
1947,3,2,6,6,[(6, 9), (7, 6), (7, 7), (7, 8), (7, 9), (8, 9)]
1948,3,2,6,7,[(6, 10), (7, 7), (7, 8), (7, 9), (7, 10), (8, 10)]
1949,3,2,6,8,[(6, 11), (7, 8), (7, 9), (7, 10), (7, 11), (8, 11)]
1950,3,2,7,0,[(7, 3), (8, 0), (8, 1), (8, 2), (8, 3), (9, 3)]
1951,3,2,7,1,[(7, 4), (8, 1), (8, 2), (8, 3), (8, 4), (9, 4)]
1952,3,2,7,2,[(7, 5), (8, 2), (8, 3), (8, 4), (8, 5), (9, 5)]
1953,3,2,7,3,[(7, 6), (8, 3), (8, 4), (8, 5), (8, 6), (9, 6)]
1954,3,2,7,4,[(7, 7), (8, 4), (8, 5), (8, 6), (8, 7), (9, 7)]
1955,3,2,7,5,[(7, 8), (8, 5), (8, 6), (8, 7), (8, 8), (9, 8)]
1956,3,2,7,6,[(7, 9), (8, 6), (8, 7), (8, 8), (8, 9), (9, 9)]
1957,3,2,7,7,[(7, 10), (8, 7), (8, 8), (8, 9), (8, 10), (9, 10)]
1958,3,2,7,8,[(7, 11), (8, 8), (8, 9), (8, 10), (8, 11), (9, 11)]
1959,3,2,8,0,[(8, 3), (9, 0), (9, 1), (9, 2), (9, 3), (10, 3)]
1960,3,2,8,1,[(8, 4), (9, 1), (9, 2), (9, 3), (9, 4), (10, 4)]
1961,3,2,8,2,[(8, 5), (9, 2), (9, 3), (9, 4), (9, 5), (10, 5)]
1962,3,2,8,3,[(8, 6), (9, 3), (9, 4), (9, 5), (9, 6), (10, 6)]
1963,3,2,8,4,[(8, 7), (9, 4), (9, 5), (9, 6), (9, 7), (10, 7)]
1964,3,2,8,5,[(8, 8), (9, 5), (9, 6), (9, 7), (9, 8), (10, 8)]
1965,3,2,8,6,[(8, 9), (9, 6), (9, 7), (9, 8), (9, 9), (10, 9)]
1966,3,2,8,7,[(8, 10), (9, 7), (9, 8), (9, 9), (9, 10), (10, 10)]
1967,3,2,8,8,[(8, 11), (9, 8), (9, 9), (9, 10), (9, 11), (10, 11)]
1968,3,2,9,0,[(9, 3), (10, 0), (10, 1), (10, 2), (10, 3), (11, 3)]
1969,3,2,9,1,[(9, 4), (10, 1), (10, 2), (10, 3), (10, 4), (11, 4)]
1970,3,2,9,2,[(9, 5), (10, 2), (10, 3), (10, 4), (10, 5), (11, 5)]
1971,3,2,9,3,[(9, 6), (10, 3), (10, 4), (10, 5), (10, 6), (11, 6)]
1972,3,2,9,4,[(9, 7), (10, 4), (10, 5), (10, 6), (10, 7), (11, 7)]
1973,3,2,9,5,[(9, 8), (10, 5), (10, 6), (10, 7), (10, 8), (11, 8)]
1974,3,2,9,6,[(9, 9), (10, 6), (10, 7), (10, 8), (10, 9), (11, 9)]
1975,3,2,9,7,[(9, 10), (10, 7), (10, 8), (10, 9), (10, 10), (11, 10)]
1976,3,2,9,8,[(9, 11), (10, 8), (10, 9), (10, 10), (10, 11), (11, 11)]
1977,3,3,0,0,[(0, 0), (1, 0), (1, 1), (1, 2), (1, 3), (2, 0)]
1978,3,3,0,1,[(0, 1), (1, 1), (1, 2), (1, 3), (1, 4), (2, 1)]
1979,3,3,0,2,[(0, 2), (1, 2), (1, 3), (1, 4), (1, 5), (2, 2)]
1980,3,3,0,3,[(0, 3), (1, 3), (1, 4), (1, 5), (1, 6), (2, 3)]
1981,3,3,0,4,[(0, 4), (1, 4), (1, 5), (1, 6), (1, 7), (2, 4)]
1982,3,3,0,5,[(0, 5), (1, 5), (1, 6), (1, 7), (1, 8), (2, 5)]
1983,3,3,0,6,[(0, 6), (1, 6), (1, 7), (1, 8), (1, 9), (2, 6)]
1984,3,3,0,7,[(0, 7), (1, 7), (1, 8), (1, 9), (1, 10), (2, 7)]
1985,3,3,0,8,[(0, 8), (1, 8), (1, 9), (1, 10), (1, 11), (2, 8)]
1986,3,3,1,0,[(1, 0), (2, 0), (2, 1), (2, 2), (2, 3), (3, 0)]
1987,3,3,1,1,[(1, 1), (2, 1), (2, 2), (2, 3), (2, 4), (3, 1)]
1988,3,3,1,2,[(1, 2), (2, 2), (2, 3), (2, 4), (2, 5), (3, 2)]
1989,3,3,1,3,[(1, 3), (2, 3), (2, 4), (2, 5), (2, 6), (3, 3)]
1990,3,3,1,4,[(1, 4), (2, 4), (2, 5), (2, 6), (2, 7), (3, 4)]
1991,3,3,1,5,[(1, 5), (2, 5), (2, 6), (2, 7), (2, 8), (3, 5)]
1992,3,3,1,6,[(1, 6), (2, 6), (2, 7), (2, 8), (2, 9), (3, 6)]
1993,3,3,1,7,[(1, 7), (2, 7), (2, 8), (2, 9), (2, 10), (3, 7)]
1994,3,3,1,8,[(1, 8), (2, 8), (2, 9), (2, 10), (2, 11), (3, 8)]
1995,3,3,2,0,[(2, 0), (3, 0), (3, 1), (3, 2), (3, 3), (4, 0)]
1996,3,3,2,1,[(2, 1), (3, 1), (3, 2), (3, 3), (3, 4), (4, 1)]
1997,3,3,2,2,[(2, 2), (3, 2), (3, 3), (3, 4), (3, 5), (4, 2)]
1998,3,3,2,3,[(2, 3), (3, 3), (3, 4), (3, 5), (3, 6), (4, 3)]
1999,3,3,2,4,[(2, 4), (3, 4), (3, 5), (3, 6), (3, 7), (4, 4)]
2000,3,3,2,5,[(2, 5), (3, 5), (3, 6), (3, 7), (3, 8), (4, 5)]
2001,3,3,2,6,[(2, 6), (3, 6), (3, 7), (3, 8), (3, 9), (4, 6)]
2002,3,3,2,7,[(2, 7), (3, 7), (3, 8), (3, 9), (3, 10), (4, 7)]
2003,3,3,2,8,[(2, 8), (3, 8), (3, 9), (3, 10), (3, 11), (4, 8)]
2004,3,3,3,0,[(3, 0), (4, 0), (4, 1), (4, 2), (4, 3), (5, 0)]
2005,3,3,3,1,[(3, 1), (4, 1), (4, 2), (4, 3), (4, 4), (5, 1)]
2006,3,3,3,2,[(3, 2), (4, 2), (4, 3), (4, 4), (4, 5), (5, 2)]
2007,3,3,3,3,[(3, 3), (4, 3), (4, 4), (4, 5), (4, 6), (5, 3)]
2008,3,3,3,4,[(3, 4), (4, 4), (4, 5), (4, 6), (4, 7), (5, 4)]
2009,3,3,3,5,[(3, 5), (4, 5), (4, 6), (4, 7), (4, 8), (5, 5)]
2010,3,3,3,6,[(3, 6), (4, 6), (4, 7), (4, 8), (4, 9), (5, 6)]
2011,3,3,3,7,[(3, 7), (4, 7), (4, 8), (4, 9), (4, 10), (5, 7)]
2012,3,3,3,8,[(3, 8), (4, 8), (4, 9), (4, 10), (4, 11), (5, 8)]
2013,3,3,4,0,[(4, 0), (5, 0), (5, 1), (5, 2), (5, 3), (6, 0)]
2014,3,3,4,1,[(4, 1), (5, 1), (5, 2), (5, 3), (5, 4), (6, 1)]
2015,3,3,4,2,[(4, 2), (5, 2), (5, 3), (5, 4), (5, 5), (6, 2)]
2016,3,3,4,3,[(4, 3), (5, 3), (5, 4), (5, 5), (5, 6), (6, 3)]
2017,3,3,4,4,[(4, 4), (5, 4), (5, 5), (5, 6), (5, 7), (6, 4)]
2018,3,3,4,5,[(4, 5), (5, 5), (5, 6), (5, 7), (5, 8), (6, 5)]
2019,3,3,4,6,[(4, 6), (5, 6), (5, 7), (5, 8), (5, 9), (6, 6)]
2020,3,3,4,7,[(4, 7), (5, 7), (5, 8), (5, 9), (5, 10), (6, 7)]
2021,3,3,4,8,[(4, 8), (5, 8), (5, 9), (5, 10), (5, 11), (6, 8)]
2022,3,3,5,0,[(5, 0), (6, 0), (6, 1), (6, 2), (6, 3), (7, 0)]
2023,3,3,5,1,[(5, 1), (6, 1), (6, 2), (6, 3), (6, 4), (7, 1)]
2024,3,3,5,2,[(5, 2), (6, 2), (6, 3), (6, 4), (6, 5), (7, 2)]
2025,3,3,5,3,[(5, 3), (6, 3), (6, 4), (6, 5), (6, 6), (7, 3)]
2026,3,3,5,4,[(5, 4), (6, 4), (6, 5), (6, 6), (6, 7), (7, 4)]
2027,3,3,5,5,[(5, 5), (6, 5), (6, 6), (6, 7), (6, 8), (7, 5)]
2028,3,3,5,6,[(5, 6), (6, 6), (6, 7), (6, 8), (6, 9), (7, 6)]
2029,3,3,5,7,[(5, 7), (6, 7), (6, 8), (6, 9), (6, 10), (7, 7)]
2030,3,3,5,8,[(5, 8), (6, 8), (6, 9), (6, 10), (6, 11), (7, 8)]
2031,3,3,6,0,[(6, 0), (7, 0), (7, 1), (7, 2), (7, 3), (8, 0)]
2032,3,3,6,1,[(6, 1), (7, 1), (7, 2), (7, 3), (7, 4), (8, 1)]
2033,3,3,6,2,[(6, 2), (7, 2), (7, 3), (7, 4), (7, 5), (8, 2)]
2034,3,3,6,3,[(6, 3), (7, 3), (7, 4), (7, 5), (7, 6), (8, 3)]
2035,3,3,6,4,[(6, 4), (7, 4), (7, 5), (7, 6), (7, 7), (8, 4)]
2036,3,3,6,5,[(6, 5), (7, 5), (7, 6), (7, 7), (7, 8), (8, 5)]
2037,3,3,6,6,[(6, 6), (7, 6), (7, 7), (7, 8), (7, 9), (8, 6)]
2038,3,3,6,7,[(6, 7), (7, 7), (7, 8), (7, 9), (7, 10), (8, 7)]
2039,3,3,6,8,[(6, 8), (7, 8), (7, 9), (7, 10), (7, 11), (8, 8)]
2040,3,3,7,0,[(7, 0), (8, 0), (8, 1), (8, 2), (8, 3), (9, 0)]
2041,3,3,7,1,[(7, 1), (8, 1), (8, 2), (8, 3), (8, 4), (9, 1)]
2042,3,3,7,2,[(7, 2), (8, 2), (8, 3), (8, 4), (8, 5), (9, 2)]
2043,3,3,7,3,[(7, 3), (8, 3), (8, 4), (8, 5), (8, 6), (9, 3)]
2044,3,3,7,4,[(7, 4), (8, 4), (8, 5), (8, 6), (8, 7), (9, 4)]
2045,3,3,7,5,[(7, 5), (8, 5), (8, 6), (8, 7), (8, 8), (9, 5)]
2046,3,3,7,6,[(7, 6), (8, 6), (8, 7), (8, 8), (8, 9), (9, 6)]
2047,3,3,7,7,[(7, 7), (8, 7), (8, 8), (8, 9), (8, 10), (9, 7)]
2048,3,3,7,8,[(7, 8), (8, 8), (8, 9), (8, 10), (8, 11), (9, 8)]
2049,3,3,8,0,[(8, 0), (9, 0), (9, 1), (9, 2), (9, 3), (10, 0)]
2050,3,3,8,1,[(8, 1), (9, 1), (9, 2), (9, 3), (9, 4), (10, 1)]
2051,3,3,8,2,[(8, 2), (9, 2), (9, 3), (9, 4), (9, 5), (10, 2)]
2052,3,3,8,3,[(8, 3), (9, 3), (9, 4), (9, 5), (9, 6), (10, 3)]
2053,3,3,8,4,[(8, 4), (9, 4), (9, 5), (9, 6), (9, 7), (10, 4)]
2054,3,3,8,5,[(8, 5), (9, 5), (9, 6), (9, 7), (9, 8), (10, 5)]
2055,3,3,8,6,[(8, 6), (9, 6), (9, 7), (9, 8), (9, 9), (10, 6)]
2056,3,3,8,7,[(8, 7), (9, 7), (9, 8), (9, 9), (9, 10), (10, 7)]
2057,3,3,8,8,[(8, 8), (9, 8), (9, 9), (9, 10), (9, 11), (10, 8)]
2058,3,3,9,0,[(9, 0), (10, 0), (10, 1), (10, 2), (10, 3), (11, 0)]
2059,3,3,9,1,[(9, 1), (10, 1), (10, 2), (10, 3), (10, 4), (11, 1)]
2060,3,3,9,2,[(9, 2), (10, 2), (10, 3), (10, 4), (10, 5), (11, 2)]
2061,3,3,9,3,[(9, 3), (10, 3), (10, 4), (10, 5), (10, 6), (11, 3)]
2062,3,3,9,4,[(9, 4), (10, 4), (10, 5), (10, 6), (10, 7), (11, 4)]
2063,3,3,9,5,[(9, 5), (10, 5), (10, 6), (10, 7), (10, 8), (11, 5)]
2064,3,3,9,6,[(9, 6), (10, 6), (10, 7), (10, 8), (10, 9), (11, 6)]
2065,3,3,9,7,[(9, 7), (10, 7), (10, 8), (10, 9), (10, 10), (11, 7)]
2066,3,3,9,8,[(9, 8), (10, 8), (10, 9), (10, 10), (10, 11), (11, 8)]
2067,4,0,0,0,[(0, 1), (1, 1), (1, 2), (2, 0), (2, 1), (3, 0)]
2068,4,0,0,1,[(0, 2), (1, 2), (1, 3), (2, 1), (2, 2), (3, 1)]
2069,4,0,0,2,[(0, 3), (1, 3), (1, 4), (2, 2), (2, 3), (3, 2)]
2070,4,0,0,3,[(0, 4), (1, 4), (1, 5), (2, 3), (2, 4), (3, 3)]
2071,4,0,0,4,[(0, 5), (1, 5), (1, 6), (2, 4), (2, 5), (3, 4)]
2072,4,0,0,5,[(0, 6), (1, 6), (1, 7), (2, 5), (2, 6), (3, 5)]
2073,4,0,0,6,[(0, 7), (1, 7), (1, 8), (2, 6), (2, 7), (3, 6)]
2074,4,0,0,7,[(0, 8), (1, 8), (1, 9), (2, 7), (2, 8), (3, 7)]
2075,4,0,0,8,[(0, 9), (1, 9), (1, 10), (2, 8), (2, 9), (3, 8)]
2076,4,0,0,9,[(0, 10), (1, 10), (1, 11), (2, 9), (2, 10), (3, 9)]
2077,4,0,1,0,[(1, 1), (2, 1), (2, 2), (3, 0), (3, 1), (4, 0)]
2078,4,0,1,1,[(1, 2), (2, 2), (2, 3), (3, 1), (3, 2), (4, 1)]
2079,4,0,1,2,[(1, 3), (2, 3), (2, 4), (3, 2), (3, 3), (4, 2)]
2080,4,0,1,3,[(1, 4), (2, 4), (2, 5), (3, 3), (3, 4), (4, 3)]
2081,4,0,1,4,[(1, 5), (2, 5), (2, 6), (3, 4), (3, 5), (4, 4)]
2082,4,0,1,5,[(1, 6), (2, 6), (2, 7), (3, 5), (3, 6), (4, 5)]
2083,4,0,1,6,[(1, 7), (2, 7), (2, 8), (3, 6), (3, 7), (4, 6)]
2084,4,0,1,7,[(1, 8), (2, 8), (2, 9), (3, 7), (3, 8), (4, 7)]
2085,4,0,1,8,[(1, 9), (2, 9), (2, 10), (3, 8), (3, 9), (4, 8)]
2086,4,0,1,9,[(1, 10), (2, 10), (2, 11), (3, 9), (3, 10), (4, 9)]
2087,4,0,2,0,[(2, 1), (3, 1), (3, 2), (4, 0), (4, 1), (5, 0)]
2088,4,0,2,1,[(2, 2), (3, 2), (3, 3), (4, 1), (4, 2), (5, 1)]
2089,4,0,2,2,[(2, 3), (3, 3), (3, 4), (4, 2), (4, 3), (5, 2)]
2090,4,0,2,3,[(2, 4), (3, 4), (3, 5), (4, 3), (4, 4), (5, 3)]
2091,4,0,2,4,[(2, 5), (3, 5), (3, 6), (4, 4), (4, 5), (5, 4)]
2092,4,0,2,5,[(2, 6), (3, 6), (3, 7), (4, 5), (4, 6), (5, 5)]
2093,4,0,2,6,[(2, 7), (3, 7), (3, 8), (4, 6), (4, 7), (5, 6)]
2094,4,0,2,7,[(2, 8), (3, 8), (3, 9), (4, 7), (4, 8), (5, 7)]
2095,4,0,2,8,[(2, 9), (3, 9), (3, 10), (4, 8), (4, 9), (5, 8)]
2096,4,0,2,9,[(2, 10), (3, 10), (3, 11), (4, 9), (4, 10), (5, 9)]
2097,4,0,3,0,[(3, 1), (4, 1), (4, 2), (5, 0), (5, 1), (6, 0)]
2098,4,0,3,1,[(3, 2), (4, 2), (4, 3), (5, 1), (5, 2), (6, 1)]
2099,4,0,3,2,[(3, 3), (4, 3), (4, 4), (5, 2), (5, 3), (6, 2)]
2100,4,0,3,3,[(3, 4), (4, 4), (4, 5), (5, 3), (5, 4), (6, 3)]
2101,4,0,3,4,[(3, 5), (4, 5), (4, 6), (5, 4), (5, 5), (6, 4)]
2102,4,0,3,5,[(3, 6), (4, 6), (4, 7), (5, 5), (5, 6), (6, 5)]
2103,4,0,3,6,[(3, 7), (4, 7), (4, 8), (5, 6), (5, 7), (6, 6)]
2104,4,0,3,7,[(3, 8), (4, 8), (4, 9), (5, 7), (5, 8), (6, 7)]
2105,4,0,3,8,[(3, 9), (4, 9), (4, 10), (5, 8), (5, 9), (6, 8)]
2106,4,0,3,9,[(3, 10), (4, 10), (4, 11), (5, 9), (5, 10), (6, 9)]
2107,4,0,4,0,[(4, 1), (5, 1), (5, 2), (6, 0), (6, 1), (7, 0)]
2108,4,0,4,1,[(4, 2), (5, 2), (5, 3), (6, 1), (6, 2), (7, 1)]
2109,4,0,4,2,[(4, 3), (5, 3), (5, 4), (6, 2), (6, 3), (7, 2)]
2110,4,0,4,3,[(4, 4), (5, 4), (5, 5), (6, 3), (6, 4), (7, 3)]
2111,4,0,4,4,[(4, 5), (5, 5), (5, 6), (6, 4), (6, 5), (7, 4)]
2112,4,0,4,5,[(4, 6), (5, 6), (5, 7), (6, 5), (6, 6), (7, 5)]
2113,4,0,4,6,[(4, 7), (5, 7), (5, 8), (6, 6), (6, 7), (7, 6)]
2114,4,0,4,7,[(4, 8), (5, 8), (5, 9), (6, 7), (6, 8), (7, 7)]
2115,4,0,4,8,[(4, 9), (5, 9), (5, 10), (6, 8), (6, 9), (7, 8)]
2116,4,0,4,9,[(4, 10), (5, 10), (5, 11), (6, 9), (6, 10), (7, 9)]
2117,4,0,5,0,[(5, 1), (6, 1), (6, 2), (7, 0), (7, 1), (8, 0)]
2118,4,0,5,1,[(5, 2), (6, 2), (6, 3), (7, 1), (7, 2), (8, 1)]
2119,4,0,5,2,[(5, 3), (6, 3), (6, 4), (7, 2), (7, 3), (8, 2)]
2120,4,0,5,3,[(5, 4), (6, 4), (6, 5), (7, 3), (7, 4), (8, 3)]
2121,4,0,5,4,[(5, 5), (6, 5), (6, 6), (7, 4), (7, 5), (8, 4)]
2122,4,0,5,5,[(5, 6), (6, 6), (6, 7), (7, 5), (7, 6), (8, 5)]
2123,4,0,5,6,[(5, 7), (6, 7), (6, 8), (7, 6), (7, 7), (8, 6)]
2124,4,0,5,7,[(5, 8), (6, 8), (6, 9), (7, 7), (7, 8), (8, 7)]
2125,4,0,5,8,[(5, 9), (6, 9), (6, 10), (7, 8), (7, 9), (8, 8)]
2126,4,0,5,9,[(5, 10), (6, 10), (6, 11), (7, 9), (7, 10), (8, 9)]
2127,4,0,6,0,[(6, 1), (7, 1), (7, 2), (8, 0), (8, 1), (9, 0)]
2128,4,0,6,1,[(6, 2), (7, 2), (7, 3), (8, 1), (8, 2), (9, 1)]
2129,4,0,6,2,[(6, 3), (7, 3), (7, 4), (8, 2), (8, 3), (9, 2)]
2130,4,0,6,3,[(6, 4), (7, 4), (7, 5), (8, 3), (8, 4), (9, 3)]
2131,4,0,6,4,[(6, 5), (7, 5), (7, 6), (8, 4), (8, 5), (9, 4)]
2132,4,0,6,5,[(6, 6), (7, 6), (7, 7), (8, 5), (8, 6), (9, 5)]
2133,4,0,6,6,[(6, 7), (7, 7), (7, 8), (8, 6), (8, 7), (9, 6)]
2134,4,0,6,7,[(6, 8), (7, 8), (7, 9), (8, 7), (8, 8), (9, 7)]
2135,4,0,6,8,[(6, 9), (7, 9), (7, 10), (8, 8), (8, 9), (9, 8)]
2136,4,0,6,9,[(6, 10), (7, 10), (7, 11), (8, 9), (8, 10), (9, 9)]
2137,4,0,7,0,[(7, 1), (8, 1), (8, 2), (9, 0), (9, 1), (10, 0)]
2138,4,0,7,1,[(7, 2), (8, 2), (8, 3), (9, 1), (9, 2), (10, 1)]
2139,4,0,7,2,[(7, 3), (8, 3), (8, 4), (9, 2), (9, 3), (10, 2)]
2140,4,0,7,3,[(7, 4), (8, 4), (8, 5), (9, 3), (9, 4), (10, 3)]
2141,4,0,7,4,[(7, 5), (8, 5), (8, 6), (9, 4), (9, 5), (10, 4)]
2142,4,0,7,5,[(7, 6), (8, 6), (8, 7), (9, 5), (9, 6), (10, 5)]
2143,4,0,7,6,[(7, 7), (8, 7), (8, 8), (9, 6), (9, 7), (10, 6)]
2144,4,0,7,7,[(7, 8), (8, 8), (8, 9), (9, 7), (9, 8), (10, 7)]
2145,4,0,7,8,[(7, 9), (8, 9), (8, 10), (9, 8), (9, 9), (10, 8)]
2146,4,0,7,9,[(7, 10), (8, 10), (8, 11), (9, 9), (9, 10), (10, 9)]
2147,4,0,8,0,[(8, 1), (9, 1), (9, 2), (10, 0), (10, 1), (11, 0)]
2148,4,0,8,1,[(8, 2), (9, 2), (9, 3), (10, 1), (10, 2), (11, 1)]
2149,4,0,8,2,[(8, 3), (9, 3), (9, 4), (10, 2), (10, 3), (11, 2)]
2150,4,0,8,3,[(8, 4), (9, 4), (9, 5), (10, 3), (10, 4), (11, 3)]
2151,4,0,8,4,[(8, 5), (9, 5), (9, 6), (10, 4), (10, 5), (11, 4)]
2152,4,0,8,5,[(8, 6), (9, 6), (9, 7), (10, 5), (10, 6), (11, 5)]
2153,4,0,8,6,[(8, 7), (9, 7), (9, 8), (10, 6), (10, 7), (11, 6)]
2154,4,0,8,7,[(8, 8), (9, 8), (9, 9), (10, 7), (10, 8), (11, 7)]
2155,4,0,8,8,[(8, 9), (9, 9), (9, 10), (10, 8), (10, 9), (11, 8)]
2156,4,0,8,9,[(8, 10), (9, 10), (9, 11), (10, 9), (10, 10), (11, 9)]
2157,4,1,0,0,[(0, 1), (1, 0), (1, 1), (2, 1), (2, 2), (3, 2)]
2158,4,1,0,1,[(0, 2), (1, 1), (1, 2), (2, 2), (2, 3), (3, 3)]
2159,4,1,0,2,[(0, 3), (1, 2), (1, 3), (2, 3), (2, 4), (3, 4)]
2160,4,1,0,3,[(0, 4), (1, 3), (1, 4), (2, 4), (2, 5), (3, 5)]
2161,4,1,0,4,[(0, 5), (1, 4), (1, 5), (2, 5), (2, 6), (3, 6)]
2162,4,1,0,5,[(0, 6), (1, 5), (1, 6), (2, 6), (2, 7), (3, 7)]
2163,4,1,0,6,[(0, 7), (1, 6), (1, 7), (2, 7), (2, 8), (3, 8)]
2164,4,1,0,7,[(0, 8), (1, 7), (1, 8), (2, 8), (2, 9), (3, 9)]
2165,4,1,0,8,[(0, 9), (1, 8), (1, 9), (2, 9), (2, 10), (3, 10)]
2166,4,1,0,9,[(0, 10), (1, 9), (1, 10), (2, 10), (2, 11), (3, 11)]
2167,4,1,1,0,[(1, 1), (2, 0), (2, 1), (3, 1), (3, 2), (4, 2)]
2168,4,1,1,1,[(1, 2), (2, 1), (2, 2), (3, 2), (3, 3), (4, 3)]
2169,4,1,1,2,[(1, 3), (2, 2), (2, 3), (3, 3), (3, 4), (4, 4)]
2170,4,1,1,3,[(1, 4), (2, 3), (2, 4), (3, 4), (3, 5), (4, 5)]
2171,4,1,1,4,[(1, 5), (2, 4), (2, 5), (3, 5), (3, 6), (4, 6)]
2172,4,1,1,5,[(1, 6), (2, 5), (2, 6), (3, 6), (3, 7), (4, 7)]
2173,4,1,1,6,[(1, 7), (2, 6), (2, 7), (3, 7), (3, 8), (4, 8)]
2174,4,1,1,7,[(1, 8), (2, 7), (2, 8), (3, 8), (3, 9), (4, 9)]
2175,4,1,1,8,[(1, 9), (2, 8), (2, 9), (3, 9), (3, 10), (4, 10)]
2176,4,1,1,9,[(1, 10), (2, 9), (2, 10), (3, 10), (3, 11), (4, 11)]
2177,4,1,2,0,[(2, 1), (3, 0), (3, 1), (4, 1), (4, 2), (5, 2)]
2178,4,1,2,1,[(2, 2), (3, 1), (3, 2), (4, 2), (4, 3), (5, 3)]
2179,4,1,2,2,[(2, 3), (3, 2), (3, 3), (4, 3), (4, 4), (5, 4)]
2180,4,1,2,3,[(2, 4), (3, 3), (3, 4), (4, 4), (4, 5), (5, 5)]
2181,4,1,2,4,[(2, 5), (3, 4), (3, 5), (4, 5), (4, 6), (5, 6)]
2182,4,1,2,5,[(2, 6), (3, 5), (3, 6), (4, 6), (4, 7), (5, 7)]
2183,4,1,2,6,[(2, 7), (3, 6), (3, 7), (4, 7), (4, 8), (5, 8)]
2184,4,1,2,7,[(2, 8), (3, 7), (3, 8), (4, 8), (4, 9), (5, 9)]
2185,4,1,2,8,[(2, 9), (3, 8), (3, 9), (4, 9), (4, 10), (5, 10)]
2186,4,1,2,9,[(2, 10), (3, 9), (3, 10), (4, 10), (4, 11), (5, 11)]
2187,4,1,3,0,[(3, 1), (4, 0), (4, 1), (5, 1), (5, 2), (6, 2)]
2188,4,1,3,1,[(3, 2), (4, 1), (4, 2), (5, 2), (5, 3), (6, 3)]
2189,4,1,3,2,[(3, 3), (4, 2), (4, 3), (5, 3), (5, 4), (6, 4)]
2190,4,1,3,3,[(3, 4), (4, 3), (4, 4), (5, 4), (5, 5), (6, 5)]
2191,4,1,3,4,[(3, 5), (4, 4), (4, 5), (5, 5), (5, 6), (6, 6)]
2192,4,1,3,5,[(3, 6), (4, 5), (4, 6), (5, 6), (5, 7), (6, 7)]
2193,4,1,3,6,[(3, 7), (4, 6), (4, 7), (5, 7), (5, 8), (6, 8)]
2194,4,1,3,7,[(3, 8), (4, 7), (4, 8), (5, 8), (5, 9), (6, 9)]
2195,4,1,3,8,[(3, 9), (4, 8), (4, 9), (5, 9), (5, 10), (6, 10)]
2196,4,1,3,9,[(3, 10), (4, 9), (4, 10), (5, 10), (5, 11), (6, 11)]
2197,4,1,4,0,[(4, 1), (5, 0), (5, 1), (6, 1), (6, 2), (7, 2)]
2198,4,1,4,1,[(4, 2), (5, 1), (5, 2), (6, 2), (6, 3), (7, 3)]
2199,4,1,4,2,[(4, 3), (5, 2), (5, 3), (6, 3), (6, 4), (7, 4)]
2200,4,1,4,3,[(4, 4), (5, 3), (5, 4), (6, 4), (6, 5), (7, 5)]
2201,4,1,4,4,[(4, 5), (5, 4), (5, 5), (6, 5), (6, 6), (7, 6)]
2202,4,1,4,5,[(4, 6), (5, 5), (5, 6), (6, 6), (6, 7), (7, 7)]
2203,4,1,4,6,[(4, 7), (5, 6), (5, 7), (6, 7), (6, 8), (7, 8)]
2204,4,1,4,7,[(4, 8), (5, 7), (5, 8), (6, 8), (6, 9), (7, 9)]
2205,4,1,4,8,[(4, 9), (5, 8), (5, 9), (6, 9), (6, 10), (7, 10)]
2206,4,1,4,9,[(4, 10), (5, 9), (5, 10), (6, 10), (6, 11), (7, 11)]
2207,4,1,5,0,[(5, 1), (6, 0), (6, 1), (7, 1), (7, 2), (8, 2)]
2208,4,1,5,1,[(5, 2), (6, 1), (6, 2), (7, 2), (7, 3), (8, 3)]
2209,4,1,5,2,[(5, 3), (6, 2), (6, 3), (7, 3), (7, 4), (8, 4)]
2210,4,1,5,3,[(5, 4), (6, 3), (6, 4), (7, 4), (7, 5), (8, 5)]
2211,4,1,5,4,[(5, 5), (6, 4), (6, 5), (7, 5), (7, 6), (8, 6)]
2212,4,1,5,5,[(5, 6), (6, 5), (6, 6), (7, 6), (7, 7), (8, 7)]
2213,4,1,5,6,[(5, 7), (6, 6), (6, 7), (7, 7), (7, 8), (8, 8)]
2214,4,1,5,7,[(5, 8), (6, 7), (6, 8), (7, 8), (7, 9), (8, 9)]
2215,4,1,5,8,[(5, 9), (6, 8), (6, 9), (7, 9), (7, 10), (8, 10)]
2216,4,1,5,9,[(5, 10), (6, 9), (6, 10), (7, 10), (7, 11), (8, 11)]
2217,4,1,6,0,[(6, 1), (7, 0), (7, 1), (8, 1), (8, 2), (9, 2)]
2218,4,1,6,1,[(6, 2), (7, 1), (7, 2), (8, 2), (8, 3), (9, 3)]
2219,4,1,6,2,[(6, 3), (7, 2), (7, 3), (8, 3), (8, 4), (9, 4)]
2220,4,1,6,3,[(6, 4), (7, 3), (7, 4), (8, 4), (8, 5), (9, 5)]
2221,4,1,6,4,[(6, 5), (7, 4), (7, 5), (8, 5), (8, 6), (9, 6)]
2222,4,1,6,5,[(6, 6), (7, 5), (7, 6), (8, 6), (8, 7), (9, 7)]
2223,4,1,6,6,[(6, 7), (7, 6), (7, 7), (8, 7), (8, 8), (9, 8)]
2224,4,1,6,7,[(6, 8), (7, 7), (7, 8), (8, 8), (8, 9), (9, 9)]
2225,4,1,6,8,[(6, 9), (7, 8), (7, 9), (8, 9), (8, 10), (9, 10)]
2226,4,1,6,9,[(6, 10), (7, 9), (7, 10), (8, 10), (8, 11), (9, 11)]
2227,4,1,7,0,[(7, 1), (8, 0), (8, 1), (9, 1), (9, 2), (10, 2)]
2228,4,1,7,1,[(7, 2), (8, 1), (8, 2), (9, 2), (9, 3), (10, 3)]
2229,4,1,7,2,[(7, 3), (8, 2), (8, 3), (9, 3), (9, 4), (10, 4)]
2230,4,1,7,3,[(7, 4), (8, 3), (8, 4), (9, 4), (9, 5), (10, 5)]
2231,4,1,7,4,[(7, 5), (8, 4), (8, 5), (9, 5), (9, 6), (10, 6)]
2232,4,1,7,5,[(7, 6), (8, 5), (8, 6), (9, 6), (9, 7), (10, 7)]
2233,4,1,7,6,[(7, 7), (8, 6), (8, 7), (9, 7), (9, 8), (10, 8)]
2234,4,1,7,7,[(7, 8), (8, 7), (8, 8), (9, 8), (9, 9), (10, 9)]
2235,4,1,7,8,[(7, 9), (8, 8), (8, 9), (9, 9), (9, 10), (10, 10)]
2236,4,1,7,9,[(7, 10), (8, 9), (8, 10), (9, 10), (9, 11), (10, 11)]
2237,4,1,8,0,[(8, 1), (9, 0), (9, 1), (10, 1), (10, 2), (11, 2)]
2238,4,1,8,1,[(8, 2), (9, 1), (9, 2), (10, 2), (10, 3), (11, 3)]
2239,4,1,8,2,[(8, 3), (9, 2), (9, 3), (10, 3), (10, 4), (11, 4)]
2240,4,1,8,3,[(8, 4), (9, 3), (9, 4), (10, 4), (10, 5), (11, 5)]
2241,4,1,8,4,[(8, 5), (9, 4), (9, 5), (10, 5), (10, 6), (11, 6)]
2242,4,1,8,5,[(8, 6), (9, 5), (9, 6), (10, 6), (10, 7), (11, 7)]
2243,4,1,8,6,[(8, 7), (9, 6), (9, 7), (10, 7), (10, 8), (11, 8)]
2244,4,1,8,7,[(8, 8), (9, 7), (9, 8), (10, 8), (10, 9), (11, 9)]
2245,4,1,8,8,[(8, 9), (9, 8), (9, 9), (10, 9), (10, 10), (11, 10)]
2246,4,1,8,9,[(8, 10), (9, 9), (9, 10), (10, 10), (10, 11), (11, 11)]
2247,4,2,0,0,[(0, 0), (1, 0), (1, 1), (2, 1), (2, 2), (3, 1)]
2248,4,2,0,1,[(0, 1), (1, 1), (1, 2), (2, 2), (2, 3), (3, 2)]
2249,4,2,0,2,[(0, 2), (1, 2), (1, 3), (2, 3), (2, 4), (3, 3)]
2250,4,2,0,3,[(0, 3), (1, 3), (1, 4), (2, 4), (2, 5), (3, 4)]
2251,4,2,0,4,[(0, 4), (1, 4), (1, 5), (2, 5), (2, 6), (3, 5)]
2252,4,2,0,5,[(0, 5), (1, 5), (1, 6), (2, 6), (2, 7), (3, 6)]
2253,4,2,0,6,[(0, 6), (1, 6), (1, 7), (2, 7), (2, 8), (3, 7)]
2254,4,2,0,7,[(0, 7), (1, 7), (1, 8), (2, 8), (2, 9), (3, 8)]
2255,4,2,0,8,[(0, 8), (1, 8), (1, 9), (2, 9), (2, 10), (3, 9)]
2256,4,2,0,9,[(0, 9), (1, 9), (1, 10), (2, 10), (2, 11), (3, 10)]
2257,4,2,1,0,[(1, 0), (2, 0), (2, 1), (3, 1), (3, 2), (4, 1)]
2258,4,2,1,1,[(1, 1), (2, 1), (2, 2), (3, 2), (3, 3), (4, 2)]
2259,4,2,1,2,[(1, 2), (2, 2), (2, 3), (3, 3), (3, 4), (4, 3)]
2260,4,2,1,3,[(1, 3), (2, 3), (2, 4), (3, 4), (3, 5), (4, 4)]
2261,4,2,1,4,[(1, 4), (2, 4), (2, 5), (3, 5), (3, 6), (4, 5)]
2262,4,2,1,5,[(1, 5), (2, 5), (2, 6), (3, 6), (3, 7), (4, 6)]
2263,4,2,1,6,[(1, 6), (2, 6), (2, 7), (3, 7), (3, 8), (4, 7)]
2264,4,2,1,7,[(1, 7), (2, 7), (2, 8), (3, 8), (3, 9), (4, 8)]
2265,4,2,1,8,[(1, 8), (2, 8), (2, 9), (3, 9), (3, 10), (4, 9)]
2266,4,2,1,9,[(1, 9), (2, 9), (2, 10), (3, 10), (3, 11), (4, 10)]
2267,4,2,2,0,[(2, 0), (3, 0), (3, 1), (4, 1), (4, 2), (5, 1)]
2268,4,2,2,1,[(2, 1), (3, 1), (3, 2), (4, 2), (4, 3), (5, 2)]
2269,4,2,2,2,[(2, 2), (3, 2), (3, 3), (4, 3), (4, 4), (5, 3)]
2270,4,2,2,3,[(2, 3), (3, 3), (3, 4), (4, 4), (4, 5), (5, 4)]
2271,4,2,2,4,[(2, 4), (3, 4), (3, 5), (4, 5), (4, 6), (5, 5)]
2272,4,2,2,5,[(2, 5), (3, 5), (3, 6), (4, 6), (4, 7), (5, 6)]
2273,4,2,2,6,[(2, 6), (3, 6), (3, 7), (4, 7), (4, 8), (5, 7)]
2274,4,2,2,7,[(2, 7), (3, 7), (3, 8), (4, 8), (4, 9), (5, 8)]
2275,4,2,2,8,[(2, 8), (3, 8), (3, 9), (4, 9), (4, 10), (5, 9)]
2276,4,2,2,9,[(2, 9), (3, 9), (3, 10), (4, 10), (4, 11), (5, 10)]
2277,4,2,3,0,[(3, 0), (4, 0), (4, 1), (5, 1), (5, 2), (6, 1)]
2278,4,2,3,1,[(3, 1), (4, 1), (4, 2), (5, 2), (5, 3), (6, 2)]
2279,4,2,3,2,[(3, 2), (4, 2), (4, 3), (5, 3), (5, 4), (6, 3)]
2280,4,2,3,3,[(3, 3), (4, 3), (4, 4), (5, 4), (5, 5), (6, 4)]
2281,4,2,3,4,[(3, 4), (4, 4), (4, 5), (5, 5), (5, 6), (6, 5)]
2282,4,2,3,5,[(3, 5), (4, 5), (4, 6), (5, 6), (5, 7), (6, 6)]
2283,4,2,3,6,[(3, 6), (4, 6), (4, 7), (5, 7), (5, 8), (6, 7)]
2284,4,2,3,7,[(3, 7), (4, 7), (4, 8), (5, 8), (5, 9), (6, 8)]
2285,4,2,3,8,[(3, 8), (4, 8), (4, 9), (5, 9), (5, 10), (6, 9)]
2286,4,2,3,9,[(3, 9), (4, 9), (4, 10), (5, 10), (5, 11), (6, 10)]
2287,4,2,4,0,[(4, 0), (5, 0), (5, 1), (6, 1), (6, 2), (7, 1)]
2288,4,2,4,1,[(4, 1), (5, 1), (5, 2), (6, 2), (6, 3), (7, 2)]
2289,4,2,4,2,[(4, 2), (5, 2), (5, 3), (6, 3), (6, 4), (7, 3)]
2290,4,2,4,3,[(4, 3), (5, 3), (5, 4), (6, 4), (6, 5), (7, 4)]
2291,4,2,4,4,[(4, 4), (5, 4), (5, 5), (6, 5), (6, 6), (7, 5)]
2292,4,2,4,5,[(4, 5), (5, 5), (5, 6), (6, 6), (6, 7), (7, 6)]
2293,4,2,4,6,[(4, 6), (5, 6), (5, 7), (6, 7), (6, 8), (7, 7)]
2294,4,2,4,7,[(4, 7), (5, 7), (5, 8), (6, 8), (6, 9), (7, 8)]
2295,4,2,4,8,[(4, 8), (5, 8), (5, 9), (6, 9), (6, 10), (7, 9)]
2296,4,2,4,9,[(4, 9), (5, 9), (5, 10), (6, 10), (6, 11), (7, 10)]
2297,4,2,5,0,[(5, 0), (6, 0), (6, 1), (7, 1), (7, 2), (8, 1)]
2298,4,2,5,1,[(5, 1), (6, 1), (6, 2), (7, 2), (7, 3), (8, 2)]
2299,4,2,5,2,[(5, 2), (6, 2), (6, 3), (7, 3), (7, 4), (8, 3)]
2300,4,2,5,3,[(5, 3), (6, 3), (6, 4), (7, 4), (7, 5), (8, 4)]
2301,4,2,5,4,[(5, 4), (6, 4), (6, 5), (7, 5), (7, 6), (8, 5)]
2302,4,2,5,5,[(5, 5), (6, 5), (6, 6), (7, 6), (7, 7), (8, 6)]
2303,4,2,5,6,[(5, 6), (6, 6), (6, 7), (7, 7), (7, 8), (8, 7)]
2304,4,2,5,7,[(5, 7), (6, 7), (6, 8), (7, 8), (7, 9), (8, 8)]
2305,4,2,5,8,[(5, 8), (6, 8), (6, 9), (7, 9), (7, 10), (8, 9)]
2306,4,2,5,9,[(5, 9), (6, 9), (6, 10), (7, 10), (7, 11), (8, 10)]
2307,4,2,6,0,[(6, 0), (7, 0), (7, 1), (8, 1), (8, 2), (9, 1)]
2308,4,2,6,1,[(6, 1), (7, 1), (7, 2), (8, 2), (8, 3), (9, 2)]
2309,4,2,6,2,[(6, 2), (7, 2), (7, 3), (8, 3), (8, 4), (9, 3)]
2310,4,2,6,3,[(6, 3), (7, 3), (7, 4), (8, 4), (8, 5), (9, 4)]
2311,4,2,6,4,[(6, 4), (7, 4), (7, 5), (8, 5), (8, 6), (9, 5)]
2312,4,2,6,5,[(6, 5), (7, 5), (7, 6), (8, 6), (8, 7), (9, 6)]
2313,4,2,6,6,[(6, 6), (7, 6), (7, 7), (8, 7), (8, 8), (9, 7)]
2314,4,2,6,7,[(6, 7), (7, 7), (7, 8), (8, 8), (8, 9), (9, 8)]
2315,4,2,6,8,[(6, 8), (7, 8), (7, 9), (8, 9), (8, 10), (9, 9)]
2316,4,2,6,9,[(6, 9), (7, 9), (7, 10), (8, 10), (8, 11), (9, 10)]
2317,4,2,7,0,[(7, 0), (8, 0), (8, 1), (9, 1), (9, 2), (10, 1)]
2318,4,2,7,1,[(7, 1), (8, 1), (8, 2), (9, 2), (9, 3), (10, 2)]
2319,4,2,7,2,[(7, 2), (8, 2), (8, 3), (9, 3), (9, 4), (10, 3)]
2320,4,2,7,3,[(7, 3), (8, 3), (8, 4), (9, 4), (9, 5), (10, 4)]
2321,4,2,7,4,[(7, 4), (8, 4), (8, 5), (9, 5), (9, 6), (10, 5)]
2322,4,2,7,5,[(7, 5), (8, 5), (8, 6), (9, 6), (9, 7), (10, 6)]
2323,4,2,7,6,[(7, 6), (8, 6), (8, 7), (9, 7), (9, 8), (10, 7)]
2324,4,2,7,7,[(7, 7), (8, 7), (8, 8), (9, 8), (9, 9), (10, 8)]
2325,4,2,7,8,[(7, 8), (8, 8), (8, 9), (9, 9), (9, 10), (10, 9)]
2326,4,2,7,9,[(7, 9), (8, 9), (8, 10), (9, 10), (9, 11), (10, 10)]
2327,4,2,8,0,[(8, 0), (9, 0), (9, 1), (10, 1), (10, 2), (11, 1)]
2328,4,2,8,1,[(8, 1), (9, 1), (9, 2), (10, 2), (10, 3), (11, 2)]
2329,4,2,8,2,[(8, 2), (9, 2), (9, 3), (10, 3), (10, 4), (11, 3)]
2330,4,2,8,3,[(8, 3), (9, 3), (9, 4), (10, 4), (10, 5), (11, 4)]
2331,4,2,8,4,[(8, 4), (9, 4), (9, 5), (10, 5), (10, 6), (11, 5)]
2332,4,2,8,5,[(8, 5), (9, 5), (9, 6), (10, 6), (10, 7), (11, 6)]
2333,4,2,8,6,[(8, 6), (9, 6), (9, 7), (10, 7), (10, 8), (11, 7)]
2334,4,2,8,7,[(8, 7), (9, 7), (9, 8), (10, 8), (10, 9), (11, 8)]
2335,4,2,8,8,[(8, 8), (9, 8), (9, 9), (10, 9), (10, 10), (11, 9)]
2336,4,2,8,9,[(8, 9), (9, 9), (9, 10), (10, 10), (10, 11), (11, 10)]
2337,4,3,0,0,[(0, 0), (0, 1), (1, 1), (1, 2), (1, 3), (2, 2)]
2338,4,3,0,1,[(0, 1), (0, 2), (1, 2), (1, 3), (1, 4), (2, 3)]
2339,4,3,0,2,[(0, 2), (0, 3), (1, 3), (1, 4), (1, 5), (2, 4)]
2340,4,3,0,3,[(0, 3), (0, 4), (1, 4), (1, 5), (1, 6), (2, 5)]
2341,4,3,0,4,[(0, 4), (0, 5), (1, 5), (1, 6), (1, 7), (2, 6)]
2342,4,3,0,5,[(0, 5), (0, 6), (1, 6), (1, 7), (1, 8), (2, 7)]
2343,4,3,0,6,[(0, 6), (0, 7), (1, 7), (1, 8), (1, 9), (2, 8)]
2344,4,3,0,7,[(0, 7), (0, 8), (1, 8), (1, 9), (1, 10), (2, 9)]
2345,4,3,0,8,[(0, 8), (0, 9), (1, 9), (1, 10), (1, 11), (2, 10)]
2346,4,3,1,0,[(1, 0), (1, 1), (2, 1), (2, 2), (2, 3), (3, 2)]
2347,4,3,1,1,[(1, 1), (1, 2), (2, 2), (2, 3), (2, 4), (3, 3)]
2348,4,3,1,2,[(1, 2), (1, 3), (2, 3), (2, 4), (2, 5), (3, 4)]
2349,4,3,1,3,[(1, 3), (1, 4), (2, 4), (2, 5), (2, 6), (3, 5)]
2350,4,3,1,4,[(1, 4), (1, 5), (2, 5), (2, 6), (2, 7), (3, 6)]
2351,4,3,1,5,[(1, 5), (1, 6), (2, 6), (2, 7), (2, 8), (3, 7)]
2352,4,3,1,6,[(1, 6), (1, 7), (2, 7), (2, 8), (2, 9), (3, 8)]
2353,4,3,1,7,[(1, 7), (1, 8), (2, 8), (2, 9), (2, 10), (3, 9)]
2354,4,3,1,8,[(1, 8), (1, 9), (2, 9), (2, 10), (2, 11), (3, 10)]
2355,4,3,2,0,[(2, 0), (2, 1), (3, 1), (3, 2), (3, 3), (4, 2)]
2356,4,3,2,1,[(2, 1), (2, 2), (3, 2), (3, 3), (3, 4), (4, 3)]
2357,4,3,2,2,[(2, 2), (2, 3), (3, 3), (3, 4), (3, 5), (4, 4)]
2358,4,3,2,3,[(2, 3), (2, 4), (3, 4), (3, 5), (3, 6), (4, 5)]
2359,4,3,2,4,[(2, 4), (2, 5), (3, 5), (3, 6), (3, 7), (4, 6)]
2360,4,3,2,5,[(2, 5), (2, 6), (3, 6), (3, 7), (3, 8), (4, 7)]
2361,4,3,2,6,[(2, 6), (2, 7), (3, 7), (3, 8), (3, 9), (4, 8)]
2362,4,3,2,7,[(2, 7), (2, 8), (3, 8), (3, 9), (3, 10), (4, 9)]
2363,4,3,2,8,[(2, 8), (2, 9), (3, 9), (3, 10), (3, 11), (4, 10)]
2364,4,3,3,0,[(3, 0), (3, 1), (4, 1), (4, 2), (4, 3), (5, 2)]
2365,4,3,3,1,[(3, 1), (3, 2), (4, 2), (4, 3), (4, 4), (5, 3)]
2366,4,3,3,2,[(3, 2), (3, 3), (4, 3), (4, 4), (4, 5), (5, 4)]
2367,4,3,3,3,[(3, 3), (3, 4), (4, 4), (4, 5), (4, 6), (5, 5)]
2368,4,3,3,4,[(3, 4), (3, 5), (4, 5), (4, 6), (4, 7), (5, 6)]
2369,4,3,3,5,[(3, 5), (3, 6), (4, 6), (4, 7), (4, 8), (5, 7)]
2370,4,3,3,6,[(3, 6), (3, 7), (4, 7), (4, 8), (4, 9), (5, 8)]
2371,4,3,3,7,[(3, 7), (3, 8), (4, 8), (4, 9), (4, 10), (5, 9)]
2372,4,3,3,8,[(3, 8), (3, 9), (4, 9), (4, 10), (4, 11), (5, 10)]
2373,4,3,4,0,[(4, 0), (4, 1), (5, 1), (5, 2), (5, 3), (6, 2)]
2374,4,3,4,1,[(4, 1), (4, 2), (5, 2), (5, 3), (5, 4), (6, 3)]
2375,4,3,4,2,[(4, 2), (4, 3), (5, 3), (5, 4), (5, 5), (6, 4)]
2376,4,3,4,3,[(4, 3), (4, 4), (5, 4), (5, 5), (5, 6), (6, 5)]
2377,4,3,4,4,[(4, 4), (4, 5), (5, 5), (5, 6), (5, 7), (6, 6)]
2378,4,3,4,5,[(4, 5), (4, 6), (5, 6), (5, 7), (5, 8), (6, 7)]
2379,4,3,4,6,[(4, 6), (4, 7), (5, 7), (5, 8), (5, 9), (6, 8)]
2380,4,3,4,7,[(4, 7), (4, 8), (5, 8), (5, 9), (5, 10), (6, 9)]
2381,4,3,4,8,[(4, 8), (4, 9), (5, 9), (5, 10), (5, 11), (6, 10)]
2382,4,3,5,0,[(5, 0), (5, 1), (6, 1), (6, 2), (6, 3), (7, 2)]
2383,4,3,5,1,[(5, 1), (5, 2), (6, 2), (6, 3), (6, 4), (7, 3)]
2384,4,3,5,2,[(5, 2), (5, 3), (6, 3), (6, 4), (6, 5), (7, 4)]
2385,4,3,5,3,[(5, 3), (5, 4), (6, 4), (6, 5), (6, 6), (7, 5)]
2386,4,3,5,4,[(5, 4), (5, 5), (6, 5), (6, 6), (6, 7), (7, 6)]
2387,4,3,5,5,[(5, 5), (5, 6), (6, 6), (6, 7), (6, 8), (7, 7)]
2388,4,3,5,6,[(5, 6), (5, 7), (6, 7), (6, 8), (6, 9), (7, 8)]
2389,4,3,5,7,[(5, 7), (5, 8), (6, 8), (6, 9), (6, 10), (7, 9)]
2390,4,3,5,8,[(5, 8), (5, 9), (6, 9), (6, 10), (6, 11), (7, 10)]
2391,4,3,6,0,[(6, 0), (6, 1), (7, 1), (7, 2), (7, 3), (8, 2)]
2392,4,3,6,1,[(6, 1), (6, 2), (7, 2), (7, 3), (7, 4), (8, 3)]
2393,4,3,6,2,[(6, 2), (6, 3), (7, 3), (7, 4), (7, 5), (8, 4)]
2394,4,3,6,3,[(6, 3), (6, 4), (7, 4), (7, 5), (7, 6), (8, 5)]
2395,4,3,6,4,[(6, 4), (6, 5), (7, 5), (7, 6), (7, 7), (8, 6)]
2396,4,3,6,5,[(6, 5), (6, 6), (7, 6), (7, 7), (7, 8), (8, 7)]
2397,4,3,6,6,[(6, 6), (6, 7), (7, 7), (7, 8), (7, 9), (8, 8)]
2398,4,3,6,7,[(6, 7), (6, 8), (7, 8), (7, 9), (7, 10), (8, 9)]
2399,4,3,6,8,[(6, 8), (6, 9), (7, 9), (7, 10), (7, 11), (8, 10)]
2400,4,3,7,0,[(7, 0), (7, 1), (8, 1), (8, 2), (8, 3), (9, 2)]
2401,4,3,7,1,[(7, 1), (7, 2), (8, 2), (8, 3), (8, 4), (9, 3)]
2402,4,3,7,2,[(7, 2), (7, 3), (8, 3), (8, 4), (8, 5), (9, 4)]
2403,4,3,7,3,[(7, 3), (7, 4), (8, 4), (8, 5), (8, 6), (9, 5)]
2404,4,3,7,4,[(7, 4), (7, 5), (8, 5), (8, 6), (8, 7), (9, 6)]
2405,4,3,7,5,[(7, 5), (7, 6), (8, 6), (8, 7), (8, 8), (9, 7)]
2406,4,3,7,6,[(7, 6), (7, 7), (8, 7), (8, 8), (8, 9), (9, 8)]
2407,4,3,7,7,[(7, 7), (7, 8), (8, 8), (8, 9), (8, 10), (9, 9)]
2408,4,3,7,8,[(7, 8), (7, 9), (8, 9), (8, 10), (8, 11), (9, 10)]
2409,4,3,8,0,[(8, 0), (8, 1), (9, 1), (9, 2), (9, 3), (10, 2)]
2410,4,3,8,1,[(8, 1), (8, 2), (9, 2), (9, 3), (9, 4), (10, 3)]
2411,4,3,8,2,[(8, 2), (8, 3), (9, 3), (9, 4), (9, 5), (10, 4)]
2412,4,3,8,3,[(8, 3), (8, 4), (9, 4), (9, 5), (9, 6), (10, 5)]
2413,4,3,8,4,[(8, 4), (8, 5), (9, 5), (9, 6), (9, 7), (10, 6)]
2414,4,3,8,5,[(8, 5), (8, 6), (9, 6), (9, 7), (9, 8), (10, 7)]
2415,4,3,8,6,[(8, 6), (8, 7), (9, 7), (9, 8), (9, 9), (10, 8)]
2416,4,3,8,7,[(8, 7), (8, 8), (9, 8), (9, 9), (9, 10), (10, 9)]
2417,4,3,8,8,[(8, 8), (8, 9), (9, 9), (9, 10), (9, 11), (10, 10)]
2418,4,3,9,0,[(9, 0), (9, 1), (10, 1), (10, 2), (10, 3), (11, 2)]
2419,4,3,9,1,[(9, 1), (9, 2), (10, 2), (10, 3), (10, 4), (11, 3)]
2420,4,3,9,2,[(9, 2), (9, 3), (10, 3), (10, 4), (10, 5), (11, 4)]
2421,4,3,9,3,[(9, 3), (9, 4), (10, 4), (10, 5), (10, 6), (11, 5)]
2422,4,3,9,4,[(9, 4), (9, 5), (10, 5), (10, 6), (10, 7), (11, 6)]
2423,4,3,9,5,[(9, 5), (9, 6), (10, 6), (10, 7), (10, 8), (11, 7)]
2424,4,3,9,6,[(9, 6), (9, 7), (10, 7), (10, 8), (10, 9), (11, 8)]
2425,4,3,9,7,[(9, 7), (9, 8), (10, 8), (10, 9), (10, 10), (11, 9)]
2426,4,3,9,8,[(9, 8), (9, 9), (10, 9), (10, 10), (10, 11), (11, 10)]
2427,4,4,0,0,[(0, 2), (0, 3), (1, 0), (1, 1), (1, 2), (2, 1)]
2428,4,4,0,1,[(0, 3), (0, 4), (1, 1), (1, 2), (1, 3), (2, 2)]
2429,4,4,0,2,[(0, 4), (0, 5), (1, 2), (1, 3), (1, 4), (2, 3)]
2430,4,4,0,3,[(0, 5), (0, 6), (1, 3), (1, 4), (1, 5), (2, 4)]
2431,4,4,0,4,[(0, 6), (0, 7), (1, 4), (1, 5), (1, 6), (2, 5)]
2432,4,4,0,5,[(0, 7), (0, 8), (1, 5), (1, 6), (1, 7), (2, 6)]
2433,4,4,0,6,[(0, 8), (0, 9), (1, 6), (1, 7), (1, 8), (2, 7)]
2434,4,4,0,7,[(0, 9), (0, 10), (1, 7), (1, 8), (1, 9), (2, 8)]
2435,4,4,0,8,[(0, 10), (0, 11), (1, 8), (1, 9), (1, 10), (2, 9)]
2436,4,4,1,0,[(1, 2), (1, 3), (2, 0), (2, 1), (2, 2), (3, 1)]
2437,4,4,1,1,[(1, 3), (1, 4), (2, 1), (2, 2), (2, 3), (3, 2)]
2438,4,4,1,2,[(1, 4), (1, 5), (2, 2), (2, 3), (2, 4), (3, 3)]
2439,4,4,1,3,[(1, 5), (1, 6), (2, 3), (2, 4), (2, 5), (3, 4)]
2440,4,4,1,4,[(1, 6), (1, 7), (2, 4), (2, 5), (2, 6), (3, 5)]
2441,4,4,1,5,[(1, 7), (1, 8), (2, 5), (2, 6), (2, 7), (3, 6)]
2442,4,4,1,6,[(1, 8), (1, 9), (2, 6), (2, 7), (2, 8), (3, 7)]
2443,4,4,1,7,[(1, 9), (1, 10), (2, 7), (2, 8), (2, 9), (3, 8)]
2444,4,4,1,8,[(1, 10), (1, 11), (2, 8), (2, 9), (2, 10), (3, 9)]
2445,4,4,2,0,[(2, 2), (2, 3), (3, 0), (3, 1), (3, 2), (4, 1)]
2446,4,4,2,1,[(2, 3), (2, 4), (3, 1), (3, 2), (3, 3), (4, 2)]
2447,4,4,2,2,[(2, 4), (2, 5), (3, 2), (3, 3), (3, 4), (4, 3)]
2448,4,4,2,3,[(2, 5), (2, 6), (3, 3), (3, 4), (3, 5), (4, 4)]
2449,4,4,2,4,[(2, 6), (2, 7), (3, 4), (3, 5), (3, 6), (4, 5)]
2450,4,4,2,5,[(2, 7), (2, 8), (3, 5), (3, 6), (3, 7), (4, 6)]
2451,4,4,2,6,[(2, 8), (2, 9), (3, 6), (3, 7), (3, 8), (4, 7)]
2452,4,4,2,7,[(2, 9), (2, 10), (3, 7), (3, 8), (3, 9), (4, 8)]
2453,4,4,2,8,[(2, 10), (2, 11), (3, 8), (3, 9), (3, 10), (4, 9)]
2454,4,4,3,0,[(3, 2), (3, 3), (4, 0), (4, 1), (4, 2), (5, 1)]
2455,4,4,3,1,[(3, 3), (3, 4), (4, 1), (4, 2), (4, 3), (5, 2)]
2456,4,4,3,2,[(3, 4), (3, 5), (4, 2), (4, 3), (4, 4), (5, 3)]
2457,4,4,3,3,[(3, 5), (3, 6), (4, 3), (4, 4), (4, 5), (5, 4)]
2458,4,4,3,4,[(3, 6), (3, 7), (4, 4), (4, 5), (4, 6), (5, 5)]
2459,4,4,3,5,[(3, 7), (3, 8), (4, 5), (4, 6), (4, 7), (5, 6)]
2460,4,4,3,6,[(3, 8), (3, 9), (4, 6), (4, 7), (4, 8), (5, 7)]
2461,4,4,3,7,[(3, 9), (3, 10), (4, 7), (4, 8), (4, 9), (5, 8)]
2462,4,4,3,8,[(3, 10), (3, 11), (4, 8), (4, 9), (4, 10), (5, 9)]
2463,4,4,4,0,[(4, 2), (4, 3), (5, 0), (5, 1), (5, 2), (6, 1)]
2464,4,4,4,1,[(4, 3), (4, 4), (5, 1), (5, 2), (5, 3), (6, 2)]
2465,4,4,4,2,[(4, 4), (4, 5), (5, 2), (5, 3), (5, 4), (6, 3)]
2466,4,4,4,3,[(4, 5), (4, 6), (5, 3), (5, 4), (5, 5), (6, 4)]
2467,4,4,4,4,[(4, 6), (4, 7), (5, 4), (5, 5), (5, 6), (6, 5)]
2468,4,4,4,5,[(4, 7), (4, 8), (5, 5), (5, 6), (5, 7), (6, 6)]
2469,4,4,4,6,[(4, 8), (4, 9), (5, 6), (5, 7), (5, 8), (6, 7)]
2470,4,4,4,7,[(4, 9), (4, 10), (5, 7), (5, 8), (5, 9), (6, 8)]
2471,4,4,4,8,[(4, 10), (4, 11), (5, 8), (5, 9), (5, 10), (6, 9)]
2472,4,4,5,0,[(5, 2), (5, 3), (6, 0), (6, 1), (6, 2), (7, 1)]
2473,4,4,5,1,[(5, 3), (5, 4), (6, 1), (6, 2), (6, 3), (7, 2)]
2474,4,4,5,2,[(5, 4), (5, 5), (6, 2), (6, 3), (6, 4), (7, 3)]
2475,4,4,5,3,[(5, 5), (5, 6), (6, 3), (6, 4), (6, 5), (7, 4)]
2476,4,4,5,4,[(5, 6), (5, 7), (6, 4), (6, 5), (6, 6), (7, 5)]
2477,4,4,5,5,[(5, 7), (5, 8), (6, 5), (6, 6), (6, 7), (7, 6)]
2478,4,4,5,6,[(5, 8), (5, 9), (6, 6), (6, 7), (6, 8), (7, 7)]
2479,4,4,5,7,[(5, 9), (5, 10), (6, 7), (6, 8), (6, 9), (7, 8)]
2480,4,4,5,8,[(5, 10), (5, 11), (6, 8), (6, 9), (6, 10), (7, 9)]
2481,4,4,6,0,[(6, 2), (6, 3), (7, 0), (7, 1), (7, 2), (8, 1)]
2482,4,4,6,1,[(6, 3), (6, 4), (7, 1), (7, 2), (7, 3), (8, 2)]
2483,4,4,6,2,[(6, 4), (6, 5), (7, 2), (7, 3), (7, 4), (8, 3)]
2484,4,4,6,3,[(6, 5), (6, 6), (7, 3), (7, 4), (7, 5), (8, 4)]
2485,4,4,6,4,[(6, 6), (6, 7), (7, 4), (7, 5), (7, 6), (8, 5)]
2486,4,4,6,5,[(6, 7), (6, 8), (7, 5), (7, 6), (7, 7), (8, 6)]
2487,4,4,6,6,[(6, 8), (6, 9), (7, 6), (7, 7), (7, 8), (8, 7)]
2488,4,4,6,7,[(6, 9), (6, 10), (7, 7), (7, 8), (7, 9), (8, 8)]
2489,4,4,6,8,[(6, 10), (6, 11), (7, 8), (7, 9), (7, 10), (8, 9)]
2490,4,4,7,0,[(7, 2), (7, 3), (8, 0), (8, 1), (8, 2), (9, 1)]
2491,4,4,7,1,[(7, 3), (7, 4), (8, 1), (8, 2), (8, 3), (9, 2)]
2492,4,4,7,2,[(7, 4), (7, 5), (8, 2), (8, 3), (8, 4), (9, 3)]
2493,4,4,7,3,[(7, 5), (7, 6), (8, 3), (8, 4), (8, 5), (9, 4)]
2494,4,4,7,4,[(7, 6), (7, 7), (8, 4), (8, 5), (8, 6), (9, 5)]
2495,4,4,7,5,[(7, 7), (7, 8), (8, 5), (8, 6), (8, 7), (9, 6)]
2496,4,4,7,6,[(7, 8), (7, 9), (8, 6), (8, 7), (8, 8), (9, 7)]
2497,4,4,7,7,[(7, 9), (7, 10), (8, 7), (8, 8), (8, 9), (9, 8)]
2498,4,4,7,8,[(7, 10), (7, 11), (8, 8), (8, 9), (8, 10), (9, 9)]
2499,4,4,8,0,[(8, 2), (8, 3), (9, 0), (9, 1), (9, 2), (10, 1)]
2500,4,4,8,1,[(8, 3), (8, 4), (9, 1), (9, 2), (9, 3), (10, 2)]
2501,4,4,8,2,[(8, 4), (8, 5), (9, 2), (9, 3), (9, 4), (10, 3)]
2502,4,4,8,3,[(8, 5), (8, 6), (9, 3), (9, 4), (9, 5), (10, 4)]
2503,4,4,8,4,[(8, 6), (8, 7), (9, 4), (9, 5), (9, 6), (10, 5)]
2504,4,4,8,5,[(8, 7), (8, 8), (9, 5), (9, 6), (9, 7), (10, 6)]
2505,4,4,8,6,[(8, 8), (8, 9), (9, 6), (9, 7), (9, 8), (10, 7)]
2506,4,4,8,7,[(8, 9), (8, 10), (9, 7), (9, 8), (9, 9), (10, 8)]
2507,4,4,8,8,[(8, 10), (8, 11), (9, 8), (9, 9), (9, 10), (10, 9)]
2508,4,4,9,0,[(9, 2), (9, 3), (10, 0), (10, 1), (10, 2), (11, 1)]
2509,4,4,9,1,[(9, 3), (9, 4), (10, 1), (10, 2), (10, 3), (11, 2)]
2510,4,4,9,2,[(9, 4), (9, 5), (10, 2), (10, 3), (10, 4), (11, 3)]
2511,4,4,9,3,[(9, 5), (9, 6), (10, 3), (10, 4), (10, 5), (11, 4)]
2512,4,4,9,4,[(9, 6), (9, 7), (10, 4), (10, 5), (10, 6), (11, 5)]
2513,4,4,9,5,[(9, 7), (9, 8), (10, 5), (10, 6), (10, 7), (11, 6)]
2514,4,4,9,6,[(9, 8), (9, 9), (10, 6), (10, 7), (10, 8), (11, 7)]
2515,4,4,9,7,[(9, 9), (9, 10), (10, 7), (10, 8), (10, 9), (11, 8)]
2516,4,4,9,8,[(9, 10), (9, 11), (10, 8), (10, 9), (10, 10), (11, 9)]
2517,4,5,0,0,[(0, 2), (1, 1), (1, 2), (1, 3), (2, 0), (2, 1)]
2518,4,5,0,1,[(0, 3), (1, 2), (1, 3), (1, 4), (2, 1), (2, 2)]
2519,4,5,0,2,[(0, 4), (1, 3), (1, 4), (1, 5), (2, 2), (2, 3)]
2520,4,5,0,3,[(0, 5), (1, 4), (1, 5), (1, 6), (2, 3), (2, 4)]
2521,4,5,0,4,[(0, 6), (1, 5), (1, 6), (1, 7), (2, 4), (2, 5)]
2522,4,5,0,5,[(0, 7), (1, 6), (1, 7), (1, 8), (2, 5), (2, 6)]
2523,4,5,0,6,[(0, 8), (1, 7), (1, 8), (1, 9), (2, 6), (2, 7)]
2524,4,5,0,7,[(0, 9), (1, 8), (1, 9), (1, 10), (2, 7), (2, 8)]
2525,4,5,0,8,[(0, 10), (1, 9), (1, 10), (1, 11), (2, 8), (2, 9)]
2526,4,5,1,0,[(1, 2), (2, 1), (2, 2), (2, 3), (3, 0), (3, 1)]
2527,4,5,1,1,[(1, 3), (2, 2), (2, 3), (2, 4), (3, 1), (3, 2)]
2528,4,5,1,2,[(1, 4), (2, 3), (2, 4), (2, 5), (3, 2), (3, 3)]
2529,4,5,1,3,[(1, 5), (2, 4), (2, 5), (2, 6), (3, 3), (3, 4)]
2530,4,5,1,4,[(1, 6), (2, 5), (2, 6), (2, 7), (3, 4), (3, 5)]
2531,4,5,1,5,[(1, 7), (2, 6), (2, 7), (2, 8), (3, 5), (3, 6)]
2532,4,5,1,6,[(1, 8), (2, 7), (2, 8), (2, 9), (3, 6), (3, 7)]
2533,4,5,1,7,[(1, 9), (2, 8), (2, 9), (2, 10), (3, 7), (3, 8)]
2534,4,5,1,8,[(1, 10), (2, 9), (2, 10), (2, 11), (3, 8), (3, 9)]
2535,4,5,2,0,[(2, 2), (3, 1), (3, 2), (3, 3), (4, 0), (4, 1)]
2536,4,5,2,1,[(2, 3), (3, 2), (3, 3), (3, 4), (4, 1), (4, 2)]
2537,4,5,2,2,[(2, 4), (3, 3), (3, 4), (3, 5), (4, 2), (4, 3)]
2538,4,5,2,3,[(2, 5), (3, 4), (3, 5), (3, 6), (4, 3), (4, 4)]
2539,4,5,2,4,[(2, 6), (3, 5), (3, 6), (3, 7), (4, 4), (4, 5)]
2540,4,5,2,5,[(2, 7), (3, 6), (3, 7), (3, 8), (4, 5), (4, 6)]
2541,4,5,2,6,[(2, 8), (3, 7), (3, 8), (3, 9), (4, 6), (4, 7)]
2542,4,5,2,7,[(2, 9), (3, 8), (3, 9), (3, 10), (4, 7), (4, 8)]
2543,4,5,2,8,[(2, 10), (3, 9), (3, 10), (3, 11), (4, 8), (4, 9)]
2544,4,5,3,0,[(3, 2), (4, 1), (4, 2), (4, 3), (5, 0), (5, 1)]
2545,4,5,3,1,[(3, 3), (4, 2), (4, 3), (4, 4), (5, 1), (5, 2)]
2546,4,5,3,2,[(3, 4), (4, 3), (4, 4), (4, 5), (5, 2), (5, 3)]
2547,4,5,3,3,[(3, 5), (4, 4), (4, 5), (4, 6), (5, 3), (5, 4)]
2548,4,5,3,4,[(3, 6), (4, 5), (4, 6), (4, 7), (5, 4), (5, 5)]
2549,4,5,3,5,[(3, 7), (4, 6), (4, 7), (4, 8), (5, 5), (5, 6)]
2550,4,5,3,6,[(3, 8), (4, 7), (4, 8), (4, 9), (5, 6), (5, 7)]
2551,4,5,3,7,[(3, 9), (4, 8), (4, 9), (4, 10), (5, 7), (5, 8)]
2552,4,5,3,8,[(3, 10), (4, 9), (4, 10), (4, 11), (5, 8), (5, 9)]
2553,4,5,4,0,[(4, 2), (5, 1), (5, 2), (5, 3), (6, 0), (6, 1)]
2554,4,5,4,1,[(4, 3), (5, 2), (5, 3), (5, 4), (6, 1), (6, 2)]
2555,4,5,4,2,[(4, 4), (5, 3), (5, 4), (5, 5), (6, 2), (6, 3)]
2556,4,5,4,3,[(4, 5), (5, 4), (5, 5), (5, 6), (6, 3), (6, 4)]
2557,4,5,4,4,[(4, 6), (5, 5), (5, 6), (5, 7), (6, 4), (6, 5)]
2558,4,5,4,5,[(4, 7), (5, 6), (5, 7), (5, 8), (6, 5), (6, 6)]
2559,4,5,4,6,[(4, 8), (5, 7), (5, 8), (5, 9), (6, 6), (6, 7)]
2560,4,5,4,7,[(4, 9), (5, 8), (5, 9), (5, 10), (6, 7), (6, 8)]
2561,4,5,4,8,[(4, 10), (5, 9), (5, 10), (5, 11), (6, 8), (6, 9)]
2562,4,5,5,0,[(5, 2), (6, 1), (6, 2), (6, 3), (7, 0), (7, 1)]
2563,4,5,5,1,[(5, 3), (6, 2), (6, 3), (6, 4), (7, 1), (7, 2)]
2564,4,5,5,2,[(5, 4), (6, 3), (6, 4), (6, 5), (7, 2), (7, 3)]
2565,4,5,5,3,[(5, 5), (6, 4), (6, 5), (6, 6), (7, 3), (7, 4)]
2566,4,5,5,4,[(5, 6), (6, 5), (6, 6), (6, 7), (7, 4), (7, 5)]
2567,4,5,5,5,[(5, 7), (6, 6), (6, 7), (6, 8), (7, 5), (7, 6)]
2568,4,5,5,6,[(5, 8), (6, 7), (6, 8), (6, 9), (7, 6), (7, 7)]
2569,4,5,5,7,[(5, 9), (6, 8), (6, 9), (6, 10), (7, 7), (7, 8)]
2570,4,5,5,8,[(5, 10), (6, 9), (6, 10), (6, 11), (7, 8), (7, 9)]
2571,4,5,6,0,[(6, 2), (7, 1), (7, 2), (7, 3), (8, 0), (8, 1)]
2572,4,5,6,1,[(6, 3), (7, 2), (7, 3), (7, 4), (8, 1), (8, 2)]
2573,4,5,6,2,[(6, 4), (7, 3), (7, 4), (7, 5), (8, 2), (8, 3)]
2574,4,5,6,3,[(6, 5), (7, 4), (7, 5), (7, 6), (8, 3), (8, 4)]
2575,4,5,6,4,[(6, 6), (7, 5), (7, 6), (7, 7), (8, 4), (8, 5)]
2576,4,5,6,5,[(6, 7), (7, 6), (7, 7), (7, 8), (8, 5), (8, 6)]
2577,4,5,6,6,[(6, 8), (7, 7), (7, 8), (7, 9), (8, 6), (8, 7)]
2578,4,5,6,7,[(6, 9), (7, 8), (7, 9), (7, 10), (8, 7), (8, 8)]
2579,4,5,6,8,[(6, 10), (7, 9), (7, 10), (7, 11), (8, 8), (8, 9)]
2580,4,5,7,0,[(7, 2), (8, 1), (8, 2), (8, 3), (9, 0), (9, 1)]
2581,4,5,7,1,[(7, 3), (8, 2), (8, 3), (8, 4), (9, 1), (9, 2)]
2582,4,5,7,2,[(7, 4), (8, 3), (8, 4), (8, 5), (9, 2), (9, 3)]
2583,4,5,7,3,[(7, 5), (8, 4), (8, 5), (8, 6), (9, 3), (9, 4)]
2584,4,5,7,4,[(7, 6), (8, 5), (8, 6), (8, 7), (9, 4), (9, 5)]
2585,4,5,7,5,[(7, 7), (8, 6), (8, 7), (8, 8), (9, 5), (9, 6)]
2586,4,5,7,6,[(7, 8), (8, 7), (8, 8), (8, 9), (9, 6), (9, 7)]
2587,4,5,7,7,[(7, 9), (8, 8), (8, 9), (8, 10), (9, 7), (9, 8)]
2588,4,5,7,8,[(7, 10), (8, 9), (8, 10), (8, 11), (9, 8), (9, 9)]
2589,4,5,8,0,[(8, 2), (9, 1), (9, 2), (9, 3), (10, 0), (10, 1)]
2590,4,5,8,1,[(8, 3), (9, 2), (9, 3), (9, 4), (10, 1), (10, 2)]
2591,4,5,8,2,[(8, 4), (9, 3), (9, 4), (9, 5), (10, 2), (10, 3)]
2592,4,5,8,3,[(8, 5), (9, 4), (9, 5), (9, 6), (10, 3), (10, 4)]
2593,4,5,8,4,[(8, 6), (9, 5), (9, 6), (9, 7), (10, 4), (10, 5)]
2594,4,5,8,5,[(8, 7), (9, 6), (9, 7), (9, 8), (10, 5), (10, 6)]
2595,4,5,8,6,[(8, 8), (9, 7), (9, 8), (9, 9), (10, 6), (10, 7)]
2596,4,5,8,7,[(8, 9), (9, 8), (9, 9), (9, 10), (10, 7), (10, 8)]
2597,4,5,8,8,[(8, 10), (9, 9), (9, 10), (9, 11), (10, 8), (10, 9)]
2598,4,5,9,0,[(9, 2), (10, 1), (10, 2), (10, 3), (11, 0), (11, 1)]
2599,4,5,9,1,[(9, 3), (10, 2), (10, 3), (10, 4), (11, 1), (11, 2)]
2600,4,5,9,2,[(9, 4), (10, 3), (10, 4), (10, 5), (11, 2), (11, 3)]
2601,4,5,9,3,[(9, 5), (10, 4), (10, 5), (10, 6), (11, 3), (11, 4)]
2602,4,5,9,4,[(9, 6), (10, 5), (10, 6), (10, 7), (11, 4), (11, 5)]
2603,4,5,9,5,[(9, 7), (10, 6), (10, 7), (10, 8), (11, 5), (11, 6)]
2604,4,5,9,6,[(9, 8), (10, 7), (10, 8), (10, 9), (11, 6), (11, 7)]
2605,4,5,9,7,[(9, 9), (10, 8), (10, 9), (10, 10), (11, 7), (11, 8)]
2606,4,5,9,8,[(9, 10), (10, 9), (10, 10), (10, 11), (11, 8), (11, 9)]
2607,4,6,0,0,[(0, 2), (1, 1), (1, 2), (2, 0), (2, 1), (3, 1)]
2608,4,6,0,1,[(0, 3), (1, 2), (1, 3), (2, 1), (2, 2), (3, 2)]
2609,4,6,0,2,[(0, 4), (1, 3), (1, 4), (2, 2), (2, 3), (3, 3)]
2610,4,6,0,3,[(0, 5), (1, 4), (1, 5), (2, 3), (2, 4), (3, 4)]
2611,4,6,0,4,[(0, 6), (1, 5), (1, 6), (2, 4), (2, 5), (3, 5)]
2612,4,6,0,5,[(0, 7), (1, 6), (1, 7), (2, 5), (2, 6), (3, 6)]
2613,4,6,0,6,[(0, 8), (1, 7), (1, 8), (2, 6), (2, 7), (3, 7)]
2614,4,6,0,7,[(0, 9), (1, 8), (1, 9), (2, 7), (2, 8), (3, 8)]
2615,4,6,0,8,[(0, 10), (1, 9), (1, 10), (2, 8), (2, 9), (3, 9)]
2616,4,6,0,9,[(0, 11), (1, 10), (1, 11), (2, 9), (2, 10), (3, 10)]
2617,4,6,1,0,[(1, 2), (2, 1), (2, 2), (3, 0), (3, 1), (4, 1)]
2618,4,6,1,1,[(1, 3), (2, 2), (2, 3), (3, 1), (3, 2), (4, 2)]
2619,4,6,1,2,[(1, 4), (2, 3), (2, 4), (3, 2), (3, 3), (4, 3)]
2620,4,6,1,3,[(1, 5), (2, 4), (2, 5), (3, 3), (3, 4), (4, 4)]
2621,4,6,1,4,[(1, 6), (2, 5), (2, 6), (3, 4), (3, 5), (4, 5)]
2622,4,6,1,5,[(1, 7), (2, 6), (2, 7), (3, 5), (3, 6), (4, 6)]
2623,4,6,1,6,[(1, 8), (2, 7), (2, 8), (3, 6), (3, 7), (4, 7)]
2624,4,6,1,7,[(1, 9), (2, 8), (2, 9), (3, 7), (3, 8), (4, 8)]
2625,4,6,1,8,[(1, 10), (2, 9), (2, 10), (3, 8), (3, 9), (4, 9)]
2626,4,6,1,9,[(1, 11), (2, 10), (2, 11), (3, 9), (3, 10), (4, 10)]
2627,4,6,2,0,[(2, 2), (3, 1), (3, 2), (4, 0), (4, 1), (5, 1)]
2628,4,6,2,1,[(2, 3), (3, 2), (3, 3), (4, 1), (4, 2), (5, 2)]
2629,4,6,2,2,[(2, 4), (3, 3), (3, 4), (4, 2), (4, 3), (5, 3)]
2630,4,6,2,3,[(2, 5), (3, 4), (3, 5), (4, 3), (4, 4), (5, 4)]
2631,4,6,2,4,[(2, 6), (3, 5), (3, 6), (4, 4), (4, 5), (5, 5)]
2632,4,6,2,5,[(2, 7), (3, 6), (3, 7), (4, 5), (4, 6), (5, 6)]
2633,4,6,2,6,[(2, 8), (3, 7), (3, 8), (4, 6), (4, 7), (5, 7)]
2634,4,6,2,7,[(2, 9), (3, 8), (3, 9), (4, 7), (4, 8), (5, 8)]
2635,4,6,2,8,[(2, 10), (3, 9), (3, 10), (4, 8), (4, 9), (5, 9)]
2636,4,6,2,9,[(2, 11), (3, 10), (3, 11), (4, 9), (4, 10), (5, 10)]
2637,4,6,3,0,[(3, 2), (4, 1), (4, 2), (5, 0), (5, 1), (6, 1)]
2638,4,6,3,1,[(3, 3), (4, 2), (4, 3), (5, 1), (5, 2), (6, 2)]
2639,4,6,3,2,[(3, 4), (4, 3), (4, 4), (5, 2), (5, 3), (6, 3)]
2640,4,6,3,3,[(3, 5), (4, 4), (4, 5), (5, 3), (5, 4), (6, 4)]
2641,4,6,3,4,[(3, 6), (4, 5), (4, 6), (5, 4), (5, 5), (6, 5)]
2642,4,6,3,5,[(3, 7), (4, 6), (4, 7), (5, 5), (5, 6), (6, 6)]
2643,4,6,3,6,[(3, 8), (4, 7), (4, 8), (5, 6), (5, 7), (6, 7)]
2644,4,6,3,7,[(3, 9), (4, 8), (4, 9), (5, 7), (5, 8), (6, 8)]
2645,4,6,3,8,[(3, 10), (4, 9), (4, 10), (5, 8), (5, 9), (6, 9)]
2646,4,6,3,9,[(3, 11), (4, 10), (4, 11), (5, 9), (5, 10), (6, 10)]
2647,4,6,4,0,[(4, 2), (5, 1), (5, 2), (6, 0), (6, 1), (7, 1)]
2648,4,6,4,1,[(4, 3), (5, 2), (5, 3), (6, 1), (6, 2), (7, 2)]
2649,4,6,4,2,[(4, 4), (5, 3), (5, 4), (6, 2), (6, 3), (7, 3)]
2650,4,6,4,3,[(4, 5), (5, 4), (5, 5), (6, 3), (6, 4), (7, 4)]
2651,4,6,4,4,[(4, 6), (5, 5), (5, 6), (6, 4), (6, 5), (7, 5)]
2652,4,6,4,5,[(4, 7), (5, 6), (5, 7), (6, 5), (6, 6), (7, 6)]
2653,4,6,4,6,[(4, 8), (5, 7), (5, 8), (6, 6), (6, 7), (7, 7)]
2654,4,6,4,7,[(4, 9), (5, 8), (5, 9), (6, 7), (6, 8), (7, 8)]
2655,4,6,4,8,[(4, 10), (5, 9), (5, 10), (6, 8), (6, 9), (7, 9)]
2656,4,6,4,9,[(4, 11), (5, 10), (5, 11), (6, 9), (6, 10), (7, 10)]
2657,4,6,5,0,[(5, 2), (6, 1), (6, 2), (7, 0), (7, 1), (8, 1)]
2658,4,6,5,1,[(5, 3), (6, 2), (6, 3), (7, 1), (7, 2), (8, 2)]
2659,4,6,5,2,[(5, 4), (6, 3), (6, 4), (7, 2), (7, 3), (8, 3)]
2660,4,6,5,3,[(5, 5), (6, 4), (6, 5), (7, 3), (7, 4), (8, 4)]
2661,4,6,5,4,[(5, 6), (6, 5), (6, 6), (7, 4), (7, 5), (8, 5)]
2662,4,6,5,5,[(5, 7), (6, 6), (6, 7), (7, 5), (7, 6), (8, 6)]
2663,4,6,5,6,[(5, 8), (6, 7), (6, 8), (7, 6), (7, 7), (8, 7)]
2664,4,6,5,7,[(5, 9), (6, 8), (6, 9), (7, 7), (7, 8), (8, 8)]
2665,4,6,5,8,[(5, 10), (6, 9), (6, 10), (7, 8), (7, 9), (8, 9)]
2666,4,6,5,9,[(5, 11), (6, 10), (6, 11), (7, 9), (7, 10), (8, 10)]
2667,4,6,6,0,[(6, 2), (7, 1), (7, 2), (8, 0), (8, 1), (9, 1)]
2668,4,6,6,1,[(6, 3), (7, 2), (7, 3), (8, 1), (8, 2), (9, 2)]
2669,4,6,6,2,[(6, 4), (7, 3), (7, 4), (8, 2), (8, 3), (9, 3)]
2670,4,6,6,3,[(6, 5), (7, 4), (7, 5), (8, 3), (8, 4), (9, 4)]
2671,4,6,6,4,[(6, 6), (7, 5), (7, 6), (8, 4), (8, 5), (9, 5)]
2672,4,6,6,5,[(6, 7), (7, 6), (7, 7), (8, 5), (8, 6), (9, 6)]
2673,4,6,6,6,[(6, 8), (7, 7), (7, 8), (8, 6), (8, 7), (9, 7)]
2674,4,6,6,7,[(6, 9), (7, 8), (7, 9), (8, 7), (8, 8), (9, 8)]
2675,4,6,6,8,[(6, 10), (7, 9), (7, 10), (8, 8), (8, 9), (9, 9)]
2676,4,6,6,9,[(6, 11), (7, 10), (7, 11), (8, 9), (8, 10), (9, 10)]
2677,4,6,7,0,[(7, 2), (8, 1), (8, 2), (9, 0), (9, 1), (10, 1)]
2678,4,6,7,1,[(7, 3), (8, 2), (8, 3), (9, 1), (9, 2), (10, 2)]
2679,4,6,7,2,[(7, 4), (8, 3), (8, 4), (9, 2), (9, 3), (10, 3)]
2680,4,6,7,3,[(7, 5), (8, 4), (8, 5), (9, 3), (9, 4), (10, 4)]
2681,4,6,7,4,[(7, 6), (8, 5), (8, 6), (9, 4), (9, 5), (10, 5)]
2682,4,6,7,5,[(7, 7), (8, 6), (8, 7), (9, 5), (9, 6), (10, 6)]
2683,4,6,7,6,[(7, 8), (8, 7), (8, 8), (9, 6), (9, 7), (10, 7)]
2684,4,6,7,7,[(7, 9), (8, 8), (8, 9), (9, 7), (9, 8), (10, 8)]
2685,4,6,7,8,[(7, 10), (8, 9), (8, 10), (9, 8), (9, 9), (10, 9)]
2686,4,6,7,9,[(7, 11), (8, 10), (8, 11), (9, 9), (9, 10), (10, 10)]
2687,4,6,8,0,[(8, 2), (9, 1), (9, 2), (10, 0), (10, 1), (11, 1)]
2688,4,6,8,1,[(8, 3), (9, 2), (9, 3), (10, 1), (10, 2), (11, 2)]
2689,4,6,8,2,[(8, 4), (9, 3), (9, 4), (10, 2), (10, 3), (11, 3)]
2690,4,6,8,3,[(8, 5), (9, 4), (9, 5), (10, 3), (10, 4), (11, 4)]
2691,4,6,8,4,[(8, 6), (9, 5), (9, 6), (10, 4), (10, 5), (11, 5)]
2692,4,6,8,5,[(8, 7), (9, 6), (9, 7), (10, 5), (10, 6), (11, 6)]
2693,4,6,8,6,[(8, 8), (9, 7), (9, 8), (10, 6), (10, 7), (11, 7)]
2694,4,6,8,7,[(8, 9), (9, 8), (9, 9), (10, 7), (10, 8), (11, 8)]
2695,4,6,8,8,[(8, 10), (9, 9), (9, 10), (10, 8), (10, 9), (11, 9)]
2696,4,6,8,9,[(8, 11), (9, 10), (9, 11), (10, 9), (10, 10), (11, 10)]
2697,4,7,0,0,[(0, 1), (1, 0), (1, 1), (1, 2), (2, 2), (2, 3)]
2698,4,7,0,1,[(0, 2), (1, 1), (1, 2), (1, 3), (2, 3), (2, 4)]
2699,4,7,0,2,[(0, 3), (1, 2), (1, 3), (1, 4), (2, 4), (2, 5)]
2700,4,7,0,3,[(0, 4), (1, 3), (1, 4), (1, 5), (2, 5), (2, 6)]
2701,4,7,0,4,[(0, 5), (1, 4), (1, 5), (1, 6), (2, 6), (2, 7)]
2702,4,7,0,5,[(0, 6), (1, 5), (1, 6), (1, 7), (2, 7), (2, 8)]
2703,4,7,0,6,[(0, 7), (1, 6), (1, 7), (1, 8), (2, 8), (2, 9)]
2704,4,7,0,7,[(0, 8), (1, 7), (1, 8), (1, 9), (2, 9), (2, 10)]
2705,4,7,0,8,[(0, 9), (1, 8), (1, 9), (1, 10), (2, 10), (2, 11)]
2706,4,7,1,0,[(1, 1), (2, 0), (2, 1), (2, 2), (3, 2), (3, 3)]
2707,4,7,1,1,[(1, 2), (2, 1), (2, 2), (2, 3), (3, 3), (3, 4)]
2708,4,7,1,2,[(1, 3), (2, 2), (2, 3), (2, 4), (3, 4), (3, 5)]
2709,4,7,1,3,[(1, 4), (2, 3), (2, 4), (2, 5), (3, 5), (3, 6)]
2710,4,7,1,4,[(1, 5), (2, 4), (2, 5), (2, 6), (3, 6), (3, 7)]
2711,4,7,1,5,[(1, 6), (2, 5), (2, 6), (2, 7), (3, 7), (3, 8)]
2712,4,7,1,6,[(1, 7), (2, 6), (2, 7), (2, 8), (3, 8), (3, 9)]
2713,4,7,1,7,[(1, 8), (2, 7), (2, 8), (2, 9), (3, 9), (3, 10)]
2714,4,7,1,8,[(1, 9), (2, 8), (2, 9), (2, 10), (3, 10), (3, 11)]
2715,4,7,2,0,[(2, 1), (3, 0), (3, 1), (3, 2), (4, 2), (4, 3)]
2716,4,7,2,1,[(2, 2), (3, 1), (3, 2), (3, 3), (4, 3), (4, 4)]
2717,4,7,2,2,[(2, 3), (3, 2), (3, 3), (3, 4), (4, 4), (4, 5)]
2718,4,7,2,3,[(2, 4), (3, 3), (3, 4), (3, 5), (4, 5), (4, 6)]
2719,4,7,2,4,[(2, 5), (3, 4), (3, 5), (3, 6), (4, 6), (4, 7)]
2720,4,7,2,5,[(2, 6), (3, 5), (3, 6), (3, 7), (4, 7), (4, 8)]
2721,4,7,2,6,[(2, 7), (3, 6), (3, 7), (3, 8), (4, 8), (4, 9)]
2722,4,7,2,7,[(2, 8), (3, 7), (3, 8), (3, 9), (4, 9), (4, 10)]
2723,4,7,2,8,[(2, 9), (3, 8), (3, 9), (3, 10), (4, 10), (4, 11)]
2724,4,7,3,0,[(3, 1), (4, 0), (4, 1), (4, 2), (5, 2), (5, 3)]
2725,4,7,3,1,[(3, 2), (4, 1), (4, 2), (4, 3), (5, 3), (5, 4)]
2726,4,7,3,2,[(3, 3), (4, 2), (4, 3), (4, 4), (5, 4), (5, 5)]
2727,4,7,3,3,[(3, 4), (4, 3), (4, 4), (4, 5), (5, 5), (5, 6)]
2728,4,7,3,4,[(3, 5), (4, 4), (4, 5), (4, 6), (5, 6), (5, 7)]
2729,4,7,3,5,[(3, 6), (4, 5), (4, 6), (4, 7), (5, 7), (5, 8)]
2730,4,7,3,6,[(3, 7), (4, 6), (4, 7), (4, 8), (5, 8), (5, 9)]
2731,4,7,3,7,[(3, 8), (4, 7), (4, 8), (4, 9), (5, 9), (5, 10)]
2732,4,7,3,8,[(3, 9), (4, 8), (4, 9), (4, 10), (5, 10), (5, 11)]
2733,4,7,4,0,[(4, 1), (5, 0), (5, 1), (5, 2), (6, 2), (6, 3)]
2734,4,7,4,1,[(4, 2), (5, 1), (5, 2), (5, 3), (6, 3), (6, 4)]
2735,4,7,4,2,[(4, 3), (5, 2), (5, 3), (5, 4), (6, 4), (6, 5)]
2736,4,7,4,3,[(4, 4), (5, 3), (5, 4), (5, 5), (6, 5), (6, 6)]
2737,4,7,4,4,[(4, 5), (5, 4), (5, 5), (5, 6), (6, 6), (6, 7)]
2738,4,7,4,5,[(4, 6), (5, 5), (5, 6), (5, 7), (6, 7), (6, 8)]
2739,4,7,4,6,[(4, 7), (5, 6), (5, 7), (5, 8), (6, 8), (6, 9)]
2740,4,7,4,7,[(4, 8), (5, 7), (5, 8), (5, 9), (6, 9), (6, 10)]
2741,4,7,4,8,[(4, 9), (5, 8), (5, 9), (5, 10), (6, 10), (6, 11)]
2742,4,7,5,0,[(5, 1), (6, 0), (6, 1), (6, 2), (7, 2), (7, 3)]
2743,4,7,5,1,[(5, 2), (6, 1), (6, 2), (6, 3), (7, 3), (7, 4)]
2744,4,7,5,2,[(5, 3), (6, 2), (6, 3), (6, 4), (7, 4), (7, 5)]
2745,4,7,5,3,[(5, 4), (6, 3), (6, 4), (6, 5), (7, 5), (7, 6)]
2746,4,7,5,4,[(5, 5), (6, 4), (6, 5), (6, 6), (7, 6), (7, 7)]
2747,4,7,5,5,[(5, 6), (6, 5), (6, 6), (6, 7), (7, 7), (7, 8)]
2748,4,7,5,6,[(5, 7), (6, 6), (6, 7), (6, 8), (7, 8), (7, 9)]
2749,4,7,5,7,[(5, 8), (6, 7), (6, 8), (6, 9), (7, 9), (7, 10)]
2750,4,7,5,8,[(5, 9), (6, 8), (6, 9), (6, 10), (7, 10), (7, 11)]
2751,4,7,6,0,[(6, 1), (7, 0), (7, 1), (7, 2), (8, 2), (8, 3)]
2752,4,7,6,1,[(6, 2), (7, 1), (7, 2), (7, 3), (8, 3), (8, 4)]
2753,4,7,6,2,[(6, 3), (7, 2), (7, 3), (7, 4), (8, 4), (8, 5)]
2754,4,7,6,3,[(6, 4), (7, 3), (7, 4), (7, 5), (8, 5), (8, 6)]
2755,4,7,6,4,[(6, 5), (7, 4), (7, 5), (7, 6), (8, 6), (8, 7)]
2756,4,7,6,5,[(6, 6), (7, 5), (7, 6), (7, 7), (8, 7), (8, 8)]
2757,4,7,6,6,[(6, 7), (7, 6), (7, 7), (7, 8), (8, 8), (8, 9)]
2758,4,7,6,7,[(6, 8), (7, 7), (7, 8), (7, 9), (8, 9), (8, 10)]
2759,4,7,6,8,[(6, 9), (7, 8), (7, 9), (7, 10), (8, 10), (8, 11)]
2760,4,7,7,0,[(7, 1), (8, 0), (8, 1), (8, 2), (9, 2), (9, 3)]
2761,4,7,7,1,[(7, 2), (8, 1), (8, 2), (8, 3), (9, 3), (9, 4)]
2762,4,7,7,2,[(7, 3), (8, 2), (8, 3), (8, 4), (9, 4), (9, 5)]
2763,4,7,7,3,[(7, 4), (8, 3), (8, 4), (8, 5), (9, 5), (9, 6)]
2764,4,7,7,4,[(7, 5), (8, 4), (8, 5), (8, 6), (9, 6), (9, 7)]
2765,4,7,7,5,[(7, 6), (8, 5), (8, 6), (8, 7), (9, 7), (9, 8)]
2766,4,7,7,6,[(7, 7), (8, 6), (8, 7), (8, 8), (9, 8), (9, 9)]
2767,4,7,7,7,[(7, 8), (8, 7), (8, 8), (8, 9), (9, 9), (9, 10)]
2768,4,7,7,8,[(7, 9), (8, 8), (8, 9), (8, 10), (9, 10), (9, 11)]
2769,4,7,8,0,[(8, 1), (9, 0), (9, 1), (9, 2), (10, 2), (10, 3)]
2770,4,7,8,1,[(8, 2), (9, 1), (9, 2), (9, 3), (10, 3), (10, 4)]
2771,4,7,8,2,[(8, 3), (9, 2), (9, 3), (9, 4), (10, 4), (10, 5)]
2772,4,7,8,3,[(8, 4), (9, 3), (9, 4), (9, 5), (10, 5), (10, 6)]
2773,4,7,8,4,[(8, 5), (9, 4), (9, 5), (9, 6), (10, 6), (10, 7)]
2774,4,7,8,5,[(8, 6), (9, 5), (9, 6), (9, 7), (10, 7), (10, 8)]
2775,4,7,8,6,[(8, 7), (9, 6), (9, 7), (9, 8), (10, 8), (10, 9)]
2776,4,7,8,7,[(8, 8), (9, 7), (9, 8), (9, 9), (10, 9), (10, 10)]
2777,4,7,8,8,[(8, 9), (9, 8), (9, 9), (9, 10), (10, 10), (10, 11)]
2778,4,7,9,0,[(9, 1), (10, 0), (10, 1), (10, 2), (11, 2), (11, 3)]
2779,4,7,9,1,[(9, 2), (10, 1), (10, 2), (10, 3), (11, 3), (11, 4)]
2780,4,7,9,2,[(9, 3), (10, 2), (10, 3), (10, 4), (11, 4), (11, 5)]
2781,4,7,9,3,[(9, 4), (10, 3), (10, 4), (10, 5), (11, 5), (11, 6)]
2782,4,7,9,4,[(9, 5), (10, 4), (10, 5), (10, 6), (11, 6), (11, 7)]
2783,4,7,9,5,[(9, 6), (10, 5), (10, 6), (10, 7), (11, 7), (11, 8)]
2784,4,7,9,6,[(9, 7), (10, 6), (10, 7), (10, 8), (11, 8), (11, 9)]
2785,4,7,9,7,[(9, 8), (10, 7), (10, 8), (10, 9), (11, 9), (11, 10)]
2786,4,7,9,8,[(9, 9), (10, 8), (10, 9), (10, 10), (11, 10), (11, 11)]
2787,5,0,0,0,[(0, 2), (1, 1), (1, 2), (2, 0), (2, 1), (3, 0)]
2788,5,0,0,1,[(0, 3), (1, 2), (1, 3), (2, 1), (2, 2), (3, 1)]
2789,5,0,0,2,[(0, 4), (1, 3), (1, 4), (2, 2), (2, 3), (3, 2)]
2790,5,0,0,3,[(0, 5), (1, 4), (1, 5), (2, 3), (2, 4), (3, 3)]
2791,5,0,0,4,[(0, 6), (1, 5), (1, 6), (2, 4), (2, 5), (3, 4)]
2792,5,0,0,5,[(0, 7), (1, 6), (1, 7), (2, 5), (2, 6), (3, 5)]
2793,5,0,0,6,[(0, 8), (1, 7), (1, 8), (2, 6), (2, 7), (3, 6)]
2794,5,0,0,7,[(0, 9), (1, 8), (1, 9), (2, 7), (2, 8), (3, 7)]
2795,5,0,0,8,[(0, 10), (1, 9), (1, 10), (2, 8), (2, 9), (3, 8)]
2796,5,0,0,9,[(0, 11), (1, 10), (1, 11), (2, 9), (2, 10), (3, 9)]
2797,5,0,1,0,[(1, 2), (2, 1), (2, 2), (3, 0), (3, 1), (4, 0)]
2798,5,0,1,1,[(1, 3), (2, 2), (2, 3), (3, 1), (3, 2), (4, 1)]
2799,5,0,1,2,[(1, 4), (2, 3), (2, 4), (3, 2), (3, 3), (4, 2)]
2800,5,0,1,3,[(1, 5), (2, 4), (2, 5), (3, 3), (3, 4), (4, 3)]
2801,5,0,1,4,[(1, 6), (2, 5), (2, 6), (3, 4), (3, 5), (4, 4)]
2802,5,0,1,5,[(1, 7), (2, 6), (2, 7), (3, 5), (3, 6), (4, 5)]
2803,5,0,1,6,[(1, 8), (2, 7), (2, 8), (3, 6), (3, 7), (4, 6)]
2804,5,0,1,7,[(1, 9), (2, 8), (2, 9), (3, 7), (3, 8), (4, 7)]
2805,5,0,1,8,[(1, 10), (2, 9), (2, 10), (3, 8), (3, 9), (4, 8)]
2806,5,0,1,9,[(1, 11), (2, 10), (2, 11), (3, 9), (3, 10), (4, 9)]
2807,5,0,2,0,[(2, 2), (3, 1), (3, 2), (4, 0), (4, 1), (5, 0)]
2808,5,0,2,1,[(2, 3), (3, 2), (3, 3), (4, 1), (4, 2), (5, 1)]
2809,5,0,2,2,[(2, 4), (3, 3), (3, 4), (4, 2), (4, 3), (5, 2)]
2810,5,0,2,3,[(2, 5), (3, 4), (3, 5), (4, 3), (4, 4), (5, 3)]
2811,5,0,2,4,[(2, 6), (3, 5), (3, 6), (4, 4), (4, 5), (5, 4)]
2812,5,0,2,5,[(2, 7), (3, 6), (3, 7), (4, 5), (4, 6), (5, 5)]
2813,5,0,2,6,[(2, 8), (3, 7), (3, 8), (4, 6), (4, 7), (5, 6)]
2814,5,0,2,7,[(2, 9), (3, 8), (3, 9), (4, 7), (4, 8), (5, 7)]
2815,5,0,2,8,[(2, 10), (3, 9), (3, 10), (4, 8), (4, 9), (5, 8)]
2816,5,0,2,9,[(2, 11), (3, 10), (3, 11), (4, 9), (4, 10), (5, 9)]
2817,5,0,3,0,[(3, 2), (4, 1), (4, 2), (5, 0), (5, 1), (6, 0)]
2818,5,0,3,1,[(3, 3), (4, 2), (4, 3), (5, 1), (5, 2), (6, 1)]
2819,5,0,3,2,[(3, 4), (4, 3), (4, 4), (5, 2), (5, 3), (6, 2)]
2820,5,0,3,3,[(3, 5), (4, 4), (4, 5), (5, 3), (5, 4), (6, 3)]
2821,5,0,3,4,[(3, 6), (4, 5), (4, 6), (5, 4), (5, 5), (6, 4)]
2822,5,0,3,5,[(3, 7), (4, 6), (4, 7), (5, 5), (5, 6), (6, 5)]
2823,5,0,3,6,[(3, 8), (4, 7), (4, 8), (5, 6), (5, 7), (6, 6)]
2824,5,0,3,7,[(3, 9), (4, 8), (4, 9), (5, 7), (5, 8), (6, 7)]
2825,5,0,3,8,[(3, 10), (4, 9), (4, 10), (5, 8), (5, 9), (6, 8)]
2826,5,0,3,9,[(3, 11), (4, 10), (4, 11), (5, 9), (5, 10), (6, 9)]
2827,5,0,4,0,[(4, 2), (5, 1), (5, 2), (6, 0), (6, 1), (7, 0)]
2828,5,0,4,1,[(4, 3), (5, 2), (5, 3), (6, 1), (6, 2), (7, 1)]
2829,5,0,4,2,[(4, 4), (5, 3), (5, 4), (6, 2), (6, 3), (7, 2)]
2830,5,0,4,3,[(4, 5), (5, 4), (5, 5), (6, 3), (6, 4), (7, 3)]
2831,5,0,4,4,[(4, 6), (5, 5), (5, 6), (6, 4), (6, 5), (7, 4)]
2832,5,0,4,5,[(4, 7), (5, 6), (5, 7), (6, 5), (6, 6), (7, 5)]
2833,5,0,4,6,[(4, 8), (5, 7), (5, 8), (6, 6), (6, 7), (7, 6)]
2834,5,0,4,7,[(4, 9), (5, 8), (5, 9), (6, 7), (6, 8), (7, 7)]
2835,5,0,4,8,[(4, 10), (5, 9), (5, 10), (6, 8), (6, 9), (7, 8)]
2836,5,0,4,9,[(4, 11), (5, 10), (5, 11), (6, 9), (6, 10), (7, 9)]
2837,5,0,5,0,[(5, 2), (6, 1), (6, 2), (7, 0), (7, 1), (8, 0)]
2838,5,0,5,1,[(5, 3), (6, 2), (6, 3), (7, 1), (7, 2), (8, 1)]
2839,5,0,5,2,[(5, 4), (6, 3), (6, 4), (7, 2), (7, 3), (8, 2)]
2840,5,0,5,3,[(5, 5), (6, 4), (6, 5), (7, 3), (7, 4), (8, 3)]
2841,5,0,5,4,[(5, 6), (6, 5), (6, 6), (7, 4), (7, 5), (8, 4)]
2842,5,0,5,5,[(5, 7), (6, 6), (6, 7), (7, 5), (7, 6), (8, 5)]
2843,5,0,5,6,[(5, 8), (6, 7), (6, 8), (7, 6), (7, 7), (8, 6)]
2844,5,0,5,7,[(5, 9), (6, 8), (6, 9), (7, 7), (7, 8), (8, 7)]
2845,5,0,5,8,[(5, 10), (6, 9), (6, 10), (7, 8), (7, 9), (8, 8)]
2846,5,0,5,9,[(5, 11), (6, 10), (6, 11), (7, 9), (7, 10), (8, 9)]
2847,5,0,6,0,[(6, 2), (7, 1), (7, 2), (8, 0), (8, 1), (9, 0)]
2848,5,0,6,1,[(6, 3), (7, 2), (7, 3), (8, 1), (8, 2), (9, 1)]
2849,5,0,6,2,[(6, 4), (7, 3), (7, 4), (8, 2), (8, 3), (9, 2)]
2850,5,0,6,3,[(6, 5), (7, 4), (7, 5), (8, 3), (8, 4), (9, 3)]
2851,5,0,6,4,[(6, 6), (7, 5), (7, 6), (8, 4), (8, 5), (9, 4)]
2852,5,0,6,5,[(6, 7), (7, 6), (7, 7), (8, 5), (8, 6), (9, 5)]
2853,5,0,6,6,[(6, 8), (7, 7), (7, 8), (8, 6), (8, 7), (9, 6)]
2854,5,0,6,7,[(6, 9), (7, 8), (7, 9), (8, 7), (8, 8), (9, 7)]
2855,5,0,6,8,[(6, 10), (7, 9), (7, 10), (8, 8), (8, 9), (9, 8)]
2856,5,0,6,9,[(6, 11), (7, 10), (7, 11), (8, 9), (8, 10), (9, 9)]
2857,5,0,7,0,[(7, 2), (8, 1), (8, 2), (9, 0), (9, 1), (10, 0)]
2858,5,0,7,1,[(7, 3), (8, 2), (8, 3), (9, 1), (9, 2), (10, 1)]
2859,5,0,7,2,[(7, 4), (8, 3), (8, 4), (9, 2), (9, 3), (10, 2)]
2860,5,0,7,3,[(7, 5), (8, 4), (8, 5), (9, 3), (9, 4), (10, 3)]
2861,5,0,7,4,[(7, 6), (8, 5), (8, 6), (9, 4), (9, 5), (10, 4)]
2862,5,0,7,5,[(7, 7), (8, 6), (8, 7), (9, 5), (9, 6), (10, 5)]
2863,5,0,7,6,[(7, 8), (8, 7), (8, 8), (9, 6), (9, 7), (10, 6)]
2864,5,0,7,7,[(7, 9), (8, 8), (8, 9), (9, 7), (9, 8), (10, 7)]
2865,5,0,7,8,[(7, 10), (8, 9), (8, 10), (9, 8), (9, 9), (10, 8)]
2866,5,0,7,9,[(7, 11), (8, 10), (8, 11), (9, 9), (9, 10), (10, 9)]
2867,5,0,8,0,[(8, 2), (9, 1), (9, 2), (10, 0), (10, 1), (11, 0)]
2868,5,0,8,1,[(8, 3), (9, 2), (9, 3), (10, 1), (10, 2), (11, 1)]
2869,5,0,8,2,[(8, 4), (9, 3), (9, 4), (10, 2), (10, 3), (11, 2)]
2870,5,0,8,3,[(8, 5), (9, 4), (9, 5), (10, 3), (10, 4), (11, 3)]
2871,5,0,8,4,[(8, 6), (9, 5), (9, 6), (10, 4), (10, 5), (11, 4)]
2872,5,0,8,5,[(8, 7), (9, 6), (9, 7), (10, 5), (10, 6), (11, 5)]
2873,5,0,8,6,[(8, 8), (9, 7), (9, 8), (10, 6), (10, 7), (11, 6)]
2874,5,0,8,7,[(8, 9), (9, 8), (9, 9), (10, 7), (10, 8), (11, 7)]
2875,5,0,8,8,[(8, 10), (9, 9), (9, 10), (10, 8), (10, 9), (11, 8)]
2876,5,0,8,9,[(8, 11), (9, 10), (9, 11), (10, 9), (10, 10), (11, 9)]
2877,5,1,0,0,[(0, 0), (1, 0), (1, 1), (2, 1), (2, 2), (3, 2)]
2878,5,1,0,1,[(0, 1), (1, 1), (1, 2), (2, 2), (2, 3), (3, 3)]
2879,5,1,0,2,[(0, 2), (1, 2), (1, 3), (2, 3), (2, 4), (3, 4)]
2880,5,1,0,3,[(0, 3), (1, 3), (1, 4), (2, 4), (2, 5), (3, 5)]
2881,5,1,0,4,[(0, 4), (1, 4), (1, 5), (2, 5), (2, 6), (3, 6)]
2882,5,1,0,5,[(0, 5), (1, 5), (1, 6), (2, 6), (2, 7), (3, 7)]
2883,5,1,0,6,[(0, 6), (1, 6), (1, 7), (2, 7), (2, 8), (3, 8)]
2884,5,1,0,7,[(0, 7), (1, 7), (1, 8), (2, 8), (2, 9), (3, 9)]
2885,5,1,0,8,[(0, 8), (1, 8), (1, 9), (2, 9), (2, 10), (3, 10)]
2886,5,1,0,9,[(0, 9), (1, 9), (1, 10), (2, 10), (2, 11), (3, 11)]
2887,5,1,1,0,[(1, 0), (2, 0), (2, 1), (3, 1), (3, 2), (4, 2)]
2888,5,1,1,1,[(1, 1), (2, 1), (2, 2), (3, 2), (3, 3), (4, 3)]
2889,5,1,1,2,[(1, 2), (2, 2), (2, 3), (3, 3), (3, 4), (4, 4)]
2890,5,1,1,3,[(1, 3), (2, 3), (2, 4), (3, 4), (3, 5), (4, 5)]
2891,5,1,1,4,[(1, 4), (2, 4), (2, 5), (3, 5), (3, 6), (4, 6)]
2892,5,1,1,5,[(1, 5), (2, 5), (2, 6), (3, 6), (3, 7), (4, 7)]
2893,5,1,1,6,[(1, 6), (2, 6), (2, 7), (3, 7), (3, 8), (4, 8)]
2894,5,1,1,7,[(1, 7), (2, 7), (2, 8), (3, 8), (3, 9), (4, 9)]
2895,5,1,1,8,[(1, 8), (2, 8), (2, 9), (3, 9), (3, 10), (4, 10)]
2896,5,1,1,9,[(1, 9), (2, 9), (2, 10), (3, 10), (3, 11), (4, 11)]
2897,5,1,2,0,[(2, 0), (3, 0), (3, 1), (4, 1), (4, 2), (5, 2)]
2898,5,1,2,1,[(2, 1), (3, 1), (3, 2), (4, 2), (4, 3), (5, 3)]
2899,5,1,2,2,[(2, 2), (3, 2), (3, 3), (4, 3), (4, 4), (5, 4)]
2900,5,1,2,3,[(2, 3), (3, 3), (3, 4), (4, 4), (4, 5), (5, 5)]
2901,5,1,2,4,[(2, 4), (3, 4), (3, 5), (4, 5), (4, 6), (5, 6)]
2902,5,1,2,5,[(2, 5), (3, 5), (3, 6), (4, 6), (4, 7), (5, 7)]
2903,5,1,2,6,[(2, 6), (3, 6), (3, 7), (4, 7), (4, 8), (5, 8)]
2904,5,1,2,7,[(2, 7), (3, 7), (3, 8), (4, 8), (4, 9), (5, 9)]
2905,5,1,2,8,[(2, 8), (3, 8), (3, 9), (4, 9), (4, 10), (5, 10)]
2906,5,1,2,9,[(2, 9), (3, 9), (3, 10), (4, 10), (4, 11), (5, 11)]
2907,5,1,3,0,[(3, 0), (4, 0), (4, 1), (5, 1), (5, 2), (6, 2)]
2908,5,1,3,1,[(3, 1), (4, 1), (4, 2), (5, 2), (5, 3), (6, 3)]
2909,5,1,3,2,[(3, 2), (4, 2), (4, 3), (5, 3), (5, 4), (6, 4)]
2910,5,1,3,3,[(3, 3), (4, 3), (4, 4), (5, 4), (5, 5), (6, 5)]
2911,5,1,3,4,[(3, 4), (4, 4), (4, 5), (5, 5), (5, 6), (6, 6)]
2912,5,1,3,5,[(3, 5), (4, 5), (4, 6), (5, 6), (5, 7), (6, 7)]
2913,5,1,3,6,[(3, 6), (4, 6), (4, 7), (5, 7), (5, 8), (6, 8)]
2914,5,1,3,7,[(3, 7), (4, 7), (4, 8), (5, 8), (5, 9), (6, 9)]
2915,5,1,3,8,[(3, 8), (4, 8), (4, 9), (5, 9), (5, 10), (6, 10)]
2916,5,1,3,9,[(3, 9), (4, 9), (4, 10), (5, 10), (5, 11), (6, 11)]
2917,5,1,4,0,[(4, 0), (5, 0), (5, 1), (6, 1), (6, 2), (7, 2)]
2918,5,1,4,1,[(4, 1), (5, 1), (5, 2), (6, 2), (6, 3), (7, 3)]
2919,5,1,4,2,[(4, 2), (5, 2), (5, 3), (6, 3), (6, 4), (7, 4)]
2920,5,1,4,3,[(4, 3), (5, 3), (5, 4), (6, 4), (6, 5), (7, 5)]
2921,5,1,4,4,[(4, 4), (5, 4), (5, 5), (6, 5), (6, 6), (7, 6)]
2922,5,1,4,5,[(4, 5), (5, 5), (5, 6), (6, 6), (6, 7), (7, 7)]
2923,5,1,4,6,[(4, 6), (5, 6), (5, 7), (6, 7), (6, 8), (7, 8)]
2924,5,1,4,7,[(4, 7), (5, 7), (5, 8), (6, 8), (6, 9), (7, 9)]
2925,5,1,4,8,[(4, 8), (5, 8), (5, 9), (6, 9), (6, 10), (7, 10)]
2926,5,1,4,9,[(4, 9), (5, 9), (5, 10), (6, 10), (6, 11), (7, 11)]
2927,5,1,5,0,[(5, 0), (6, 0), (6, 1), (7, 1), (7, 2), (8, 2)]
2928,5,1,5,1,[(5, 1), (6, 1), (6, 2), (7, 2), (7, 3), (8, 3)]
2929,5,1,5,2,[(5, 2), (6, 2), (6, 3), (7, 3), (7, 4), (8, 4)]
2930,5,1,5,3,[(5, 3), (6, 3), (6, 4), (7, 4), (7, 5), (8, 5)]
2931,5,1,5,4,[(5, 4), (6, 4), (6, 5), (7, 5), (7, 6), (8, 6)]
2932,5,1,5,5,[(5, 5), (6, 5), (6, 6), (7, 6), (7, 7), (8, 7)]
2933,5,1,5,6,[(5, 6), (6, 6), (6, 7), (7, 7), (7, 8), (8, 8)]
2934,5,1,5,7,[(5, 7), (6, 7), (6, 8), (7, 8), (7, 9), (8, 9)]
2935,5,1,5,8,[(5, 8), (6, 8), (6, 9), (7, 9), (7, 10), (8, 10)]
2936,5,1,5,9,[(5, 9), (6, 9), (6, 10), (7, 10), (7, 11), (8, 11)]
2937,5,1,6,0,[(6, 0), (7, 0), (7, 1), (8, 1), (8, 2), (9, 2)]
2938,5,1,6,1,[(6, 1), (7, 1), (7, 2), (8, 2), (8, 3), (9, 3)]
2939,5,1,6,2,[(6, 2), (7, 2), (7, 3), (8, 3), (8, 4), (9, 4)]
2940,5,1,6,3,[(6, 3), (7, 3), (7, 4), (8, 4), (8, 5), (9, 5)]
2941,5,1,6,4,[(6, 4), (7, 4), (7, 5), (8, 5), (8, 6), (9, 6)]
2942,5,1,6,5,[(6, 5), (7, 5), (7, 6), (8, 6), (8, 7), (9, 7)]
2943,5,1,6,6,[(6, 6), (7, 6), (7, 7), (8, 7), (8, 8), (9, 8)]
2944,5,1,6,7,[(6, 7), (7, 7), (7, 8), (8, 8), (8, 9), (9, 9)]
2945,5,1,6,8,[(6, 8), (7, 8), (7, 9), (8, 9), (8, 10), (9, 10)]
2946,5,1,6,9,[(6, 9), (7, 9), (7, 10), (8, 10), (8, 11), (9, 11)]
2947,5,1,7,0,[(7, 0), (8, 0), (8, 1), (9, 1), (9, 2), (10, 2)]
2948,5,1,7,1,[(7, 1), (8, 1), (8, 2), (9, 2), (9, 3), (10, 3)]
2949,5,1,7,2,[(7, 2), (8, 2), (8, 3), (9, 3), (9, 4), (10, 4)]
2950,5,1,7,3,[(7, 3), (8, 3), (8, 4), (9, 4), (9, 5), (10, 5)]
2951,5,1,7,4,[(7, 4), (8, 4), (8, 5), (9, 5), (9, 6), (10, 6)]
2952,5,1,7,5,[(7, 5), (8, 5), (8, 6), (9, 6), (9, 7), (10, 7)]
2953,5,1,7,6,[(7, 6), (8, 6), (8, 7), (9, 7), (9, 8), (10, 8)]
2954,5,1,7,7,[(7, 7), (8, 7), (8, 8), (9, 8), (9, 9), (10, 9)]
2955,5,1,7,8,[(7, 8), (8, 8), (8, 9), (9, 9), (9, 10), (10, 10)]
2956,5,1,7,9,[(7, 9), (8, 9), (8, 10), (9, 10), (9, 11), (10, 11)]
2957,5,1,8,0,[(8, 0), (9, 0), (9, 1), (10, 1), (10, 2), (11, 2)]
2958,5,1,8,1,[(8, 1), (9, 1), (9, 2), (10, 2), (10, 3), (11, 3)]
2959,5,1,8,2,[(8, 2), (9, 2), (9, 3), (10, 3), (10, 4), (11, 4)]
2960,5,1,8,3,[(8, 3), (9, 3), (9, 4), (10, 4), (10, 5), (11, 5)]
2961,5,1,8,4,[(8, 4), (9, 4), (9, 5), (10, 5), (10, 6), (11, 6)]
2962,5,1,8,5,[(8, 5), (9, 5), (9, 6), (10, 6), (10, 7), (11, 7)]
2963,5,1,8,6,[(8, 6), (9, 6), (9, 7), (10, 7), (10, 8), (11, 8)]
2964,5,1,8,7,[(8, 7), (9, 7), (9, 8), (10, 8), (10, 9), (11, 9)]
2965,5,1,8,8,[(8, 8), (9, 8), (9, 9), (10, 9), (10, 10), (11, 10)]
2966,5,1,8,9,[(8, 9), (9, 9), (9, 10), (10, 10), (10, 11), (11, 11)]
2967,5,2,0,0,[(0, 0), (0, 1), (1, 1), (1, 2), (2, 2), (2, 3)]
2968,5,2,0,1,[(0, 1), (0, 2), (1, 2), (1, 3), (2, 3), (2, 4)]
2969,5,2,0,2,[(0, 2), (0, 3), (1, 3), (1, 4), (2, 4), (2, 5)]
2970,5,2,0,3,[(0, 3), (0, 4), (1, 4), (1, 5), (2, 5), (2, 6)]
2971,5,2,0,4,[(0, 4), (0, 5), (1, 5), (1, 6), (2, 6), (2, 7)]
2972,5,2,0,5,[(0, 5), (0, 6), (1, 6), (1, 7), (2, 7), (2, 8)]
2973,5,2,0,6,[(0, 6), (0, 7), (1, 7), (1, 8), (2, 8), (2, 9)]
2974,5,2,0,7,[(0, 7), (0, 8), (1, 8), (1, 9), (2, 9), (2, 10)]
2975,5,2,0,8,[(0, 8), (0, 9), (1, 9), (1, 10), (2, 10), (2, 11)]
2976,5,2,1,0,[(1, 0), (1, 1), (2, 1), (2, 2), (3, 2), (3, 3)]
2977,5,2,1,1,[(1, 1), (1, 2), (2, 2), (2, 3), (3, 3), (3, 4)]
2978,5,2,1,2,[(1, 2), (1, 3), (2, 3), (2, 4), (3, 4), (3, 5)]
2979,5,2,1,3,[(1, 3), (1, 4), (2, 4), (2, 5), (3, 5), (3, 6)]
2980,5,2,1,4,[(1, 4), (1, 5), (2, 5), (2, 6), (3, 6), (3, 7)]
2981,5,2,1,5,[(1, 5), (1, 6), (2, 6), (2, 7), (3, 7), (3, 8)]
2982,5,2,1,6,[(1, 6), (1, 7), (2, 7), (2, 8), (3, 8), (3, 9)]
2983,5,2,1,7,[(1, 7), (1, 8), (2, 8), (2, 9), (3, 9), (3, 10)]
2984,5,2,1,8,[(1, 8), (1, 9), (2, 9), (2, 10), (3, 10), (3, 11)]
2985,5,2,2,0,[(2, 0), (2, 1), (3, 1), (3, 2), (4, 2), (4, 3)]
2986,5,2,2,1,[(2, 1), (2, 2), (3, 2), (3, 3), (4, 3), (4, 4)]
2987,5,2,2,2,[(2, 2), (2, 3), (3, 3), (3, 4), (4, 4), (4, 5)]
2988,5,2,2,3,[(2, 3), (2, 4), (3, 4), (3, 5), (4, 5), (4, 6)]
2989,5,2,2,4,[(2, 4), (2, 5), (3, 5), (3, 6), (4, 6), (4, 7)]
2990,5,2,2,5,[(2, 5), (2, 6), (3, 6), (3, 7), (4, 7), (4, 8)]
2991,5,2,2,6,[(2, 6), (2, 7), (3, 7), (3, 8), (4, 8), (4, 9)]
2992,5,2,2,7,[(2, 7), (2, 8), (3, 8), (3, 9), (4, 9), (4, 10)]
2993,5,2,2,8,[(2, 8), (2, 9), (3, 9), (3, 10), (4, 10), (4, 11)]
2994,5,2,3,0,[(3, 0), (3, 1), (4, 1), (4, 2), (5, 2), (5, 3)]
2995,5,2,3,1,[(3, 1), (3, 2), (4, 2), (4, 3), (5, 3), (5, 4)]
2996,5,2,3,2,[(3, 2), (3, 3), (4, 3), (4, 4), (5, 4), (5, 5)]
2997,5,2,3,3,[(3, 3), (3, 4), (4, 4), (4, 5), (5, 5), (5, 6)]
2998,5,2,3,4,[(3, 4), (3, 5), (4, 5), (4, 6), (5, 6), (5, 7)]
2999,5,2,3,5,[(3, 5), (3, 6), (4, 6), (4, 7), (5, 7), (5, 8)]
3000,5,2,3,6,[(3, 6), (3, 7), (4, 7), (4, 8), (5, 8), (5, 9)]
3001,5,2,3,7,[(3, 7), (3, 8), (4, 8), (4, 9), (5, 9), (5, 10)]
3002,5,2,3,8,[(3, 8), (3, 9), (4, 9), (4, 10), (5, 10), (5, 11)]
3003,5,2,4,0,[(4, 0), (4, 1), (5, 1), (5, 2), (6, 2), (6, 3)]
3004,5,2,4,1,[(4, 1), (4, 2), (5, 2), (5, 3), (6, 3), (6, 4)]
3005,5,2,4,2,[(4, 2), (4, 3), (5, 3), (5, 4), (6, 4), (6, 5)]
3006,5,2,4,3,[(4, 3), (4, 4), (5, 4), (5, 5), (6, 5), (6, 6)]
3007,5,2,4,4,[(4, 4), (4, 5), (5, 5), (5, 6), (6, 6), (6, 7)]
3008,5,2,4,5,[(4, 5), (4, 6), (5, 6), (5, 7), (6, 7), (6, 8)]
3009,5,2,4,6,[(4, 6), (4, 7), (5, 7), (5, 8), (6, 8), (6, 9)]
3010,5,2,4,7,[(4, 7), (4, 8), (5, 8), (5, 9), (6, 9), (6, 10)]
3011,5,2,4,8,[(4, 8), (4, 9), (5, 9), (5, 10), (6, 10), (6, 11)]
3012,5,2,5,0,[(5, 0), (5, 1), (6, 1), (6, 2), (7, 2), (7, 3)]
3013,5,2,5,1,[(5, 1), (5, 2), (6, 2), (6, 3), (7, 3), (7, 4)]
3014,5,2,5,2,[(5, 2), (5, 3), (6, 3), (6, 4), (7, 4), (7, 5)]
3015,5,2,5,3,[(5, 3), (5, 4), (6, 4), (6, 5), (7, 5), (7, 6)]
3016,5,2,5,4,[(5, 4), (5, 5), (6, 5), (6, 6), (7, 6), (7, 7)]
3017,5,2,5,5,[(5, 5), (5, 6), (6, 6), (6, 7), (7, 7), (7, 8)]
3018,5,2,5,6,[(5, 6), (5, 7), (6, 7), (6, 8), (7, 8), (7, 9)]
3019,5,2,5,7,[(5, 7), (5, 8), (6, 8), (6, 9), (7, 9), (7, 10)]
3020,5,2,5,8,[(5, 8), (5, 9), (6, 9), (6, 10), (7, 10), (7, 11)]
3021,5,2,6,0,[(6, 0), (6, 1), (7, 1), (7, 2), (8, 2), (8, 3)]
3022,5,2,6,1,[(6, 1), (6, 2), (7, 2), (7, 3), (8, 3), (8, 4)]
3023,5,2,6,2,[(6, 2), (6, 3), (7, 3), (7, 4), (8, 4), (8, 5)]
3024,5,2,6,3,[(6, 3), (6, 4), (7, 4), (7, 5), (8, 5), (8, 6)]
3025,5,2,6,4,[(6, 4), (6, 5), (7, 5), (7, 6), (8, 6), (8, 7)]
3026,5,2,6,5,[(6, 5), (6, 6), (7, 6), (7, 7), (8, 7), (8, 8)]
3027,5,2,6,6,[(6, 6), (6, 7), (7, 7), (7, 8), (8, 8), (8, 9)]
3028,5,2,6,7,[(6, 7), (6, 8), (7, 8), (7, 9), (8, 9), (8, 10)]
3029,5,2,6,8,[(6, 8), (6, 9), (7, 9), (7, 10), (8, 10), (8, 11)]
3030,5,2,7,0,[(7, 0), (7, 1), (8, 1), (8, 2), (9, 2), (9, 3)]
3031,5,2,7,1,[(7, 1), (7, 2), (8, 2), (8, 3), (9, 3), (9, 4)]
3032,5,2,7,2,[(7, 2), (7, 3), (8, 3), (8, 4), (9, 4), (9, 5)]
3033,5,2,7,3,[(7, 3), (7, 4), (8, 4), (8, 5), (9, 5), (9, 6)]
3034,5,2,7,4,[(7, 4), (7, 5), (8, 5), (8, 6), (9, 6), (9, 7)]
3035,5,2,7,5,[(7, 5), (7, 6), (8, 6), (8, 7), (9, 7), (9, 8)]
3036,5,2,7,6,[(7, 6), (7, 7), (8, 7), (8, 8), (9, 8), (9, 9)]
3037,5,2,7,7,[(7, 7), (7, 8), (8, 8), (8, 9), (9, 9), (9, 10)]
3038,5,2,7,8,[(7, 8), (7, 9), (8, 9), (8, 10), (9, 10), (9, 11)]
3039,5,2,8,0,[(8, 0), (8, 1), (9, 1), (9, 2), (10, 2), (10, 3)]
3040,5,2,8,1,[(8, 1), (8, 2), (9, 2), (9, 3), (10, 3), (10, 4)]
3041,5,2,8,2,[(8, 2), (8, 3), (9, 3), (9, 4), (10, 4), (10, 5)]
3042,5,2,8,3,[(8, 3), (8, 4), (9, 4), (9, 5), (10, 5), (10, 6)]
3043,5,2,8,4,[(8, 4), (8, 5), (9, 5), (9, 6), (10, 6), (10, 7)]
3044,5,2,8,5,[(8, 5), (8, 6), (9, 6), (9, 7), (10, 7), (10, 8)]
3045,5,2,8,6,[(8, 6), (8, 7), (9, 7), (9, 8), (10, 8), (10, 9)]
3046,5,2,8,7,[(8, 7), (8, 8), (9, 8), (9, 9), (10, 9), (10, 10)]
3047,5,2,8,8,[(8, 8), (8, 9), (9, 9), (9, 10), (10, 10), (10, 11)]
3048,5,2,9,0,[(9, 0), (9, 1), (10, 1), (10, 2), (11, 2), (11, 3)]
3049,5,2,9,1,[(9, 1), (9, 2), (10, 2), (10, 3), (11, 3), (11, 4)]
3050,5,2,9,2,[(9, 2), (9, 3), (10, 3), (10, 4), (11, 4), (11, 5)]
3051,5,2,9,3,[(9, 3), (9, 4), (10, 4), (10, 5), (11, 5), (11, 6)]
3052,5,2,9,4,[(9, 4), (9, 5), (10, 5), (10, 6), (11, 6), (11, 7)]
3053,5,2,9,5,[(9, 5), (9, 6), (10, 6), (10, 7), (11, 7), (11, 8)]
3054,5,2,9,6,[(9, 6), (9, 7), (10, 7), (10, 8), (11, 8), (11, 9)]
3055,5,2,9,7,[(9, 7), (9, 8), (10, 8), (10, 9), (11, 9), (11, 10)]
3056,5,2,9,8,[(9, 8), (9, 9), (10, 9), (10, 10), (11, 10), (11, 11)]
3057,5,3,0,0,[(0, 2), (0, 3), (1, 1), (1, 2), (2, 0), (2, 1)]
3058,5,3,0,1,[(0, 3), (0, 4), (1, 2), (1, 3), (2, 1), (2, 2)]
3059,5,3,0,2,[(0, 4), (0, 5), (1, 3), (1, 4), (2, 2), (2, 3)]
3060,5,3,0,3,[(0, 5), (0, 6), (1, 4), (1, 5), (2, 3), (2, 4)]
3061,5,3,0,4,[(0, 6), (0, 7), (1, 5), (1, 6), (2, 4), (2, 5)]
3062,5,3,0,5,[(0, 7), (0, 8), (1, 6), (1, 7), (2, 5), (2, 6)]
3063,5,3,0,6,[(0, 8), (0, 9), (1, 7), (1, 8), (2, 6), (2, 7)]
3064,5,3,0,7,[(0, 9), (0, 10), (1, 8), (1, 9), (2, 7), (2, 8)]
3065,5,3,0,8,[(0, 10), (0, 11), (1, 9), (1, 10), (2, 8), (2, 9)]
3066,5,3,1,0,[(1, 2), (1, 3), (2, 1), (2, 2), (3, 0), (3, 1)]
3067,5,3,1,1,[(1, 3), (1, 4), (2, 2), (2, 3), (3, 1), (3, 2)]
3068,5,3,1,2,[(1, 4), (1, 5), (2, 3), (2, 4), (3, 2), (3, 3)]
3069,5,3,1,3,[(1, 5), (1, 6), (2, 4), (2, 5), (3, 3), (3, 4)]
3070,5,3,1,4,[(1, 6), (1, 7), (2, 5), (2, 6), (3, 4), (3, 5)]
3071,5,3,1,5,[(1, 7), (1, 8), (2, 6), (2, 7), (3, 5), (3, 6)]
3072,5,3,1,6,[(1, 8), (1, 9), (2, 7), (2, 8), (3, 6), (3, 7)]
3073,5,3,1,7,[(1, 9), (1, 10), (2, 8), (2, 9), (3, 7), (3, 8)]
3074,5,3,1,8,[(1, 10), (1, 11), (2, 9), (2, 10), (3, 8), (3, 9)]
3075,5,3,2,0,[(2, 2), (2, 3), (3, 1), (3, 2), (4, 0), (4, 1)]
3076,5,3,2,1,[(2, 3), (2, 4), (3, 2), (3, 3), (4, 1), (4, 2)]
3077,5,3,2,2,[(2, 4), (2, 5), (3, 3), (3, 4), (4, 2), (4, 3)]
3078,5,3,2,3,[(2, 5), (2, 6), (3, 4), (3, 5), (4, 3), (4, 4)]
3079,5,3,2,4,[(2, 6), (2, 7), (3, 5), (3, 6), (4, 4), (4, 5)]
3080,5,3,2,5,[(2, 7), (2, 8), (3, 6), (3, 7), (4, 5), (4, 6)]
3081,5,3,2,6,[(2, 8), (2, 9), (3, 7), (3, 8), (4, 6), (4, 7)]
3082,5,3,2,7,[(2, 9), (2, 10), (3, 8), (3, 9), (4, 7), (4, 8)]
3083,5,3,2,8,[(2, 10), (2, 11), (3, 9), (3, 10), (4, 8), (4, 9)]
3084,5,3,3,0,[(3, 2), (3, 3), (4, 1), (4, 2), (5, 0), (5, 1)]
3085,5,3,3,1,[(3, 3), (3, 4), (4, 2), (4, 3), (5, 1), (5, 2)]
3086,5,3,3,2,[(3, 4), (3, 5), (4, 3), (4, 4), (5, 2), (5, 3)]
3087,5,3,3,3,[(3, 5), (3, 6), (4, 4), (4, 5), (5, 3), (5, 4)]
3088,5,3,3,4,[(3, 6), (3, 7), (4, 5), (4, 6), (5, 4), (5, 5)]
3089,5,3,3,5,[(3, 7), (3, 8), (4, 6), (4, 7), (5, 5), (5, 6)]
3090,5,3,3,6,[(3, 8), (3, 9), (4, 7), (4, 8), (5, 6), (5, 7)]
3091,5,3,3,7,[(3, 9), (3, 10), (4, 8), (4, 9), (5, 7), (5, 8)]
3092,5,3,3,8,[(3, 10), (3, 11), (4, 9), (4, 10), (5, 8), (5, 9)]
3093,5,3,4,0,[(4, 2), (4, 3), (5, 1), (5, 2), (6, 0), (6, 1)]
3094,5,3,4,1,[(4, 3), (4, 4), (5, 2), (5, 3), (6, 1), (6, 2)]
3095,5,3,4,2,[(4, 4), (4, 5), (5, 3), (5, 4), (6, 2), (6, 3)]
3096,5,3,4,3,[(4, 5), (4, 6), (5, 4), (5, 5), (6, 3), (6, 4)]
3097,5,3,4,4,[(4, 6), (4, 7), (5, 5), (5, 6), (6, 4), (6, 5)]
3098,5,3,4,5,[(4, 7), (4, 8), (5, 6), (5, 7), (6, 5), (6, 6)]
3099,5,3,4,6,[(4, 8), (4, 9), (5, 7), (5, 8), (6, 6), (6, 7)]
3100,5,3,4,7,[(4, 9), (4, 10), (5, 8), (5, 9), (6, 7), (6, 8)]
3101,5,3,4,8,[(4, 10), (4, 11), (5, 9), (5, 10), (6, 8), (6, 9)]
3102,5,3,5,0,[(5, 2), (5, 3), (6, 1), (6, 2), (7, 0), (7, 1)]
3103,5,3,5,1,[(5, 3), (5, 4), (6, 2), (6, 3), (7, 1), (7, 2)]
3104,5,3,5,2,[(5, 4), (5, 5), (6, 3), (6, 4), (7, 2), (7, 3)]
3105,5,3,5,3,[(5, 5), (5, 6), (6, 4), (6, 5), (7, 3), (7, 4)]
3106,5,3,5,4,[(5, 6), (5, 7), (6, 5), (6, 6), (7, 4), (7, 5)]
3107,5,3,5,5,[(5, 7), (5, 8), (6, 6), (6, 7), (7, 5), (7, 6)]
3108,5,3,5,6,[(5, 8), (5, 9), (6, 7), (6, 8), (7, 6), (7, 7)]
3109,5,3,5,7,[(5, 9), (5, 10), (6, 8), (6, 9), (7, 7), (7, 8)]
3110,5,3,5,8,[(5, 10), (5, 11), (6, 9), (6, 10), (7, 8), (7, 9)]
3111,5,3,6,0,[(6, 2), (6, 3), (7, 1), (7, 2), (8, 0), (8, 1)]
3112,5,3,6,1,[(6, 3), (6, 4), (7, 2), (7, 3), (8, 1), (8, 2)]
3113,5,3,6,2,[(6, 4), (6, 5), (7, 3), (7, 4), (8, 2), (8, 3)]
3114,5,3,6,3,[(6, 5), (6, 6), (7, 4), (7, 5), (8, 3), (8, 4)]
3115,5,3,6,4,[(6, 6), (6, 7), (7, 5), (7, 6), (8, 4), (8, 5)]
3116,5,3,6,5,[(6, 7), (6, 8), (7, 6), (7, 7), (8, 5), (8, 6)]
3117,5,3,6,6,[(6, 8), (6, 9), (7, 7), (7, 8), (8, 6), (8, 7)]
3118,5,3,6,7,[(6, 9), (6, 10), (7, 8), (7, 9), (8, 7), (8, 8)]
3119,5,3,6,8,[(6, 10), (6, 11), (7, 9), (7, 10), (8, 8), (8, 9)]
3120,5,3,7,0,[(7, 2), (7, 3), (8, 1), (8, 2), (9, 0), (9, 1)]
3121,5,3,7,1,[(7, 3), (7, 4), (8, 2), (8, 3), (9, 1), (9, 2)]
3122,5,3,7,2,[(7, 4), (7, 5), (8, 3), (8, 4), (9, 2), (9, 3)]
3123,5,3,7,3,[(7, 5), (7, 6), (8, 4), (8, 5), (9, 3), (9, 4)]
3124,5,3,7,4,[(7, 6), (7, 7), (8, 5), (8, 6), (9, 4), (9, 5)]
3125,5,3,7,5,[(7, 7), (7, 8), (8, 6), (8, 7), (9, 5), (9, 6)]
3126,5,3,7,6,[(7, 8), (7, 9), (8, 7), (8, 8), (9, 6), (9, 7)]
3127,5,3,7,7,[(7, 9), (7, 10), (8, 8), (8, 9), (9, 7), (9, 8)]
3128,5,3,7,8,[(7, 10), (7, 11), (8, 9), (8, 10), (9, 8), (9, 9)]
3129,5,3,8,0,[(8, 2), (8, 3), (9, 1), (9, 2), (10, 0), (10, 1)]
3130,5,3,8,1,[(8, 3), (8, 4), (9, 2), (9, 3), (10, 1), (10, 2)]
3131,5,3,8,2,[(8, 4), (8, 5), (9, 3), (9, 4), (10, 2), (10, 3)]
3132,5,3,8,3,[(8, 5), (8, 6), (9, 4), (9, 5), (10, 3), (10, 4)]
3133,5,3,8,4,[(8, 6), (8, 7), (9, 5), (9, 6), (10, 4), (10, 5)]
3134,5,3,8,5,[(8, 7), (8, 8), (9, 6), (9, 7), (10, 5), (10, 6)]
3135,5,3,8,6,[(8, 8), (8, 9), (9, 7), (9, 8), (10, 6), (10, 7)]
3136,5,3,8,7,[(8, 9), (8, 10), (9, 8), (9, 9), (10, 7), (10, 8)]
3137,5,3,8,8,[(8, 10), (8, 11), (9, 9), (9, 10), (10, 8), (10, 9)]
3138,5,3,9,0,[(9, 2), (9, 3), (10, 1), (10, 2), (11, 0), (11, 1)]
3139,5,3,9,1,[(9, 3), (9, 4), (10, 2), (10, 3), (11, 1), (11, 2)]
3140,5,3,9,2,[(9, 4), (9, 5), (10, 3), (10, 4), (11, 2), (11, 3)]
3141,5,3,9,3,[(9, 5), (9, 6), (10, 4), (10, 5), (11, 3), (11, 4)]
3142,5,3,9,4,[(9, 6), (9, 7), (10, 5), (10, 6), (11, 4), (11, 5)]
3143,5,3,9,5,[(9, 7), (9, 8), (10, 6), (10, 7), (11, 5), (11, 6)]
3144,5,3,9,6,[(9, 8), (9, 9), (10, 7), (10, 8), (11, 6), (11, 7)]
3145,5,3,9,7,[(9, 9), (9, 10), (10, 8), (10, 9), (11, 7), (11, 8)]
3146,5,3,9,8,[(9, 10), (9, 11), (10, 9), (10, 10), (11, 8), (11, 9)]
3147,6,0,0,0,[(0, 1), (1, 1), (1, 2), (2, 0), (2, 1), (3, 1)]
3148,6,0,0,1,[(0, 2), (1, 2), (1, 3), (2, 1), (2, 2), (3, 2)]
3149,6,0,0,2,[(0, 3), (1, 3), (1, 4), (2, 2), (2, 3), (3, 3)]
3150,6,0,0,3,[(0, 4), (1, 4), (1, 5), (2, 3), (2, 4), (3, 4)]
3151,6,0,0,4,[(0, 5), (1, 5), (1, 6), (2, 4), (2, 5), (3, 5)]
3152,6,0,0,5,[(0, 6), (1, 6), (1, 7), (2, 5), (2, 6), (3, 6)]
3153,6,0,0,6,[(0, 7), (1, 7), (1, 8), (2, 6), (2, 7), (3, 7)]
3154,6,0,0,7,[(0, 8), (1, 8), (1, 9), (2, 7), (2, 8), (3, 8)]
3155,6,0,0,8,[(0, 9), (1, 9), (1, 10), (2, 8), (2, 9), (3, 9)]
3156,6,0,0,9,[(0, 10), (1, 10), (1, 11), (2, 9), (2, 10), (3, 10)]
3157,6,0,1,0,[(1, 1), (2, 1), (2, 2), (3, 0), (3, 1), (4, 1)]
3158,6,0,1,1,[(1, 2), (2, 2), (2, 3), (3, 1), (3, 2), (4, 2)]
3159,6,0,1,2,[(1, 3), (2, 3), (2, 4), (3, 2), (3, 3), (4, 3)]
3160,6,0,1,3,[(1, 4), (2, 4), (2, 5), (3, 3), (3, 4), (4, 4)]
3161,6,0,1,4,[(1, 5), (2, 5), (2, 6), (3, 4), (3, 5), (4, 5)]
3162,6,0,1,5,[(1, 6), (2, 6), (2, 7), (3, 5), (3, 6), (4, 6)]
3163,6,0,1,6,[(1, 7), (2, 7), (2, 8), (3, 6), (3, 7), (4, 7)]
3164,6,0,1,7,[(1, 8), (2, 8), (2, 9), (3, 7), (3, 8), (4, 8)]
3165,6,0,1,8,[(1, 9), (2, 9), (2, 10), (3, 8), (3, 9), (4, 9)]
3166,6,0,1,9,[(1, 10), (2, 10), (2, 11), (3, 9), (3, 10), (4, 10)]
3167,6,0,2,0,[(2, 1), (3, 1), (3, 2), (4, 0), (4, 1), (5, 1)]
3168,6,0,2,1,[(2, 2), (3, 2), (3, 3), (4, 1), (4, 2), (5, 2)]
3169,6,0,2,2,[(2, 3), (3, 3), (3, 4), (4, 2), (4, 3), (5, 3)]
3170,6,0,2,3,[(2, 4), (3, 4), (3, 5), (4, 3), (4, 4), (5, 4)]
3171,6,0,2,4,[(2, 5), (3, 5), (3, 6), (4, 4), (4, 5), (5, 5)]
3172,6,0,2,5,[(2, 6), (3, 6), (3, 7), (4, 5), (4, 6), (5, 6)]
3173,6,0,2,6,[(2, 7), (3, 7), (3, 8), (4, 6), (4, 7), (5, 7)]
3174,6,0,2,7,[(2, 8), (3, 8), (3, 9), (4, 7), (4, 8), (5, 8)]
3175,6,0,2,8,[(2, 9), (3, 9), (3, 10), (4, 8), (4, 9), (5, 9)]
3176,6,0,2,9,[(2, 10), (3, 10), (3, 11), (4, 9), (4, 10), (5, 10)]
3177,6,0,3,0,[(3, 1), (4, 1), (4, 2), (5, 0), (5, 1), (6, 1)]
3178,6,0,3,1,[(3, 2), (4, 2), (4, 3), (5, 1), (5, 2), (6, 2)]
3179,6,0,3,2,[(3, 3), (4, 3), (4, 4), (5, 2), (5, 3), (6, 3)]
3180,6,0,3,3,[(3, 4), (4, 4), (4, 5), (5, 3), (5, 4), (6, 4)]
3181,6,0,3,4,[(3, 5), (4, 5), (4, 6), (5, 4), (5, 5), (6, 5)]
3182,6,0,3,5,[(3, 6), (4, 6), (4, 7), (5, 5), (5, 6), (6, 6)]
3183,6,0,3,6,[(3, 7), (4, 7), (4, 8), (5, 6), (5, 7), (6, 7)]
3184,6,0,3,7,[(3, 8), (4, 8), (4, 9), (5, 7), (5, 8), (6, 8)]
3185,6,0,3,8,[(3, 9), (4, 9), (4, 10), (5, 8), (5, 9), (6, 9)]
3186,6,0,3,9,[(3, 10), (4, 10), (4, 11), (5, 9), (5, 10), (6, 10)]
3187,6,0,4,0,[(4, 1), (5, 1), (5, 2), (6, 0), (6, 1), (7, 1)]
3188,6,0,4,1,[(4, 2), (5, 2), (5, 3), (6, 1), (6, 2), (7, 2)]
3189,6,0,4,2,[(4, 3), (5, 3), (5, 4), (6, 2), (6, 3), (7, 3)]
3190,6,0,4,3,[(4, 4), (5, 4), (5, 5), (6, 3), (6, 4), (7, 4)]
3191,6,0,4,4,[(4, 5), (5, 5), (5, 6), (6, 4), (6, 5), (7, 5)]
3192,6,0,4,5,[(4, 6), (5, 6), (5, 7), (6, 5), (6, 6), (7, 6)]
3193,6,0,4,6,[(4, 7), (5, 7), (5, 8), (6, 6), (6, 7), (7, 7)]
3194,6,0,4,7,[(4, 8), (5, 8), (5, 9), (6, 7), (6, 8), (7, 8)]
3195,6,0,4,8,[(4, 9), (5, 9), (5, 10), (6, 8), (6, 9), (7, 9)]
3196,6,0,4,9,[(4, 10), (5, 10), (5, 11), (6, 9), (6, 10), (7, 10)]
3197,6,0,5,0,[(5, 1), (6, 1), (6, 2), (7, 0), (7, 1), (8, 1)]
3198,6,0,5,1,[(5, 2), (6, 2), (6, 3), (7, 1), (7, 2), (8, 2)]
3199,6,0,5,2,[(5, 3), (6, 3), (6, 4), (7, 2), (7, 3), (8, 3)]
3200,6,0,5,3,[(5, 4), (6, 4), (6, 5), (7, 3), (7, 4), (8, 4)]
3201,6,0,5,4,[(5, 5), (6, 5), (6, 6), (7, 4), (7, 5), (8, 5)]
3202,6,0,5,5,[(5, 6), (6, 6), (6, 7), (7, 5), (7, 6), (8, 6)]
3203,6,0,5,6,[(5, 7), (6, 7), (6, 8), (7, 6), (7, 7), (8, 7)]
3204,6,0,5,7,[(5, 8), (6, 8), (6, 9), (7, 7), (7, 8), (8, 8)]
3205,6,0,5,8,[(5, 9), (6, 9), (6, 10), (7, 8), (7, 9), (8, 9)]
3206,6,0,5,9,[(5, 10), (6, 10), (6, 11), (7, 9), (7, 10), (8, 10)]
3207,6,0,6,0,[(6, 1), (7, 1), (7, 2), (8, 0), (8, 1), (9, 1)]
3208,6,0,6,1,[(6, 2), (7, 2), (7, 3), (8, 1), (8, 2), (9, 2)]
3209,6,0,6,2,[(6, 3), (7, 3), (7, 4), (8, 2), (8, 3), (9, 3)]
3210,6,0,6,3,[(6, 4), (7, 4), (7, 5), (8, 3), (8, 4), (9, 4)]
3211,6,0,6,4,[(6, 5), (7, 5), (7, 6), (8, 4), (8, 5), (9, 5)]
3212,6,0,6,5,[(6, 6), (7, 6), (7, 7), (8, 5), (8, 6), (9, 6)]
3213,6,0,6,6,[(6, 7), (7, 7), (7, 8), (8, 6), (8, 7), (9, 7)]
3214,6,0,6,7,[(6, 8), (7, 8), (7, 9), (8, 7), (8, 8), (9, 8)]
3215,6,0,6,8,[(6, 9), (7, 9), (7, 10), (8, 8), (8, 9), (9, 9)]
3216,6,0,6,9,[(6, 10), (7, 10), (7, 11), (8, 9), (8, 10), (9, 10)]
3217,6,0,7,0,[(7, 1), (8, 1), (8, 2), (9, 0), (9, 1), (10, 1)]
3218,6,0,7,1,[(7, 2), (8, 2), (8, 3), (9, 1), (9, 2), (10, 2)]
3219,6,0,7,2,[(7, 3), (8, 3), (8, 4), (9, 2), (9, 3), (10, 3)]
3220,6,0,7,3,[(7, 4), (8, 4), (8, 5), (9, 3), (9, 4), (10, 4)]
3221,6,0,7,4,[(7, 5), (8, 5), (8, 6), (9, 4), (9, 5), (10, 5)]
3222,6,0,7,5,[(7, 6), (8, 6), (8, 7), (9, 5), (9, 6), (10, 6)]
3223,6,0,7,6,[(7, 7), (8, 7), (8, 8), (9, 6), (9, 7), (10, 7)]
3224,6,0,7,7,[(7, 8), (8, 8), (8, 9), (9, 7), (9, 8), (10, 8)]
3225,6,0,7,8,[(7, 9), (8, 9), (8, 10), (9, 8), (9, 9), (10, 9)]
3226,6,0,7,9,[(7, 10), (8, 10), (8, 11), (9, 9), (9, 10), (10, 10)]
3227,6,0,8,0,[(8, 1), (9, 1), (9, 2), (10, 0), (10, 1), (11, 1)]
3228,6,0,8,1,[(8, 2), (9, 2), (9, 3), (10, 1), (10, 2), (11, 2)]
3229,6,0,8,2,[(8, 3), (9, 3), (9, 4), (10, 2), (10, 3), (11, 3)]
3230,6,0,8,3,[(8, 4), (9, 4), (9, 5), (10, 3), (10, 4), (11, 4)]
3231,6,0,8,4,[(8, 5), (9, 5), (9, 6), (10, 4), (10, 5), (11, 5)]
3232,6,0,8,5,[(8, 6), (9, 6), (9, 7), (10, 5), (10, 6), (11, 6)]
3233,6,0,8,6,[(8, 7), (9, 7), (9, 8), (10, 6), (10, 7), (11, 7)]
3234,6,0,8,7,[(8, 8), (9, 8), (9, 9), (10, 7), (10, 8), (11, 8)]
3235,6,0,8,8,[(8, 9), (9, 9), (9, 10), (10, 8), (10, 9), (11, 9)]
3236,6,0,8,9,[(8, 10), (9, 10), (9, 11), (10, 9), (10, 10), (11, 10)]
3237,6,1,0,0,[(0, 1), (1, 0), (1, 1), (2, 1), (2, 2), (3, 1)]
3238,6,1,0,1,[(0, 2), (1, 1), (1, 2), (2, 2), (2, 3), (3, 2)]
3239,6,1,0,2,[(0, 3), (1, 2), (1, 3), (2, 3), (2, 4), (3, 3)]
3240,6,1,0,3,[(0, 4), (1, 3), (1, 4), (2, 4), (2, 5), (3, 4)]
3241,6,1,0,4,[(0, 5), (1, 4), (1, 5), (2, 5), (2, 6), (3, 5)]
3242,6,1,0,5,[(0, 6), (1, 5), (1, 6), (2, 6), (2, 7), (3, 6)]
3243,6,1,0,6,[(0, 7), (1, 6), (1, 7), (2, 7), (2, 8), (3, 7)]
3244,6,1,0,7,[(0, 8), (1, 7), (1, 8), (2, 8), (2, 9), (3, 8)]
3245,6,1,0,8,[(0, 9), (1, 8), (1, 9), (2, 9), (2, 10), (3, 9)]
3246,6,1,0,9,[(0, 10), (1, 9), (1, 10), (2, 10), (2, 11), (3, 10)]
3247,6,1,1,0,[(1, 1), (2, 0), (2, 1), (3, 1), (3, 2), (4, 1)]
3248,6,1,1,1,[(1, 2), (2, 1), (2, 2), (3, 2), (3, 3), (4, 2)]
3249,6,1,1,2,[(1, 3), (2, 2), (2, 3), (3, 3), (3, 4), (4, 3)]
3250,6,1,1,3,[(1, 4), (2, 3), (2, 4), (3, 4), (3, 5), (4, 4)]
3251,6,1,1,4,[(1, 5), (2, 4), (2, 5), (3, 5), (3, 6), (4, 5)]
3252,6,1,1,5,[(1, 6), (2, 5), (2, 6), (3, 6), (3, 7), (4, 6)]
3253,6,1,1,6,[(1, 7), (2, 6), (2, 7), (3, 7), (3, 8), (4, 7)]
3254,6,1,1,7,[(1, 8), (2, 7), (2, 8), (3, 8), (3, 9), (4, 8)]
3255,6,1,1,8,[(1, 9), (2, 8), (2, 9), (3, 9), (3, 10), (4, 9)]
3256,6,1,1,9,[(1, 10), (2, 9), (2, 10), (3, 10), (3, 11), (4, 10)]
3257,6,1,2,0,[(2, 1), (3, 0), (3, 1), (4, 1), (4, 2), (5, 1)]
3258,6,1,2,1,[(2, 2), (3, 1), (3, 2), (4, 2), (4, 3), (5, 2)]
3259,6,1,2,2,[(2, 3), (3, 2), (3, 3), (4, 3), (4, 4), (5, 3)]
3260,6,1,2,3,[(2, 4), (3, 3), (3, 4), (4, 4), (4, 5), (5, 4)]
3261,6,1,2,4,[(2, 5), (3, 4), (3, 5), (4, 5), (4, 6), (5, 5)]
3262,6,1,2,5,[(2, 6), (3, 5), (3, 6), (4, 6), (4, 7), (5, 6)]
3263,6,1,2,6,[(2, 7), (3, 6), (3, 7), (4, 7), (4, 8), (5, 7)]
3264,6,1,2,7,[(2, 8), (3, 7), (3, 8), (4, 8), (4, 9), (5, 8)]
3265,6,1,2,8,[(2, 9), (3, 8), (3, 9), (4, 9), (4, 10), (5, 9)]
3266,6,1,2,9,[(2, 10), (3, 9), (3, 10), (4, 10), (4, 11), (5, 10)]
3267,6,1,3,0,[(3, 1), (4, 0), (4, 1), (5, 1), (5, 2), (6, 1)]
3268,6,1,3,1,[(3, 2), (4, 1), (4, 2), (5, 2), (5, 3), (6, 2)]
3269,6,1,3,2,[(3, 3), (4, 2), (4, 3), (5, 3), (5, 4), (6, 3)]
3270,6,1,3,3,[(3, 4), (4, 3), (4, 4), (5, 4), (5, 5), (6, 4)]
3271,6,1,3,4,[(3, 5), (4, 4), (4, 5), (5, 5), (5, 6), (6, 5)]
3272,6,1,3,5,[(3, 6), (4, 5), (4, 6), (5, 6), (5, 7), (6, 6)]
3273,6,1,3,6,[(3, 7), (4, 6), (4, 7), (5, 7), (5, 8), (6, 7)]
3274,6,1,3,7,[(3, 8), (4, 7), (4, 8), (5, 8), (5, 9), (6, 8)]
3275,6,1,3,8,[(3, 9), (4, 8), (4, 9), (5, 9), (5, 10), (6, 9)]
3276,6,1,3,9,[(3, 10), (4, 9), (4, 10), (5, 10), (5, 11), (6, 10)]
3277,6,1,4,0,[(4, 1), (5, 0), (5, 1), (6, 1), (6, 2), (7, 1)]
3278,6,1,4,1,[(4, 2), (5, 1), (5, 2), (6, 2), (6, 3), (7, 2)]
3279,6,1,4,2,[(4, 3), (5, 2), (5, 3), (6, 3), (6, 4), (7, 3)]
3280,6,1,4,3,[(4, 4), (5, 3), (5, 4), (6, 4), (6, 5), (7, 4)]
3281,6,1,4,4,[(4, 5), (5, 4), (5, 5), (6, 5), (6, 6), (7, 5)]
3282,6,1,4,5,[(4, 6), (5, 5), (5, 6), (6, 6), (6, 7), (7, 6)]
3283,6,1,4,6,[(4, 7), (5, 6), (5, 7), (6, 7), (6, 8), (7, 7)]
3284,6,1,4,7,[(4, 8), (5, 7), (5, 8), (6, 8), (6, 9), (7, 8)]
3285,6,1,4,8,[(4, 9), (5, 8), (5, 9), (6, 9), (6, 10), (7, 9)]
3286,6,1,4,9,[(4, 10), (5, 9), (5, 10), (6, 10), (6, 11), (7, 10)]
3287,6,1,5,0,[(5, 1), (6, 0), (6, 1), (7, 1), (7, 2), (8, 1)]
3288,6,1,5,1,[(5, 2), (6, 1), (6, 2), (7, 2), (7, 3), (8, 2)]
3289,6,1,5,2,[(5, 3), (6, 2), (6, 3), (7, 3), (7, 4), (8, 3)]
3290,6,1,5,3,[(5, 4), (6, 3), (6, 4), (7, 4), (7, 5), (8, 4)]
3291,6,1,5,4,[(5, 5), (6, 4), (6, 5), (7, 5), (7, 6), (8, 5)]
3292,6,1,5,5,[(5, 6), (6, 5), (6, 6), (7, 6), (7, 7), (8, 6)]
3293,6,1,5,6,[(5, 7), (6, 6), (6, 7), (7, 7), (7, 8), (8, 7)]
3294,6,1,5,7,[(5, 8), (6, 7), (6, 8), (7, 8), (7, 9), (8, 8)]
3295,6,1,5,8,[(5, 9), (6, 8), (6, 9), (7, 9), (7, 10), (8, 9)]
3296,6,1,5,9,[(5, 10), (6, 9), (6, 10), (7, 10), (7, 11), (8, 10)]
3297,6,1,6,0,[(6, 1), (7, 0), (7, 1), (8, 1), (8, 2), (9, 1)]
3298,6,1,6,1,[(6, 2), (7, 1), (7, 2), (8, 2), (8, 3), (9, 2)]
3299,6,1,6,2,[(6, 3), (7, 2), (7, 3), (8, 3), (8, 4), (9, 3)]
3300,6,1,6,3,[(6, 4), (7, 3), (7, 4), (8, 4), (8, 5), (9, 4)]
3301,6,1,6,4,[(6, 5), (7, 4), (7, 5), (8, 5), (8, 6), (9, 5)]
3302,6,1,6,5,[(6, 6), (7, 5), (7, 6), (8, 6), (8, 7), (9, 6)]
3303,6,1,6,6,[(6, 7), (7, 6), (7, 7), (8, 7), (8, 8), (9, 7)]
3304,6,1,6,7,[(6, 8), (7, 7), (7, 8), (8, 8), (8, 9), (9, 8)]
3305,6,1,6,8,[(6, 9), (7, 8), (7, 9), (8, 9), (8, 10), (9, 9)]
3306,6,1,6,9,[(6, 10), (7, 9), (7, 10), (8, 10), (8, 11), (9, 10)]
3307,6,1,7,0,[(7, 1), (8, 0), (8, 1), (9, 1), (9, 2), (10, 1)]
3308,6,1,7,1,[(7, 2), (8, 1), (8, 2), (9, 2), (9, 3), (10, 2)]
3309,6,1,7,2,[(7, 3), (8, 2), (8, 3), (9, 3), (9, 4), (10, 3)]
3310,6,1,7,3,[(7, 4), (8, 3), (8, 4), (9, 4), (9, 5), (10, 4)]
3311,6,1,7,4,[(7, 5), (8, 4), (8, 5), (9, 5), (9, 6), (10, 5)]
3312,6,1,7,5,[(7, 6), (8, 5), (8, 6), (9, 6), (9, 7), (10, 6)]
3313,6,1,7,6,[(7, 7), (8, 6), (8, 7), (9, 7), (9, 8), (10, 7)]
3314,6,1,7,7,[(7, 8), (8, 7), (8, 8), (9, 8), (9, 9), (10, 8)]
3315,6,1,7,8,[(7, 9), (8, 8), (8, 9), (9, 9), (9, 10), (10, 9)]
3316,6,1,7,9,[(7, 10), (8, 9), (8, 10), (9, 10), (9, 11), (10, 10)]
3317,6,1,8,0,[(8, 1), (9, 0), (9, 1), (10, 1), (10, 2), (11, 1)]
3318,6,1,8,1,[(8, 2), (9, 1), (9, 2), (10, 2), (10, 3), (11, 2)]
3319,6,1,8,2,[(8, 3), (9, 2), (9, 3), (10, 3), (10, 4), (11, 3)]
3320,6,1,8,3,[(8, 4), (9, 3), (9, 4), (10, 4), (10, 5), (11, 4)]
3321,6,1,8,4,[(8, 5), (9, 4), (9, 5), (10, 5), (10, 6), (11, 5)]
3322,6,1,8,5,[(8, 6), (9, 5), (9, 6), (10, 6), (10, 7), (11, 6)]
3323,6,1,8,6,[(8, 7), (9, 6), (9, 7), (10, 7), (10, 8), (11, 7)]
3324,6,1,8,7,[(8, 8), (9, 7), (9, 8), (10, 8), (10, 9), (11, 8)]
3325,6,1,8,8,[(8, 9), (9, 8), (9, 9), (10, 9), (10, 10), (11, 9)]
3326,6,1,8,9,[(8, 10), (9, 9), (9, 10), (10, 10), (10, 11), (11, 10)]
3327,6,2,0,0,[(0, 1), (1, 0), (1, 1), (1, 2), (1, 3), (2, 2)]
3328,6,2,0,1,[(0, 2), (1, 1), (1, 2), (1, 3), (1, 4), (2, 3)]
3329,6,2,0,2,[(0, 3), (1, 2), (1, 3), (1, 4), (1, 5), (2, 4)]
3330,6,2,0,3,[(0, 4), (1, 3), (1, 4), (1, 5), (1, 6), (2, 5)]
3331,6,2,0,4,[(0, 5), (1, 4), (1, 5), (1, 6), (1, 7), (2, 6)]
3332,6,2,0,5,[(0, 6), (1, 5), (1, 6), (1, 7), (1, 8), (2, 7)]
3333,6,2,0,6,[(0, 7), (1, 6), (1, 7), (1, 8), (1, 9), (2, 8)]
3334,6,2,0,7,[(0, 8), (1, 7), (1, 8), (1, 9), (1, 10), (2, 9)]
3335,6,2,0,8,[(0, 9), (1, 8), (1, 9), (1, 10), (1, 11), (2, 10)]
3336,6,2,1,0,[(1, 1), (2, 0), (2, 1), (2, 2), (2, 3), (3, 2)]
3337,6,2,1,1,[(1, 2), (2, 1), (2, 2), (2, 3), (2, 4), (3, 3)]
3338,6,2,1,2,[(1, 3), (2, 2), (2, 3), (2, 4), (2, 5), (3, 4)]
3339,6,2,1,3,[(1, 4), (2, 3), (2, 4), (2, 5), (2, 6), (3, 5)]
3340,6,2,1,4,[(1, 5), (2, 4), (2, 5), (2, 6), (2, 7), (3, 6)]
3341,6,2,1,5,[(1, 6), (2, 5), (2, 6), (2, 7), (2, 8), (3, 7)]
3342,6,2,1,6,[(1, 7), (2, 6), (2, 7), (2, 8), (2, 9), (3, 8)]
3343,6,2,1,7,[(1, 8), (2, 7), (2, 8), (2, 9), (2, 10), (3, 9)]
3344,6,2,1,8,[(1, 9), (2, 8), (2, 9), (2, 10), (2, 11), (3, 10)]
3345,6,2,2,0,[(2, 1), (3, 0), (3, 1), (3, 2), (3, 3), (4, 2)]
3346,6,2,2,1,[(2, 2), (3, 1), (3, 2), (3, 3), (3, 4), (4, 3)]
3347,6,2,2,2,[(2, 3), (3, 2), (3, 3), (3, 4), (3, 5), (4, 4)]
3348,6,2,2,3,[(2, 4), (3, 3), (3, 4), (3, 5), (3, 6), (4, 5)]
3349,6,2,2,4,[(2, 5), (3, 4), (3, 5), (3, 6), (3, 7), (4, 6)]
3350,6,2,2,5,[(2, 6), (3, 5), (3, 6), (3, 7), (3, 8), (4, 7)]
3351,6,2,2,6,[(2, 7), (3, 6), (3, 7), (3, 8), (3, 9), (4, 8)]
3352,6,2,2,7,[(2, 8), (3, 7), (3, 8), (3, 9), (3, 10), (4, 9)]
3353,6,2,2,8,[(2, 9), (3, 8), (3, 9), (3, 10), (3, 11), (4, 10)]
3354,6,2,3,0,[(3, 1), (4, 0), (4, 1), (4, 2), (4, 3), (5, 2)]
3355,6,2,3,1,[(3, 2), (4, 1), (4, 2), (4, 3), (4, 4), (5, 3)]
3356,6,2,3,2,[(3, 3), (4, 2), (4, 3), (4, 4), (4, 5), (5, 4)]
3357,6,2,3,3,[(3, 4), (4, 3), (4, 4), (4, 5), (4, 6), (5, 5)]
3358,6,2,3,4,[(3, 5), (4, 4), (4, 5), (4, 6), (4, 7), (5, 6)]
3359,6,2,3,5,[(3, 6), (4, 5), (4, 6), (4, 7), (4, 8), (5, 7)]
3360,6,2,3,6,[(3, 7), (4, 6), (4, 7), (4, 8), (4, 9), (5, 8)]
3361,6,2,3,7,[(3, 8), (4, 7), (4, 8), (4, 9), (4, 10), (5, 9)]
3362,6,2,3,8,[(3, 9), (4, 8), (4, 9), (4, 10), (4, 11), (5, 10)]
3363,6,2,4,0,[(4, 1), (5, 0), (5, 1), (5, 2), (5, 3), (6, 2)]
3364,6,2,4,1,[(4, 2), (5, 1), (5, 2), (5, 3), (5, 4), (6, 3)]
3365,6,2,4,2,[(4, 3), (5, 2), (5, 3), (5, 4), (5, 5), (6, 4)]
3366,6,2,4,3,[(4, 4), (5, 3), (5, 4), (5, 5), (5, 6), (6, 5)]
3367,6,2,4,4,[(4, 5), (5, 4), (5, 5), (5, 6), (5, 7), (6, 6)]
3368,6,2,4,5,[(4, 6), (5, 5), (5, 6), (5, 7), (5, 8), (6, 7)]
3369,6,2,4,6,[(4, 7), (5, 6), (5, 7), (5, 8), (5, 9), (6, 8)]
3370,6,2,4,7,[(4, 8), (5, 7), (5, 8), (5, 9), (5, 10), (6, 9)]
3371,6,2,4,8,[(4, 9), (5, 8), (5, 9), (5, 10), (5, 11), (6, 10)]
3372,6,2,5,0,[(5, 1), (6, 0), (6, 1), (6, 2), (6, 3), (7, 2)]
3373,6,2,5,1,[(5, 2), (6, 1), (6, 2), (6, 3), (6, 4), (7, 3)]
3374,6,2,5,2,[(5, 3), (6, 2), (6, 3), (6, 4), (6, 5), (7, 4)]
3375,6,2,5,3,[(5, 4), (6, 3), (6, 4), (6, 5), (6, 6), (7, 5)]
3376,6,2,5,4,[(5, 5), (6, 4), (6, 5), (6, 6), (6, 7), (7, 6)]
3377,6,2,5,5,[(5, 6), (6, 5), (6, 6), (6, 7), (6, 8), (7, 7)]
3378,6,2,5,6,[(5, 7), (6, 6), (6, 7), (6, 8), (6, 9), (7, 8)]
3379,6,2,5,7,[(5, 8), (6, 7), (6, 8), (6, 9), (6, 10), (7, 9)]
3380,6,2,5,8,[(5, 9), (6, 8), (6, 9), (6, 10), (6, 11), (7, 10)]
3381,6,2,6,0,[(6, 1), (7, 0), (7, 1), (7, 2), (7, 3), (8, 2)]
3382,6,2,6,1,[(6, 2), (7, 1), (7, 2), (7, 3), (7, 4), (8, 3)]
3383,6,2,6,2,[(6, 3), (7, 2), (7, 3), (7, 4), (7, 5), (8, 4)]
3384,6,2,6,3,[(6, 4), (7, 3), (7, 4), (7, 5), (7, 6), (8, 5)]
3385,6,2,6,4,[(6, 5), (7, 4), (7, 5), (7, 6), (7, 7), (8, 6)]
3386,6,2,6,5,[(6, 6), (7, 5), (7, 6), (7, 7), (7, 8), (8, 7)]
3387,6,2,6,6,[(6, 7), (7, 6), (7, 7), (7, 8), (7, 9), (8, 8)]
3388,6,2,6,7,[(6, 8), (7, 7), (7, 8), (7, 9), (7, 10), (8, 9)]
3389,6,2,6,8,[(6, 9), (7, 8), (7, 9), (7, 10), (7, 11), (8, 10)]
3390,6,2,7,0,[(7, 1), (8, 0), (8, 1), (8, 2), (8, 3), (9, 2)]
3391,6,2,7,1,[(7, 2), (8, 1), (8, 2), (8, 3), (8, 4), (9, 3)]
3392,6,2,7,2,[(7, 3), (8, 2), (8, 3), (8, 4), (8, 5), (9, 4)]
3393,6,2,7,3,[(7, 4), (8, 3), (8, 4), (8, 5), (8, 6), (9, 5)]
3394,6,2,7,4,[(7, 5), (8, 4), (8, 5), (8, 6), (8, 7), (9, 6)]
3395,6,2,7,5,[(7, 6), (8, 5), (8, 6), (8, 7), (8, 8), (9, 7)]
3396,6,2,7,6,[(7, 7), (8, 6), (8, 7), (8, 8), (8, 9), (9, 8)]
3397,6,2,7,7,[(7, 8), (8, 7), (8, 8), (8, 9), (8, 10), (9, 9)]
3398,6,2,7,8,[(7, 9), (8, 8), (8, 9), (8, 10), (8, 11), (9, 10)]
3399,6,2,8,0,[(8, 1), (9, 0), (9, 1), (9, 2), (9, 3), (10, 2)]
3400,6,2,8,1,[(8, 2), (9, 1), (9, 2), (9, 3), (9, 4), (10, 3)]
3401,6,2,8,2,[(8, 3), (9, 2), (9, 3), (9, 4), (9, 5), (10, 4)]
3402,6,2,8,3,[(8, 4), (9, 3), (9, 4), (9, 5), (9, 6), (10, 5)]
3403,6,2,8,4,[(8, 5), (9, 4), (9, 5), (9, 6), (9, 7), (10, 6)]
3404,6,2,8,5,[(8, 6), (9, 5), (9, 6), (9, 7), (9, 8), (10, 7)]
3405,6,2,8,6,[(8, 7), (9, 6), (9, 7), (9, 8), (9, 9), (10, 8)]
3406,6,2,8,7,[(8, 8), (9, 7), (9, 8), (9, 9), (9, 10), (10, 9)]
3407,6,2,8,8,[(8, 9), (9, 8), (9, 9), (9, 10), (9, 11), (10, 10)]
3408,6,2,9,0,[(9, 1), (10, 0), (10, 1), (10, 2), (10, 3), (11, 2)]
3409,6,2,9,1,[(9, 2), (10, 1), (10, 2), (10, 3), (10, 4), (11, 3)]
3410,6,2,9,2,[(9, 3), (10, 2), (10, 3), (10, 4), (10, 5), (11, 4)]
3411,6,2,9,3,[(9, 4), (10, 3), (10, 4), (10, 5), (10, 6), (11, 5)]
3412,6,2,9,4,[(9, 5), (10, 4), (10, 5), (10, 6), (10, 7), (11, 6)]
3413,6,2,9,5,[(9, 6), (10, 5), (10, 6), (10, 7), (10, 8), (11, 7)]
3414,6,2,9,6,[(9, 7), (10, 6), (10, 7), (10, 8), (10, 9), (11, 8)]
3415,6,2,9,7,[(9, 8), (10, 7), (10, 8), (10, 9), (10, 10), (11, 9)]
3416,6,2,9,8,[(9, 9), (10, 8), (10, 9), (10, 10), (10, 11), (11, 10)]
3417,6,3,0,0,[(0, 2), (1, 0), (1, 1), (1, 2), (1, 3), (2, 1)]
3418,6,3,0,1,[(0, 3), (1, 1), (1, 2), (1, 3), (1, 4), (2, 2)]
3419,6,3,0,2,[(0, 4), (1, 2), (1, 3), (1, 4), (1, 5), (2, 3)]
3420,6,3,0,3,[(0, 5), (1, 3), (1, 4), (1, 5), (1, 6), (2, 4)]
3421,6,3,0,4,[(0, 6), (1, 4), (1, 5), (1, 6), (1, 7), (2, 5)]
3422,6,3,0,5,[(0, 7), (1, 5), (1, 6), (1, 7), (1, 8), (2, 6)]
3423,6,3,0,6,[(0, 8), (1, 6), (1, 7), (1, 8), (1, 9), (2, 7)]
3424,6,3,0,7,[(0, 9), (1, 7), (1, 8), (1, 9), (1, 10), (2, 8)]
3425,6,3,0,8,[(0, 10), (1, 8), (1, 9), (1, 10), (1, 11), (2, 9)]
3426,6,3,1,0,[(1, 2), (2, 0), (2, 1), (2, 2), (2, 3), (3, 1)]
3427,6,3,1,1,[(1, 3), (2, 1), (2, 2), (2, 3), (2, 4), (3, 2)]
3428,6,3,1,2,[(1, 4), (2, 2), (2, 3), (2, 4), (2, 5), (3, 3)]
3429,6,3,1,3,[(1, 5), (2, 3), (2, 4), (2, 5), (2, 6), (3, 4)]
3430,6,3,1,4,[(1, 6), (2, 4), (2, 5), (2, 6), (2, 7), (3, 5)]
3431,6,3,1,5,[(1, 7), (2, 5), (2, 6), (2, 7), (2, 8), (3, 6)]
3432,6,3,1,6,[(1, 8), (2, 6), (2, 7), (2, 8), (2, 9), (3, 7)]
3433,6,3,1,7,[(1, 9), (2, 7), (2, 8), (2, 9), (2, 10), (3, 8)]
3434,6,3,1,8,[(1, 10), (2, 8), (2, 9), (2, 10), (2, 11), (3, 9)]
3435,6,3,2,0,[(2, 2), (3, 0), (3, 1), (3, 2), (3, 3), (4, 1)]
3436,6,3,2,1,[(2, 3), (3, 1), (3, 2), (3, 3), (3, 4), (4, 2)]
3437,6,3,2,2,[(2, 4), (3, 2), (3, 3), (3, 4), (3, 5), (4, 3)]
3438,6,3,2,3,[(2, 5), (3, 3), (3, 4), (3, 5), (3, 6), (4, 4)]
3439,6,3,2,4,[(2, 6), (3, 4), (3, 5), (3, 6), (3, 7), (4, 5)]
3440,6,3,2,5,[(2, 7), (3, 5), (3, 6), (3, 7), (3, 8), (4, 6)]
3441,6,3,2,6,[(2, 8), (3, 6), (3, 7), (3, 8), (3, 9), (4, 7)]
3442,6,3,2,7,[(2, 9), (3, 7), (3, 8), (3, 9), (3, 10), (4, 8)]
3443,6,3,2,8,[(2, 10), (3, 8), (3, 9), (3, 10), (3, 11), (4, 9)]
3444,6,3,3,0,[(3, 2), (4, 0), (4, 1), (4, 2), (4, 3), (5, 1)]
3445,6,3,3,1,[(3, 3), (4, 1), (4, 2), (4, 3), (4, 4), (5, 2)]
3446,6,3,3,2,[(3, 4), (4, 2), (4, 3), (4, 4), (4, 5), (5, 3)]
3447,6,3,3,3,[(3, 5), (4, 3), (4, 4), (4, 5), (4, 6), (5, 4)]
3448,6,3,3,4,[(3, 6), (4, 4), (4, 5), (4, 6), (4, 7), (5, 5)]
3449,6,3,3,5,[(3, 7), (4, 5), (4, 6), (4, 7), (4, 8), (5, 6)]
3450,6,3,3,6,[(3, 8), (4, 6), (4, 7), (4, 8), (4, 9), (5, 7)]
3451,6,3,3,7,[(3, 9), (4, 7), (4, 8), (4, 9), (4, 10), (5, 8)]
3452,6,3,3,8,[(3, 10), (4, 8), (4, 9), (4, 10), (4, 11), (5, 9)]
3453,6,3,4,0,[(4, 2), (5, 0), (5, 1), (5, 2), (5, 3), (6, 1)]
3454,6,3,4,1,[(4, 3), (5, 1), (5, 2), (5, 3), (5, 4), (6, 2)]
3455,6,3,4,2,[(4, 4), (5, 2), (5, 3), (5, 4), (5, 5), (6, 3)]
3456,6,3,4,3,[(4, 5), (5, 3), (5, 4), (5, 5), (5, 6), (6, 4)]
3457,6,3,4,4,[(4, 6), (5, 4), (5, 5), (5, 6), (5, 7), (6, 5)]
3458,6,3,4,5,[(4, 7), (5, 5), (5, 6), (5, 7), (5, 8), (6, 6)]
3459,6,3,4,6,[(4, 8), (5, 6), (5, 7), (5, 8), (5, 9), (6, 7)]
3460,6,3,4,7,[(4, 9), (5, 7), (5, 8), (5, 9), (5, 10), (6, 8)]
3461,6,3,4,8,[(4, 10), (5, 8), (5, 9), (5, 10), (5, 11), (6, 9)]
3462,6,3,5,0,[(5, 2), (6, 0), (6, 1), (6, 2), (6, 3), (7, 1)]
3463,6,3,5,1,[(5, 3), (6, 1), (6, 2), (6, 3), (6, 4), (7, 2)]
3464,6,3,5,2,[(5, 4), (6, 2), (6, 3), (6, 4), (6, 5), (7, 3)]
3465,6,3,5,3,[(5, 5), (6, 3), (6, 4), (6, 5), (6, 6), (7, 4)]
3466,6,3,5,4,[(5, 6), (6, 4), (6, 5), (6, 6), (6, 7), (7, 5)]
3467,6,3,5,5,[(5, 7), (6, 5), (6, 6), (6, 7), (6, 8), (7, 6)]
3468,6,3,5,6,[(5, 8), (6, 6), (6, 7), (6, 8), (6, 9), (7, 7)]
3469,6,3,5,7,[(5, 9), (6, 7), (6, 8), (6, 9), (6, 10), (7, 8)]
3470,6,3,5,8,[(5, 10), (6, 8), (6, 9), (6, 10), (6, 11), (7, 9)]
3471,6,3,6,0,[(6, 2), (7, 0), (7, 1), (7, 2), (7, 3), (8, 1)]
3472,6,3,6,1,[(6, 3), (7, 1), (7, 2), (7, 3), (7, 4), (8, 2)]
3473,6,3,6,2,[(6, 4), (7, 2), (7, 3), (7, 4), (7, 5), (8, 3)]
3474,6,3,6,3,[(6, 5), (7, 3), (7, 4), (7, 5), (7, 6), (8, 4)]
3475,6,3,6,4,[(6, 6), (7, 4), (7, 5), (7, 6), (7, 7), (8, 5)]
3476,6,3,6,5,[(6, 7), (7, 5), (7, 6), (7, 7), (7, 8), (8, 6)]
3477,6,3,6,6,[(6, 8), (7, 6), (7, 7), (7, 8), (7, 9), (8, 7)]
3478,6,3,6,7,[(6, 9), (7, 7), (7, 8), (7, 9), (7, 10), (8, 8)]
3479,6,3,6,8,[(6, 10), (7, 8), (7, 9), (7, 10), (7, 11), (8, 9)]
3480,6,3,7,0,[(7, 2), (8, 0), (8, 1), (8, 2), (8, 3), (9, 1)]
3481,6,3,7,1,[(7, 3), (8, 1), (8, 2), (8, 3), (8, 4), (9, 2)]
3482,6,3,7,2,[(7, 4), (8, 2), (8, 3), (8, 4), (8, 5), (9, 3)]
3483,6,3,7,3,[(7, 5), (8, 3), (8, 4), (8, 5), (8, 6), (9, 4)]
3484,6,3,7,4,[(7, 6), (8, 4), (8, 5), (8, 6), (8, 7), (9, 5)]
3485,6,3,7,5,[(7, 7), (8, 5), (8, 6), (8, 7), (8, 8), (9, 6)]
3486,6,3,7,6,[(7, 8), (8, 6), (8, 7), (8, 8), (8, 9), (9, 7)]
3487,6,3,7,7,[(7, 9), (8, 7), (8, 8), (8, 9), (8, 10), (9, 8)]
3488,6,3,7,8,[(7, 10), (8, 8), (8, 9), (8, 10), (8, 11), (9, 9)]
3489,6,3,8,0,[(8, 2), (9, 0), (9, 1), (9, 2), (9, 3), (10, 1)]
3490,6,3,8,1,[(8, 3), (9, 1), (9, 2), (9, 3), (9, 4), (10, 2)]
3491,6,3,8,2,[(8, 4), (9, 2), (9, 3), (9, 4), (9, 5), (10, 3)]
3492,6,3,8,3,[(8, 5), (9, 3), (9, 4), (9, 5), (9, 6), (10, 4)]
3493,6,3,8,4,[(8, 6), (9, 4), (9, 5), (9, 6), (9, 7), (10, 5)]
3494,6,3,8,5,[(8, 7), (9, 5), (9, 6), (9, 7), (9, 8), (10, 6)]
3495,6,3,8,6,[(8, 8), (9, 6), (9, 7), (9, 8), (9, 9), (10, 7)]
3496,6,3,8,7,[(8, 9), (9, 7), (9, 8), (9, 9), (9, 10), (10, 8)]
3497,6,3,8,8,[(8, 10), (9, 8), (9, 9), (9, 10), (9, 11), (10, 9)]
3498,6,3,9,0,[(9, 2), (10, 0), (10, 1), (10, 2), (10, 3), (11, 1)]
3499,6,3,9,1,[(9, 3), (10, 1), (10, 2), (10, 3), (10, 4), (11, 2)]
3500,6,3,9,2,[(9, 4), (10, 2), (10, 3), (10, 4), (10, 5), (11, 3)]
3501,6,3,9,3,[(9, 5), (10, 3), (10, 4), (10, 5), (10, 6), (11, 4)]
3502,6,3,9,4,[(9, 6), (10, 4), (10, 5), (10, 6), (10, 7), (11, 5)]
3503,6,3,9,5,[(9, 7), (10, 5), (10, 6), (10, 7), (10, 8), (11, 6)]
3504,6,3,9,6,[(9, 8), (10, 6), (10, 7), (10, 8), (10, 9), (11, 7)]
3505,6,3,9,7,[(9, 9), (10, 7), (10, 8), (10, 9), (10, 10), (11, 8)]
3506,6,3,9,8,[(9, 10), (10, 8), (10, 9), (10, 10), (10, 11), (11, 9)]
3507,7,0,0,0,[(0, 0), (0, 1), (1, 1), (2, 1), (2, 2), (3, 2)]
3508,7,0,0,1,[(0, 1), (0, 2), (1, 2), (2, 2), (2, 3), (3, 3)]
3509,7,0,0,2,[(0, 2), (0, 3), (1, 3), (2, 3), (2, 4), (3, 4)]
3510,7,0,0,3,[(0, 3), (0, 4), (1, 4), (2, 4), (2, 5), (3, 5)]
3511,7,0,0,4,[(0, 4), (0, 5), (1, 5), (2, 5), (2, 6), (3, 6)]
3512,7,0,0,5,[(0, 5), (0, 6), (1, 6), (2, 6), (2, 7), (3, 7)]
3513,7,0,0,6,[(0, 6), (0, 7), (1, 7), (2, 7), (2, 8), (3, 8)]
3514,7,0,0,7,[(0, 7), (0, 8), (1, 8), (2, 8), (2, 9), (3, 9)]
3515,7,0,0,8,[(0, 8), (0, 9), (1, 9), (2, 9), (2, 10), (3, 10)]
3516,7,0,0,9,[(0, 9), (0, 10), (1, 10), (2, 10), (2, 11), (3, 11)]
3517,7,0,1,0,[(1, 0), (1, 1), (2, 1), (3, 1), (3, 2), (4, 2)]
3518,7,0,1,1,[(1, 1), (1, 2), (2, 2), (3, 2), (3, 3), (4, 3)]
3519,7,0,1,2,[(1, 2), (1, 3), (2, 3), (3, 3), (3, 4), (4, 4)]
3520,7,0,1,3,[(1, 3), (1, 4), (2, 4), (3, 4), (3, 5), (4, 5)]
3521,7,0,1,4,[(1, 4), (1, 5), (2, 5), (3, 5), (3, 6), (4, 6)]
3522,7,0,1,5,[(1, 5), (1, 6), (2, 6), (3, 6), (3, 7), (4, 7)]
3523,7,0,1,6,[(1, 6), (1, 7), (2, 7), (3, 7), (3, 8), (4, 8)]
3524,7,0,1,7,[(1, 7), (1, 8), (2, 8), (3, 8), (3, 9), (4, 9)]
3525,7,0,1,8,[(1, 8), (1, 9), (2, 9), (3, 9), (3, 10), (4, 10)]
3526,7,0,1,9,[(1, 9), (1, 10), (2, 10), (3, 10), (3, 11), (4, 11)]
3527,7,0,2,0,[(2, 0), (2, 1), (3, 1), (4, 1), (4, 2), (5, 2)]
3528,7,0,2,1,[(2, 1), (2, 2), (3, 2), (4, 2), (4, 3), (5, 3)]
3529,7,0,2,2,[(2, 2), (2, 3), (3, 3), (4, 3), (4, 4), (5, 4)]
3530,7,0,2,3,[(2, 3), (2, 4), (3, 4), (4, 4), (4, 5), (5, 5)]
3531,7,0,2,4,[(2, 4), (2, 5), (3, 5), (4, 5), (4, 6), (5, 6)]
3532,7,0,2,5,[(2, 5), (2, 6), (3, 6), (4, 6), (4, 7), (5, 7)]
3533,7,0,2,6,[(2, 6), (2, 7), (3, 7), (4, 7), (4, 8), (5, 8)]
3534,7,0,2,7,[(2, 7), (2, 8), (3, 8), (4, 8), (4, 9), (5, 9)]
3535,7,0,2,8,[(2, 8), (2, 9), (3, 9), (4, 9), (4, 10), (5, 10)]
3536,7,0,2,9,[(2, 9), (2, 10), (3, 10), (4, 10), (4, 11), (5, 11)]
3537,7,0,3,0,[(3, 0), (3, 1), (4, 1), (5, 1), (5, 2), (6, 2)]
3538,7,0,3,1,[(3, 1), (3, 2), (4, 2), (5, 2), (5, 3), (6, 3)]
3539,7,0,3,2,[(3, 2), (3, 3), (4, 3), (5, 3), (5, 4), (6, 4)]
3540,7,0,3,3,[(3, 3), (3, 4), (4, 4), (5, 4), (5, 5), (6, 5)]
3541,7,0,3,4,[(3, 4), (3, 5), (4, 5), (5, 5), (5, 6), (6, 6)]
3542,7,0,3,5,[(3, 5), (3, 6), (4, 6), (5, 6), (5, 7), (6, 7)]
3543,7,0,3,6,[(3, 6), (3, 7), (4, 7), (5, 7), (5, 8), (6, 8)]
3544,7,0,3,7,[(3, 7), (3, 8), (4, 8), (5, 8), (5, 9), (6, 9)]
3545,7,0,3,8,[(3, 8), (3, 9), (4, 9), (5, 9), (5, 10), (6, 10)]
3546,7,0,3,9,[(3, 9), (3, 10), (4, 10), (5, 10), (5, 11), (6, 11)]
3547,7,0,4,0,[(4, 0), (4, 1), (5, 1), (6, 1), (6, 2), (7, 2)]
3548,7,0,4,1,[(4, 1), (4, 2), (5, 2), (6, 2), (6, 3), (7, 3)]
3549,7,0,4,2,[(4, 2), (4, 3), (5, 3), (6, 3), (6, 4), (7, 4)]
3550,7,0,4,3,[(4, 3), (4, 4), (5, 4), (6, 4), (6, 5), (7, 5)]
3551,7,0,4,4,[(4, 4), (4, 5), (5, 5), (6, 5), (6, 6), (7, 6)]
3552,7,0,4,5,[(4, 5), (4, 6), (5, 6), (6, 6), (6, 7), (7, 7)]
3553,7,0,4,6,[(4, 6), (4, 7), (5, 7), (6, 7), (6, 8), (7, 8)]
3554,7,0,4,7,[(4, 7), (4, 8), (5, 8), (6, 8), (6, 9), (7, 9)]
3555,7,0,4,8,[(4, 8), (4, 9), (5, 9), (6, 9), (6, 10), (7, 10)]
3556,7,0,4,9,[(4, 9), (4, 10), (5, 10), (6, 10), (6, 11), (7, 11)]
3557,7,0,5,0,[(5, 0), (5, 1), (6, 1), (7, 1), (7, 2), (8, 2)]
3558,7,0,5,1,[(5, 1), (5, 2), (6, 2), (7, 2), (7, 3), (8, 3)]
3559,7,0,5,2,[(5, 2), (5, 3), (6, 3), (7, 3), (7, 4), (8, 4)]
3560,7,0,5,3,[(5, 3), (5, 4), (6, 4), (7, 4), (7, 5), (8, 5)]
3561,7,0,5,4,[(5, 4), (5, 5), (6, 5), (7, 5), (7, 6), (8, 6)]
3562,7,0,5,5,[(5, 5), (5, 6), (6, 6), (7, 6), (7, 7), (8, 7)]
3563,7,0,5,6,[(5, 6), (5, 7), (6, 7), (7, 7), (7, 8), (8, 8)]
3564,7,0,5,7,[(5, 7), (5, 8), (6, 8), (7, 8), (7, 9), (8, 9)]
3565,7,0,5,8,[(5, 8), (5, 9), (6, 9), (7, 9), (7, 10), (8, 10)]
3566,7,0,5,9,[(5, 9), (5, 10), (6, 10), (7, 10), (7, 11), (8, 11)]
3567,7,0,6,0,[(6, 0), (6, 1), (7, 1), (8, 1), (8, 2), (9, 2)]
3568,7,0,6,1,[(6, 1), (6, 2), (7, 2), (8, 2), (8, 3), (9, 3)]
3569,7,0,6,2,[(6, 2), (6, 3), (7, 3), (8, 3), (8, 4), (9, 4)]
3570,7,0,6,3,[(6, 3), (6, 4), (7, 4), (8, 4), (8, 5), (9, 5)]
3571,7,0,6,4,[(6, 4), (6, 5), (7, 5), (8, 5), (8, 6), (9, 6)]
3572,7,0,6,5,[(6, 5), (6, 6), (7, 6), (8, 6), (8, 7), (9, 7)]
3573,7,0,6,6,[(6, 6), (6, 7), (7, 7), (8, 7), (8, 8), (9, 8)]
3574,7,0,6,7,[(6, 7), (6, 8), (7, 8), (8, 8), (8, 9), (9, 9)]
3575,7,0,6,8,[(6, 8), (6, 9), (7, 9), (8, 9), (8, 10), (9, 10)]
3576,7,0,6,9,[(6, 9), (6, 10), (7, 10), (8, 10), (8, 11), (9, 11)]
3577,7,0,7,0,[(7, 0), (7, 1), (8, 1), (9, 1), (9, 2), (10, 2)]
3578,7,0,7,1,[(7, 1), (7, 2), (8, 2), (9, 2), (9, 3), (10, 3)]
3579,7,0,7,2,[(7, 2), (7, 3), (8, 3), (9, 3), (9, 4), (10, 4)]
3580,7,0,7,3,[(7, 3), (7, 4), (8, 4), (9, 4), (9, 5), (10, 5)]
3581,7,0,7,4,[(7, 4), (7, 5), (8, 5), (9, 5), (9, 6), (10, 6)]
3582,7,0,7,5,[(7, 5), (7, 6), (8, 6), (9, 6), (9, 7), (10, 7)]
3583,7,0,7,6,[(7, 6), (7, 7), (8, 7), (9, 7), (9, 8), (10, 8)]
3584,7,0,7,7,[(7, 7), (7, 8), (8, 8), (9, 8), (9, 9), (10, 9)]
3585,7,0,7,8,[(7, 8), (7, 9), (8, 9), (9, 9), (9, 10), (10, 10)]
3586,7,0,7,9,[(7, 9), (7, 10), (8, 10), (9, 10), (9, 11), (10, 11)]
3587,7,0,8,0,[(8, 0), (8, 1), (9, 1), (10, 1), (10, 2), (11, 2)]
3588,7,0,8,1,[(8, 1), (8, 2), (9, 2), (10, 2), (10, 3), (11, 3)]
3589,7,0,8,2,[(8, 2), (8, 3), (9, 3), (10, 3), (10, 4), (11, 4)]
3590,7,0,8,3,[(8, 3), (8, 4), (9, 4), (10, 4), (10, 5), (11, 5)]
3591,7,0,8,4,[(8, 4), (8, 5), (9, 5), (10, 5), (10, 6), (11, 6)]
3592,7,0,8,5,[(8, 5), (8, 6), (9, 6), (10, 6), (10, 7), (11, 7)]
3593,7,0,8,6,[(8, 6), (8, 7), (9, 7), (10, 7), (10, 8), (11, 8)]
3594,7,0,8,7,[(8, 7), (8, 8), (9, 8), (10, 8), (10, 9), (11, 9)]
3595,7,0,8,8,[(8, 8), (8, 9), (9, 9), (10, 9), (10, 10), (11, 10)]
3596,7,0,8,9,[(8, 9), (8, 10), (9, 10), (10, 10), (10, 11), (11, 11)]
3597,7,1,0,0,[(0, 1), (0, 2), (1, 1), (2, 0), (2, 1), (3, 0)]
3598,7,1,0,1,[(0, 2), (0, 3), (1, 2), (2, 1), (2, 2), (3, 1)]
3599,7,1,0,2,[(0, 3), (0, 4), (1, 3), (2, 2), (2, 3), (3, 2)]
3600,7,1,0,3,[(0, 4), (0, 5), (1, 4), (2, 3), (2, 4), (3, 3)]
3601,7,1,0,4,[(0, 5), (0, 6), (1, 5), (2, 4), (2, 5), (3, 4)]
3602,7,1,0,5,[(0, 6), (0, 7), (1, 6), (2, 5), (2, 6), (3, 5)]
3603,7,1,0,6,[(0, 7), (0, 8), (1, 7), (2, 6), (2, 7), (3, 6)]
3604,7,1,0,7,[(0, 8), (0, 9), (1, 8), (2, 7), (2, 8), (3, 7)]
3605,7,1,0,8,[(0, 9), (0, 10), (1, 9), (2, 8), (2, 9), (3, 8)]
3606,7,1,0,9,[(0, 10), (0, 11), (1, 10), (2, 9), (2, 10), (3, 9)]
3607,7,1,1,0,[(1, 1), (1, 2), (2, 1), (3, 0), (3, 1), (4, 0)]
3608,7,1,1,1,[(1, 2), (1, 3), (2, 2), (3, 1), (3, 2), (4, 1)]
3609,7,1,1,2,[(1, 3), (1, 4), (2, 3), (3, 2), (3, 3), (4, 2)]
3610,7,1,1,3,[(1, 4), (1, 5), (2, 4), (3, 3), (3, 4), (4, 3)]
3611,7,1,1,4,[(1, 5), (1, 6), (2, 5), (3, 4), (3, 5), (4, 4)]
3612,7,1,1,5,[(1, 6), (1, 7), (2, 6), (3, 5), (3, 6), (4, 5)]
3613,7,1,1,6,[(1, 7), (1, 8), (2, 7), (3, 6), (3, 7), (4, 6)]
3614,7,1,1,7,[(1, 8), (1, 9), (2, 8), (3, 7), (3, 8), (4, 7)]
3615,7,1,1,8,[(1, 9), (1, 10), (2, 9), (3, 8), (3, 9), (4, 8)]
3616,7,1,1,9,[(1, 10), (1, 11), (2, 10), (3, 9), (3, 10), (4, 9)]
3617,7,1,2,0,[(2, 1), (2, 2), (3, 1), (4, 0), (4, 1), (5, 0)]
3618,7,1,2,1,[(2, 2), (2, 3), (3, 2), (4, 1), (4, 2), (5, 1)]
3619,7,1,2,2,[(2, 3), (2, 4), (3, 3), (4, 2), (4, 3), (5, 2)]
3620,7,1,2,3,[(2, 4), (2, 5), (3, 4), (4, 3), (4, 4), (5, 3)]
3621,7,1,2,4,[(2, 5), (2, 6), (3, 5), (4, 4), (4, 5), (5, 4)]
3622,7,1,2,5,[(2, 6), (2, 7), (3, 6), (4, 5), (4, 6), (5, 5)]
3623,7,1,2,6,[(2, 7), (2, 8), (3, 7), (4, 6), (4, 7), (5, 6)]
3624,7,1,2,7,[(2, 8), (2, 9), (3, 8), (4, 7), (4, 8), (5, 7)]
3625,7,1,2,8,[(2, 9), (2, 10), (3, 9), (4, 8), (4, 9), (5, 8)]
3626,7,1,2,9,[(2, 10), (2, 11), (3, 10), (4, 9), (4, 10), (5, 9)]
3627,7,1,3,0,[(3, 1), (3, 2), (4, 1), (5, 0), (5, 1), (6, 0)]
3628,7,1,3,1,[(3, 2), (3, 3), (4, 2), (5, 1), (5, 2), (6, 1)]
3629,7,1,3,2,[(3, 3), (3, 4), (4, 3), (5, 2), (5, 3), (6, 2)]
3630,7,1,3,3,[(3, 4), (3, 5), (4, 4), (5, 3), (5, 4), (6, 3)]
3631,7,1,3,4,[(3, 5), (3, 6), (4, 5), (5, 4), (5, 5), (6, 4)]
3632,7,1,3,5,[(3, 6), (3, 7), (4, 6), (5, 5), (5, 6), (6, 5)]
3633,7,1,3,6,[(3, 7), (3, 8), (4, 7), (5, 6), (5, 7), (6, 6)]
3634,7,1,3,7,[(3, 8), (3, 9), (4, 8), (5, 7), (5, 8), (6, 7)]
3635,7,1,3,8,[(3, 9), (3, 10), (4, 9), (5, 8), (5, 9), (6, 8)]
3636,7,1,3,9,[(3, 10), (3, 11), (4, 10), (5, 9), (5, 10), (6, 9)]
3637,7,1,4,0,[(4, 1), (4, 2), (5, 1), (6, 0), (6, 1), (7, 0)]
3638,7,1,4,1,[(4, 2), (4, 3), (5, 2), (6, 1), (6, 2), (7, 1)]
3639,7,1,4,2,[(4, 3), (4, 4), (5, 3), (6, 2), (6, 3), (7, 2)]
3640,7,1,4,3,[(4, 4), (4, 5), (5, 4), (6, 3), (6, 4), (7, 3)]
3641,7,1,4,4,[(4, 5), (4, 6), (5, 5), (6, 4), (6, 5), (7, 4)]
3642,7,1,4,5,[(4, 6), (4, 7), (5, 6), (6, 5), (6, 6), (7, 5)]
3643,7,1,4,6,[(4, 7), (4, 8), (5, 7), (6, 6), (6, 7), (7, 6)]
3644,7,1,4,7,[(4, 8), (4, 9), (5, 8), (6, 7), (6, 8), (7, 7)]
3645,7,1,4,8,[(4, 9), (4, 10), (5, 9), (6, 8), (6, 9), (7, 8)]
3646,7,1,4,9,[(4, 10), (4, 11), (5, 10), (6, 9), (6, 10), (7, 9)]
3647,7,1,5,0,[(5, 1), (5, 2), (6, 1), (7, 0), (7, 1), (8, 0)]
3648,7,1,5,1,[(5, 2), (5, 3), (6, 2), (7, 1), (7, 2), (8, 1)]
3649,7,1,5,2,[(5, 3), (5, 4), (6, 3), (7, 2), (7, 3), (8, 2)]
3650,7,1,5,3,[(5, 4), (5, 5), (6, 4), (7, 3), (7, 4), (8, 3)]
3651,7,1,5,4,[(5, 5), (5, 6), (6, 5), (7, 4), (7, 5), (8, 4)]
3652,7,1,5,5,[(5, 6), (5, 7), (6, 6), (7, 5), (7, 6), (8, 5)]
3653,7,1,5,6,[(5, 7), (5, 8), (6, 7), (7, 6), (7, 7), (8, 6)]
3654,7,1,5,7,[(5, 8), (5, 9), (6, 8), (7, 7), (7, 8), (8, 7)]
3655,7,1,5,8,[(5, 9), (5, 10), (6, 9), (7, 8), (7, 9), (8, 8)]
3656,7,1,5,9,[(5, 10), (5, 11), (6, 10), (7, 9), (7, 10), (8, 9)]
3657,7,1,6,0,[(6, 1), (6, 2), (7, 1), (8, 0), (8, 1), (9, 0)]
3658,7,1,6,1,[(6, 2), (6, 3), (7, 2), (8, 1), (8, 2), (9, 1)]
3659,7,1,6,2,[(6, 3), (6, 4), (7, 3), (8, 2), (8, 3), (9, 2)]
3660,7,1,6,3,[(6, 4), (6, 5), (7, 4), (8, 3), (8, 4), (9, 3)]
3661,7,1,6,4,[(6, 5), (6, 6), (7, 5), (8, 4), (8, 5), (9, 4)]
3662,7,1,6,5,[(6, 6), (6, 7), (7, 6), (8, 5), (8, 6), (9, 5)]
3663,7,1,6,6,[(6, 7), (6, 8), (7, 7), (8, 6), (8, 7), (9, 6)]
3664,7,1,6,7,[(6, 8), (6, 9), (7, 8), (8, 7), (8, 8), (9, 7)]
3665,7,1,6,8,[(6, 9), (6, 10), (7, 9), (8, 8), (8, 9), (9, 8)]
3666,7,1,6,9,[(6, 10), (6, 11), (7, 10), (8, 9), (8, 10), (9, 9)]
3667,7,1,7,0,[(7, 1), (7, 2), (8, 1), (9, 0), (9, 1), (10, 0)]
3668,7,1,7,1,[(7, 2), (7, 3), (8, 2), (9, 1), (9, 2), (10, 1)]
3669,7,1,7,2,[(7, 3), (7, 4), (8, 3), (9, 2), (9, 3), (10, 2)]
3670,7,1,7,3,[(7, 4), (7, 5), (8, 4), (9, 3), (9, 4), (10, 3)]
3671,7,1,7,4,[(7, 5), (7, 6), (8, 5), (9, 4), (9, 5), (10, 4)]
3672,7,1,7,5,[(7, 6), (7, 7), (8, 6), (9, 5), (9, 6), (10, 5)]
3673,7,1,7,6,[(7, 7), (7, 8), (8, 7), (9, 6), (9, 7), (10, 6)]
3674,7,1,7,7,[(7, 8), (7, 9), (8, 8), (9, 7), (9, 8), (10, 7)]
3675,7,1,7,8,[(7, 9), (7, 10), (8, 9), (9, 8), (9, 9), (10, 8)]
3676,7,1,7,9,[(7, 10), (7, 11), (8, 10), (9, 9), (9, 10), (10, 9)]
3677,7,1,8,0,[(8, 1), (8, 2), (9, 1), (10, 0), (10, 1), (11, 0)]
3678,7,1,8,1,[(8, 2), (8, 3), (9, 2), (10, 1), (10, 2), (11, 1)]
3679,7,1,8,2,[(8, 3), (8, 4), (9, 3), (10, 2), (10, 3), (11, 2)]
3680,7,1,8,3,[(8, 4), (8, 5), (9, 4), (10, 3), (10, 4), (11, 3)]
3681,7,1,8,4,[(8, 5), (8, 6), (9, 5), (10, 4), (10, 5), (11, 4)]
3682,7,1,8,5,[(8, 6), (8, 7), (9, 6), (10, 5), (10, 6), (11, 5)]
3683,7,1,8,6,[(8, 7), (8, 8), (9, 7), (10, 6), (10, 7), (11, 6)]
3684,7,1,8,7,[(8, 8), (8, 9), (9, 8), (10, 7), (10, 8), (11, 7)]
3685,7,1,8,8,[(8, 9), (8, 10), (9, 9), (10, 8), (10, 9), (11, 8)]
3686,7,1,8,9,[(8, 10), (8, 11), (9, 10), (10, 9), (10, 10), (11, 9)]
3687,7,2,0,0,[(0, 2), (1, 1), (1, 2), (2, 1), (3, 0), (3, 1)]
3688,7,2,0,1,[(0, 3), (1, 2), (1, 3), (2, 2), (3, 1), (3, 2)]
3689,7,2,0,2,[(0, 4), (1, 3), (1, 4), (2, 3), (3, 2), (3, 3)]
3690,7,2,0,3,[(0, 5), (1, 4), (1, 5), (2, 4), (3, 3), (3, 4)]
3691,7,2,0,4,[(0, 6), (1, 5), (1, 6), (2, 5), (3, 4), (3, 5)]
3692,7,2,0,5,[(0, 7), (1, 6), (1, 7), (2, 6), (3, 5), (3, 6)]
3693,7,2,0,6,[(0, 8), (1, 7), (1, 8), (2, 7), (3, 6), (3, 7)]
3694,7,2,0,7,[(0, 9), (1, 8), (1, 9), (2, 8), (3, 7), (3, 8)]
3695,7,2,0,8,[(0, 10), (1, 9), (1, 10), (2, 9), (3, 8), (3, 9)]
3696,7,2,0,9,[(0, 11), (1, 10), (1, 11), (2, 10), (3, 9), (3, 10)]
3697,7,2,1,0,[(1, 2), (2, 1), (2, 2), (3, 1), (4, 0), (4, 1)]
3698,7,2,1,1,[(1, 3), (2, 2), (2, 3), (3, 2), (4, 1), (4, 2)]
3699,7,2,1,2,[(1, 4), (2, 3), (2, 4), (3, 3), (4, 2), (4, 3)]
3700,7,2,1,3,[(1, 5), (2, 4), (2, 5), (3, 4), (4, 3), (4, 4)]
3701,7,2,1,4,[(1, 6), (2, 5), (2, 6), (3, 5), (4, 4), (4, 5)]
3702,7,2,1,5,[(1, 7), (2, 6), (2, 7), (3, 6), (4, 5), (4, 6)]
3703,7,2,1,6,[(1, 8), (2, 7), (2, 8), (3, 7), (4, 6), (4, 7)]
3704,7,2,1,7,[(1, 9), (2, 8), (2, 9), (3, 8), (4, 7), (4, 8)]
3705,7,2,1,8,[(1, 10), (2, 9), (2, 10), (3, 9), (4, 8), (4, 9)]
3706,7,2,1,9,[(1, 11), (2, 10), (2, 11), (3, 10), (4, 9), (4, 10)]
3707,7,2,2,0,[(2, 2), (3, 1), (3, 2), (4, 1), (5, 0), (5, 1)]
3708,7,2,2,1,[(2, 3), (3, 2), (3, 3), (4, 2), (5, 1), (5, 2)]
3709,7,2,2,2,[(2, 4), (3, 3), (3, 4), (4, 3), (5, 2), (5, 3)]
3710,7,2,2,3,[(2, 5), (3, 4), (3, 5), (4, 4), (5, 3), (5, 4)]
3711,7,2,2,4,[(2, 6), (3, 5), (3, 6), (4, 5), (5, 4), (5, 5)]
3712,7,2,2,5,[(2, 7), (3, 6), (3, 7), (4, 6), (5, 5), (5, 6)]
3713,7,2,2,6,[(2, 8), (3, 7), (3, 8), (4, 7), (5, 6), (5, 7)]
3714,7,2,2,7,[(2, 9), (3, 8), (3, 9), (4, 8), (5, 7), (5, 8)]
3715,7,2,2,8,[(2, 10), (3, 9), (3, 10), (4, 9), (5, 8), (5, 9)]
3716,7,2,2,9,[(2, 11), (3, 10), (3, 11), (4, 10), (5, 9), (5, 10)]
3717,7,2,3,0,[(3, 2), (4, 1), (4, 2), (5, 1), (6, 0), (6, 1)]
3718,7,2,3,1,[(3, 3), (4, 2), (4, 3), (5, 2), (6, 1), (6, 2)]
3719,7,2,3,2,[(3, 4), (4, 3), (4, 4), (5, 3), (6, 2), (6, 3)]
3720,7,2,3,3,[(3, 5), (4, 4), (4, 5), (5, 4), (6, 3), (6, 4)]
3721,7,2,3,4,[(3, 6), (4, 5), (4, 6), (5, 5), (6, 4), (6, 5)]
3722,7,2,3,5,[(3, 7), (4, 6), (4, 7), (5, 6), (6, 5), (6, 6)]
3723,7,2,3,6,[(3, 8), (4, 7), (4, 8), (5, 7), (6, 6), (6, 7)]
3724,7,2,3,7,[(3, 9), (4, 8), (4, 9), (5, 8), (6, 7), (6, 8)]
3725,7,2,3,8,[(3, 10), (4, 9), (4, 10), (5, 9), (6, 8), (6, 9)]
3726,7,2,3,9,[(3, 11), (4, 10), (4, 11), (5, 10), (6, 9), (6, 10)]
3727,7,2,4,0,[(4, 2), (5, 1), (5, 2), (6, 1), (7, 0), (7, 1)]
3728,7,2,4,1,[(4, 3), (5, 2), (5, 3), (6, 2), (7, 1), (7, 2)]
3729,7,2,4,2,[(4, 4), (5, 3), (5, 4), (6, 3), (7, 2), (7, 3)]
3730,7,2,4,3,[(4, 5), (5, 4), (5, 5), (6, 4), (7, 3), (7, 4)]
3731,7,2,4,4,[(4, 6), (5, 5), (5, 6), (6, 5), (7, 4), (7, 5)]
3732,7,2,4,5,[(4, 7), (5, 6), (5, 7), (6, 6), (7, 5), (7, 6)]
3733,7,2,4,6,[(4, 8), (5, 7), (5, 8), (6, 7), (7, 6), (7, 7)]
3734,7,2,4,7,[(4, 9), (5, 8), (5, 9), (6, 8), (7, 7), (7, 8)]
3735,7,2,4,8,[(4, 10), (5, 9), (5, 10), (6, 9), (7, 8), (7, 9)]
3736,7,2,4,9,[(4, 11), (5, 10), (5, 11), (6, 10), (7, 9), (7, 10)]
3737,7,2,5,0,[(5, 2), (6, 1), (6, 2), (7, 1), (8, 0), (8, 1)]
3738,7,2,5,1,[(5, 3), (6, 2), (6, 3), (7, 2), (8, 1), (8, 2)]
3739,7,2,5,2,[(5, 4), (6, 3), (6, 4), (7, 3), (8, 2), (8, 3)]
3740,7,2,5,3,[(5, 5), (6, 4), (6, 5), (7, 4), (8, 3), (8, 4)]
3741,7,2,5,4,[(5, 6), (6, 5), (6, 6), (7, 5), (8, 4), (8, 5)]
3742,7,2,5,5,[(5, 7), (6, 6), (6, 7), (7, 6), (8, 5), (8, 6)]
3743,7,2,5,6,[(5, 8), (6, 7), (6, 8), (7, 7), (8, 6), (8, 7)]
3744,7,2,5,7,[(5, 9), (6, 8), (6, 9), (7, 8), (8, 7), (8, 8)]
3745,7,2,5,8,[(5, 10), (6, 9), (6, 10), (7, 9), (8, 8), (8, 9)]
3746,7,2,5,9,[(5, 11), (6, 10), (6, 11), (7, 10), (8, 9), (8, 10)]
3747,7,2,6,0,[(6, 2), (7, 1), (7, 2), (8, 1), (9, 0), (9, 1)]
3748,7,2,6,1,[(6, 3), (7, 2), (7, 3), (8, 2), (9, 1), (9, 2)]
3749,7,2,6,2,[(6, 4), (7, 3), (7, 4), (8, 3), (9, 2), (9, 3)]
3750,7,2,6,3,[(6, 5), (7, 4), (7, 5), (8, 4), (9, 3), (9, 4)]
3751,7,2,6,4,[(6, 6), (7, 5), (7, 6), (8, 5), (9, 4), (9, 5)]
3752,7,2,6,5,[(6, 7), (7, 6), (7, 7), (8, 6), (9, 5), (9, 6)]
3753,7,2,6,6,[(6, 8), (7, 7), (7, 8), (8, 7), (9, 6), (9, 7)]
3754,7,2,6,7,[(6, 9), (7, 8), (7, 9), (8, 8), (9, 7), (9, 8)]
3755,7,2,6,8,[(6, 10), (7, 9), (7, 10), (8, 9), (9, 8), (9, 9)]
3756,7,2,6,9,[(6, 11), (7, 10), (7, 11), (8, 10), (9, 9), (9, 10)]
3757,7,2,7,0,[(7, 2), (8, 1), (8, 2), (9, 1), (10, 0), (10, 1)]
3758,7,2,7,1,[(7, 3), (8, 2), (8, 3), (9, 2), (10, 1), (10, 2)]
3759,7,2,7,2,[(7, 4), (8, 3), (8, 4), (9, 3), (10, 2), (10, 3)]
3760,7,2,7,3,[(7, 5), (8, 4), (8, 5), (9, 4), (10, 3), (10, 4)]
3761,7,2,7,4,[(7, 6), (8, 5), (8, 6), (9, 5), (10, 4), (10, 5)]
3762,7,2,7,5,[(7, 7), (8, 6), (8, 7), (9, 6), (10, 5), (10, 6)]
3763,7,2,7,6,[(7, 8), (8, 7), (8, 8), (9, 7), (10, 6), (10, 7)]
3764,7,2,7,7,[(7, 9), (8, 8), (8, 9), (9, 8), (10, 7), (10, 8)]
3765,7,2,7,8,[(7, 10), (8, 9), (8, 10), (9, 9), (10, 8), (10, 9)]
3766,7,2,7,9,[(7, 11), (8, 10), (8, 11), (9, 10), (10, 9), (10, 10)]
3767,7,2,8,0,[(8, 2), (9, 1), (9, 2), (10, 1), (11, 0), (11, 1)]
3768,7,2,8,1,[(8, 3), (9, 2), (9, 3), (10, 2), (11, 1), (11, 2)]
3769,7,2,8,2,[(8, 4), (9, 3), (9, 4), (10, 3), (11, 2), (11, 3)]
3770,7,2,8,3,[(8, 5), (9, 4), (9, 5), (10, 4), (11, 3), (11, 4)]
3771,7,2,8,4,[(8, 6), (9, 5), (9, 6), (10, 5), (11, 4), (11, 5)]
3772,7,2,8,5,[(8, 7), (9, 6), (9, 7), (10, 6), (11, 5), (11, 6)]
3773,7,2,8,6,[(8, 8), (9, 7), (9, 8), (10, 7), (11, 6), (11, 7)]
3774,7,2,8,7,[(8, 9), (9, 8), (9, 9), (10, 8), (11, 7), (11, 8)]
3775,7,2,8,8,[(8, 10), (9, 9), (9, 10), (10, 9), (11, 8), (11, 9)]
3776,7,2,8,9,[(8, 11), (9, 10), (9, 11), (10, 10), (11, 9), (11, 10)]
3777,7,3,0,0,[(0, 3), (1, 1), (1, 2), (1, 3), (2, 0), (2, 1)]
3778,7,3,0,1,[(0, 4), (1, 2), (1, 3), (1, 4), (2, 1), (2, 2)]
3779,7,3,0,2,[(0, 5), (1, 3), (1, 4), (1, 5), (2, 2), (2, 3)]
3780,7,3,0,3,[(0, 6), (1, 4), (1, 5), (1, 6), (2, 3), (2, 4)]
3781,7,3,0,4,[(0, 7), (1, 5), (1, 6), (1, 7), (2, 4), (2, 5)]
3782,7,3,0,5,[(0, 8), (1, 6), (1, 7), (1, 8), (2, 5), (2, 6)]
3783,7,3,0,6,[(0, 9), (1, 7), (1, 8), (1, 9), (2, 6), (2, 7)]
3784,7,3,0,7,[(0, 10), (1, 8), (1, 9), (1, 10), (2, 7), (2, 8)]
3785,7,3,0,8,[(0, 11), (1, 9), (1, 10), (1, 11), (2, 8), (2, 9)]
3786,7,3,1,0,[(1, 3), (2, 1), (2, 2), (2, 3), (3, 0), (3, 1)]
3787,7,3,1,1,[(1, 4), (2, 2), (2, 3), (2, 4), (3, 1), (3, 2)]
3788,7,3,1,2,[(1, 5), (2, 3), (2, 4), (2, 5), (3, 2), (3, 3)]
3789,7,3,1,3,[(1, 6), (2, 4), (2, 5), (2, 6), (3, 3), (3, 4)]
3790,7,3,1,4,[(1, 7), (2, 5), (2, 6), (2, 7), (3, 4), (3, 5)]
3791,7,3,1,5,[(1, 8), (2, 6), (2, 7), (2, 8), (3, 5), (3, 6)]
3792,7,3,1,6,[(1, 9), (2, 7), (2, 8), (2, 9), (3, 6), (3, 7)]
3793,7,3,1,7,[(1, 10), (2, 8), (2, 9), (2, 10), (3, 7), (3, 8)]
3794,7,3,1,8,[(1, 11), (2, 9), (2, 10), (2, 11), (3, 8), (3, 9)]
3795,7,3,2,0,[(2, 3), (3, 1), (3, 2), (3, 3), (4, 0), (4, 1)]
3796,7,3,2,1,[(2, 4), (3, 2), (3, 3), (3, 4), (4, 1), (4, 2)]
3797,7,3,2,2,[(2, 5), (3, 3), (3, 4), (3, 5), (4, 2), (4, 3)]
3798,7,3,2,3,[(2, 6), (3, 4), (3, 5), (3, 6), (4, 3), (4, 4)]
3799,7,3,2,4,[(2, 7), (3, 5), (3, 6), (3, 7), (4, 4), (4, 5)]
3800,7,3,2,5,[(2, 8), (3, 6), (3, 7), (3, 8), (4, 5), (4, 6)]
3801,7,3,2,6,[(2, 9), (3, 7), (3, 8), (3, 9), (4, 6), (4, 7)]
3802,7,3,2,7,[(2, 10), (3, 8), (3, 9), (3, 10), (4, 7), (4, 8)]
3803,7,3,2,8,[(2, 11), (3, 9), (3, 10), (3, 11), (4, 8), (4, 9)]
3804,7,3,3,0,[(3, 3), (4, 1), (4, 2), (4, 3), (5, 0), (5, 1)]
3805,7,3,3,1,[(3, 4), (4, 2), (4, 3), (4, 4), (5, 1), (5, 2)]
3806,7,3,3,2,[(3, 5), (4, 3), (4, 4), (4, 5), (5, 2), (5, 3)]
3807,7,3,3,3,[(3, 6), (4, 4), (4, 5), (4, 6), (5, 3), (5, 4)]
3808,7,3,3,4,[(3, 7), (4, 5), (4, 6), (4, 7), (5, 4), (5, 5)]
3809,7,3,3,5,[(3, 8), (4, 6), (4, 7), (4, 8), (5, 5), (5, 6)]
3810,7,3,3,6,[(3, 9), (4, 7), (4, 8), (4, 9), (5, 6), (5, 7)]
3811,7,3,3,7,[(3, 10), (4, 8), (4, 9), (4, 10), (5, 7), (5, 8)]
3812,7,3,3,8,[(3, 11), (4, 9), (4, 10), (4, 11), (5, 8), (5, 9)]
3813,7,3,4,0,[(4, 3), (5, 1), (5, 2), (5, 3), (6, 0), (6, 1)]
3814,7,3,4,1,[(4, 4), (5, 2), (5, 3), (5, 4), (6, 1), (6, 2)]
3815,7,3,4,2,[(4, 5), (5, 3), (5, 4), (5, 5), (6, 2), (6, 3)]
3816,7,3,4,3,[(4, 6), (5, 4), (5, 5), (5, 6), (6, 3), (6, 4)]
3817,7,3,4,4,[(4, 7), (5, 5), (5, 6), (5, 7), (6, 4), (6, 5)]
3818,7,3,4,5,[(4, 8), (5, 6), (5, 7), (5, 8), (6, 5), (6, 6)]
3819,7,3,4,6,[(4, 9), (5, 7), (5, 8), (5, 9), (6, 6), (6, 7)]
3820,7,3,4,7,[(4, 10), (5, 8), (5, 9), (5, 10), (6, 7), (6, 8)]
3821,7,3,4,8,[(4, 11), (5, 9), (5, 10), (5, 11), (6, 8), (6, 9)]
3822,7,3,5,0,[(5, 3), (6, 1), (6, 2), (6, 3), (7, 0), (7, 1)]
3823,7,3,5,1,[(5, 4), (6, 2), (6, 3), (6, 4), (7, 1), (7, 2)]
3824,7,3,5,2,[(5, 5), (6, 3), (6, 4), (6, 5), (7, 2), (7, 3)]
3825,7,3,5,3,[(5, 6), (6, 4), (6, 5), (6, 6), (7, 3), (7, 4)]
3826,7,3,5,4,[(5, 7), (6, 5), (6, 6), (6, 7), (7, 4), (7, 5)]
3827,7,3,5,5,[(5, 8), (6, 6), (6, 7), (6, 8), (7, 5), (7, 6)]
3828,7,3,5,6,[(5, 9), (6, 7), (6, 8), (6, 9), (7, 6), (7, 7)]
3829,7,3,5,7,[(5, 10), (6, 8), (6, 9), (6, 10), (7, 7), (7, 8)]
3830,7,3,5,8,[(5, 11), (6, 9), (6, 10), (6, 11), (7, 8), (7, 9)]
3831,7,3,6,0,[(6, 3), (7, 1), (7, 2), (7, 3), (8, 0), (8, 1)]
3832,7,3,6,1,[(6, 4), (7, 2), (7, 3), (7, 4), (8, 1), (8, 2)]
3833,7,3,6,2,[(6, 5), (7, 3), (7, 4), (7, 5), (8, 2), (8, 3)]
3834,7,3,6,3,[(6, 6), (7, 4), (7, 5), (7, 6), (8, 3), (8, 4)]
3835,7,3,6,4,[(6, 7), (7, 5), (7, 6), (7, 7), (8, 4), (8, 5)]
3836,7,3,6,5,[(6, 8), (7, 6), (7, 7), (7, 8), (8, 5), (8, 6)]
3837,7,3,6,6,[(6, 9), (7, 7), (7, 8), (7, 9), (8, 6), (8, 7)]
3838,7,3,6,7,[(6, 10), (7, 8), (7, 9), (7, 10), (8, 7), (8, 8)]
3839,7,3,6,8,[(6, 11), (7, 9), (7, 10), (7, 11), (8, 8), (8, 9)]
3840,7,3,7,0,[(7, 3), (8, 1), (8, 2), (8, 3), (9, 0), (9, 1)]
3841,7,3,7,1,[(7, 4), (8, 2), (8, 3), (8, 4), (9, 1), (9, 2)]
3842,7,3,7,2,[(7, 5), (8, 3), (8, 4), (8, 5), (9, 2), (9, 3)]
3843,7,3,7,3,[(7, 6), (8, 4), (8, 5), (8, 6), (9, 3), (9, 4)]
3844,7,3,7,4,[(7, 7), (8, 5), (8, 6), (8, 7), (9, 4), (9, 5)]
3845,7,3,7,5,[(7, 8), (8, 6), (8, 7), (8, 8), (9, 5), (9, 6)]
3846,7,3,7,6,[(7, 9), (8, 7), (8, 8), (8, 9), (9, 6), (9, 7)]
3847,7,3,7,7,[(7, 10), (8, 8), (8, 9), (8, 10), (9, 7), (9, 8)]
3848,7,3,7,8,[(7, 11), (8, 9), (8, 10), (8, 11), (9, 8), (9, 9)]
3849,7,3,8,0,[(8, 3), (9, 1), (9, 2), (9, 3), (10, 0), (10, 1)]
3850,7,3,8,1,[(8, 4), (9, 2), (9, 3), (9, 4), (10, 1), (10, 2)]
3851,7,3,8,2,[(8, 5), (9, 3), (9, 4), (9, 5), (10, 2), (10, 3)]
3852,7,3,8,3,[(8, 6), (9, 4), (9, 5), (9, 6), (10, 3), (10, 4)]
3853,7,3,8,4,[(8, 7), (9, 5), (9, 6), (9, 7), (10, 4), (10, 5)]
3854,7,3,8,5,[(8, 8), (9, 6), (9, 7), (9, 8), (10, 5), (10, 6)]
3855,7,3,8,6,[(8, 9), (9, 7), (9, 8), (9, 9), (10, 6), (10, 7)]
3856,7,3,8,7,[(8, 10), (9, 8), (9, 9), (9, 10), (10, 7), (10, 8)]
3857,7,3,8,8,[(8, 11), (9, 9), (9, 10), (9, 11), (10, 8), (10, 9)]
3858,7,3,9,0,[(9, 3), (10, 1), (10, 2), (10, 3), (11, 0), (11, 1)]
3859,7,3,9,1,[(9, 4), (10, 2), (10, 3), (10, 4), (11, 1), (11, 2)]
3860,7,3,9,2,[(9, 5), (10, 3), (10, 4), (10, 5), (11, 2), (11, 3)]
3861,7,3,9,3,[(9, 6), (10, 4), (10, 5), (10, 6), (11, 3), (11, 4)]
3862,7,3,9,4,[(9, 7), (10, 5), (10, 6), (10, 7), (11, 4), (11, 5)]
3863,7,3,9,5,[(9, 8), (10, 6), (10, 7), (10, 8), (11, 5), (11, 6)]
3864,7,3,9,6,[(9, 9), (10, 7), (10, 8), (10, 9), (11, 6), (11, 7)]
3865,7,3,9,7,[(9, 10), (10, 8), (10, 9), (10, 10), (11, 7), (11, 8)]
3866,7,3,9,8,[(9, 11), (10, 9), (10, 10), (10, 11), (11, 8), (11, 9)]
3867,7,4,0,0,[(0, 0), (1, 0), (1, 1), (1, 2), (2, 2), (2, 3)]
3868,7,4,0,1,[(0, 1), (1, 1), (1, 2), (1, 3), (2, 3), (2, 4)]
3869,7,4,0,2,[(0, 2), (1, 2), (1, 3), (1, 4), (2, 4), (2, 5)]
3870,7,4,0,3,[(0, 3), (1, 3), (1, 4), (1, 5), (2, 5), (2, 6)]
3871,7,4,0,4,[(0, 4), (1, 4), (1, 5), (1, 6), (2, 6), (2, 7)]
3872,7,4,0,5,[(0, 5), (1, 5), (1, 6), (1, 7), (2, 7), (2, 8)]
3873,7,4,0,6,[(0, 6), (1, 6), (1, 7), (1, 8), (2, 8), (2, 9)]
3874,7,4,0,7,[(0, 7), (1, 7), (1, 8), (1, 9), (2, 9), (2, 10)]
3875,7,4,0,8,[(0, 8), (1, 8), (1, 9), (1, 10), (2, 10), (2, 11)]
3876,7,4,1,0,[(1, 0), (2, 0), (2, 1), (2, 2), (3, 2), (3, 3)]
3877,7,4,1,1,[(1, 1), (2, 1), (2, 2), (2, 3), (3, 3), (3, 4)]
3878,7,4,1,2,[(1, 2), (2, 2), (2, 3), (2, 4), (3, 4), (3, 5)]
3879,7,4,1,3,[(1, 3), (2, 3), (2, 4), (2, 5), (3, 5), (3, 6)]
3880,7,4,1,4,[(1, 4), (2, 4), (2, 5), (2, 6), (3, 6), (3, 7)]
3881,7,4,1,5,[(1, 5), (2, 5), (2, 6), (2, 7), (3, 7), (3, 8)]
3882,7,4,1,6,[(1, 6), (2, 6), (2, 7), (2, 8), (3, 8), (3, 9)]
3883,7,4,1,7,[(1, 7), (2, 7), (2, 8), (2, 9), (3, 9), (3, 10)]
3884,7,4,1,8,[(1, 8), (2, 8), (2, 9), (2, 10), (3, 10), (3, 11)]
3885,7,4,2,0,[(2, 0), (3, 0), (3, 1), (3, 2), (4, 2), (4, 3)]
3886,7,4,2,1,[(2, 1), (3, 1), (3, 2), (3, 3), (4, 3), (4, 4)]
3887,7,4,2,2,[(2, 2), (3, 2), (3, 3), (3, 4), (4, 4), (4, 5)]
3888,7,4,2,3,[(2, 3), (3, 3), (3, 4), (3, 5), (4, 5), (4, 6)]
3889,7,4,2,4,[(2, 4), (3, 4), (3, 5), (3, 6), (4, 6), (4, 7)]
3890,7,4,2,5,[(2, 5), (3, 5), (3, 6), (3, 7), (4, 7), (4, 8)]
3891,7,4,2,6,[(2, 6), (3, 6), (3, 7), (3, 8), (4, 8), (4, 9)]
3892,7,4,2,7,[(2, 7), (3, 7), (3, 8), (3, 9), (4, 9), (4, 10)]
3893,7,4,2,8,[(2, 8), (3, 8), (3, 9), (3, 10), (4, 10), (4, 11)]
3894,7,4,3,0,[(3, 0), (4, 0), (4, 1), (4, 2), (5, 2), (5, 3)]
3895,7,4,3,1,[(3, 1), (4, 1), (4, 2), (4, 3), (5, 3), (5, 4)]
3896,7,4,3,2,[(3, 2), (4, 2), (4, 3), (4, 4), (5, 4), (5, 5)]
3897,7,4,3,3,[(3, 3), (4, 3), (4, 4), (4, 5), (5, 5), (5, 6)]
3898,7,4,3,4,[(3, 4), (4, 4), (4, 5), (4, 6), (5, 6), (5, 7)]
3899,7,4,3,5,[(3, 5), (4, 5), (4, 6), (4, 7), (5, 7), (5, 8)]
3900,7,4,3,6,[(3, 6), (4, 6), (4, 7), (4, 8), (5, 8), (5, 9)]
3901,7,4,3,7,[(3, 7), (4, 7), (4, 8), (4, 9), (5, 9), (5, 10)]
3902,7,4,3,8,[(3, 8), (4, 8), (4, 9), (4, 10), (5, 10), (5, 11)]
3903,7,4,4,0,[(4, 0), (5, 0), (5, 1), (5, 2), (6, 2), (6, 3)]
3904,7,4,4,1,[(4, 1), (5, 1), (5, 2), (5, 3), (6, 3), (6, 4)]
3905,7,4,4,2,[(4, 2), (5, 2), (5, 3), (5, 4), (6, 4), (6, 5)]
3906,7,4,4,3,[(4, 3), (5, 3), (5, 4), (5, 5), (6, 5), (6, 6)]
3907,7,4,4,4,[(4, 4), (5, 4), (5, 5), (5, 6), (6, 6), (6, 7)]
3908,7,4,4,5,[(4, 5), (5, 5), (5, 6), (5, 7), (6, 7), (6, 8)]
3909,7,4,4,6,[(4, 6), (5, 6), (5, 7), (5, 8), (6, 8), (6, 9)]
3910,7,4,4,7,[(4, 7), (5, 7), (5, 8), (5, 9), (6, 9), (6, 10)]
3911,7,4,4,8,[(4, 8), (5, 8), (5, 9), (5, 10), (6, 10), (6, 11)]
3912,7,4,5,0,[(5, 0), (6, 0), (6, 1), (6, 2), (7, 2), (7, 3)]
3913,7,4,5,1,[(5, 1), (6, 1), (6, 2), (6, 3), (7, 3), (7, 4)]
3914,7,4,5,2,[(5, 2), (6, 2), (6, 3), (6, 4), (7, 4), (7, 5)]
3915,7,4,5,3,[(5, 3), (6, 3), (6, 4), (6, 5), (7, 5), (7, 6)]
3916,7,4,5,4,[(5, 4), (6, 4), (6, 5), (6, 6), (7, 6), (7, 7)]
3917,7,4,5,5,[(5, 5), (6, 5), (6, 6), (6, 7), (7, 7), (7, 8)]
3918,7,4,5,6,[(5, 6), (6, 6), (6, 7), (6, 8), (7, 8), (7, 9)]
3919,7,4,5,7,[(5, 7), (6, 7), (6, 8), (6, 9), (7, 9), (7, 10)]
3920,7,4,5,8,[(5, 8), (6, 8), (6, 9), (6, 10), (7, 10), (7, 11)]
3921,7,4,6,0,[(6, 0), (7, 0), (7, 1), (7, 2), (8, 2), (8, 3)]
3922,7,4,6,1,[(6, 1), (7, 1), (7, 2), (7, 3), (8, 3), (8, 4)]
3923,7,4,6,2,[(6, 2), (7, 2), (7, 3), (7, 4), (8, 4), (8, 5)]
3924,7,4,6,3,[(6, 3), (7, 3), (7, 4), (7, 5), (8, 5), (8, 6)]
3925,7,4,6,4,[(6, 4), (7, 4), (7, 5), (7, 6), (8, 6), (8, 7)]
3926,7,4,6,5,[(6, 5), (7, 5), (7, 6), (7, 7), (8, 7), (8, 8)]
3927,7,4,6,6,[(6, 6), (7, 6), (7, 7), (7, 8), (8, 8), (8, 9)]
3928,7,4,6,7,[(6, 7), (7, 7), (7, 8), (7, 9), (8, 9), (8, 10)]
3929,7,4,6,8,[(6, 8), (7, 8), (7, 9), (7, 10), (8, 10), (8, 11)]
3930,7,4,7,0,[(7, 0), (8, 0), (8, 1), (8, 2), (9, 2), (9, 3)]
3931,7,4,7,1,[(7, 1), (8, 1), (8, 2), (8, 3), (9, 3), (9, 4)]
3932,7,4,7,2,[(7, 2), (8, 2), (8, 3), (8, 4), (9, 4), (9, 5)]
3933,7,4,7,3,[(7, 3), (8, 3), (8, 4), (8, 5), (9, 5), (9, 6)]
3934,7,4,7,4,[(7, 4), (8, 4), (8, 5), (8, 6), (9, 6), (9, 7)]
3935,7,4,7,5,[(7, 5), (8, 5), (8, 6), (8, 7), (9, 7), (9, 8)]
3936,7,4,7,6,[(7, 6), (8, 6), (8, 7), (8, 8), (9, 8), (9, 9)]
3937,7,4,7,7,[(7, 7), (8, 7), (8, 8), (8, 9), (9, 9), (9, 10)]
3938,7,4,7,8,[(7, 8), (8, 8), (8, 9), (8, 10), (9, 10), (9, 11)]
3939,7,4,8,0,[(8, 0), (9, 0), (9, 1), (9, 2), (10, 2), (10, 3)]
3940,7,4,8,1,[(8, 1), (9, 1), (9, 2), (9, 3), (10, 3), (10, 4)]
3941,7,4,8,2,[(8, 2), (9, 2), (9, 3), (9, 4), (10, 4), (10, 5)]
3942,7,4,8,3,[(8, 3), (9, 3), (9, 4), (9, 5), (10, 5), (10, 6)]
3943,7,4,8,4,[(8, 4), (9, 4), (9, 5), (9, 6), (10, 6), (10, 7)]
3944,7,4,8,5,[(8, 5), (9, 5), (9, 6), (9, 7), (10, 7), (10, 8)]
3945,7,4,8,6,[(8, 6), (9, 6), (9, 7), (9, 8), (10, 8), (10, 9)]
3946,7,4,8,7,[(8, 7), (9, 7), (9, 8), (9, 9), (10, 9), (10, 10)]
3947,7,4,8,8,[(8, 8), (9, 8), (9, 9), (9, 10), (10, 10), (10, 11)]
3948,7,4,9,0,[(9, 0), (10, 0), (10, 1), (10, 2), (11, 2), (11, 3)]
3949,7,4,9,1,[(9, 1), (10, 1), (10, 2), (10, 3), (11, 3), (11, 4)]
3950,7,4,9,2,[(9, 2), (10, 2), (10, 3), (10, 4), (11, 4), (11, 5)]
3951,7,4,9,3,[(9, 3), (10, 3), (10, 4), (10, 5), (11, 5), (11, 6)]
3952,7,4,9,4,[(9, 4), (10, 4), (10, 5), (10, 6), (11, 6), (11, 7)]
3953,7,4,9,5,[(9, 5), (10, 5), (10, 6), (10, 7), (11, 7), (11, 8)]
3954,7,4,9,6,[(9, 6), (10, 6), (10, 7), (10, 8), (11, 8), (11, 9)]
3955,7,4,9,7,[(9, 7), (10, 7), (10, 8), (10, 9), (11, 9), (11, 10)]
3956,7,4,9,8,[(9, 8), (10, 8), (10, 9), (10, 10), (11, 10), (11, 11)]
3957,7,5,0,0,[(0, 0), (0, 1), (1, 1), (1, 2), (1, 3), (2, 3)]
3958,7,5,0,1,[(0, 1), (0, 2), (1, 2), (1, 3), (1, 4), (2, 4)]
3959,7,5,0,2,[(0, 2), (0, 3), (1, 3), (1, 4), (1, 5), (2, 5)]
3960,7,5,0,3,[(0, 3), (0, 4), (1, 4), (1, 5), (1, 6), (2, 6)]
3961,7,5,0,4,[(0, 4), (0, 5), (1, 5), (1, 6), (1, 7), (2, 7)]
3962,7,5,0,5,[(0, 5), (0, 6), (1, 6), (1, 7), (1, 8), (2, 8)]
3963,7,5,0,6,[(0, 6), (0, 7), (1, 7), (1, 8), (1, 9), (2, 9)]
3964,7,5,0,7,[(0, 7), (0, 8), (1, 8), (1, 9), (1, 10), (2, 10)]
3965,7,5,0,8,[(0, 8), (0, 9), (1, 9), (1, 10), (1, 11), (2, 11)]
3966,7,5,1,0,[(1, 0), (1, 1), (2, 1), (2, 2), (2, 3), (3, 3)]
3967,7,5,1,1,[(1, 1), (1, 2), (2, 2), (2, 3), (2, 4), (3, 4)]
3968,7,5,1,2,[(1, 2), (1, 3), (2, 3), (2, 4), (2, 5), (3, 5)]
3969,7,5,1,3,[(1, 3), (1, 4), (2, 4), (2, 5), (2, 6), (3, 6)]
3970,7,5,1,4,[(1, 4), (1, 5), (2, 5), (2, 6), (2, 7), (3, 7)]
3971,7,5,1,5,[(1, 5), (1, 6), (2, 6), (2, 7), (2, 8), (3, 8)]
3972,7,5,1,6,[(1, 6), (1, 7), (2, 7), (2, 8), (2, 9), (3, 9)]
3973,7,5,1,7,[(1, 7), (1, 8), (2, 8), (2, 9), (2, 10), (3, 10)]
3974,7,5,1,8,[(1, 8), (1, 9), (2, 9), (2, 10), (2, 11), (3, 11)]
3975,7,5,2,0,[(2, 0), (2, 1), (3, 1), (3, 2), (3, 3), (4, 3)]
3976,7,5,2,1,[(2, 1), (2, 2), (3, 2), (3, 3), (3, 4), (4, 4)]
3977,7,5,2,2,[(2, 2), (2, 3), (3, 3), (3, 4), (3, 5), (4, 5)]
3978,7,5,2,3,[(2, 3), (2, 4), (3, 4), (3, 5), (3, 6), (4, 6)]
3979,7,5,2,4,[(2, 4), (2, 5), (3, 5), (3, 6), (3, 7), (4, 7)]
3980,7,5,2,5,[(2, 5), (2, 6), (3, 6), (3, 7), (3, 8), (4, 8)]
3981,7,5,2,6,[(2, 6), (2, 7), (3, 7), (3, 8), (3, 9), (4, 9)]
3982,7,5,2,7,[(2, 7), (2, 8), (3, 8), (3, 9), (3, 10), (4, 10)]
3983,7,5,2,8,[(2, 8), (2, 9), (3, 9), (3, 10), (3, 11), (4, 11)]
3984,7,5,3,0,[(3, 0), (3, 1), (4, 1), (4, 2), (4, 3), (5, 3)]
3985,7,5,3,1,[(3, 1), (3, 2), (4, 2), (4, 3), (4, 4), (5, 4)]
3986,7,5,3,2,[(3, 2), (3, 3), (4, 3), (4, 4), (4, 5), (5, 5)]
3987,7,5,3,3,[(3, 3), (3, 4), (4, 4), (4, 5), (4, 6), (5, 6)]
3988,7,5,3,4,[(3, 4), (3, 5), (4, 5), (4, 6), (4, 7), (5, 7)]
3989,7,5,3,5,[(3, 5), (3, 6), (4, 6), (4, 7), (4, 8), (5, 8)]
3990,7,5,3,6,[(3, 6), (3, 7), (4, 7), (4, 8), (4, 9), (5, 9)]
3991,7,5,3,7,[(3, 7), (3, 8), (4, 8), (4, 9), (4, 10), (5, 10)]
3992,7,5,3,8,[(3, 8), (3, 9), (4, 9), (4, 10), (4, 11), (5, 11)]
3993,7,5,4,0,[(4, 0), (4, 1), (5, 1), (5, 2), (5, 3), (6, 3)]
3994,7,5,4,1,[(4, 1), (4, 2), (5, 2), (5, 3), (5, 4), (6, 4)]
3995,7,5,4,2,[(4, 2), (4, 3), (5, 3), (5, 4), (5, 5), (6, 5)]
3996,7,5,4,3,[(4, 3), (4, 4), (5, 4), (5, 5), (5, 6), (6, 6)]
3997,7,5,4,4,[(4, 4), (4, 5), (5, 5), (5, 6), (5, 7), (6, 7)]
3998,7,5,4,5,[(4, 5), (4, 6), (5, 6), (5, 7), (5, 8), (6, 8)]
3999,7,5,4,6,[(4, 6), (4, 7), (5, 7), (5, 8), (5, 9), (6, 9)]
4000,7,5,4,7,[(4, 7), (4, 8), (5, 8), (5, 9), (5, 10), (6, 10)]
4001,7,5,4,8,[(4, 8), (4, 9), (5, 9), (5, 10), (5, 11), (6, 11)]
4002,7,5,5,0,[(5, 0), (5, 1), (6, 1), (6, 2), (6, 3), (7, 3)]
4003,7,5,5,1,[(5, 1), (5, 2), (6, 2), (6, 3), (6, 4), (7, 4)]
4004,7,5,5,2,[(5, 2), (5, 3), (6, 3), (6, 4), (6, 5), (7, 5)]
4005,7,5,5,3,[(5, 3), (5, 4), (6, 4), (6, 5), (6, 6), (7, 6)]
4006,7,5,5,4,[(5, 4), (5, 5), (6, 5), (6, 6), (6, 7), (7, 7)]
4007,7,5,5,5,[(5, 5), (5, 6), (6, 6), (6, 7), (6, 8), (7, 8)]
4008,7,5,5,6,[(5, 6), (5, 7), (6, 7), (6, 8), (6, 9), (7, 9)]
4009,7,5,5,7,[(5, 7), (5, 8), (6, 8), (6, 9), (6, 10), (7, 10)]
4010,7,5,5,8,[(5, 8), (5, 9), (6, 9), (6, 10), (6, 11), (7, 11)]
4011,7,5,6,0,[(6, 0), (6, 1), (7, 1), (7, 2), (7, 3), (8, 3)]
4012,7,5,6,1,[(6, 1), (6, 2), (7, 2), (7, 3), (7, 4), (8, 4)]
4013,7,5,6,2,[(6, 2), (6, 3), (7, 3), (7, 4), (7, 5), (8, 5)]
4014,7,5,6,3,[(6, 3), (6, 4), (7, 4), (7, 5), (7, 6), (8, 6)]
4015,7,5,6,4,[(6, 4), (6, 5), (7, 5), (7, 6), (7, 7), (8, 7)]
4016,7,5,6,5,[(6, 5), (6, 6), (7, 6), (7, 7), (7, 8), (8, 8)]
4017,7,5,6,6,[(6, 6), (6, 7), (7, 7), (7, 8), (7, 9), (8, 9)]
4018,7,5,6,7,[(6, 7), (6, 8), (7, 8), (7, 9), (7, 10), (8, 10)]
4019,7,5,6,8,[(6, 8), (6, 9), (7, 9), (7, 10), (7, 11), (8, 11)]
4020,7,5,7,0,[(7, 0), (7, 1), (8, 1), (8, 2), (8, 3), (9, 3)]
4021,7,5,7,1,[(7, 1), (7, 2), (8, 2), (8, 3), (8, 4), (9, 4)]
4022,7,5,7,2,[(7, 2), (7, 3), (8, 3), (8, 4), (8, 5), (9, 5)]
4023,7,5,7,3,[(7, 3), (7, 4), (8, 4), (8, 5), (8, 6), (9, 6)]
4024,7,5,7,4,[(7, 4), (7, 5), (8, 5), (8, 6), (8, 7), (9, 7)]
4025,7,5,7,5,[(7, 5), (7, 6), (8, 6), (8, 7), (8, 8), (9, 8)]
4026,7,5,7,6,[(7, 6), (7, 7), (8, 7), (8, 8), (8, 9), (9, 9)]
4027,7,5,7,7,[(7, 7), (7, 8), (8, 8), (8, 9), (8, 10), (9, 10)]
4028,7,5,7,8,[(7, 8), (7, 9), (8, 9), (8, 10), (8, 11), (9, 11)]
4029,7,5,8,0,[(8, 0), (8, 1), (9, 1), (9, 2), (9, 3), (10, 3)]
4030,7,5,8,1,[(8, 1), (8, 2), (9, 2), (9, 3), (9, 4), (10, 4)]
4031,7,5,8,2,[(8, 2), (8, 3), (9, 3), (9, 4), (9, 5), (10, 5)]
4032,7,5,8,3,[(8, 3), (8, 4), (9, 4), (9, 5), (9, 6), (10, 6)]
4033,7,5,8,4,[(8, 4), (8, 5), (9, 5), (9, 6), (9, 7), (10, 7)]
4034,7,5,8,5,[(8, 5), (8, 6), (9, 6), (9, 7), (9, 8), (10, 8)]
4035,7,5,8,6,[(8, 6), (8, 7), (9, 7), (9, 8), (9, 9), (10, 9)]
4036,7,5,8,7,[(8, 7), (8, 8), (9, 8), (9, 9), (9, 10), (10, 10)]
4037,7,5,8,8,[(8, 8), (8, 9), (9, 9), (9, 10), (9, 11), (10, 11)]
4038,7,5,9,0,[(9, 0), (9, 1), (10, 1), (10, 2), (10, 3), (11, 3)]
4039,7,5,9,1,[(9, 1), (9, 2), (10, 2), (10, 3), (10, 4), (11, 4)]
4040,7,5,9,2,[(9, 2), (9, 3), (10, 3), (10, 4), (10, 5), (11, 5)]
4041,7,5,9,3,[(9, 3), (9, 4), (10, 4), (10, 5), (10, 6), (11, 6)]
4042,7,5,9,4,[(9, 4), (9, 5), (10, 5), (10, 6), (10, 7), (11, 7)]
4043,7,5,9,5,[(9, 5), (9, 6), (10, 6), (10, 7), (10, 8), (11, 8)]
4044,7,5,9,6,[(9, 6), (9, 7), (10, 7), (10, 8), (10, 9), (11, 9)]
4045,7,5,9,7,[(9, 7), (9, 8), (10, 8), (10, 9), (10, 10), (11, 10)]
4046,7,5,9,8,[(9, 8), (9, 9), (10, 9), (10, 10), (10, 11), (11, 11)]
4047,7,6,0,0,[(0, 0), (1, 0), (1, 1), (2, 1), (3, 1), (3, 2)]
4048,7,6,0,1,[(0, 1), (1, 1), (1, 2), (2, 2), (3, 2), (3, 3)]
4049,7,6,0,2,[(0, 2), (1, 2), (1, 3), (2, 3), (3, 3), (3, 4)]
4050,7,6,0,3,[(0, 3), (1, 3), (1, 4), (2, 4), (3, 4), (3, 5)]
4051,7,6,0,4,[(0, 4), (1, 4), (1, 5), (2, 5), (3, 5), (3, 6)]
4052,7,6,0,5,[(0, 5), (1, 5), (1, 6), (2, 6), (3, 6), (3, 7)]
4053,7,6,0,6,[(0, 6), (1, 6), (1, 7), (2, 7), (3, 7), (3, 8)]
4054,7,6,0,7,[(0, 7), (1, 7), (1, 8), (2, 8), (3, 8), (3, 9)]
4055,7,6,0,8,[(0, 8), (1, 8), (1, 9), (2, 9), (3, 9), (3, 10)]
4056,7,6,0,9,[(0, 9), (1, 9), (1, 10), (2, 10), (3, 10), (3, 11)]
4057,7,6,1,0,[(1, 0), (2, 0), (2, 1), (3, 1), (4, 1), (4, 2)]
4058,7,6,1,1,[(1, 1), (2, 1), (2, 2), (3, 2), (4, 2), (4, 3)]
4059,7,6,1,2,[(1, 2), (2, 2), (2, 3), (3, 3), (4, 3), (4, 4)]
4060,7,6,1,3,[(1, 3), (2, 3), (2, 4), (3, 4), (4, 4), (4, 5)]
4061,7,6,1,4,[(1, 4), (2, 4), (2, 5), (3, 5), (4, 5), (4, 6)]
4062,7,6,1,5,[(1, 5), (2, 5), (2, 6), (3, 6), (4, 6), (4, 7)]
4063,7,6,1,6,[(1, 6), (2, 6), (2, 7), (3, 7), (4, 7), (4, 8)]
4064,7,6,1,7,[(1, 7), (2, 7), (2, 8), (3, 8), (4, 8), (4, 9)]
4065,7,6,1,8,[(1, 8), (2, 8), (2, 9), (3, 9), (4, 9), (4, 10)]
4066,7,6,1,9,[(1, 9), (2, 9), (2, 10), (3, 10), (4, 10), (4, 11)]
4067,7,6,2,0,[(2, 0), (3, 0), (3, 1), (4, 1), (5, 1), (5, 2)]
4068,7,6,2,1,[(2, 1), (3, 1), (3, 2), (4, 2), (5, 2), (5, 3)]
4069,7,6,2,2,[(2, 2), (3, 2), (3, 3), (4, 3), (5, 3), (5, 4)]
4070,7,6,2,3,[(2, 3), (3, 3), (3, 4), (4, 4), (5, 4), (5, 5)]
4071,7,6,2,4,[(2, 4), (3, 4), (3, 5), (4, 5), (5, 5), (5, 6)]
4072,7,6,2,5,[(2, 5), (3, 5), (3, 6), (4, 6), (5, 6), (5, 7)]
4073,7,6,2,6,[(2, 6), (3, 6), (3, 7), (4, 7), (5, 7), (5, 8)]
4074,7,6,2,7,[(2, 7), (3, 7), (3, 8), (4, 8), (5, 8), (5, 9)]
4075,7,6,2,8,[(2, 8), (3, 8), (3, 9), (4, 9), (5, 9), (5, 10)]
4076,7,6,2,9,[(2, 9), (3, 9), (3, 10), (4, 10), (5, 10), (5, 11)]
4077,7,6,3,0,[(3, 0), (4, 0), (4, 1), (5, 1), (6, 1), (6, 2)]
4078,7,6,3,1,[(3, 1), (4, 1), (4, 2), (5, 2), (6, 2), (6, 3)]
4079,7,6,3,2,[(3, 2), (4, 2), (4, 3), (5, 3), (6, 3), (6, 4)]
4080,7,6,3,3,[(3, 3), (4, 3), (4, 4), (5, 4), (6, 4), (6, 5)]
4081,7,6,3,4,[(3, 4), (4, 4), (4, 5), (5, 5), (6, 5), (6, 6)]
4082,7,6,3,5,[(3, 5), (4, 5), (4, 6), (5, 6), (6, 6), (6, 7)]
4083,7,6,3,6,[(3, 6), (4, 6), (4, 7), (5, 7), (6, 7), (6, 8)]
4084,7,6,3,7,[(3, 7), (4, 7), (4, 8), (5, 8), (6, 8), (6, 9)]
4085,7,6,3,8,[(3, 8), (4, 8), (4, 9), (5, 9), (6, 9), (6, 10)]
4086,7,6,3,9,[(3, 9), (4, 9), (4, 10), (5, 10), (6, 10), (6, 11)]
4087,7,6,4,0,[(4, 0), (5, 0), (5, 1), (6, 1), (7, 1), (7, 2)]
4088,7,6,4,1,[(4, 1), (5, 1), (5, 2), (6, 2), (7, 2), (7, 3)]
4089,7,6,4,2,[(4, 2), (5, 2), (5, 3), (6, 3), (7, 3), (7, 4)]
4090,7,6,4,3,[(4, 3), (5, 3), (5, 4), (6, 4), (7, 4), (7, 5)]
4091,7,6,4,4,[(4, 4), (5, 4), (5, 5), (6, 5), (7, 5), (7, 6)]
4092,7,6,4,5,[(4, 5), (5, 5), (5, 6), (6, 6), (7, 6), (7, 7)]
4093,7,6,4,6,[(4, 6), (5, 6), (5, 7), (6, 7), (7, 7), (7, 8)]
4094,7,6,4,7,[(4, 7), (5, 7), (5, 8), (6, 8), (7, 8), (7, 9)]
4095,7,6,4,8,[(4, 8), (5, 8), (5, 9), (6, 9), (7, 9), (7, 10)]
4096,7,6,4,9,[(4, 9), (5, 9), (5, 10), (6, 10), (7, 10), (7, 11)]
4097,7,6,5,0,[(5, 0), (6, 0), (6, 1), (7, 1), (8, 1), (8, 2)]
4098,7,6,5,1,[(5, 1), (6, 1), (6, 2), (7, 2), (8, 2), (8, 3)]
4099,7,6,5,2,[(5, 2), (6, 2), (6, 3), (7, 3), (8, 3), (8, 4)]
4100,7,6,5,3,[(5, 3), (6, 3), (6, 4), (7, 4), (8, 4), (8, 5)]
4101,7,6,5,4,[(5, 4), (6, 4), (6, 5), (7, 5), (8, 5), (8, 6)]
4102,7,6,5,5,[(5, 5), (6, 5), (6, 6), (7, 6), (8, 6), (8, 7)]
4103,7,6,5,6,[(5, 6), (6, 6), (6, 7), (7, 7), (8, 7), (8, 8)]
4104,7,6,5,7,[(5, 7), (6, 7), (6, 8), (7, 8), (8, 8), (8, 9)]
4105,7,6,5,8,[(5, 8), (6, 8), (6, 9), (7, 9), (8, 9), (8, 10)]
4106,7,6,5,9,[(5, 9), (6, 9), (6, 10), (7, 10), (8, 10), (8, 11)]
4107,7,6,6,0,[(6, 0), (7, 0), (7, 1), (8, 1), (9, 1), (9, 2)]
4108,7,6,6,1,[(6, 1), (7, 1), (7, 2), (8, 2), (9, 2), (9, 3)]
4109,7,6,6,2,[(6, 2), (7, 2), (7, 3), (8, 3), (9, 3), (9, 4)]
4110,7,6,6,3,[(6, 3), (7, 3), (7, 4), (8, 4), (9, 4), (9, 5)]
4111,7,6,6,4,[(6, 4), (7, 4), (7, 5), (8, 5), (9, 5), (9, 6)]
4112,7,6,6,5,[(6, 5), (7, 5), (7, 6), (8, 6), (9, 6), (9, 7)]
4113,7,6,6,6,[(6, 6), (7, 6), (7, 7), (8, 7), (9, 7), (9, 8)]
4114,7,6,6,7,[(6, 7), (7, 7), (7, 8), (8, 8), (9, 8), (9, 9)]
4115,7,6,6,8,[(6, 8), (7, 8), (7, 9), (8, 9), (9, 9), (9, 10)]
4116,7,6,6,9,[(6, 9), (7, 9), (7, 10), (8, 10), (9, 10), (9, 11)]
4117,7,6,7,0,[(7, 0), (8, 0), (8, 1), (9, 1), (10, 1), (10, 2)]
4118,7,6,7,1,[(7, 1), (8, 1), (8, 2), (9, 2), (10, 2), (10, 3)]
4119,7,6,7,2,[(7, 2), (8, 2), (8, 3), (9, 3), (10, 3), (10, 4)]
4120,7,6,7,3,[(7, 3), (8, 3), (8, 4), (9, 4), (10, 4), (10, 5)]
4121,7,6,7,4,[(7, 4), (8, 4), (8, 5), (9, 5), (10, 5), (10, 6)]
4122,7,6,7,5,[(7, 5), (8, 5), (8, 6), (9, 6), (10, 6), (10, 7)]
4123,7,6,7,6,[(7, 6), (8, 6), (8, 7), (9, 7), (10, 7), (10, 8)]
4124,7,6,7,7,[(7, 7), (8, 7), (8, 8), (9, 8), (10, 8), (10, 9)]
4125,7,6,7,8,[(7, 8), (8, 8), (8, 9), (9, 9), (10, 9), (10, 10)]
4126,7,6,7,9,[(7, 9), (8, 9), (8, 10), (9, 10), (10, 10), (10, 11)]
4127,7,6,8,0,[(8, 0), (9, 0), (9, 1), (10, 1), (11, 1), (11, 2)]
4128,7,6,8,1,[(8, 1), (9, 1), (9, 2), (10, 2), (11, 2), (11, 3)]
4129,7,6,8,2,[(8, 2), (9, 2), (9, 3), (10, 3), (11, 3), (11, 4)]
4130,7,6,8,3,[(8, 3), (9, 3), (9, 4), (10, 4), (11, 4), (11, 5)]
4131,7,6,8,4,[(8, 4), (9, 4), (9, 5), (10, 5), (11, 5), (11, 6)]
4132,7,6,8,5,[(8, 5), (9, 5), (9, 6), (10, 6), (11, 6), (11, 7)]
4133,7,6,8,6,[(8, 6), (9, 6), (9, 7), (10, 7), (11, 7), (11, 8)]
4134,7,6,8,7,[(8, 7), (9, 7), (9, 8), (10, 8), (11, 8), (11, 9)]
4135,7,6,8,8,[(8, 8), (9, 8), (9, 9), (10, 9), (11, 9), (11, 10)]
4136,7,6,8,9,[(8, 9), (9, 9), (9, 10), (10, 10), (11, 10), (11, 11)]
4137,7,7,0,0,[(0, 2), (0, 3), (1, 0), (1, 1), (1, 2), (2, 0)]
4138,7,7,0,1,[(0, 3), (0, 4), (1, 1), (1, 2), (1, 3), (2, 1)]
4139,7,7,0,2,[(0, 4), (0, 5), (1, 2), (1, 3), (1, 4), (2, 2)]
4140,7,7,0,3,[(0, 5), (0, 6), (1, 3), (1, 4), (1, 5), (2, 3)]
4141,7,7,0,4,[(0, 6), (0, 7), (1, 4), (1, 5), (1, 6), (2, 4)]
4142,7,7,0,5,[(0, 7), (0, 8), (1, 5), (1, 6), (1, 7), (2, 5)]
4143,7,7,0,6,[(0, 8), (0, 9), (1, 6), (1, 7), (1, 8), (2, 6)]
4144,7,7,0,7,[(0, 9), (0, 10), (1, 7), (1, 8), (1, 9), (2, 7)]
4145,7,7,0,8,[(0, 10), (0, 11), (1, 8), (1, 9), (1, 10), (2, 8)]
4146,7,7,1,0,[(1, 2), (1, 3), (2, 0), (2, 1), (2, 2), (3, 0)]
4147,7,7,1,1,[(1, 3), (1, 4), (2, 1), (2, 2), (2, 3), (3, 1)]
4148,7,7,1,2,[(1, 4), (1, 5), (2, 2), (2, 3), (2, 4), (3, 2)]
4149,7,7,1,3,[(1, 5), (1, 6), (2, 3), (2, 4), (2, 5), (3, 3)]
4150,7,7,1,4,[(1, 6), (1, 7), (2, 4), (2, 5), (2, 6), (3, 4)]
4151,7,7,1,5,[(1, 7), (1, 8), (2, 5), (2, 6), (2, 7), (3, 5)]
4152,7,7,1,6,[(1, 8), (1, 9), (2, 6), (2, 7), (2, 8), (3, 6)]
4153,7,7,1,7,[(1, 9), (1, 10), (2, 7), (2, 8), (2, 9), (3, 7)]
4154,7,7,1,8,[(1, 10), (1, 11), (2, 8), (2, 9), (2, 10), (3, 8)]
4155,7,7,2,0,[(2, 2), (2, 3), (3, 0), (3, 1), (3, 2), (4, 0)]
4156,7,7,2,1,[(2, 3), (2, 4), (3, 1), (3, 2), (3, 3), (4, 1)]
4157,7,7,2,2,[(2, 4), (2, 5), (3, 2), (3, 3), (3, 4), (4, 2)]
4158,7,7,2,3,[(2, 5), (2, 6), (3, 3), (3, 4), (3, 5), (4, 3)]
4159,7,7,2,4,[(2, 6), (2, 7), (3, 4), (3, 5), (3, 6), (4, 4)]
4160,7,7,2,5,[(2, 7), (2, 8), (3, 5), (3, 6), (3, 7), (4, 5)]
4161,7,7,2,6,[(2, 8), (2, 9), (3, 6), (3, 7), (3, 8), (4, 6)]
4162,7,7,2,7,[(2, 9), (2, 10), (3, 7), (3, 8), (3, 9), (4, 7)]
4163,7,7,2,8,[(2, 10), (2, 11), (3, 8), (3, 9), (3, 10), (4, 8)]
4164,7,7,3,0,[(3, 2), (3, 3), (4, 0), (4, 1), (4, 2), (5, 0)]
4165,7,7,3,1,[(3, 3), (3, 4), (4, 1), (4, 2), (4, 3), (5, 1)]
4166,7,7,3,2,[(3, 4), (3, 5), (4, 2), (4, 3), (4, 4), (5, 2)]
4167,7,7,3,3,[(3, 5), (3, 6), (4, 3), (4, 4), (4, 5), (5, 3)]
4168,7,7,3,4,[(3, 6), (3, 7), (4, 4), (4, 5), (4, 6), (5, 4)]
4169,7,7,3,5,[(3, 7), (3, 8), (4, 5), (4, 6), (4, 7), (5, 5)]
4170,7,7,3,6,[(3, 8), (3, 9), (4, 6), (4, 7), (4, 8), (5, 6)]
4171,7,7,3,7,[(3, 9), (3, 10), (4, 7), (4, 8), (4, 9), (5, 7)]
4172,7,7,3,8,[(3, 10), (3, 11), (4, 8), (4, 9), (4, 10), (5, 8)]
4173,7,7,4,0,[(4, 2), (4, 3), (5, 0), (5, 1), (5, 2), (6, 0)]
4174,7,7,4,1,[(4, 3), (4, 4), (5, 1), (5, 2), (5, 3), (6, 1)]
4175,7,7,4,2,[(4, 4), (4, 5), (5, 2), (5, 3), (5, 4), (6, 2)]
4176,7,7,4,3,[(4, 5), (4, 6), (5, 3), (5, 4), (5, 5), (6, 3)]
4177,7,7,4,4,[(4, 6), (4, 7), (5, 4), (5, 5), (5, 6), (6, 4)]
4178,7,7,4,5,[(4, 7), (4, 8), (5, 5), (5, 6), (5, 7), (6, 5)]
4179,7,7,4,6,[(4, 8), (4, 9), (5, 6), (5, 7), (5, 8), (6, 6)]
4180,7,7,4,7,[(4, 9), (4, 10), (5, 7), (5, 8), (5, 9), (6, 7)]
4181,7,7,4,8,[(4, 10), (4, 11), (5, 8), (5, 9), (5, 10), (6, 8)]
4182,7,7,5,0,[(5, 2), (5, 3), (6, 0), (6, 1), (6, 2), (7, 0)]
4183,7,7,5,1,[(5, 3), (5, 4), (6, 1), (6, 2), (6, 3), (7, 1)]
4184,7,7,5,2,[(5, 4), (5, 5), (6, 2), (6, 3), (6, 4), (7, 2)]
4185,7,7,5,3,[(5, 5), (5, 6), (6, 3), (6, 4), (6, 5), (7, 3)]
4186,7,7,5,4,[(5, 6), (5, 7), (6, 4), (6, 5), (6, 6), (7, 4)]
4187,7,7,5,5,[(5, 7), (5, 8), (6, 5), (6, 6), (6, 7), (7, 5)]
4188,7,7,5,6,[(5, 8), (5, 9), (6, 6), (6, 7), (6, 8), (7, 6)]
4189,7,7,5,7,[(5, 9), (5, 10), (6, 7), (6, 8), (6, 9), (7, 7)]
4190,7,7,5,8,[(5, 10), (5, 11), (6, 8), (6, 9), (6, 10), (7, 8)]
4191,7,7,6,0,[(6, 2), (6, 3), (7, 0), (7, 1), (7, 2), (8, 0)]
4192,7,7,6,1,[(6, 3), (6, 4), (7, 1), (7, 2), (7, 3), (8, 1)]
4193,7,7,6,2,[(6, 4), (6, 5), (7, 2), (7, 3), (7, 4), (8, 2)]
4194,7,7,6,3,[(6, 5), (6, 6), (7, 3), (7, 4), (7, 5), (8, 3)]
4195,7,7,6,4,[(6, 6), (6, 7), (7, 4), (7, 5), (7, 6), (8, 4)]
4196,7,7,6,5,[(6, 7), (6, 8), (7, 5), (7, 6), (7, 7), (8, 5)]
4197,7,7,6,6,[(6, 8), (6, 9), (7, 6), (7, 7), (7, 8), (8, 6)]
4198,7,7,6,7,[(6, 9), (6, 10), (7, 7), (7, 8), (7, 9), (8, 7)]
4199,7,7,6,8,[(6, 10), (6, 11), (7, 8), (7, 9), (7, 10), (8, 8)]
4200,7,7,7,0,[(7, 2), (7, 3), (8, 0), (8, 1), (8, 2), (9, 0)]
4201,7,7,7,1,[(7, 3), (7, 4), (8, 1), (8, 2), (8, 3), (9, 1)]
4202,7,7,7,2,[(7, 4), (7, 5), (8, 2), (8, 3), (8, 4), (9, 2)]
4203,7,7,7,3,[(7, 5), (7, 6), (8, 3), (8, 4), (8, 5), (9, 3)]
4204,7,7,7,4,[(7, 6), (7, 7), (8, 4), (8, 5), (8, 6), (9, 4)]
4205,7,7,7,5,[(7, 7), (7, 8), (8, 5), (8, 6), (8, 7), (9, 5)]
4206,7,7,7,6,[(7, 8), (7, 9), (8, 6), (8, 7), (8, 8), (9, 6)]
4207,7,7,7,7,[(7, 9), (7, 10), (8, 7), (8, 8), (8, 9), (9, 7)]
4208,7,7,7,8,[(7, 10), (7, 11), (8, 8), (8, 9), (8, 10), (9, 8)]
4209,7,7,8,0,[(8, 2), (8, 3), (9, 0), (9, 1), (9, 2), (10, 0)]
4210,7,7,8,1,[(8, 3), (8, 4), (9, 1), (9, 2), (9, 3), (10, 1)]
4211,7,7,8,2,[(8, 4), (8, 5), (9, 2), (9, 3), (9, 4), (10, 2)]
4212,7,7,8,3,[(8, 5), (8, 6), (9, 3), (9, 4), (9, 5), (10, 3)]
4213,7,7,8,4,[(8, 6), (8, 7), (9, 4), (9, 5), (9, 6), (10, 4)]
4214,7,7,8,5,[(8, 7), (8, 8), (9, 5), (9, 6), (9, 7), (10, 5)]
4215,7,7,8,6,[(8, 8), (8, 9), (9, 6), (9, 7), (9, 8), (10, 6)]
4216,7,7,8,7,[(8, 9), (8, 10), (9, 7), (9, 8), (9, 9), (10, 7)]
4217,7,7,8,8,[(8, 10), (8, 11), (9, 8), (9, 9), (9, 10), (10, 8)]
4218,7,7,9,0,[(9, 2), (9, 3), (10, 0), (10, 1), (10, 2), (11, 0)]
4219,7,7,9,1,[(9, 3), (9, 4), (10, 1), (10, 2), (10, 3), (11, 1)]
4220,7,7,9,2,[(9, 4), (9, 5), (10, 2), (10, 3), (10, 4), (11, 2)]
4221,7,7,9,3,[(9, 5), (9, 6), (10, 3), (10, 4), (10, 5), (11, 3)]
4222,7,7,9,4,[(9, 6), (9, 7), (10, 4), (10, 5), (10, 6), (11, 4)]
4223,7,7,9,5,[(9, 7), (9, 8), (10, 5), (10, 6), (10, 7), (11, 5)]
4224,7,7,9,6,[(9, 8), (9, 9), (10, 6), (10, 7), (10, 8), (11, 6)]
4225,7,7,9,7,[(9, 9), (9, 10), (10, 7), (10, 8), (10, 9), (11, 7)]
4226,7,7,9,8,[(9, 10), (9, 11), (10, 8), (10, 9), (10, 10), (11, 8)]
4227,8,0,0,0,[(0, 3), (1, 0), (1, 1), (1, 2), (1, 3), (2, 2)]
4228,8,0,0,1,[(0, 4), (1, 1), (1, 2), (1, 3), (1, 4), (2, 3)]
4229,8,0,0,2,[(0, 5), (1, 2), (1, 3), (1, 4), (1, 5), (2, 4)]
4230,8,0,0,3,[(0, 6), (1, 3), (1, 4), (1, 5), (1, 6), (2, 5)]
4231,8,0,0,4,[(0, 7), (1, 4), (1, 5), (1, 6), (1, 7), (2, 6)]
4232,8,0,0,5,[(0, 8), (1, 5), (1, 6), (1, 7), (1, 8), (2, 7)]
4233,8,0,0,6,[(0, 9), (1, 6), (1, 7), (1, 8), (1, 9), (2, 8)]
4234,8,0,0,7,[(0, 10), (1, 7), (1, 8), (1, 9), (1, 10), (2, 9)]
4235,8,0,0,8,[(0, 11), (1, 8), (1, 9), (1, 10), (1, 11), (2, 10)]
4236,8,0,1,0,[(1, 3), (2, 0), (2, 1), (2, 2), (2, 3), (3, 2)]
4237,8,0,1,1,[(1, 4), (2, 1), (2, 2), (2, 3), (2, 4), (3, 3)]
4238,8,0,1,2,[(1, 5), (2, 2), (2, 3), (2, 4), (2, 5), (3, 4)]
4239,8,0,1,3,[(1, 6), (2, 3), (2, 4), (2, 5), (2, 6), (3, 5)]
4240,8,0,1,4,[(1, 7), (2, 4), (2, 5), (2, 6), (2, 7), (3, 6)]
4241,8,0,1,5,[(1, 8), (2, 5), (2, 6), (2, 7), (2, 8), (3, 7)]
4242,8,0,1,6,[(1, 9), (2, 6), (2, 7), (2, 8), (2, 9), (3, 8)]
4243,8,0,1,7,[(1, 10), (2, 7), (2, 8), (2, 9), (2, 10), (3, 9)]
4244,8,0,1,8,[(1, 11), (2, 8), (2, 9), (2, 10), (2, 11), (3, 10)]
4245,8,0,2,0,[(2, 3), (3, 0), (3, 1), (3, 2), (3, 3), (4, 2)]
4246,8,0,2,1,[(2, 4), (3, 1), (3, 2), (3, 3), (3, 4), (4, 3)]
4247,8,0,2,2,[(2, 5), (3, 2), (3, 3), (3, 4), (3, 5), (4, 4)]
4248,8,0,2,3,[(2, 6), (3, 3), (3, 4), (3, 5), (3, 6), (4, 5)]
4249,8,0,2,4,[(2, 7), (3, 4), (3, 5), (3, 6), (3, 7), (4, 6)]
4250,8,0,2,5,[(2, 8), (3, 5), (3, 6), (3, 7), (3, 8), (4, 7)]
4251,8,0,2,6,[(2, 9), (3, 6), (3, 7), (3, 8), (3, 9), (4, 8)]
4252,8,0,2,7,[(2, 10), (3, 7), (3, 8), (3, 9), (3, 10), (4, 9)]
4253,8,0,2,8,[(2, 11), (3, 8), (3, 9), (3, 10), (3, 11), (4, 10)]
4254,8,0,3,0,[(3, 3), (4, 0), (4, 1), (4, 2), (4, 3), (5, 2)]
4255,8,0,3,1,[(3, 4), (4, 1), (4, 2), (4, 3), (4, 4), (5, 3)]
4256,8,0,3,2,[(3, 5), (4, 2), (4, 3), (4, 4), (4, 5), (5, 4)]
4257,8,0,3,3,[(3, 6), (4, 3), (4, 4), (4, 5), (4, 6), (5, 5)]
4258,8,0,3,4,[(3, 7), (4, 4), (4, 5), (4, 6), (4, 7), (5, 6)]
4259,8,0,3,5,[(3, 8), (4, 5), (4, 6), (4, 7), (4, 8), (5, 7)]
4260,8,0,3,6,[(3, 9), (4, 6), (4, 7), (4, 8), (4, 9), (5, 8)]
4261,8,0,3,7,[(3, 10), (4, 7), (4, 8), (4, 9), (4, 10), (5, 9)]
4262,8,0,3,8,[(3, 11), (4, 8), (4, 9), (4, 10), (4, 11), (5, 10)]
4263,8,0,4,0,[(4, 3), (5, 0), (5, 1), (5, 2), (5, 3), (6, 2)]
4264,8,0,4,1,[(4, 4), (5, 1), (5, 2), (5, 3), (5, 4), (6, 3)]
4265,8,0,4,2,[(4, 5), (5, 2), (5, 3), (5, 4), (5, 5), (6, 4)]
4266,8,0,4,3,[(4, 6), (5, 3), (5, 4), (5, 5), (5, 6), (6, 5)]
4267,8,0,4,4,[(4, 7), (5, 4), (5, 5), (5, 6), (5, 7), (6, 6)]
4268,8,0,4,5,[(4, 8), (5, 5), (5, 6), (5, 7), (5, 8), (6, 7)]
4269,8,0,4,6,[(4, 9), (5, 6), (5, 7), (5, 8), (5, 9), (6, 8)]
4270,8,0,4,7,[(4, 10), (5, 7), (5, 8), (5, 9), (5, 10), (6, 9)]
4271,8,0,4,8,[(4, 11), (5, 8), (5, 9), (5, 10), (5, 11), (6, 10)]
4272,8,0,5,0,[(5, 3), (6, 0), (6, 1), (6, 2), (6, 3), (7, 2)]
4273,8,0,5,1,[(5, 4), (6, 1), (6, 2), (6, 3), (6, 4), (7, 3)]
4274,8,0,5,2,[(5, 5), (6, 2), (6, 3), (6, 4), (6, 5), (7, 4)]
4275,8,0,5,3,[(5, 6), (6, 3), (6, 4), (6, 5), (6, 6), (7, 5)]
4276,8,0,5,4,[(5, 7), (6, 4), (6, 5), (6, 6), (6, 7), (7, 6)]
4277,8,0,5,5,[(5, 8), (6, 5), (6, 6), (6, 7), (6, 8), (7, 7)]
4278,8,0,5,6,[(5, 9), (6, 6), (6, 7), (6, 8), (6, 9), (7, 8)]
4279,8,0,5,7,[(5, 10), (6, 7), (6, 8), (6, 9), (6, 10), (7, 9)]
4280,8,0,5,8,[(5, 11), (6, 8), (6, 9), (6, 10), (6, 11), (7, 10)]
4281,8,0,6,0,[(6, 3), (7, 0), (7, 1), (7, 2), (7, 3), (8, 2)]
4282,8,0,6,1,[(6, 4), (7, 1), (7, 2), (7, 3), (7, 4), (8, 3)]
4283,8,0,6,2,[(6, 5), (7, 2), (7, 3), (7, 4), (7, 5), (8, 4)]
4284,8,0,6,3,[(6, 6), (7, 3), (7, 4), (7, 5), (7, 6), (8, 5)]
4285,8,0,6,4,[(6, 7), (7, 4), (7, 5), (7, 6), (7, 7), (8, 6)]
4286,8,0,6,5,[(6, 8), (7, 5), (7, 6), (7, 7), (7, 8), (8, 7)]
4287,8,0,6,6,[(6, 9), (7, 6), (7, 7), (7, 8), (7, 9), (8, 8)]
4288,8,0,6,7,[(6, 10), (7, 7), (7, 8), (7, 9), (7, 10), (8, 9)]
4289,8,0,6,8,[(6, 11), (7, 8), (7, 9), (7, 10), (7, 11), (8, 10)]
4290,8,0,7,0,[(7, 3), (8, 0), (8, 1), (8, 2), (8, 3), (9, 2)]
4291,8,0,7,1,[(7, 4), (8, 1), (8, 2), (8, 3), (8, 4), (9, 3)]
4292,8,0,7,2,[(7, 5), (8, 2), (8, 3), (8, 4), (8, 5), (9, 4)]
4293,8,0,7,3,[(7, 6), (8, 3), (8, 4), (8, 5), (8, 6), (9, 5)]
4294,8,0,7,4,[(7, 7), (8, 4), (8, 5), (8, 6), (8, 7), (9, 6)]
4295,8,0,7,5,[(7, 8), (8, 5), (8, 6), (8, 7), (8, 8), (9, 7)]
4296,8,0,7,6,[(7, 9), (8, 6), (8, 7), (8, 8), (8, 9), (9, 8)]
4297,8,0,7,7,[(7, 10), (8, 7), (8, 8), (8, 9), (8, 10), (9, 9)]
4298,8,0,7,8,[(7, 11), (8, 8), (8, 9), (8, 10), (8, 11), (9, 10)]
4299,8,0,8,0,[(8, 3), (9, 0), (9, 1), (9, 2), (9, 3), (10, 2)]
4300,8,0,8,1,[(8, 4), (9, 1), (9, 2), (9, 3), (9, 4), (10, 3)]
4301,8,0,8,2,[(8, 5), (9, 2), (9, 3), (9, 4), (9, 5), (10, 4)]
4302,8,0,8,3,[(8, 6), (9, 3), (9, 4), (9, 5), (9, 6), (10, 5)]
4303,8,0,8,4,[(8, 7), (9, 4), (9, 5), (9, 6), (9, 7), (10, 6)]
4304,8,0,8,5,[(8, 8), (9, 5), (9, 6), (9, 7), (9, 8), (10, 7)]
4305,8,0,8,6,[(8, 9), (9, 6), (9, 7), (9, 8), (9, 9), (10, 8)]
4306,8,0,8,7,[(8, 10), (9, 7), (9, 8), (9, 9), (9, 10), (10, 9)]
4307,8,0,8,8,[(8, 11), (9, 8), (9, 9), (9, 10), (9, 11), (10, 10)]
4308,8,0,9,0,[(9, 3), (10, 0), (10, 1), (10, 2), (10, 3), (11, 2)]
4309,8,0,9,1,[(9, 4), (10, 1), (10, 2), (10, 3), (10, 4), (11, 3)]
4310,8,0,9,2,[(9, 5), (10, 2), (10, 3), (10, 4), (10, 5), (11, 4)]
4311,8,0,9,3,[(9, 6), (10, 3), (10, 4), (10, 5), (10, 6), (11, 5)]
4312,8,0,9,4,[(9, 7), (10, 4), (10, 5), (10, 6), (10, 7), (11, 6)]
4313,8,0,9,5,[(9, 8), (10, 5), (10, 6), (10, 7), (10, 8), (11, 7)]
4314,8,0,9,6,[(9, 9), (10, 6), (10, 7), (10, 8), (10, 9), (11, 8)]
4315,8,0,9,7,[(9, 10), (10, 7), (10, 8), (10, 9), (10, 10), (11, 9)]
4316,8,0,9,8,[(9, 11), (10, 8), (10, 9), (10, 10), (10, 11), (11, 10)]
4317,8,1,0,0,[(0, 0), (1, 0), (1, 1), (1, 2), (1, 3), (2, 1)]
4318,8,1,0,1,[(0, 1), (1, 1), (1, 2), (1, 3), (1, 4), (2, 2)]
4319,8,1,0,2,[(0, 2), (1, 2), (1, 3), (1, 4), (1, 5), (2, 3)]
4320,8,1,0,3,[(0, 3), (1, 3), (1, 4), (1, 5), (1, 6), (2, 4)]
4321,8,1,0,4,[(0, 4), (1, 4), (1, 5), (1, 6), (1, 7), (2, 5)]
4322,8,1,0,5,[(0, 5), (1, 5), (1, 6), (1, 7), (1, 8), (2, 6)]
4323,8,1,0,6,[(0, 6), (1, 6), (1, 7), (1, 8), (1, 9), (2, 7)]
4324,8,1,0,7,[(0, 7), (1, 7), (1, 8), (1, 9), (1, 10), (2, 8)]
4325,8,1,0,8,[(0, 8), (1, 8), (1, 9), (1, 10), (1, 11), (2, 9)]
4326,8,1,1,0,[(1, 0), (2, 0), (2, 1), (2, 2), (2, 3), (3, 1)]
4327,8,1,1,1,[(1, 1), (2, 1), (2, 2), (2, 3), (2, 4), (3, 2)]
4328,8,1,1,2,[(1, 2), (2, 2), (2, 3), (2, 4), (2, 5), (3, 3)]
4329,8,1,1,3,[(1, 3), (2, 3), (2, 4), (2, 5), (2, 6), (3, 4)]
4330,8,1,1,4,[(1, 4), (2, 4), (2, 5), (2, 6), (2, 7), (3, 5)]
4331,8,1,1,5,[(1, 5), (2, 5), (2, 6), (2, 7), (2, 8), (3, 6)]
4332,8,1,1,6,[(1, 6), (2, 6), (2, 7), (2, 8), (2, 9), (3, 7)]
4333,8,1,1,7,[(1, 7), (2, 7), (2, 8), (2, 9), (2, 10), (3, 8)]
4334,8,1,1,8,[(1, 8), (2, 8), (2, 9), (2, 10), (2, 11), (3, 9)]
4335,8,1,2,0,[(2, 0), (3, 0), (3, 1), (3, 2), (3, 3), (4, 1)]
4336,8,1,2,1,[(2, 1), (3, 1), (3, 2), (3, 3), (3, 4), (4, 2)]
4337,8,1,2,2,[(2, 2), (3, 2), (3, 3), (3, 4), (3, 5), (4, 3)]
4338,8,1,2,3,[(2, 3), (3, 3), (3, 4), (3, 5), (3, 6), (4, 4)]
4339,8,1,2,4,[(2, 4), (3, 4), (3, 5), (3, 6), (3, 7), (4, 5)]
4340,8,1,2,5,[(2, 5), (3, 5), (3, 6), (3, 7), (3, 8), (4, 6)]
4341,8,1,2,6,[(2, 6), (3, 6), (3, 7), (3, 8), (3, 9), (4, 7)]
4342,8,1,2,7,[(2, 7), (3, 7), (3, 8), (3, 9), (3, 10), (4, 8)]
4343,8,1,2,8,[(2, 8), (3, 8), (3, 9), (3, 10), (3, 11), (4, 9)]
4344,8,1,3,0,[(3, 0), (4, 0), (4, 1), (4, 2), (4, 3), (5, 1)]
4345,8,1,3,1,[(3, 1), (4, 1), (4, 2), (4, 3), (4, 4), (5, 2)]
4346,8,1,3,2,[(3, 2), (4, 2), (4, 3), (4, 4), (4, 5), (5, 3)]
4347,8,1,3,3,[(3, 3), (4, 3), (4, 4), (4, 5), (4, 6), (5, 4)]
4348,8,1,3,4,[(3, 4), (4, 4), (4, 5), (4, 6), (4, 7), (5, 5)]
4349,8,1,3,5,[(3, 5), (4, 5), (4, 6), (4, 7), (4, 8), (5, 6)]
4350,8,1,3,6,[(3, 6), (4, 6), (4, 7), (4, 8), (4, 9), (5, 7)]
4351,8,1,3,7,[(3, 7), (4, 7), (4, 8), (4, 9), (4, 10), (5, 8)]
4352,8,1,3,8,[(3, 8), (4, 8), (4, 9), (4, 10), (4, 11), (5, 9)]
4353,8,1,4,0,[(4, 0), (5, 0), (5, 1), (5, 2), (5, 3), (6, 1)]
4354,8,1,4,1,[(4, 1), (5, 1), (5, 2), (5, 3), (5, 4), (6, 2)]
4355,8,1,4,2,[(4, 2), (5, 2), (5, 3), (5, 4), (5, 5), (6, 3)]
4356,8,1,4,3,[(4, 3), (5, 3), (5, 4), (5, 5), (5, 6), (6, 4)]
4357,8,1,4,4,[(4, 4), (5, 4), (5, 5), (5, 6), (5, 7), (6, 5)]
4358,8,1,4,5,[(4, 5), (5, 5), (5, 6), (5, 7), (5, 8), (6, 6)]
4359,8,1,4,6,[(4, 6), (5, 6), (5, 7), (5, 8), (5, 9), (6, 7)]
4360,8,1,4,7,[(4, 7), (5, 7), (5, 8), (5, 9), (5, 10), (6, 8)]
4361,8,1,4,8,[(4, 8), (5, 8), (5, 9), (5, 10), (5, 11), (6, 9)]
4362,8,1,5,0,[(5, 0), (6, 0), (6, 1), (6, 2), (6, 3), (7, 1)]
4363,8,1,5,1,[(5, 1), (6, 1), (6, 2), (6, 3), (6, 4), (7, 2)]
4364,8,1,5,2,[(5, 2), (6, 2), (6, 3), (6, 4), (6, 5), (7, 3)]
4365,8,1,5,3,[(5, 3), (6, 3), (6, 4), (6, 5), (6, 6), (7, 4)]
4366,8,1,5,4,[(5, 4), (6, 4), (6, 5), (6, 6), (6, 7), (7, 5)]
4367,8,1,5,5,[(5, 5), (6, 5), (6, 6), (6, 7), (6, 8), (7, 6)]
4368,8,1,5,6,[(5, 6), (6, 6), (6, 7), (6, 8), (6, 9), (7, 7)]
4369,8,1,5,7,[(5, 7), (6, 7), (6, 8), (6, 9), (6, 10), (7, 8)]
4370,8,1,5,8,[(5, 8), (6, 8), (6, 9), (6, 10), (6, 11), (7, 9)]
4371,8,1,6,0,[(6, 0), (7, 0), (7, 1), (7, 2), (7, 3), (8, 1)]
4372,8,1,6,1,[(6, 1), (7, 1), (7, 2), (7, 3), (7, 4), (8, 2)]
4373,8,1,6,2,[(6, 2), (7, 2), (7, 3), (7, 4), (7, 5), (8, 3)]
4374,8,1,6,3,[(6, 3), (7, 3), (7, 4), (7, 5), (7, 6), (8, 4)]
4375,8,1,6,4,[(6, 4), (7, 4), (7, 5), (7, 6), (7, 7), (8, 5)]
4376,8,1,6,5,[(6, 5), (7, 5), (7, 6), (7, 7), (7, 8), (8, 6)]
4377,8,1,6,6,[(6, 6), (7, 6), (7, 7), (7, 8), (7, 9), (8, 7)]
4378,8,1,6,7,[(6, 7), (7, 7), (7, 8), (7, 9), (7, 10), (8, 8)]
4379,8,1,6,8,[(6, 8), (7, 8), (7, 9), (7, 10), (7, 11), (8, 9)]
4380,8,1,7,0,[(7, 0), (8, 0), (8, 1), (8, 2), (8, 3), (9, 1)]
4381,8,1,7,1,[(7, 1), (8, 1), (8, 2), (8, 3), (8, 4), (9, 2)]
4382,8,1,7,2,[(7, 2), (8, 2), (8, 3), (8, 4), (8, 5), (9, 3)]
4383,8,1,7,3,[(7, 3), (8, 3), (8, 4), (8, 5), (8, 6), (9, 4)]
4384,8,1,7,4,[(7, 4), (8, 4), (8, 5), (8, 6), (8, 7), (9, 5)]
4385,8,1,7,5,[(7, 5), (8, 5), (8, 6), (8, 7), (8, 8), (9, 6)]
4386,8,1,7,6,[(7, 6), (8, 6), (8, 7), (8, 8), (8, 9), (9, 7)]
4387,8,1,7,7,[(7, 7), (8, 7), (8, 8), (8, 9), (8, 10), (9, 8)]
4388,8,1,7,8,[(7, 8), (8, 8), (8, 9), (8, 10), (8, 11), (9, 9)]
4389,8,1,8,0,[(8, 0), (9, 0), (9, 1), (9, 2), (9, 3), (10, 1)]
4390,8,1,8,1,[(8, 1), (9, 1), (9, 2), (9, 3), (9, 4), (10, 2)]
4391,8,1,8,2,[(8, 2), (9, 2), (9, 3), (9, 4), (9, 5), (10, 3)]
4392,8,1,8,3,[(8, 3), (9, 3), (9, 4), (9, 5), (9, 6), (10, 4)]
4393,8,1,8,4,[(8, 4), (9, 4), (9, 5), (9, 6), (9, 7), (10, 5)]
4394,8,1,8,5,[(8, 5), (9, 5), (9, 6), (9, 7), (9, 8), (10, 6)]
4395,8,1,8,6,[(8, 6), (9, 6), (9, 7), (9, 8), (9, 9), (10, 7)]
4396,8,1,8,7,[(8, 7), (9, 7), (9, 8), (9, 9), (9, 10), (10, 8)]
4397,8,1,8,8,[(8, 8), (9, 8), (9, 9), (9, 10), (9, 11), (10, 9)]
4398,8,1,9,0,[(9, 0), (10, 0), (10, 1), (10, 2), (10, 3), (11, 1)]
4399,8,1,9,1,[(9, 1), (10, 1), (10, 2), (10, 3), (10, 4), (11, 2)]
4400,8,1,9,2,[(9, 2), (10, 2), (10, 3), (10, 4), (10, 5), (11, 3)]
4401,8,1,9,3,[(9, 3), (10, 3), (10, 4), (10, 5), (10, 6), (11, 4)]
4402,8,1,9,4,[(9, 4), (10, 4), (10, 5), (10, 6), (10, 7), (11, 5)]
4403,8,1,9,5,[(9, 5), (10, 5), (10, 6), (10, 7), (10, 8), (11, 6)]
4404,8,1,9,6,[(9, 6), (10, 6), (10, 7), (10, 8), (10, 9), (11, 7)]
4405,8,1,9,7,[(9, 7), (10, 7), (10, 8), (10, 9), (10, 10), (11, 8)]
4406,8,1,9,8,[(9, 8), (10, 8), (10, 9), (10, 10), (10, 11), (11, 9)]
4407,8,2,0,0,[(0, 2), (1, 0), (1, 1), (1, 2), (1, 3), (2, 3)]
4408,8,2,0,1,[(0, 3), (1, 1), (1, 2), (1, 3), (1, 4), (2, 4)]
4409,8,2,0,2,[(0, 4), (1, 2), (1, 3), (1, 4), (1, 5), (2, 5)]
4410,8,2,0,3,[(0, 5), (1, 3), (1, 4), (1, 5), (1, 6), (2, 6)]
4411,8,2,0,4,[(0, 6), (1, 4), (1, 5), (1, 6), (1, 7), (2, 7)]
4412,8,2,0,5,[(0, 7), (1, 5), (1, 6), (1, 7), (1, 8), (2, 8)]
4413,8,2,0,6,[(0, 8), (1, 6), (1, 7), (1, 8), (1, 9), (2, 9)]
4414,8,2,0,7,[(0, 9), (1, 7), (1, 8), (1, 9), (1, 10), (2, 10)]
4415,8,2,0,8,[(0, 10), (1, 8), (1, 9), (1, 10), (1, 11), (2, 11)]
4416,8,2,1,0,[(1, 2), (2, 0), (2, 1), (2, 2), (2, 3), (3, 3)]
4417,8,2,1,1,[(1, 3), (2, 1), (2, 2), (2, 3), (2, 4), (3, 4)]
4418,8,2,1,2,[(1, 4), (2, 2), (2, 3), (2, 4), (2, 5), (3, 5)]
4419,8,2,1,3,[(1, 5), (2, 3), (2, 4), (2, 5), (2, 6), (3, 6)]
4420,8,2,1,4,[(1, 6), (2, 4), (2, 5), (2, 6), (2, 7), (3, 7)]
4421,8,2,1,5,[(1, 7), (2, 5), (2, 6), (2, 7), (2, 8), (3, 8)]
4422,8,2,1,6,[(1, 8), (2, 6), (2, 7), (2, 8), (2, 9), (3, 9)]
4423,8,2,1,7,[(1, 9), (2, 7), (2, 8), (2, 9), (2, 10), (3, 10)]
4424,8,2,1,8,[(1, 10), (2, 8), (2, 9), (2, 10), (2, 11), (3, 11)]
4425,8,2,2,0,[(2, 2), (3, 0), (3, 1), (3, 2), (3, 3), (4, 3)]
4426,8,2,2,1,[(2, 3), (3, 1), (3, 2), (3, 3), (3, 4), (4, 4)]
4427,8,2,2,2,[(2, 4), (3, 2), (3, 3), (3, 4), (3, 5), (4, 5)]
4428,8,2,2,3,[(2, 5), (3, 3), (3, 4), (3, 5), (3, 6), (4, 6)]
4429,8,2,2,4,[(2, 6), (3, 4), (3, 5), (3, 6), (3, 7), (4, 7)]
4430,8,2,2,5,[(2, 7), (3, 5), (3, 6), (3, 7), (3, 8), (4, 8)]
4431,8,2,2,6,[(2, 8), (3, 6), (3, 7), (3, 8), (3, 9), (4, 9)]
4432,8,2,2,7,[(2, 9), (3, 7), (3, 8), (3, 9), (3, 10), (4, 10)]
4433,8,2,2,8,[(2, 10), (3, 8), (3, 9), (3, 10), (3, 11), (4, 11)]
4434,8,2,3,0,[(3, 2), (4, 0), (4, 1), (4, 2), (4, 3), (5, 3)]
4435,8,2,3,1,[(3, 3), (4, 1), (4, 2), (4, 3), (4, 4), (5, 4)]
4436,8,2,3,2,[(3, 4), (4, 2), (4, 3), (4, 4), (4, 5), (5, 5)]
4437,8,2,3,3,[(3, 5), (4, 3), (4, 4), (4, 5), (4, 6), (5, 6)]
4438,8,2,3,4,[(3, 6), (4, 4), (4, 5), (4, 6), (4, 7), (5, 7)]
4439,8,2,3,5,[(3, 7), (4, 5), (4, 6), (4, 7), (4, 8), (5, 8)]
4440,8,2,3,6,[(3, 8), (4, 6), (4, 7), (4, 8), (4, 9), (5, 9)]
4441,8,2,3,7,[(3, 9), (4, 7), (4, 8), (4, 9), (4, 10), (5, 10)]
4442,8,2,3,8,[(3, 10), (4, 8), (4, 9), (4, 10), (4, 11), (5, 11)]
4443,8,2,4,0,[(4, 2), (5, 0), (5, 1), (5, 2), (5, 3), (6, 3)]
4444,8,2,4,1,[(4, 3), (5, 1), (5, 2), (5, 3), (5, 4), (6, 4)]
4445,8,2,4,2,[(4, 4), (5, 2), (5, 3), (5, 4), (5, 5), (6, 5)]
4446,8,2,4,3,[(4, 5), (5, 3), (5, 4), (5, 5), (5, 6), (6, 6)]
4447,8,2,4,4,[(4, 6), (5, 4), (5, 5), (5, 6), (5, 7), (6, 7)]
4448,8,2,4,5,[(4, 7), (5, 5), (5, 6), (5, 7), (5, 8), (6, 8)]
4449,8,2,4,6,[(4, 8), (5, 6), (5, 7), (5, 8), (5, 9), (6, 9)]
4450,8,2,4,7,[(4, 9), (5, 7), (5, 8), (5, 9), (5, 10), (6, 10)]
4451,8,2,4,8,[(4, 10), (5, 8), (5, 9), (5, 10), (5, 11), (6, 11)]
4452,8,2,5,0,[(5, 2), (6, 0), (6, 1), (6, 2), (6, 3), (7, 3)]
4453,8,2,5,1,[(5, 3), (6, 1), (6, 2), (6, 3), (6, 4), (7, 4)]
4454,8,2,5,2,[(5, 4), (6, 2), (6, 3), (6, 4), (6, 5), (7, 5)]
4455,8,2,5,3,[(5, 5), (6, 3), (6, 4), (6, 5), (6, 6), (7, 6)]
4456,8,2,5,4,[(5, 6), (6, 4), (6, 5), (6, 6), (6, 7), (7, 7)]
4457,8,2,5,5,[(5, 7), (6, 5), (6, 6), (6, 7), (6, 8), (7, 8)]
4458,8,2,5,6,[(5, 8), (6, 6), (6, 7), (6, 8), (6, 9), (7, 9)]
4459,8,2,5,7,[(5, 9), (6, 7), (6, 8), (6, 9), (6, 10), (7, 10)]
4460,8,2,5,8,[(5, 10), (6, 8), (6, 9), (6, 10), (6, 11), (7, 11)]
4461,8,2,6,0,[(6, 2), (7, 0), (7, 1), (7, 2), (7, 3), (8, 3)]
4462,8,2,6,1,[(6, 3), (7, 1), (7, 2), (7, 3), (7, 4), (8, 4)]
4463,8,2,6,2,[(6, 4), (7, 2), (7, 3), (7, 4), (7, 5), (8, 5)]
4464,8,2,6,3,[(6, 5), (7, 3), (7, 4), (7, 5), (7, 6), (8, 6)]
4465,8,2,6,4,[(6, 6), (7, 4), (7, 5), (7, 6), (7, 7), (8, 7)]
4466,8,2,6,5,[(6, 7), (7, 5), (7, 6), (7, 7), (7, 8), (8, 8)]
4467,8,2,6,6,[(6, 8), (7, 6), (7, 7), (7, 8), (7, 9), (8, 9)]
4468,8,2,6,7,[(6, 9), (7, 7), (7, 8), (7, 9), (7, 10), (8, 10)]
4469,8,2,6,8,[(6, 10), (7, 8), (7, 9), (7, 10), (7, 11), (8, 11)]
4470,8,2,7,0,[(7, 2), (8, 0), (8, 1), (8, 2), (8, 3), (9, 3)]
4471,8,2,7,1,[(7, 3), (8, 1), (8, 2), (8, 3), (8, 4), (9, 4)]
4472,8,2,7,2,[(7, 4), (8, 2), (8, 3), (8, 4), (8, 5), (9, 5)]
4473,8,2,7,3,[(7, 5), (8, 3), (8, 4), (8, 5), (8, 6), (9, 6)]
4474,8,2,7,4,[(7, 6), (8, 4), (8, 5), (8, 6), (8, 7), (9, 7)]
4475,8,2,7,5,[(7, 7), (8, 5), (8, 6), (8, 7), (8, 8), (9, 8)]
4476,8,2,7,6,[(7, 8), (8, 6), (8, 7), (8, 8), (8, 9), (9, 9)]
4477,8,2,7,7,[(7, 9), (8, 7), (8, 8), (8, 9), (8, 10), (9, 10)]
4478,8,2,7,8,[(7, 10), (8, 8), (8, 9), (8, 10), (8, 11), (9, 11)]
4479,8,2,8,0,[(8, 2), (9, 0), (9, 1), (9, 2), (9, 3), (10, 3)]
4480,8,2,8,1,[(8, 3), (9, 1), (9, 2), (9, 3), (9, 4), (10, 4)]
4481,8,2,8,2,[(8, 4), (9, 2), (9, 3), (9, 4), (9, 5), (10, 5)]
4482,8,2,8,3,[(8, 5), (9, 3), (9, 4), (9, 5), (9, 6), (10, 6)]
4483,8,2,8,4,[(8, 6), (9, 4), (9, 5), (9, 6), (9, 7), (10, 7)]
4484,8,2,8,5,[(8, 7), (9, 5), (9, 6), (9, 7), (9, 8), (10, 8)]
4485,8,2,8,6,[(8, 8), (9, 6), (9, 7), (9, 8), (9, 9), (10, 9)]
4486,8,2,8,7,[(8, 9), (9, 7), (9, 8), (9, 9), (9, 10), (10, 10)]
4487,8,2,8,8,[(8, 10), (9, 8), (9, 9), (9, 10), (9, 11), (10, 11)]
4488,8,2,9,0,[(9, 2), (10, 0), (10, 1), (10, 2), (10, 3), (11, 3)]
4489,8,2,9,1,[(9, 3), (10, 1), (10, 2), (10, 3), (10, 4), (11, 4)]
4490,8,2,9,2,[(9, 4), (10, 2), (10, 3), (10, 4), (10, 5), (11, 5)]
4491,8,2,9,3,[(9, 5), (10, 3), (10, 4), (10, 5), (10, 6), (11, 6)]
4492,8,2,9,4,[(9, 6), (10, 4), (10, 5), (10, 6), (10, 7), (11, 7)]
4493,8,2,9,5,[(9, 7), (10, 5), (10, 6), (10, 7), (10, 8), (11, 8)]
4494,8,2,9,6,[(9, 8), (10, 6), (10, 7), (10, 8), (10, 9), (11, 9)]
4495,8,2,9,7,[(9, 9), (10, 7), (10, 8), (10, 9), (10, 10), (11, 10)]
4496,8,2,9,8,[(9, 10), (10, 8), (10, 9), (10, 10), (10, 11), (11, 11)]
4497,8,3,0,0,[(0, 1), (1, 1), (2, 0), (2, 1), (3, 1), (3, 2)]
4498,8,3,0,1,[(0, 2), (1, 2), (2, 1), (2, 2), (3, 2), (3, 3)]
4499,8,3,0,2,[(0, 3), (1, 3), (2, 2), (2, 3), (3, 3), (3, 4)]
4500,8,3,0,3,[(0, 4), (1, 4), (2, 3), (2, 4), (3, 4), (3, 5)]
4501,8,3,0,4,[(0, 5), (1, 5), (2, 4), (2, 5), (3, 5), (3, 6)]
4502,8,3,0,5,[(0, 6), (1, 6), (2, 5), (2, 6), (3, 6), (3, 7)]
4503,8,3,0,6,[(0, 7), (1, 7), (2, 6), (2, 7), (3, 7), (3, 8)]
4504,8,3,0,7,[(0, 8), (1, 8), (2, 7), (2, 8), (3, 8), (3, 9)]
4505,8,3,0,8,[(0, 9), (1, 9), (2, 8), (2, 9), (3, 9), (3, 10)]
4506,8,3,0,9,[(0, 10), (1, 10), (2, 9), (2, 10), (3, 10), (3, 11)]
4507,8,3,1,0,[(1, 1), (2, 1), (3, 0), (3, 1), (4, 1), (4, 2)]
4508,8,3,1,1,[(1, 2), (2, 2), (3, 1), (3, 2), (4, 2), (4, 3)]
4509,8,3,1,2,[(1, 3), (2, 3), (3, 2), (3, 3), (4, 3), (4, 4)]
4510,8,3,1,3,[(1, 4), (2, 4), (3, 3), (3, 4), (4, 4), (4, 5)]
4511,8,3,1,4,[(1, 5), (2, 5), (3, 4), (3, 5), (4, 5), (4, 6)]
4512,8,3,1,5,[(1, 6), (2, 6), (3, 5), (3, 6), (4, 6), (4, 7)]
4513,8,3,1,6,[(1, 7), (2, 7), (3, 6), (3, 7), (4, 7), (4, 8)]
4514,8,3,1,7,[(1, 8), (2, 8), (3, 7), (3, 8), (4, 8), (4, 9)]
4515,8,3,1,8,[(1, 9), (2, 9), (3, 8), (3, 9), (4, 9), (4, 10)]
4516,8,3,1,9,[(1, 10), (2, 10), (3, 9), (3, 10), (4, 10), (4, 11)]
4517,8,3,2,0,[(2, 1), (3, 1), (4, 0), (4, 1), (5, 1), (5, 2)]
4518,8,3,2,1,[(2, 2), (3, 2), (4, 1), (4, 2), (5, 2), (5, 3)]
4519,8,3,2,2,[(2, 3), (3, 3), (4, 2), (4, 3), (5, 3), (5, 4)]
4520,8,3,2,3,[(2, 4), (3, 4), (4, 3), (4, 4), (5, 4), (5, 5)]
4521,8,3,2,4,[(2, 5), (3, 5), (4, 4), (4, 5), (5, 5), (5, 6)]
4522,8,3,2,5,[(2, 6), (3, 6), (4, 5), (4, 6), (5, 6), (5, 7)]
4523,8,3,2,6,[(2, 7), (3, 7), (4, 6), (4, 7), (5, 7), (5, 8)]
4524,8,3,2,7,[(2, 8), (3, 8), (4, 7), (4, 8), (5, 8), (5, 9)]
4525,8,3,2,8,[(2, 9), (3, 9), (4, 8), (4, 9), (5, 9), (5, 10)]
4526,8,3,2,9,[(2, 10), (3, 10), (4, 9), (4, 10), (5, 10), (5, 11)]
4527,8,3,3,0,[(3, 1), (4, 1), (5, 0), (5, 1), (6, 1), (6, 2)]
4528,8,3,3,1,[(3, 2), (4, 2), (5, 1), (5, 2), (6, 2), (6, 3)]
4529,8,3,3,2,[(3, 3), (4, 3), (5, 2), (5, 3), (6, 3), (6, 4)]
4530,8,3,3,3,[(3, 4), (4, 4), (5, 3), (5, 4), (6, 4), (6, 5)]
4531,8,3,3,4,[(3, 5), (4, 5), (5, 4), (5, 5), (6, 5), (6, 6)]
4532,8,3,3,5,[(3, 6), (4, 6), (5, 5), (5, 6), (6, 6), (6, 7)]
4533,8,3,3,6,[(3, 7), (4, 7), (5, 6), (5, 7), (6, 7), (6, 8)]
4534,8,3,3,7,[(3, 8), (4, 8), (5, 7), (5, 8), (6, 8), (6, 9)]
4535,8,3,3,8,[(3, 9), (4, 9), (5, 8), (5, 9), (6, 9), (6, 10)]
4536,8,3,3,9,[(3, 10), (4, 10), (5, 9), (5, 10), (6, 10), (6, 11)]
4537,8,3,4,0,[(4, 1), (5, 1), (6, 0), (6, 1), (7, 1), (7, 2)]
4538,8,3,4,1,[(4, 2), (5, 2), (6, 1), (6, 2), (7, 2), (7, 3)]
4539,8,3,4,2,[(4, 3), (5, 3), (6, 2), (6, 3), (7, 3), (7, 4)]
4540,8,3,4,3,[(4, 4), (5, 4), (6, 3), (6, 4), (7, 4), (7, 5)]
4541,8,3,4,4,[(4, 5), (5, 5), (6, 4), (6, 5), (7, 5), (7, 6)]
4542,8,3,4,5,[(4, 6), (5, 6), (6, 5), (6, 6), (7, 6), (7, 7)]
4543,8,3,4,6,[(4, 7), (5, 7), (6, 6), (6, 7), (7, 7), (7, 8)]
4544,8,3,4,7,[(4, 8), (5, 8), (6, 7), (6, 8), (7, 8), (7, 9)]
4545,8,3,4,8,[(4, 9), (5, 9), (6, 8), (6, 9), (7, 9), (7, 10)]
4546,8,3,4,9,[(4, 10), (5, 10), (6, 9), (6, 10), (7, 10), (7, 11)]
4547,8,3,5,0,[(5, 1), (6, 1), (7, 0), (7, 1), (8, 1), (8, 2)]
4548,8,3,5,1,[(5, 2), (6, 2), (7, 1), (7, 2), (8, 2), (8, 3)]
4549,8,3,5,2,[(5, 3), (6, 3), (7, 2), (7, 3), (8, 3), (8, 4)]
4550,8,3,5,3,[(5, 4), (6, 4), (7, 3), (7, 4), (8, 4), (8, 5)]
4551,8,3,5,4,[(5, 5), (6, 5), (7, 4), (7, 5), (8, 5), (8, 6)]
4552,8,3,5,5,[(5, 6), (6, 6), (7, 5), (7, 6), (8, 6), (8, 7)]
4553,8,3,5,6,[(5, 7), (6, 7), (7, 6), (7, 7), (8, 7), (8, 8)]
4554,8,3,5,7,[(5, 8), (6, 8), (7, 7), (7, 8), (8, 8), (8, 9)]
4555,8,3,5,8,[(5, 9), (6, 9), (7, 8), (7, 9), (8, 9), (8, 10)]
4556,8,3,5,9,[(5, 10), (6, 10), (7, 9), (7, 10), (8, 10), (8, 11)]
4557,8,3,6,0,[(6, 1), (7, 1), (8, 0), (8, 1), (9, 1), (9, 2)]
4558,8,3,6,1,[(6, 2), (7, 2), (8, 1), (8, 2), (9, 2), (9, 3)]
4559,8,3,6,2,[(6, 3), (7, 3), (8, 2), (8, 3), (9, 3), (9, 4)]
4560,8,3,6,3,[(6, 4), (7, 4), (8, 3), (8, 4), (9, 4), (9, 5)]
4561,8,3,6,4,[(6, 5), (7, 5), (8, 4), (8, 5), (9, 5), (9, 6)]
4562,8,3,6,5,[(6, 6), (7, 6), (8, 5), (8, 6), (9, 6), (9, 7)]
4563,8,3,6,6,[(6, 7), (7, 7), (8, 6), (8, 7), (9, 7), (9, 8)]
4564,8,3,6,7,[(6, 8), (7, 8), (8, 7), (8, 8), (9, 8), (9, 9)]
4565,8,3,6,8,[(6, 9), (7, 9), (8, 8), (8, 9), (9, 9), (9, 10)]
4566,8,3,6,9,[(6, 10), (7, 10), (8, 9), (8, 10), (9, 10), (9, 11)]
4567,8,3,7,0,[(7, 1), (8, 1), (9, 0), (9, 1), (10, 1), (10, 2)]
4568,8,3,7,1,[(7, 2), (8, 2), (9, 1), (9, 2), (10, 2), (10, 3)]
4569,8,3,7,2,[(7, 3), (8, 3), (9, 2), (9, 3), (10, 3), (10, 4)]
4570,8,3,7,3,[(7, 4), (8, 4), (9, 3), (9, 4), (10, 4), (10, 5)]
4571,8,3,7,4,[(7, 5), (8, 5), (9, 4), (9, 5), (10, 5), (10, 6)]
4572,8,3,7,5,[(7, 6), (8, 6), (9, 5), (9, 6), (10, 6), (10, 7)]
4573,8,3,7,6,[(7, 7), (8, 7), (9, 6), (9, 7), (10, 7), (10, 8)]
4574,8,3,7,7,[(7, 8), (8, 8), (9, 7), (9, 8), (10, 8), (10, 9)]
4575,8,3,7,8,[(7, 9), (8, 9), (9, 8), (9, 9), (10, 9), (10, 10)]
4576,8,3,7,9,[(7, 10), (8, 10), (9, 9), (9, 10), (10, 10), (10, 11)]
4577,8,3,8,0,[(8, 1), (9, 1), (10, 0), (10, 1), (11, 1), (11, 2)]
4578,8,3,8,1,[(8, 2), (9, 2), (10, 1), (10, 2), (11, 2), (11, 3)]
4579,8,3,8,2,[(8, 3), (9, 3), (10, 2), (10, 3), (11, 3), (11, 4)]
4580,8,3,8,3,[(8, 4), (9, 4), (10, 3), (10, 4), (11, 4), (11, 5)]
4581,8,3,8,4,[(8, 5), (9, 5), (10, 4), (10, 5), (11, 5), (11, 6)]
4582,8,3,8,5,[(8, 6), (9, 6), (10, 5), (10, 6), (11, 6), (11, 7)]
4583,8,3,8,6,[(8, 7), (9, 7), (10, 6), (10, 7), (11, 7), (11, 8)]
4584,8,3,8,7,[(8, 8), (9, 8), (10, 7), (10, 8), (11, 8), (11, 9)]
4585,8,3,8,8,[(8, 9), (9, 9), (10, 8), (10, 9), (11, 9), (11, 10)]
4586,8,3,8,9,[(8, 10), (9, 10), (10, 9), (10, 10), (11, 10), (11, 11)]
4587,8,4,0,0,[(0, 1), (1, 1), (2, 1), (2, 2), (3, 0), (3, 1)]
4588,8,4,0,1,[(0, 2), (1, 2), (2, 2), (2, 3), (3, 1), (3, 2)]
4589,8,4,0,2,[(0, 3), (1, 3), (2, 3), (2, 4), (3, 2), (3, 3)]
4590,8,4,0,3,[(0, 4), (1, 4), (2, 4), (2, 5), (3, 3), (3, 4)]
4591,8,4,0,4,[(0, 5), (1, 5), (2, 5), (2, 6), (3, 4), (3, 5)]
4592,8,4,0,5,[(0, 6), (1, 6), (2, 6), (2, 7), (3, 5), (3, 6)]
4593,8,4,0,6,[(0, 7), (1, 7), (2, 7), (2, 8), (3, 6), (3, 7)]
4594,8,4,0,7,[(0, 8), (1, 8), (2, 8), (2, 9), (3, 7), (3, 8)]
4595,8,4,0,8,[(0, 9), (1, 9), (2, 9), (2, 10), (3, 8), (3, 9)]
4596,8,4,0,9,[(0, 10), (1, 10), (2, 10), (2, 11), (3, 9), (3, 10)]
4597,8,4,1,0,[(1, 1), (2, 1), (3, 1), (3, 2), (4, 0), (4, 1)]
4598,8,4,1,1,[(1, 2), (2, 2), (3, 2), (3, 3), (4, 1), (4, 2)]
4599,8,4,1,2,[(1, 3), (2, 3), (3, 3), (3, 4), (4, 2), (4, 3)]
4600,8,4,1,3,[(1, 4), (2, 4), (3, 4), (3, 5), (4, 3), (4, 4)]
4601,8,4,1,4,[(1, 5), (2, 5), (3, 5), (3, 6), (4, 4), (4, 5)]
4602,8,4,1,5,[(1, 6), (2, 6), (3, 6), (3, 7), (4, 5), (4, 6)]
4603,8,4,1,6,[(1, 7), (2, 7), (3, 7), (3, 8), (4, 6), (4, 7)]
4604,8,4,1,7,[(1, 8), (2, 8), (3, 8), (3, 9), (4, 7), (4, 8)]
4605,8,4,1,8,[(1, 9), (2, 9), (3, 9), (3, 10), (4, 8), (4, 9)]
4606,8,4,1,9,[(1, 10), (2, 10), (3, 10), (3, 11), (4, 9), (4, 10)]
4607,8,4,2,0,[(2, 1), (3, 1), (4, 1), (4, 2), (5, 0), (5, 1)]
4608,8,4,2,1,[(2, 2), (3, 2), (4, 2), (4, 3), (5, 1), (5, 2)]
4609,8,4,2,2,[(2, 3), (3, 3), (4, 3), (4, 4), (5, 2), (5, 3)]
4610,8,4,2,3,[(2, 4), (3, 4), (4, 4), (4, 5), (5, 3), (5, 4)]
4611,8,4,2,4,[(2, 5), (3, 5), (4, 5), (4, 6), (5, 4), (5, 5)]
4612,8,4,2,5,[(2, 6), (3, 6), (4, 6), (4, 7), (5, 5), (5, 6)]
4613,8,4,2,6,[(2, 7), (3, 7), (4, 7), (4, 8), (5, 6), (5, 7)]
4614,8,4,2,7,[(2, 8), (3, 8), (4, 8), (4, 9), (5, 7), (5, 8)]
4615,8,4,2,8,[(2, 9), (3, 9), (4, 9), (4, 10), (5, 8), (5, 9)]
4616,8,4,2,9,[(2, 10), (3, 10), (4, 10), (4, 11), (5, 9), (5, 10)]
4617,8,4,3,0,[(3, 1), (4, 1), (5, 1), (5, 2), (6, 0), (6, 1)]
4618,8,4,3,1,[(3, 2), (4, 2), (5, 2), (5, 3), (6, 1), (6, 2)]
4619,8,4,3,2,[(3, 3), (4, 3), (5, 3), (5, 4), (6, 2), (6, 3)]
4620,8,4,3,3,[(3, 4), (4, 4), (5, 4), (5, 5), (6, 3), (6, 4)]
4621,8,4,3,4,[(3, 5), (4, 5), (5, 5), (5, 6), (6, 4), (6, 5)]
4622,8,4,3,5,[(3, 6), (4, 6), (5, 6), (5, 7), (6, 5), (6, 6)]
4623,8,4,3,6,[(3, 7), (4, 7), (5, 7), (5, 8), (6, 6), (6, 7)]
4624,8,4,3,7,[(3, 8), (4, 8), (5, 8), (5, 9), (6, 7), (6, 8)]
4625,8,4,3,8,[(3, 9), (4, 9), (5, 9), (5, 10), (6, 8), (6, 9)]
4626,8,4,3,9,[(3, 10), (4, 10), (5, 10), (5, 11), (6, 9), (6, 10)]
4627,8,4,4,0,[(4, 1), (5, 1), (6, 1), (6, 2), (7, 0), (7, 1)]
4628,8,4,4,1,[(4, 2), (5, 2), (6, 2), (6, 3), (7, 1), (7, 2)]
4629,8,4,4,2,[(4, 3), (5, 3), (6, 3), (6, 4), (7, 2), (7, 3)]
4630,8,4,4,3,[(4, 4), (5, 4), (6, 4), (6, 5), (7, 3), (7, 4)]
4631,8,4,4,4,[(4, 5), (5, 5), (6, 5), (6, 6), (7, 4), (7, 5)]
4632,8,4,4,5,[(4, 6), (5, 6), (6, 6), (6, 7), (7, 5), (7, 6)]
4633,8,4,4,6,[(4, 7), (5, 7), (6, 7), (6, 8), (7, 6), (7, 7)]
4634,8,4,4,7,[(4, 8), (5, 8), (6, 8), (6, 9), (7, 7), (7, 8)]
4635,8,4,4,8,[(4, 9), (5, 9), (6, 9), (6, 10), (7, 8), (7, 9)]
4636,8,4,4,9,[(4, 10), (5, 10), (6, 10), (6, 11), (7, 9), (7, 10)]
4637,8,4,5,0,[(5, 1), (6, 1), (7, 1), (7, 2), (8, 0), (8, 1)]
4638,8,4,5,1,[(5, 2), (6, 2), (7, 2), (7, 3), (8, 1), (8, 2)]
4639,8,4,5,2,[(5, 3), (6, 3), (7, 3), (7, 4), (8, 2), (8, 3)]
4640,8,4,5,3,[(5, 4), (6, 4), (7, 4), (7, 5), (8, 3), (8, 4)]
4641,8,4,5,4,[(5, 5), (6, 5), (7, 5), (7, 6), (8, 4), (8, 5)]
4642,8,4,5,5,[(5, 6), (6, 6), (7, 6), (7, 7), (8, 5), (8, 6)]
4643,8,4,5,6,[(5, 7), (6, 7), (7, 7), (7, 8), (8, 6), (8, 7)]
4644,8,4,5,7,[(5, 8), (6, 8), (7, 8), (7, 9), (8, 7), (8, 8)]
4645,8,4,5,8,[(5, 9), (6, 9), (7, 9), (7, 10), (8, 8), (8, 9)]
4646,8,4,5,9,[(5, 10), (6, 10), (7, 10), (7, 11), (8, 9), (8, 10)]
4647,8,4,6,0,[(6, 1), (7, 1), (8, 1), (8, 2), (9, 0), (9, 1)]
4648,8,4,6,1,[(6, 2), (7, 2), (8, 2), (8, 3), (9, 1), (9, 2)]
4649,8,4,6,2,[(6, 3), (7, 3), (8, 3), (8, 4), (9, 2), (9, 3)]
4650,8,4,6,3,[(6, 4), (7, 4), (8, 4), (8, 5), (9, 3), (9, 4)]
4651,8,4,6,4,[(6, 5), (7, 5), (8, 5), (8, 6), (9, 4), (9, 5)]
4652,8,4,6,5,[(6, 6), (7, 6), (8, 6), (8, 7), (9, 5), (9, 6)]
4653,8,4,6,6,[(6, 7), (7, 7), (8, 7), (8, 8), (9, 6), (9, 7)]
4654,8,4,6,7,[(6, 8), (7, 8), (8, 8), (8, 9), (9, 7), (9, 8)]
4655,8,4,6,8,[(6, 9), (7, 9), (8, 9), (8, 10), (9, 8), (9, 9)]
4656,8,4,6,9,[(6, 10), (7, 10), (8, 10), (8, 11), (9, 9), (9, 10)]
4657,8,4,7,0,[(7, 1), (8, 1), (9, 1), (9, 2), (10, 0), (10, 1)]
4658,8,4,7,1,[(7, 2), (8, 2), (9, 2), (9, 3), (10, 1), (10, 2)]
4659,8,4,7,2,[(7, 3), (8, 3), (9, 3), (9, 4), (10, 2), (10, 3)]
4660,8,4,7,3,[(7, 4), (8, 4), (9, 4), (9, 5), (10, 3), (10, 4)]
4661,8,4,7,4,[(7, 5), (8, 5), (9, 5), (9, 6), (10, 4), (10, 5)]
4662,8,4,7,5,[(7, 6), (8, 6), (9, 6), (9, 7), (10, 5), (10, 6)]
4663,8,4,7,6,[(7, 7), (8, 7), (9, 7), (9, 8), (10, 6), (10, 7)]
4664,8,4,7,7,[(7, 8), (8, 8), (9, 8), (9, 9), (10, 7), (10, 8)]
4665,8,4,7,8,[(7, 9), (8, 9), (9, 9), (9, 10), (10, 8), (10, 9)]
4666,8,4,7,9,[(7, 10), (8, 10), (9, 10), (9, 11), (10, 9), (10, 10)]
4667,8,4,8,0,[(8, 1), (9, 1), (10, 1), (10, 2), (11, 0), (11, 1)]
4668,8,4,8,1,[(8, 2), (9, 2), (10, 2), (10, 3), (11, 1), (11, 2)]
4669,8,4,8,2,[(8, 3), (9, 3), (10, 3), (10, 4), (11, 2), (11, 3)]
4670,8,4,8,3,[(8, 4), (9, 4), (10, 4), (10, 5), (11, 3), (11, 4)]
4671,8,4,8,4,[(8, 5), (9, 5), (10, 5), (10, 6), (11, 4), (11, 5)]
4672,8,4,8,5,[(8, 6), (9, 6), (10, 6), (10, 7), (11, 5), (11, 6)]
4673,8,4,8,6,[(8, 7), (9, 7), (10, 7), (10, 8), (11, 6), (11, 7)]
4674,8,4,8,7,[(8, 8), (9, 8), (10, 8), (10, 9), (11, 7), (11, 8)]
4675,8,4,8,8,[(8, 9), (9, 9), (10, 9), (10, 10), (11, 8), (11, 9)]
4676,8,4,8,9,[(8, 10), (9, 10), (10, 10), (10, 11), (11, 9), (11, 10)]
4677,8,5,0,0,[(0, 1), (0, 2), (1, 0), (1, 1), (2, 1), (3, 1)]
4678,8,5,0,1,[(0, 2), (0, 3), (1, 1), (1, 2), (2, 2), (3, 2)]
4679,8,5,0,2,[(0, 3), (0, 4), (1, 2), (1, 3), (2, 3), (3, 3)]
4680,8,5,0,3,[(0, 4), (0, 5), (1, 3), (1, 4), (2, 4), (3, 4)]
4681,8,5,0,4,[(0, 5), (0, 6), (1, 4), (1, 5), (2, 5), (3, 5)]
4682,8,5,0,5,[(0, 6), (0, 7), (1, 5), (1, 6), (2, 6), (3, 6)]
4683,8,5,0,6,[(0, 7), (0, 8), (1, 6), (1, 7), (2, 7), (3, 7)]
4684,8,5,0,7,[(0, 8), (0, 9), (1, 7), (1, 8), (2, 8), (3, 8)]
4685,8,5,0,8,[(0, 9), (0, 10), (1, 8), (1, 9), (2, 9), (3, 9)]
4686,8,5,0,9,[(0, 10), (0, 11), (1, 9), (1, 10), (2, 10), (3, 10)]
4687,8,5,1,0,[(1, 1), (1, 2), (2, 0), (2, 1), (3, 1), (4, 1)]
4688,8,5,1,1,[(1, 2), (1, 3), (2, 1), (2, 2), (3, 2), (4, 2)]
4689,8,5,1,2,[(1, 3), (1, 4), (2, 2), (2, 3), (3, 3), (4, 3)]
4690,8,5,1,3,[(1, 4), (1, 5), (2, 3), (2, 4), (3, 4), (4, 4)]
4691,8,5,1,4,[(1, 5), (1, 6), (2, 4), (2, 5), (3, 5), (4, 5)]
4692,8,5,1,5,[(1, 6), (1, 7), (2, 5), (2, 6), (3, 6), (4, 6)]
4693,8,5,1,6,[(1, 7), (1, 8), (2, 6), (2, 7), (3, 7), (4, 7)]
4694,8,5,1,7,[(1, 8), (1, 9), (2, 7), (2, 8), (3, 8), (4, 8)]
4695,8,5,1,8,[(1, 9), (1, 10), (2, 8), (2, 9), (3, 9), (4, 9)]
4696,8,5,1,9,[(1, 10), (1, 11), (2, 9), (2, 10), (3, 10), (4, 10)]
4697,8,5,2,0,[(2, 1), (2, 2), (3, 0), (3, 1), (4, 1), (5, 1)]
4698,8,5,2,1,[(2, 2), (2, 3), (3, 1), (3, 2), (4, 2), (5, 2)]
4699,8,5,2,2,[(2, 3), (2, 4), (3, 2), (3, 3), (4, 3), (5, 3)]
4700,8,5,2,3,[(2, 4), (2, 5), (3, 3), (3, 4), (4, 4), (5, 4)]
4701,8,5,2,4,[(2, 5), (2, 6), (3, 4), (3, 5), (4, 5), (5, 5)]
4702,8,5,2,5,[(2, 6), (2, 7), (3, 5), (3, 6), (4, 6), (5, 6)]
4703,8,5,2,6,[(2, 7), (2, 8), (3, 6), (3, 7), (4, 7), (5, 7)]
4704,8,5,2,7,[(2, 8), (2, 9), (3, 7), (3, 8), (4, 8), (5, 8)]
4705,8,5,2,8,[(2, 9), (2, 10), (3, 8), (3, 9), (4, 9), (5, 9)]
4706,8,5,2,9,[(2, 10), (2, 11), (3, 9), (3, 10), (4, 10), (5, 10)]
4707,8,5,3,0,[(3, 1), (3, 2), (4, 0), (4, 1), (5, 1), (6, 1)]
4708,8,5,3,1,[(3, 2), (3, 3), (4, 1), (4, 2), (5, 2), (6, 2)]
4709,8,5,3,2,[(3, 3), (3, 4), (4, 2), (4, 3), (5, 3), (6, 3)]
4710,8,5,3,3,[(3, 4), (3, 5), (4, 3), (4, 4), (5, 4), (6, 4)]
4711,8,5,3,4,[(3, 5), (3, 6), (4, 4), (4, 5), (5, 5), (6, 5)]
4712,8,5,3,5,[(3, 6), (3, 7), (4, 5), (4, 6), (5, 6), (6, 6)]
4713,8,5,3,6,[(3, 7), (3, 8), (4, 6), (4, 7), (5, 7), (6, 7)]
4714,8,5,3,7,[(3, 8), (3, 9), (4, 7), (4, 8), (5, 8), (6, 8)]
4715,8,5,3,8,[(3, 9), (3, 10), (4, 8), (4, 9), (5, 9), (6, 9)]
4716,8,5,3,9,[(3, 10), (3, 11), (4, 9), (4, 10), (5, 10), (6, 10)]
4717,8,5,4,0,[(4, 1), (4, 2), (5, 0), (5, 1), (6, 1), (7, 1)]
4718,8,5,4,1,[(4, 2), (4, 3), (5, 1), (5, 2), (6, 2), (7, 2)]
4719,8,5,4,2,[(4, 3), (4, 4), (5, 2), (5, 3), (6, 3), (7, 3)]
4720,8,5,4,3,[(4, 4), (4, 5), (5, 3), (5, 4), (6, 4), (7, 4)]
4721,8,5,4,4,[(4, 5), (4, 6), (5, 4), (5, 5), (6, 5), (7, 5)]
4722,8,5,4,5,[(4, 6), (4, 7), (5, 5), (5, 6), (6, 6), (7, 6)]
4723,8,5,4,6,[(4, 7), (4, 8), (5, 6), (5, 7), (6, 7), (7, 7)]
4724,8,5,4,7,[(4, 8), (4, 9), (5, 7), (5, 8), (6, 8), (7, 8)]
4725,8,5,4,8,[(4, 9), (4, 10), (5, 8), (5, 9), (6, 9), (7, 9)]
4726,8,5,4,9,[(4, 10), (4, 11), (5, 9), (5, 10), (6, 10), (7, 10)]
4727,8,5,5,0,[(5, 1), (5, 2), (6, 0), (6, 1), (7, 1), (8, 1)]
4728,8,5,5,1,[(5, 2), (5, 3), (6, 1), (6, 2), (7, 2), (8, 2)]
4729,8,5,5,2,[(5, 3), (5, 4), (6, 2), (6, 3), (7, 3), (8, 3)]
4730,8,5,5,3,[(5, 4), (5, 5), (6, 3), (6, 4), (7, 4), (8, 4)]
4731,8,5,5,4,[(5, 5), (5, 6), (6, 4), (6, 5), (7, 5), (8, 5)]
4732,8,5,5,5,[(5, 6), (5, 7), (6, 5), (6, 6), (7, 6), (8, 6)]
4733,8,5,5,6,[(5, 7), (5, 8), (6, 6), (6, 7), (7, 7), (8, 7)]
4734,8,5,5,7,[(5, 8), (5, 9), (6, 7), (6, 8), (7, 8), (8, 8)]
4735,8,5,5,8,[(5, 9), (5, 10), (6, 8), (6, 9), (7, 9), (8, 9)]
4736,8,5,5,9,[(5, 10), (5, 11), (6, 9), (6, 10), (7, 10), (8, 10)]
4737,8,5,6,0,[(6, 1), (6, 2), (7, 0), (7, 1), (8, 1), (9, 1)]
4738,8,5,6,1,[(6, 2), (6, 3), (7, 1), (7, 2), (8, 2), (9, 2)]
4739,8,5,6,2,[(6, 3), (6, 4), (7, 2), (7, 3), (8, 3), (9, 3)]
4740,8,5,6,3,[(6, 4), (6, 5), (7, 3), (7, 4), (8, 4), (9, 4)]
4741,8,5,6,4,[(6, 5), (6, 6), (7, 4), (7, 5), (8, 5), (9, 5)]
4742,8,5,6,5,[(6, 6), (6, 7), (7, 5), (7, 6), (8, 6), (9, 6)]
4743,8,5,6,6,[(6, 7), (6, 8), (7, 6), (7, 7), (8, 7), (9, 7)]
4744,8,5,6,7,[(6, 8), (6, 9), (7, 7), (7, 8), (8, 8), (9, 8)]
4745,8,5,6,8,[(6, 9), (6, 10), (7, 8), (7, 9), (8, 9), (9, 9)]
4746,8,5,6,9,[(6, 10), (6, 11), (7, 9), (7, 10), (8, 10), (9, 10)]
4747,8,5,7,0,[(7, 1), (7, 2), (8, 0), (8, 1), (9, 1), (10, 1)]
4748,8,5,7,1,[(7, 2), (7, 3), (8, 1), (8, 2), (9, 2), (10, 2)]
4749,8,5,7,2,[(7, 3), (7, 4), (8, 2), (8, 3), (9, 3), (10, 3)]
4750,8,5,7,3,[(7, 4), (7, 5), (8, 3), (8, 4), (9, 4), (10, 4)]
4751,8,5,7,4,[(7, 5), (7, 6), (8, 4), (8, 5), (9, 5), (10, 5)]
4752,8,5,7,5,[(7, 6), (7, 7), (8, 5), (8, 6), (9, 6), (10, 6)]
4753,8,5,7,6,[(7, 7), (7, 8), (8, 6), (8, 7), (9, 7), (10, 7)]
4754,8,5,7,7,[(7, 8), (7, 9), (8, 7), (8, 8), (9, 8), (10, 8)]
4755,8,5,7,8,[(7, 9), (7, 10), (8, 8), (8, 9), (9, 9), (10, 9)]
4756,8,5,7,9,[(7, 10), (7, 11), (8, 9), (8, 10), (9, 10), (10, 10)]
4757,8,5,8,0,[(8, 1), (8, 2), (9, 0), (9, 1), (10, 1), (11, 1)]
4758,8,5,8,1,[(8, 2), (8, 3), (9, 1), (9, 2), (10, 2), (11, 2)]
4759,8,5,8,2,[(8, 3), (8, 4), (9, 2), (9, 3), (10, 3), (11, 3)]
4760,8,5,8,3,[(8, 4), (8, 5), (9, 3), (9, 4), (10, 4), (11, 4)]
4761,8,5,8,4,[(8, 5), (8, 6), (9, 4), (9, 5), (10, 5), (11, 5)]
4762,8,5,8,5,[(8, 6), (8, 7), (9, 5), (9, 6), (10, 6), (11, 6)]
4763,8,5,8,6,[(8, 7), (8, 8), (9, 6), (9, 7), (10, 7), (11, 7)]
4764,8,5,8,7,[(8, 8), (8, 9), (9, 7), (9, 8), (10, 8), (11, 8)]
4765,8,5,8,8,[(8, 9), (8, 10), (9, 8), (9, 9), (10, 9), (11, 9)]
4766,8,5,8,9,[(8, 10), (8, 11), (9, 9), (9, 10), (10, 10), (11, 10)]
4767,8,6,0,0,[(0, 1), (1, 0), (1, 1), (1, 2), (1, 3), (2, 0)]
4768,8,6,0,1,[(0, 2), (1, 1), (1, 2), (1, 3), (1, 4), (2, 1)]
4769,8,6,0,2,[(0, 3), (1, 2), (1, 3), (1, 4), (1, 5), (2, 2)]
4770,8,6,0,3,[(0, 4), (1, 3), (1, 4), (1, 5), (1, 6), (2, 3)]
4771,8,6,0,4,[(0, 5), (1, 4), (1, 5), (1, 6), (1, 7), (2, 4)]
4772,8,6,0,5,[(0, 6), (1, 5), (1, 6), (1, 7), (1, 8), (2, 5)]
4773,8,6,0,6,[(0, 7), (1, 6), (1, 7), (1, 8), (1, 9), (2, 6)]
4774,8,6,0,7,[(0, 8), (1, 7), (1, 8), (1, 9), (1, 10), (2, 7)]
4775,8,6,0,8,[(0, 9), (1, 8), (1, 9), (1, 10), (1, 11), (2, 8)]
4776,8,6,1,0,[(1, 1), (2, 0), (2, 1), (2, 2), (2, 3), (3, 0)]
4777,8,6,1,1,[(1, 2), (2, 1), (2, 2), (2, 3), (2, 4), (3, 1)]
4778,8,6,1,2,[(1, 3), (2, 2), (2, 3), (2, 4), (2, 5), (3, 2)]
4779,8,6,1,3,[(1, 4), (2, 3), (2, 4), (2, 5), (2, 6), (3, 3)]
4780,8,6,1,4,[(1, 5), (2, 4), (2, 5), (2, 6), (2, 7), (3, 4)]
4781,8,6,1,5,[(1, 6), (2, 5), (2, 6), (2, 7), (2, 8), (3, 5)]
4782,8,6,1,6,[(1, 7), (2, 6), (2, 7), (2, 8), (2, 9), (3, 6)]
4783,8,6,1,7,[(1, 8), (2, 7), (2, 8), (2, 9), (2, 10), (3, 7)]
4784,8,6,1,8,[(1, 9), (2, 8), (2, 9), (2, 10), (2, 11), (3, 8)]
4785,8,6,2,0,[(2, 1), (3, 0), (3, 1), (3, 2), (3, 3), (4, 0)]
4786,8,6,2,1,[(2, 2), (3, 1), (3, 2), (3, 3), (3, 4), (4, 1)]
4787,8,6,2,2,[(2, 3), (3, 2), (3, 3), (3, 4), (3, 5), (4, 2)]
4788,8,6,2,3,[(2, 4), (3, 3), (3, 4), (3, 5), (3, 6), (4, 3)]
4789,8,6,2,4,[(2, 5), (3, 4), (3, 5), (3, 6), (3, 7), (4, 4)]
4790,8,6,2,5,[(2, 6), (3, 5), (3, 6), (3, 7), (3, 8), (4, 5)]
4791,8,6,2,6,[(2, 7), (3, 6), (3, 7), (3, 8), (3, 9), (4, 6)]
4792,8,6,2,7,[(2, 8), (3, 7), (3, 8), (3, 9), (3, 10), (4, 7)]
4793,8,6,2,8,[(2, 9), (3, 8), (3, 9), (3, 10), (3, 11), (4, 8)]
4794,8,6,3,0,[(3, 1), (4, 0), (4, 1), (4, 2), (4, 3), (5, 0)]
4795,8,6,3,1,[(3, 2), (4, 1), (4, 2), (4, 3), (4, 4), (5, 1)]
4796,8,6,3,2,[(3, 3), (4, 2), (4, 3), (4, 4), (4, 5), (5, 2)]
4797,8,6,3,3,[(3, 4), (4, 3), (4, 4), (4, 5), (4, 6), (5, 3)]
4798,8,6,3,4,[(3, 5), (4, 4), (4, 5), (4, 6), (4, 7), (5, 4)]
4799,8,6,3,5,[(3, 6), (4, 5), (4, 6), (4, 7), (4, 8), (5, 5)]
4800,8,6,3,6,[(3, 7), (4, 6), (4, 7), (4, 8), (4, 9), (5, 6)]
4801,8,6,3,7,[(3, 8), (4, 7), (4, 8), (4, 9), (4, 10), (5, 7)]
4802,8,6,3,8,[(3, 9), (4, 8), (4, 9), (4, 10), (4, 11), (5, 8)]
4803,8,6,4,0,[(4, 1), (5, 0), (5, 1), (5, 2), (5, 3), (6, 0)]
4804,8,6,4,1,[(4, 2), (5, 1), (5, 2), (5, 3), (5, 4), (6, 1)]
4805,8,6,4,2,[(4, 3), (5, 2), (5, 3), (5, 4), (5, 5), (6, 2)]
4806,8,6,4,3,[(4, 4), (5, 3), (5, 4), (5, 5), (5, 6), (6, 3)]
4807,8,6,4,4,[(4, 5), (5, 4), (5, 5), (5, 6), (5, 7), (6, 4)]
4808,8,6,4,5,[(4, 6), (5, 5), (5, 6), (5, 7), (5, 8), (6, 5)]
4809,8,6,4,6,[(4, 7), (5, 6), (5, 7), (5, 8), (5, 9), (6, 6)]
4810,8,6,4,7,[(4, 8), (5, 7), (5, 8), (5, 9), (5, 10), (6, 7)]
4811,8,6,4,8,[(4, 9), (5, 8), (5, 9), (5, 10), (5, 11), (6, 8)]
4812,8,6,5,0,[(5, 1), (6, 0), (6, 1), (6, 2), (6, 3), (7, 0)]
4813,8,6,5,1,[(5, 2), (6, 1), (6, 2), (6, 3), (6, 4), (7, 1)]
4814,8,6,5,2,[(5, 3), (6, 2), (6, 3), (6, 4), (6, 5), (7, 2)]
4815,8,6,5,3,[(5, 4), (6, 3), (6, 4), (6, 5), (6, 6), (7, 3)]
4816,8,6,5,4,[(5, 5), (6, 4), (6, 5), (6, 6), (6, 7), (7, 4)]
4817,8,6,5,5,[(5, 6), (6, 5), (6, 6), (6, 7), (6, 8), (7, 5)]
4818,8,6,5,6,[(5, 7), (6, 6), (6, 7), (6, 8), (6, 9), (7, 6)]
4819,8,6,5,7,[(5, 8), (6, 7), (6, 8), (6, 9), (6, 10), (7, 7)]
4820,8,6,5,8,[(5, 9), (6, 8), (6, 9), (6, 10), (6, 11), (7, 8)]
4821,8,6,6,0,[(6, 1), (7, 0), (7, 1), (7, 2), (7, 3), (8, 0)]
4822,8,6,6,1,[(6, 2), (7, 1), (7, 2), (7, 3), (7, 4), (8, 1)]
4823,8,6,6,2,[(6, 3), (7, 2), (7, 3), (7, 4), (7, 5), (8, 2)]
4824,8,6,6,3,[(6, 4), (7, 3), (7, 4), (7, 5), (7, 6), (8, 3)]
4825,8,6,6,4,[(6, 5), (7, 4), (7, 5), (7, 6), (7, 7), (8, 4)]
4826,8,6,6,5,[(6, 6), (7, 5), (7, 6), (7, 7), (7, 8), (8, 5)]
4827,8,6,6,6,[(6, 7), (7, 6), (7, 7), (7, 8), (7, 9), (8, 6)]
4828,8,6,6,7,[(6, 8), (7, 7), (7, 8), (7, 9), (7, 10), (8, 7)]
4829,8,6,6,8,[(6, 9), (7, 8), (7, 9), (7, 10), (7, 11), (8, 8)]
4830,8,6,7,0,[(7, 1), (8, 0), (8, 1), (8, 2), (8, 3), (9, 0)]
4831,8,6,7,1,[(7, 2), (8, 1), (8, 2), (8, 3), (8, 4), (9, 1)]
4832,8,6,7,2,[(7, 3), (8, 2), (8, 3), (8, 4), (8, 5), (9, 2)]
4833,8,6,7,3,[(7, 4), (8, 3), (8, 4), (8, 5), (8, 6), (9, 3)]
4834,8,6,7,4,[(7, 5), (8, 4), (8, 5), (8, 6), (8, 7), (9, 4)]
4835,8,6,7,5,[(7, 6), (8, 5), (8, 6), (8, 7), (8, 8), (9, 5)]
4836,8,6,7,6,[(7, 7), (8, 6), (8, 7), (8, 8), (8, 9), (9, 6)]
4837,8,6,7,7,[(7, 8), (8, 7), (8, 8), (8, 9), (8, 10), (9, 7)]
4838,8,6,7,8,[(7, 9), (8, 8), (8, 9), (8, 10), (8, 11), (9, 8)]
4839,8,6,8,0,[(8, 1), (9, 0), (9, 1), (9, 2), (9, 3), (10, 0)]
4840,8,6,8,1,[(8, 2), (9, 1), (9, 2), (9, 3), (9, 4), (10, 1)]
4841,8,6,8,2,[(8, 3), (9, 2), (9, 3), (9, 4), (9, 5), (10, 2)]
4842,8,6,8,3,[(8, 4), (9, 3), (9, 4), (9, 5), (9, 6), (10, 3)]
4843,8,6,8,4,[(8, 5), (9, 4), (9, 5), (9, 6), (9, 7), (10, 4)]
4844,8,6,8,5,[(8, 6), (9, 5), (9, 6), (9, 7), (9, 8), (10, 5)]
4845,8,6,8,6,[(8, 7), (9, 6), (9, 7), (9, 8), (9, 9), (10, 6)]
4846,8,6,8,7,[(8, 8), (9, 7), (9, 8), (9, 9), (9, 10), (10, 7)]
4847,8,6,8,8,[(8, 9), (9, 8), (9, 9), (9, 10), (9, 11), (10, 8)]
4848,8,6,9,0,[(9, 1), (10, 0), (10, 1), (10, 2), (10, 3), (11, 0)]
4849,8,6,9,1,[(9, 2), (10, 1), (10, 2), (10, 3), (10, 4), (11, 1)]
4850,8,6,9,2,[(9, 3), (10, 2), (10, 3), (10, 4), (10, 5), (11, 2)]
4851,8,6,9,3,[(9, 4), (10, 3), (10, 4), (10, 5), (10, 6), (11, 3)]
4852,8,6,9,4,[(9, 5), (10, 4), (10, 5), (10, 6), (10, 7), (11, 4)]
4853,8,6,9,5,[(9, 6), (10, 5), (10, 6), (10, 7), (10, 8), (11, 5)]
4854,8,6,9,6,[(9, 7), (10, 6), (10, 7), (10, 8), (10, 9), (11, 6)]
4855,8,6,9,7,[(9, 8), (10, 7), (10, 8), (10, 9), (10, 10), (11, 7)]
4856,8,6,9,8,[(9, 9), (10, 8), (10, 9), (10, 10), (10, 11), (11, 8)]
4857,8,7,0,0,[(0, 0), (0, 1), (1, 1), (1, 2), (2, 1), (3, 1)]
4858,8,7,0,1,[(0, 1), (0, 2), (1, 2), (1, 3), (2, 2), (3, 2)]
4859,8,7,0,2,[(0, 2), (0, 3), (1, 3), (1, 4), (2, 3), (3, 3)]
4860,8,7,0,3,[(0, 3), (0, 4), (1, 4), (1, 5), (2, 4), (3, 4)]
4861,8,7,0,4,[(0, 4), (0, 5), (1, 5), (1, 6), (2, 5), (3, 5)]
4862,8,7,0,5,[(0, 5), (0, 6), (1, 6), (1, 7), (2, 6), (3, 6)]
4863,8,7,0,6,[(0, 6), (0, 7), (1, 7), (1, 8), (2, 7), (3, 7)]
4864,8,7,0,7,[(0, 7), (0, 8), (1, 8), (1, 9), (2, 8), (3, 8)]
4865,8,7,0,8,[(0, 8), (0, 9), (1, 9), (1, 10), (2, 9), (3, 9)]
4866,8,7,0,9,[(0, 9), (0, 10), (1, 10), (1, 11), (2, 10), (3, 10)]
4867,8,7,1,0,[(1, 0), (1, 1), (2, 1), (2, 2), (3, 1), (4, 1)]
4868,8,7,1,1,[(1, 1), (1, 2), (2, 2), (2, 3), (3, 2), (4, 2)]
4869,8,7,1,2,[(1, 2), (1, 3), (2, 3), (2, 4), (3, 3), (4, 3)]
4870,8,7,1,3,[(1, 3), (1, 4), (2, 4), (2, 5), (3, 4), (4, 4)]
4871,8,7,1,4,[(1, 4), (1, 5), (2, 5), (2, 6), (3, 5), (4, 5)]
4872,8,7,1,5,[(1, 5), (1, 6), (2, 6), (2, 7), (3, 6), (4, 6)]
4873,8,7,1,6,[(1, 6), (1, 7), (2, 7), (2, 8), (3, 7), (4, 7)]
4874,8,7,1,7,[(1, 7), (1, 8), (2, 8), (2, 9), (3, 8), (4, 8)]
4875,8,7,1,8,[(1, 8), (1, 9), (2, 9), (2, 10), (3, 9), (4, 9)]
4876,8,7,1,9,[(1, 9), (1, 10), (2, 10), (2, 11), (3, 10), (4, 10)]
4877,8,7,2,0,[(2, 0), (2, 1), (3, 1), (3, 2), (4, 1), (5, 1)]
4878,8,7,2,1,[(2, 1), (2, 2), (3, 2), (3, 3), (4, 2), (5, 2)]
4879,8,7,2,2,[(2, 2), (2, 3), (3, 3), (3, 4), (4, 3), (5, 3)]
4880,8,7,2,3,[(2, 3), (2, 4), (3, 4), (3, 5), (4, 4), (5, 4)]
4881,8,7,2,4,[(2, 4), (2, 5), (3, 5), (3, 6), (4, 5), (5, 5)]
4882,8,7,2,5,[(2, 5), (2, 6), (3, 6), (3, 7), (4, 6), (5, 6)]
4883,8,7,2,6,[(2, 6), (2, 7), (3, 7), (3, 8), (4, 7), (5, 7)]
4884,8,7,2,7,[(2, 7), (2, 8), (3, 8), (3, 9), (4, 8), (5, 8)]
4885,8,7,2,8,[(2, 8), (2, 9), (3, 9), (3, 10), (4, 9), (5, 9)]
4886,8,7,2,9,[(2, 9), (2, 10), (3, 10), (3, 11), (4, 10), (5, 10)]
4887,8,7,3,0,[(3, 0), (3, 1), (4, 1), (4, 2), (5, 1), (6, 1)]
4888,8,7,3,1,[(3, 1), (3, 2), (4, 2), (4, 3), (5, 2), (6, 2)]
4889,8,7,3,2,[(3, 2), (3, 3), (4, 3), (4, 4), (5, 3), (6, 3)]
4890,8,7,3,3,[(3, 3), (3, 4), (4, 4), (4, 5), (5, 4), (6, 4)]
4891,8,7,3,4,[(3, 4), (3, 5), (4, 5), (4, 6), (5, 5), (6, 5)]
4892,8,7,3,5,[(3, 5), (3, 6), (4, 6), (4, 7), (5, 6), (6, 6)]
4893,8,7,3,6,[(3, 6), (3, 7), (4, 7), (4, 8), (5, 7), (6, 7)]
4894,8,7,3,7,[(3, 7), (3, 8), (4, 8), (4, 9), (5, 8), (6, 8)]
4895,8,7,3,8,[(3, 8), (3, 9), (4, 9), (4, 10), (5, 9), (6, 9)]
4896,8,7,3,9,[(3, 9), (3, 10), (4, 10), (4, 11), (5, 10), (6, 10)]
4897,8,7,4,0,[(4, 0), (4, 1), (5, 1), (5, 2), (6, 1), (7, 1)]
4898,8,7,4,1,[(4, 1), (4, 2), (5, 2), (5, 3), (6, 2), (7, 2)]
4899,8,7,4,2,[(4, 2), (4, 3), (5, 3), (5, 4), (6, 3), (7, 3)]
4900,8,7,4,3,[(4, 3), (4, 4), (5, 4), (5, 5), (6, 4), (7, 4)]
4901,8,7,4,4,[(4, 4), (4, 5), (5, 5), (5, 6), (6, 5), (7, 5)]
4902,8,7,4,5,[(4, 5), (4, 6), (5, 6), (5, 7), (6, 6), (7, 6)]
4903,8,7,4,6,[(4, 6), (4, 7), (5, 7), (5, 8), (6, 7), (7, 7)]
4904,8,7,4,7,[(4, 7), (4, 8), (5, 8), (5, 9), (6, 8), (7, 8)]
4905,8,7,4,8,[(4, 8), (4, 9), (5, 9), (5, 10), (6, 9), (7, 9)]
4906,8,7,4,9,[(4, 9), (4, 10), (5, 10), (5, 11), (6, 10), (7, 10)]
4907,8,7,5,0,[(5, 0), (5, 1), (6, 1), (6, 2), (7, 1), (8, 1)]
4908,8,7,5,1,[(5, 1), (5, 2), (6, 2), (6, 3), (7, 2), (8, 2)]
4909,8,7,5,2,[(5, 2), (5, 3), (6, 3), (6, 4), (7, 3), (8, 3)]
4910,8,7,5,3,[(5, 3), (5, 4), (6, 4), (6, 5), (7, 4), (8, 4)]
4911,8,7,5,4,[(5, 4), (5, 5), (6, 5), (6, 6), (7, 5), (8, 5)]
4912,8,7,5,5,[(5, 5), (5, 6), (6, 6), (6, 7), (7, 6), (8, 6)]
4913,8,7,5,6,[(5, 6), (5, 7), (6, 7), (6, 8), (7, 7), (8, 7)]
4914,8,7,5,7,[(5, 7), (5, 8), (6, 8), (6, 9), (7, 8), (8, 8)]
4915,8,7,5,8,[(5, 8), (5, 9), (6, 9), (6, 10), (7, 9), (8, 9)]
4916,8,7,5,9,[(5, 9), (5, 10), (6, 10), (6, 11), (7, 10), (8, 10)]
4917,8,7,6,0,[(6, 0), (6, 1), (7, 1), (7, 2), (8, 1), (9, 1)]
4918,8,7,6,1,[(6, 1), (6, 2), (7, 2), (7, 3), (8, 2), (9, 2)]
4919,8,7,6,2,[(6, 2), (6, 3), (7, 3), (7, 4), (8, 3), (9, 3)]
4920,8,7,6,3,[(6, 3), (6, 4), (7, 4), (7, 5), (8, 4), (9, 4)]
4921,8,7,6,4,[(6, 4), (6, 5), (7, 5), (7, 6), (8, 5), (9, 5)]
4922,8,7,6,5,[(6, 5), (6, 6), (7, 6), (7, 7), (8, 6), (9, 6)]
4923,8,7,6,6,[(6, 6), (6, 7), (7, 7), (7, 8), (8, 7), (9, 7)]
4924,8,7,6,7,[(6, 7), (6, 8), (7, 8), (7, 9), (8, 8), (9, 8)]
4925,8,7,6,8,[(6, 8), (6, 9), (7, 9), (7, 10), (8, 9), (9, 9)]
4926,8,7,6,9,[(6, 9), (6, 10), (7, 10), (7, 11), (8, 10), (9, 10)]
4927,8,7,7,0,[(7, 0), (7, 1), (8, 1), (8, 2), (9, 1), (10, 1)]
4928,8,7,7,1,[(7, 1), (7, 2), (8, 2), (8, 3), (9, 2), (10, 2)]
4929,8,7,7,2,[(7, 2), (7, 3), (8, 3), (8, 4), (9, 3), (10, 3)]
4930,8,7,7,3,[(7, 3), (7, 4), (8, 4), (8, 5), (9, 4), (10, 4)]
4931,8,7,7,4,[(7, 4), (7, 5), (8, 5), (8, 6), (9, 5), (10, 5)]
4932,8,7,7,5,[(7, 5), (7, 6), (8, 6), (8, 7), (9, 6), (10, 6)]
4933,8,7,7,6,[(7, 6), (7, 7), (8, 7), (8, 8), (9, 7), (10, 7)]
4934,8,7,7,7,[(7, 7), (7, 8), (8, 8), (8, 9), (9, 8), (10, 8)]
4935,8,7,7,8,[(7, 8), (7, 9), (8, 9), (8, 10), (9, 9), (10, 9)]
4936,8,7,7,9,[(7, 9), (7, 10), (8, 10), (8, 11), (9, 10), (10, 10)]
4937,8,7,8,0,[(8, 0), (8, 1), (9, 1), (9, 2), (10, 1), (11, 1)]
4938,8,7,8,1,[(8, 1), (8, 2), (9, 2), (9, 3), (10, 2), (11, 2)]
4939,8,7,8,2,[(8, 2), (8, 3), (9, 3), (9, 4), (10, 3), (11, 3)]
4940,8,7,8,3,[(8, 3), (8, 4), (9, 4), (9, 5), (10, 4), (11, 4)]
4941,8,7,8,4,[(8, 4), (8, 5), (9, 5), (9, 6), (10, 5), (11, 5)]
4942,8,7,8,5,[(8, 5), (8, 6), (9, 6), (9, 7), (10, 6), (11, 6)]
4943,8,7,8,6,[(8, 6), (8, 7), (9, 7), (9, 8), (10, 7), (11, 7)]
4944,8,7,8,7,[(8, 7), (8, 8), (9, 8), (9, 9), (10, 8), (11, 8)]
4945,8,7,8,8,[(8, 8), (8, 9), (9, 9), (9, 10), (10, 9), (11, 9)]
4946,8,7,8,9,[(8, 9), (8, 10), (9, 10), (9, 11), (10, 10), (11, 10)]
4947,9,0,0,0,[(0, 2), (1, 0), (1, 1), (1, 2), (1, 3), (2, 2)]
4948,9,0,0,1,[(0, 3), (1, 1), (1, 2), (1, 3), (1, 4), (2, 3)]
4949,9,0,0,2,[(0, 4), (1, 2), (1, 3), (1, 4), (1, 5), (2, 4)]
4950,9,0,0,3,[(0, 5), (1, 3), (1, 4), (1, 5), (1, 6), (2, 5)]
4951,9,0,0,4,[(0, 6), (1, 4), (1, 5), (1, 6), (1, 7), (2, 6)]
4952,9,0,0,5,[(0, 7), (1, 5), (1, 6), (1, 7), (1, 8), (2, 7)]
4953,9,0,0,6,[(0, 8), (1, 6), (1, 7), (1, 8), (1, 9), (2, 8)]
4954,9,0,0,7,[(0, 9), (1, 7), (1, 8), (1, 9), (1, 10), (2, 9)]
4955,9,0,0,8,[(0, 10), (1, 8), (1, 9), (1, 10), (1, 11), (2, 10)]
4956,9,0,1,0,[(1, 2), (2, 0), (2, 1), (2, 2), (2, 3), (3, 2)]
4957,9,0,1,1,[(1, 3), (2, 1), (2, 2), (2, 3), (2, 4), (3, 3)]
4958,9,0,1,2,[(1, 4), (2, 2), (2, 3), (2, 4), (2, 5), (3, 4)]
4959,9,0,1,3,[(1, 5), (2, 3), (2, 4), (2, 5), (2, 6), (3, 5)]
4960,9,0,1,4,[(1, 6), (2, 4), (2, 5), (2, 6), (2, 7), (3, 6)]
4961,9,0,1,5,[(1, 7), (2, 5), (2, 6), (2, 7), (2, 8), (3, 7)]
4962,9,0,1,6,[(1, 8), (2, 6), (2, 7), (2, 8), (2, 9), (3, 8)]
4963,9,0,1,7,[(1, 9), (2, 7), (2, 8), (2, 9), (2, 10), (3, 9)]
4964,9,0,1,8,[(1, 10), (2, 8), (2, 9), (2, 10), (2, 11), (3, 10)]
4965,9,0,2,0,[(2, 2), (3, 0), (3, 1), (3, 2), (3, 3), (4, 2)]
4966,9,0,2,1,[(2, 3), (3, 1), (3, 2), (3, 3), (3, 4), (4, 3)]
4967,9,0,2,2,[(2, 4), (3, 2), (3, 3), (3, 4), (3, 5), (4, 4)]
4968,9,0,2,3,[(2, 5), (3, 3), (3, 4), (3, 5), (3, 6), (4, 5)]
4969,9,0,2,4,[(2, 6), (3, 4), (3, 5), (3, 6), (3, 7), (4, 6)]
4970,9,0,2,5,[(2, 7), (3, 5), (3, 6), (3, 7), (3, 8), (4, 7)]
4971,9,0,2,6,[(2, 8), (3, 6), (3, 7), (3, 8), (3, 9), (4, 8)]
4972,9,0,2,7,[(2, 9), (3, 7), (3, 8), (3, 9), (3, 10), (4, 9)]
4973,9,0,2,8,[(2, 10), (3, 8), (3, 9), (3, 10), (3, 11), (4, 10)]
4974,9,0,3,0,[(3, 2), (4, 0), (4, 1), (4, 2), (4, 3), (5, 2)]
4975,9,0,3,1,[(3, 3), (4, 1), (4, 2), (4, 3), (4, 4), (5, 3)]
4976,9,0,3,2,[(3, 4), (4, 2), (4, 3), (4, 4), (4, 5), (5, 4)]
4977,9,0,3,3,[(3, 5), (4, 3), (4, 4), (4, 5), (4, 6), (5, 5)]
4978,9,0,3,4,[(3, 6), (4, 4), (4, 5), (4, 6), (4, 7), (5, 6)]
4979,9,0,3,5,[(3, 7), (4, 5), (4, 6), (4, 7), (4, 8), (5, 7)]
4980,9,0,3,6,[(3, 8), (4, 6), (4, 7), (4, 8), (4, 9), (5, 8)]
4981,9,0,3,7,[(3, 9), (4, 7), (4, 8), (4, 9), (4, 10), (5, 9)]
4982,9,0,3,8,[(3, 10), (4, 8), (4, 9), (4, 10), (4, 11), (5, 10)]
4983,9,0,4,0,[(4, 2), (5, 0), (5, 1), (5, 2), (5, 3), (6, 2)]
4984,9,0,4,1,[(4, 3), (5, 1), (5, 2), (5, 3), (5, 4), (6, 3)]
4985,9,0,4,2,[(4, 4), (5, 2), (5, 3), (5, 4), (5, 5), (6, 4)]
4986,9,0,4,3,[(4, 5), (5, 3), (5, 4), (5, 5), (5, 6), (6, 5)]
4987,9,0,4,4,[(4, 6), (5, 4), (5, 5), (5, 6), (5, 7), (6, 6)]
4988,9,0,4,5,[(4, 7), (5, 5), (5, 6), (5, 7), (5, 8), (6, 7)]
4989,9,0,4,6,[(4, 8), (5, 6), (5, 7), (5, 8), (5, 9), (6, 8)]
4990,9,0,4,7,[(4, 9), (5, 7), (5, 8), (5, 9), (5, 10), (6, 9)]
4991,9,0,4,8,[(4, 10), (5, 8), (5, 9), (5, 10), (5, 11), (6, 10)]
4992,9,0,5,0,[(5, 2), (6, 0), (6, 1), (6, 2), (6, 3), (7, 2)]
4993,9,0,5,1,[(5, 3), (6, 1), (6, 2), (6, 3), (6, 4), (7, 3)]
4994,9,0,5,2,[(5, 4), (6, 2), (6, 3), (6, 4), (6, 5), (7, 4)]
4995,9,0,5,3,[(5, 5), (6, 3), (6, 4), (6, 5), (6, 6), (7, 5)]
4996,9,0,5,4,[(5, 6), (6, 4), (6, 5), (6, 6), (6, 7), (7, 6)]
4997,9,0,5,5,[(5, 7), (6, 5), (6, 6), (6, 7), (6, 8), (7, 7)]
4998,9,0,5,6,[(5, 8), (6, 6), (6, 7), (6, 8), (6, 9), (7, 8)]
4999,9,0,5,7,[(5, 9), (6, 7), (6, 8), (6, 9), (6, 10), (7, 9)]
5000,9,0,5,8,[(5, 10), (6, 8), (6, 9), (6, 10), (6, 11), (7, 10)]
5001,9,0,6,0,[(6, 2), (7, 0), (7, 1), (7, 2), (7, 3), (8, 2)]
5002,9,0,6,1,[(6, 3), (7, 1), (7, 2), (7, 3), (7, 4), (8, 3)]
5003,9,0,6,2,[(6, 4), (7, 2), (7, 3), (7, 4), (7, 5), (8, 4)]
5004,9,0,6,3,[(6, 5), (7, 3), (7, 4), (7, 5), (7, 6), (8, 5)]
5005,9,0,6,4,[(6, 6), (7, 4), (7, 5), (7, 6), (7, 7), (8, 6)]
5006,9,0,6,5,[(6, 7), (7, 5), (7, 6), (7, 7), (7, 8), (8, 7)]
5007,9,0,6,6,[(6, 8), (7, 6), (7, 7), (7, 8), (7, 9), (8, 8)]
5008,9,0,6,7,[(6, 9), (7, 7), (7, 8), (7, 9), (7, 10), (8, 9)]
5009,9,0,6,8,[(6, 10), (7, 8), (7, 9), (7, 10), (7, 11), (8, 10)]
5010,9,0,7,0,[(7, 2), (8, 0), (8, 1), (8, 2), (8, 3), (9, 2)]
5011,9,0,7,1,[(7, 3), (8, 1), (8, 2), (8, 3), (8, 4), (9, 3)]
5012,9,0,7,2,[(7, 4), (8, 2), (8, 3), (8, 4), (8, 5), (9, 4)]
5013,9,0,7,3,[(7, 5), (8, 3), (8, 4), (8, 5), (8, 6), (9, 5)]
5014,9,0,7,4,[(7, 6), (8, 4), (8, 5), (8, 6), (8, 7), (9, 6)]
5015,9,0,7,5,[(7, 7), (8, 5), (8, 6), (8, 7), (8, 8), (9, 7)]
5016,9,0,7,6,[(7, 8), (8, 6), (8, 7), (8, 8), (8, 9), (9, 8)]
5017,9,0,7,7,[(7, 9), (8, 7), (8, 8), (8, 9), (8, 10), (9, 9)]
5018,9,0,7,8,[(7, 10), (8, 8), (8, 9), (8, 10), (8, 11), (9, 10)]
5019,9,0,8,0,[(8, 2), (9, 0), (9, 1), (9, 2), (9, 3), (10, 2)]
5020,9,0,8,1,[(8, 3), (9, 1), (9, 2), (9, 3), (9, 4), (10, 3)]
5021,9,0,8,2,[(8, 4), (9, 2), (9, 3), (9, 4), (9, 5), (10, 4)]
5022,9,0,8,3,[(8, 5), (9, 3), (9, 4), (9, 5), (9, 6), (10, 5)]
5023,9,0,8,4,[(8, 6), (9, 4), (9, 5), (9, 6), (9, 7), (10, 6)]
5024,9,0,8,5,[(8, 7), (9, 5), (9, 6), (9, 7), (9, 8), (10, 7)]
5025,9,0,8,6,[(8, 8), (9, 6), (9, 7), (9, 8), (9, 9), (10, 8)]
5026,9,0,8,7,[(8, 9), (9, 7), (9, 8), (9, 9), (9, 10), (10, 9)]
5027,9,0,8,8,[(8, 10), (9, 8), (9, 9), (9, 10), (9, 11), (10, 10)]
5028,9,0,9,0,[(9, 2), (10, 0), (10, 1), (10, 2), (10, 3), (11, 2)]
5029,9,0,9,1,[(9, 3), (10, 1), (10, 2), (10, 3), (10, 4), (11, 3)]
5030,9,0,9,2,[(9, 4), (10, 2), (10, 3), (10, 4), (10, 5), (11, 4)]
5031,9,0,9,3,[(9, 5), (10, 3), (10, 4), (10, 5), (10, 6), (11, 5)]
5032,9,0,9,4,[(9, 6), (10, 4), (10, 5), (10, 6), (10, 7), (11, 6)]
5033,9,0,9,5,[(9, 7), (10, 5), (10, 6), (10, 7), (10, 8), (11, 7)]
5034,9,0,9,6,[(9, 8), (10, 6), (10, 7), (10, 8), (10, 9), (11, 8)]
5035,9,0,9,7,[(9, 9), (10, 7), (10, 8), (10, 9), (10, 10), (11, 9)]
5036,9,0,9,8,[(9, 10), (10, 8), (10, 9), (10, 10), (10, 11), (11, 10)]
5037,9,1,0,0,[(0, 1), (1, 0), (1, 1), (1, 2), (1, 3), (2, 1)]
5038,9,1,0,1,[(0, 2), (1, 1), (1, 2), (1, 3), (1, 4), (2, 2)]
5039,9,1,0,2,[(0, 3), (1, 2), (1, 3), (1, 4), (1, 5), (2, 3)]
5040,9,1,0,3,[(0, 4), (1, 3), (1, 4), (1, 5), (1, 6), (2, 4)]
5041,9,1,0,4,[(0, 5), (1, 4), (1, 5), (1, 6), (1, 7), (2, 5)]
5042,9,1,0,5,[(0, 6), (1, 5), (1, 6), (1, 7), (1, 8), (2, 6)]
5043,9,1,0,6,[(0, 7), (1, 6), (1, 7), (1, 8), (1, 9), (2, 7)]
5044,9,1,0,7,[(0, 8), (1, 7), (1, 8), (1, 9), (1, 10), (2, 8)]
5045,9,1,0,8,[(0, 9), (1, 8), (1, 9), (1, 10), (1, 11), (2, 9)]
5046,9,1,1,0,[(1, 1), (2, 0), (2, 1), (2, 2), (2, 3), (3, 1)]
5047,9,1,1,1,[(1, 2), (2, 1), (2, 2), (2, 3), (2, 4), (3, 2)]
5048,9,1,1,2,[(1, 3), (2, 2), (2, 3), (2, 4), (2, 5), (3, 3)]
5049,9,1,1,3,[(1, 4), (2, 3), (2, 4), (2, 5), (2, 6), (3, 4)]
5050,9,1,1,4,[(1, 5), (2, 4), (2, 5), (2, 6), (2, 7), (3, 5)]
5051,9,1,1,5,[(1, 6), (2, 5), (2, 6), (2, 7), (2, 8), (3, 6)]
5052,9,1,1,6,[(1, 7), (2, 6), (2, 7), (2, 8), (2, 9), (3, 7)]
5053,9,1,1,7,[(1, 8), (2, 7), (2, 8), (2, 9), (2, 10), (3, 8)]
5054,9,1,1,8,[(1, 9), (2, 8), (2, 9), (2, 10), (2, 11), (3, 9)]
5055,9,1,2,0,[(2, 1), (3, 0), (3, 1), (3, 2), (3, 3), (4, 1)]
5056,9,1,2,1,[(2, 2), (3, 1), (3, 2), (3, 3), (3, 4), (4, 2)]
5057,9,1,2,2,[(2, 3), (3, 2), (3, 3), (3, 4), (3, 5), (4, 3)]
5058,9,1,2,3,[(2, 4), (3, 3), (3, 4), (3, 5), (3, 6), (4, 4)]
5059,9,1,2,4,[(2, 5), (3, 4), (3, 5), (3, 6), (3, 7), (4, 5)]
5060,9,1,2,5,[(2, 6), (3, 5), (3, 6), (3, 7), (3, 8), (4, 6)]
5061,9,1,2,6,[(2, 7), (3, 6), (3, 7), (3, 8), (3, 9), (4, 7)]
5062,9,1,2,7,[(2, 8), (3, 7), (3, 8), (3, 9), (3, 10), (4, 8)]
5063,9,1,2,8,[(2, 9), (3, 8), (3, 9), (3, 10), (3, 11), (4, 9)]
5064,9,1,3,0,[(3, 1), (4, 0), (4, 1), (4, 2), (4, 3), (5, 1)]
5065,9,1,3,1,[(3, 2), (4, 1), (4, 2), (4, 3), (4, 4), (5, 2)]
5066,9,1,3,2,[(3, 3), (4, 2), (4, 3), (4, 4), (4, 5), (5, 3)]
5067,9,1,3,3,[(3, 4), (4, 3), (4, 4), (4, 5), (4, 6), (5, 4)]
5068,9,1,3,4,[(3, 5), (4, 4), (4, 5), (4, 6), (4, 7), (5, 5)]
5069,9,1,3,5,[(3, 6), (4, 5), (4, 6), (4, 7), (4, 8), (5, 6)]
5070,9,1,3,6,[(3, 7), (4, 6), (4, 7), (4, 8), (4, 9), (5, 7)]
5071,9,1,3,7,[(3, 8), (4, 7), (4, 8), (4, 9), (4, 10), (5, 8)]
5072,9,1,3,8,[(3, 9), (4, 8), (4, 9), (4, 10), (4, 11), (5, 9)]
5073,9,1,4,0,[(4, 1), (5, 0), (5, 1), (5, 2), (5, 3), (6, 1)]
5074,9,1,4,1,[(4, 2), (5, 1), (5, 2), (5, 3), (5, 4), (6, 2)]
5075,9,1,4,2,[(4, 3), (5, 2), (5, 3), (5, 4), (5, 5), (6, 3)]
5076,9,1,4,3,[(4, 4), (5, 3), (5, 4), (5, 5), (5, 6), (6, 4)]
5077,9,1,4,4,[(4, 5), (5, 4), (5, 5), (5, 6), (5, 7), (6, 5)]
5078,9,1,4,5,[(4, 6), (5, 5), (5, 6), (5, 7), (5, 8), (6, 6)]
5079,9,1,4,6,[(4, 7), (5, 6), (5, 7), (5, 8), (5, 9), (6, 7)]
5080,9,1,4,7,[(4, 8), (5, 7), (5, 8), (5, 9), (5, 10), (6, 8)]
5081,9,1,4,8,[(4, 9), (5, 8), (5, 9), (5, 10), (5, 11), (6, 9)]
5082,9,1,5,0,[(5, 1), (6, 0), (6, 1), (6, 2), (6, 3), (7, 1)]
5083,9,1,5,1,[(5, 2), (6, 1), (6, 2), (6, 3), (6, 4), (7, 2)]
5084,9,1,5,2,[(5, 3), (6, 2), (6, 3), (6, 4), (6, 5), (7, 3)]
5085,9,1,5,3,[(5, 4), (6, 3), (6, 4), (6, 5), (6, 6), (7, 4)]
5086,9,1,5,4,[(5, 5), (6, 4), (6, 5), (6, 6), (6, 7), (7, 5)]
5087,9,1,5,5,[(5, 6), (6, 5), (6, 6), (6, 7), (6, 8), (7, 6)]
5088,9,1,5,6,[(5, 7), (6, 6), (6, 7), (6, 8), (6, 9), (7, 7)]
5089,9,1,5,7,[(5, 8), (6, 7), (6, 8), (6, 9), (6, 10), (7, 8)]
5090,9,1,5,8,[(5, 9), (6, 8), (6, 9), (6, 10), (6, 11), (7, 9)]
5091,9,1,6,0,[(6, 1), (7, 0), (7, 1), (7, 2), (7, 3), (8, 1)]
5092,9,1,6,1,[(6, 2), (7, 1), (7, 2), (7, 3), (7, 4), (8, 2)]
5093,9,1,6,2,[(6, 3), (7, 2), (7, 3), (7, 4), (7, 5), (8, 3)]
5094,9,1,6,3,[(6, 4), (7, 3), (7, 4), (7, 5), (7, 6), (8, 4)]
5095,9,1,6,4,[(6, 5), (7, 4), (7, 5), (7, 6), (7, 7), (8, 5)]
5096,9,1,6,5,[(6, 6), (7, 5), (7, 6), (7, 7), (7, 8), (8, 6)]
5097,9,1,6,6,[(6, 7), (7, 6), (7, 7), (7, 8), (7, 9), (8, 7)]
5098,9,1,6,7,[(6, 8), (7, 7), (7, 8), (7, 9), (7, 10), (8, 8)]
5099,9,1,6,8,[(6, 9), (7, 8), (7, 9), (7, 10), (7, 11), (8, 9)]
5100,9,1,7,0,[(7, 1), (8, 0), (8, 1), (8, 2), (8, 3), (9, 1)]
5101,9,1,7,1,[(7, 2), (8, 1), (8, 2), (8, 3), (8, 4), (9, 2)]
5102,9,1,7,2,[(7, 3), (8, 2), (8, 3), (8, 4), (8, 5), (9, 3)]
5103,9,1,7,3,[(7, 4), (8, 3), (8, 4), (8, 5), (8, 6), (9, 4)]
5104,9,1,7,4,[(7, 5), (8, 4), (8, 5), (8, 6), (8, 7), (9, 5)]
5105,9,1,7,5,[(7, 6), (8, 5), (8, 6), (8, 7), (8, 8), (9, 6)]
5106,9,1,7,6,[(7, 7), (8, 6), (8, 7), (8, 8), (8, 9), (9, 7)]
5107,9,1,7,7,[(7, 8), (8, 7), (8, 8), (8, 9), (8, 10), (9, 8)]
5108,9,1,7,8,[(7, 9), (8, 8), (8, 9), (8, 10), (8, 11), (9, 9)]
5109,9,1,8,0,[(8, 1), (9, 0), (9, 1), (9, 2), (9, 3), (10, 1)]
5110,9,1,8,1,[(8, 2), (9, 1), (9, 2), (9, 3), (9, 4), (10, 2)]
5111,9,1,8,2,[(8, 3), (9, 2), (9, 3), (9, 4), (9, 5), (10, 3)]
5112,9,1,8,3,[(8, 4), (9, 3), (9, 4), (9, 5), (9, 6), (10, 4)]
5113,9,1,8,4,[(8, 5), (9, 4), (9, 5), (9, 6), (9, 7), (10, 5)]
5114,9,1,8,5,[(8, 6), (9, 5), (9, 6), (9, 7), (9, 8), (10, 6)]
5115,9,1,8,6,[(8, 7), (9, 6), (9, 7), (9, 8), (9, 9), (10, 7)]
5116,9,1,8,7,[(8, 8), (9, 7), (9, 8), (9, 9), (9, 10), (10, 8)]
5117,9,1,8,8,[(8, 9), (9, 8), (9, 9), (9, 10), (9, 11), (10, 9)]
5118,9,1,9,0,[(9, 1), (10, 0), (10, 1), (10, 2), (10, 3), (11, 1)]
5119,9,1,9,1,[(9, 2), (10, 1), (10, 2), (10, 3), (10, 4), (11, 2)]
5120,9,1,9,2,[(9, 3), (10, 2), (10, 3), (10, 4), (10, 5), (11, 3)]
5121,9,1,9,3,[(9, 4), (10, 3), (10, 4), (10, 5), (10, 6), (11, 4)]
5122,9,1,9,4,[(9, 5), (10, 4), (10, 5), (10, 6), (10, 7), (11, 5)]
5123,9,1,9,5,[(9, 6), (10, 5), (10, 6), (10, 7), (10, 8), (11, 6)]
5124,9,1,9,6,[(9, 7), (10, 6), (10, 7), (10, 8), (10, 9), (11, 7)]
5125,9,1,9,7,[(9, 8), (10, 7), (10, 8), (10, 9), (10, 10), (11, 8)]
5126,9,1,9,8,[(9, 9), (10, 8), (10, 9), (10, 10), (10, 11), (11, 9)]
5127,9,2,0,0,[(0, 1), (1, 1), (2, 0), (2, 1), (2, 2), (3, 1)]
5128,9,2,0,1,[(0, 2), (1, 2), (2, 1), (2, 2), (2, 3), (3, 2)]
5129,9,2,0,2,[(0, 3), (1, 3), (2, 2), (2, 3), (2, 4), (3, 3)]
5130,9,2,0,3,[(0, 4), (1, 4), (2, 3), (2, 4), (2, 5), (3, 4)]
5131,9,2,0,4,[(0, 5), (1, 5), (2, 4), (2, 5), (2, 6), (3, 5)]
5132,9,2,0,5,[(0, 6), (1, 6), (2, 5), (2, 6), (2, 7), (3, 6)]
5133,9,2,0,6,[(0, 7), (1, 7), (2, 6), (2, 7), (2, 8), (3, 7)]
5134,9,2,0,7,[(0, 8), (1, 8), (2, 7), (2, 8), (2, 9), (3, 8)]
5135,9,2,0,8,[(0, 9), (1, 9), (2, 8), (2, 9), (2, 10), (3, 9)]
5136,9,2,0,9,[(0, 10), (1, 10), (2, 9), (2, 10), (2, 11), (3, 10)]
5137,9,2,1,0,[(1, 1), (2, 1), (3, 0), (3, 1), (3, 2), (4, 1)]
5138,9,2,1,1,[(1, 2), (2, 2), (3, 1), (3, 2), (3, 3), (4, 2)]
5139,9,2,1,2,[(1, 3), (2, 3), (3, 2), (3, 3), (3, 4), (4, 3)]
5140,9,2,1,3,[(1, 4), (2, 4), (3, 3), (3, 4), (3, 5), (4, 4)]
5141,9,2,1,4,[(1, 5), (2, 5), (3, 4), (3, 5), (3, 6), (4, 5)]
5142,9,2,1,5,[(1, 6), (2, 6), (3, 5), (3, 6), (3, 7), (4, 6)]
5143,9,2,1,6,[(1, 7), (2, 7), (3, 6), (3, 7), (3, 8), (4, 7)]
5144,9,2,1,7,[(1, 8), (2, 8), (3, 7), (3, 8), (3, 9), (4, 8)]
5145,9,2,1,8,[(1, 9), (2, 9), (3, 8), (3, 9), (3, 10), (4, 9)]
5146,9,2,1,9,[(1, 10), (2, 10), (3, 9), (3, 10), (3, 11), (4, 10)]
5147,9,2,2,0,[(2, 1), (3, 1), (4, 0), (4, 1), (4, 2), (5, 1)]
5148,9,2,2,1,[(2, 2), (3, 2), (4, 1), (4, 2), (4, 3), (5, 2)]
5149,9,2,2,2,[(2, 3), (3, 3), (4, 2), (4, 3), (4, 4), (5, 3)]
5150,9,2,2,3,[(2, 4), (3, 4), (4, 3), (4, 4), (4, 5), (5, 4)]
5151,9,2,2,4,[(2, 5), (3, 5), (4, 4), (4, 5), (4, 6), (5, 5)]
5152,9,2,2,5,[(2, 6), (3, 6), (4, 5), (4, 6), (4, 7), (5, 6)]
5153,9,2,2,6,[(2, 7), (3, 7), (4, 6), (4, 7), (4, 8), (5, 7)]
5154,9,2,2,7,[(2, 8), (3, 8), (4, 7), (4, 8), (4, 9), (5, 8)]
5155,9,2,2,8,[(2, 9), (3, 9), (4, 8), (4, 9), (4, 10), (5, 9)]
5156,9,2,2,9,[(2, 10), (3, 10), (4, 9), (4, 10), (4, 11), (5, 10)]
5157,9,2,3,0,[(3, 1), (4, 1), (5, 0), (5, 1), (5, 2), (6, 1)]
5158,9,2,3,1,[(3, 2), (4, 2), (5, 1), (5, 2), (5, 3), (6, 2)]
5159,9,2,3,2,[(3, 3), (4, 3), (5, 2), (5, 3), (5, 4), (6, 3)]
5160,9,2,3,3,[(3, 4), (4, 4), (5, 3), (5, 4), (5, 5), (6, 4)]
5161,9,2,3,4,[(3, 5), (4, 5), (5, 4), (5, 5), (5, 6), (6, 5)]
5162,9,2,3,5,[(3, 6), (4, 6), (5, 5), (5, 6), (5, 7), (6, 6)]
5163,9,2,3,6,[(3, 7), (4, 7), (5, 6), (5, 7), (5, 8), (6, 7)]
5164,9,2,3,7,[(3, 8), (4, 8), (5, 7), (5, 8), (5, 9), (6, 8)]
5165,9,2,3,8,[(3, 9), (4, 9), (5, 8), (5, 9), (5, 10), (6, 9)]
5166,9,2,3,9,[(3, 10), (4, 10), (5, 9), (5, 10), (5, 11), (6, 10)]
5167,9,2,4,0,[(4, 1), (5, 1), (6, 0), (6, 1), (6, 2), (7, 1)]
5168,9,2,4,1,[(4, 2), (5, 2), (6, 1), (6, 2), (6, 3), (7, 2)]
5169,9,2,4,2,[(4, 3), (5, 3), (6, 2), (6, 3), (6, 4), (7, 3)]
5170,9,2,4,3,[(4, 4), (5, 4), (6, 3), (6, 4), (6, 5), (7, 4)]
5171,9,2,4,4,[(4, 5), (5, 5), (6, 4), (6, 5), (6, 6), (7, 5)]
5172,9,2,4,5,[(4, 6), (5, 6), (6, 5), (6, 6), (6, 7), (7, 6)]
5173,9,2,4,6,[(4, 7), (5, 7), (6, 6), (6, 7), (6, 8), (7, 7)]
5174,9,2,4,7,[(4, 8), (5, 8), (6, 7), (6, 8), (6, 9), (7, 8)]
5175,9,2,4,8,[(4, 9), (5, 9), (6, 8), (6, 9), (6, 10), (7, 9)]
5176,9,2,4,9,[(4, 10), (5, 10), (6, 9), (6, 10), (6, 11), (7, 10)]
5177,9,2,5,0,[(5, 1), (6, 1), (7, 0), (7, 1), (7, 2), (8, 1)]
5178,9,2,5,1,[(5, 2), (6, 2), (7, 1), (7, 2), (7, 3), (8, 2)]
5179,9,2,5,2,[(5, 3), (6, 3), (7, 2), (7, 3), (7, 4), (8, 3)]
5180,9,2,5,3,[(5, 4), (6, 4), (7, 3), (7, 4), (7, 5), (8, 4)]
5181,9,2,5,4,[(5, 5), (6, 5), (7, 4), (7, 5), (7, 6), (8, 5)]
5182,9,2,5,5,[(5, 6), (6, 6), (7, 5), (7, 6), (7, 7), (8, 6)]
5183,9,2,5,6,[(5, 7), (6, 7), (7, 6), (7, 7), (7, 8), (8, 7)]
5184,9,2,5,7,[(5, 8), (6, 8), (7, 7), (7, 8), (7, 9), (8, 8)]
5185,9,2,5,8,[(5, 9), (6, 9), (7, 8), (7, 9), (7, 10), (8, 9)]
5186,9,2,5,9,[(5, 10), (6, 10), (7, 9), (7, 10), (7, 11), (8, 10)]
5187,9,2,6,0,[(6, 1), (7, 1), (8, 0), (8, 1), (8, 2), (9, 1)]
5188,9,2,6,1,[(6, 2), (7, 2), (8, 1), (8, 2), (8, 3), (9, 2)]
5189,9,2,6,2,[(6, 3), (7, 3), (8, 2), (8, 3), (8, 4), (9, 3)]
5190,9,2,6,3,[(6, 4), (7, 4), (8, 3), (8, 4), (8, 5), (9, 4)]
5191,9,2,6,4,[(6, 5), (7, 5), (8, 4), (8, 5), (8, 6), (9, 5)]
5192,9,2,6,5,[(6, 6), (7, 6), (8, 5), (8, 6), (8, 7), (9, 6)]
5193,9,2,6,6,[(6, 7), (7, 7), (8, 6), (8, 7), (8, 8), (9, 7)]
5194,9,2,6,7,[(6, 8), (7, 8), (8, 7), (8, 8), (8, 9), (9, 8)]
5195,9,2,6,8,[(6, 9), (7, 9), (8, 8), (8, 9), (8, 10), (9, 9)]
5196,9,2,6,9,[(6, 10), (7, 10), (8, 9), (8, 10), (8, 11), (9, 10)]
5197,9,2,7,0,[(7, 1), (8, 1), (9, 0), (9, 1), (9, 2), (10, 1)]
5198,9,2,7,1,[(7, 2), (8, 2), (9, 1), (9, 2), (9, 3), (10, 2)]
5199,9,2,7,2,[(7, 3), (8, 3), (9, 2), (9, 3), (9, 4), (10, 3)]
5200,9,2,7,3,[(7, 4), (8, 4), (9, 3), (9, 4), (9, 5), (10, 4)]
5201,9,2,7,4,[(7, 5), (8, 5), (9, 4), (9, 5), (9, 6), (10, 5)]
5202,9,2,7,5,[(7, 6), (8, 6), (9, 5), (9, 6), (9, 7), (10, 6)]
5203,9,2,7,6,[(7, 7), (8, 7), (9, 6), (9, 7), (9, 8), (10, 7)]
5204,9,2,7,7,[(7, 8), (8, 8), (9, 7), (9, 8), (9, 9), (10, 8)]
5205,9,2,7,8,[(7, 9), (8, 9), (9, 8), (9, 9), (9, 10), (10, 9)]
5206,9,2,7,9,[(7, 10), (8, 10), (9, 9), (9, 10), (9, 11), (10, 10)]
5207,9,2,8,0,[(8, 1), (9, 1), (10, 0), (10, 1), (10, 2), (11, 1)]
5208,9,2,8,1,[(8, 2), (9, 2), (10, 1), (10, 2), (10, 3), (11, 2)]
5209,9,2,8,2,[(8, 3), (9, 3), (10, 2), (10, 3), (10, 4), (11, 3)]
5210,9,2,8,3,[(8, 4), (9, 4), (10, 3), (10, 4), (10, 5), (11, 4)]
5211,9,2,8,4,[(8, 5), (9, 5), (10, 4), (10, 5), (10, 6), (11, 5)]
5212,9,2,8,5,[(8, 6), (9, 6), (10, 5), (10, 6), (10, 7), (11, 6)]
5213,9,2,8,6,[(8, 7), (9, 7), (10, 6), (10, 7), (10, 8), (11, 7)]
5214,9,2,8,7,[(8, 8), (9, 8), (10, 7), (10, 8), (10, 9), (11, 8)]
5215,9,2,8,8,[(8, 9), (9, 9), (10, 8), (10, 9), (10, 10), (11, 9)]
5216,9,2,8,9,[(8, 10), (9, 10), (10, 9), (10, 10), (10, 11), (11, 10)]
5217,9,3,0,0,[(0, 1), (1, 0), (1, 1), (1, 2), (2, 1), (3, 1)]
5218,9,3,0,1,[(0, 2), (1, 1), (1, 2), (1, 3), (2, 2), (3, 2)]
5219,9,3,0,2,[(0, 3), (1, 2), (1, 3), (1, 4), (2, 3), (3, 3)]
5220,9,3,0,3,[(0, 4), (1, 3), (1, 4), (1, 5), (2, 4), (3, 4)]
5221,9,3,0,4,[(0, 5), (1, 4), (1, 5), (1, 6), (2, 5), (3, 5)]
5222,9,3,0,5,[(0, 6), (1, 5), (1, 6), (1, 7), (2, 6), (3, 6)]
5223,9,3,0,6,[(0, 7), (1, 6), (1, 7), (1, 8), (2, 7), (3, 7)]
5224,9,3,0,7,[(0, 8), (1, 7), (1, 8), (1, 9), (2, 8), (3, 8)]
5225,9,3,0,8,[(0, 9), (1, 8), (1, 9), (1, 10), (2, 9), (3, 9)]
5226,9,3,0,9,[(0, 10), (1, 9), (1, 10), (1, 11), (2, 10), (3, 10)]
5227,9,3,1,0,[(1, 1), (2, 0), (2, 1), (2, 2), (3, 1), (4, 1)]
5228,9,3,1,1,[(1, 2), (2, 1), (2, 2), (2, 3), (3, 2), (4, 2)]
5229,9,3,1,2,[(1, 3), (2, 2), (2, 3), (2, 4), (3, 3), (4, 3)]
5230,9,3,1,3,[(1, 4), (2, 3), (2, 4), (2, 5), (3, 4), (4, 4)]
5231,9,3,1,4,[(1, 5), (2, 4), (2, 5), (2, 6), (3, 5), (4, 5)]
5232,9,3,1,5,[(1, 6), (2, 5), (2, 6), (2, 7), (3, 6), (4, 6)]
5233,9,3,1,6,[(1, 7), (2, 6), (2, 7), (2, 8), (3, 7), (4, 7)]
5234,9,3,1,7,[(1, 8), (2, 7), (2, 8), (2, 9), (3, 8), (4, 8)]
5235,9,3,1,8,[(1, 9), (2, 8), (2, 9), (2, 10), (3, 9), (4, 9)]
5236,9,3,1,9,[(1, 10), (2, 9), (2, 10), (2, 11), (3, 10), (4, 10)]
5237,9,3,2,0,[(2, 1), (3, 0), (3, 1), (3, 2), (4, 1), (5, 1)]
5238,9,3,2,1,[(2, 2), (3, 1), (3, 2), (3, 3), (4, 2), (5, 2)]
5239,9,3,2,2,[(2, 3), (3, 2), (3, 3), (3, 4), (4, 3), (5, 3)]
5240,9,3,2,3,[(2, 4), (3, 3), (3, 4), (3, 5), (4, 4), (5, 4)]
5241,9,3,2,4,[(2, 5), (3, 4), (3, 5), (3, 6), (4, 5), (5, 5)]
5242,9,3,2,5,[(2, 6), (3, 5), (3, 6), (3, 7), (4, 6), (5, 6)]
5243,9,3,2,6,[(2, 7), (3, 6), (3, 7), (3, 8), (4, 7), (5, 7)]
5244,9,3,2,7,[(2, 8), (3, 7), (3, 8), (3, 9), (4, 8), (5, 8)]
5245,9,3,2,8,[(2, 9), (3, 8), (3, 9), (3, 10), (4, 9), (5, 9)]
5246,9,3,2,9,[(2, 10), (3, 9), (3, 10), (3, 11), (4, 10), (5, 10)]
5247,9,3,3,0,[(3, 1), (4, 0), (4, 1), (4, 2), (5, 1), (6, 1)]
5248,9,3,3,1,[(3, 2), (4, 1), (4, 2), (4, 3), (5, 2), (6, 2)]
5249,9,3,3,2,[(3, 3), (4, 2), (4, 3), (4, 4), (5, 3), (6, 3)]
5250,9,3,3,3,[(3, 4), (4, 3), (4, 4), (4, 5), (5, 4), (6, 4)]
5251,9,3,3,4,[(3, 5), (4, 4), (4, 5), (4, 6), (5, 5), (6, 5)]
5252,9,3,3,5,[(3, 6), (4, 5), (4, 6), (4, 7), (5, 6), (6, 6)]
5253,9,3,3,6,[(3, 7), (4, 6), (4, 7), (4, 8), (5, 7), (6, 7)]
5254,9,3,3,7,[(3, 8), (4, 7), (4, 8), (4, 9), (5, 8), (6, 8)]
5255,9,3,3,8,[(3, 9), (4, 8), (4, 9), (4, 10), (5, 9), (6, 9)]
5256,9,3,3,9,[(3, 10), (4, 9), (4, 10), (4, 11), (5, 10), (6, 10)]
5257,9,3,4,0,[(4, 1), (5, 0), (5, 1), (5, 2), (6, 1), (7, 1)]
5258,9,3,4,1,[(4, 2), (5, 1), (5, 2), (5, 3), (6, 2), (7, 2)]
5259,9,3,4,2,[(4, 3), (5, 2), (5, 3), (5, 4), (6, 3), (7, 3)]
5260,9,3,4,3,[(4, 4), (5, 3), (5, 4), (5, 5), (6, 4), (7, 4)]
5261,9,3,4,4,[(4, 5), (5, 4), (5, 5), (5, 6), (6, 5), (7, 5)]
5262,9,3,4,5,[(4, 6), (5, 5), (5, 6), (5, 7), (6, 6), (7, 6)]
5263,9,3,4,6,[(4, 7), (5, 6), (5, 7), (5, 8), (6, 7), (7, 7)]
5264,9,3,4,7,[(4, 8), (5, 7), (5, 8), (5, 9), (6, 8), (7, 8)]
5265,9,3,4,8,[(4, 9), (5, 8), (5, 9), (5, 10), (6, 9), (7, 9)]
5266,9,3,4,9,[(4, 10), (5, 9), (5, 10), (5, 11), (6, 10), (7, 10)]
5267,9,3,5,0,[(5, 1), (6, 0), (6, 1), (6, 2), (7, 1), (8, 1)]
5268,9,3,5,1,[(5, 2), (6, 1), (6, 2), (6, 3), (7, 2), (8, 2)]
5269,9,3,5,2,[(5, 3), (6, 2), (6, 3), (6, 4), (7, 3), (8, 3)]
5270,9,3,5,3,[(5, 4), (6, 3), (6, 4), (6, 5), (7, 4), (8, 4)]
5271,9,3,5,4,[(5, 5), (6, 4), (6, 5), (6, 6), (7, 5), (8, 5)]
5272,9,3,5,5,[(5, 6), (6, 5), (6, 6), (6, 7), (7, 6), (8, 6)]
5273,9,3,5,6,[(5, 7), (6, 6), (6, 7), (6, 8), (7, 7), (8, 7)]
5274,9,3,5,7,[(5, 8), (6, 7), (6, 8), (6, 9), (7, 8), (8, 8)]
5275,9,3,5,8,[(5, 9), (6, 8), (6, 9), (6, 10), (7, 9), (8, 9)]
5276,9,3,5,9,[(5, 10), (6, 9), (6, 10), (6, 11), (7, 10), (8, 10)]
5277,9,3,6,0,[(6, 1), (7, 0), (7, 1), (7, 2), (8, 1), (9, 1)]
5278,9,3,6,1,[(6, 2), (7, 1), (7, 2), (7, 3), (8, 2), (9, 2)]
5279,9,3,6,2,[(6, 3), (7, 2), (7, 3), (7, 4), (8, 3), (9, 3)]
5280,9,3,6,3,[(6, 4), (7, 3), (7, 4), (7, 5), (8, 4), (9, 4)]
5281,9,3,6,4,[(6, 5), (7, 4), (7, 5), (7, 6), (8, 5), (9, 5)]
5282,9,3,6,5,[(6, 6), (7, 5), (7, 6), (7, 7), (8, 6), (9, 6)]
5283,9,3,6,6,[(6, 7), (7, 6), (7, 7), (7, 8), (8, 7), (9, 7)]
5284,9,3,6,7,[(6, 8), (7, 7), (7, 8), (7, 9), (8, 8), (9, 8)]
5285,9,3,6,8,[(6, 9), (7, 8), (7, 9), (7, 10), (8, 9), (9, 9)]
5286,9,3,6,9,[(6, 10), (7, 9), (7, 10), (7, 11), (8, 10), (9, 10)]
5287,9,3,7,0,[(7, 1), (8, 0), (8, 1), (8, 2), (9, 1), (10, 1)]
5288,9,3,7,1,[(7, 2), (8, 1), (8, 2), (8, 3), (9, 2), (10, 2)]
5289,9,3,7,2,[(7, 3), (8, 2), (8, 3), (8, 4), (9, 3), (10, 3)]
5290,9,3,7,3,[(7, 4), (8, 3), (8, 4), (8, 5), (9, 4), (10, 4)]
5291,9,3,7,4,[(7, 5), (8, 4), (8, 5), (8, 6), (9, 5), (10, 5)]
5292,9,3,7,5,[(7, 6), (8, 5), (8, 6), (8, 7), (9, 6), (10, 6)]
5293,9,3,7,6,[(7, 7), (8, 6), (8, 7), (8, 8), (9, 7), (10, 7)]
5294,9,3,7,7,[(7, 8), (8, 7), (8, 8), (8, 9), (9, 8), (10, 8)]
5295,9,3,7,8,[(7, 9), (8, 8), (8, 9), (8, 10), (9, 9), (10, 9)]
5296,9,3,7,9,[(7, 10), (8, 9), (8, 10), (8, 11), (9, 10), (10, 10)]
5297,9,3,8,0,[(8, 1), (9, 0), (9, 1), (9, 2), (10, 1), (11, 1)]
5298,9,3,8,1,[(8, 2), (9, 1), (9, 2), (9, 3), (10, 2), (11, 2)]
5299,9,3,8,2,[(8, 3), (9, 2), (9, 3), (9, 4), (10, 3), (11, 3)]
5300,9,3,8,3,[(8, 4), (9, 3), (9, 4), (9, 5), (10, 4), (11, 4)]
5301,9,3,8,4,[(8, 5), (9, 4), (9, 5), (9, 6), (10, 5), (11, 5)]
5302,9,3,8,5,[(8, 6), (9, 5), (9, 6), (9, 7), (10, 6), (11, 6)]
5303,9,3,8,6,[(8, 7), (9, 6), (9, 7), (9, 8), (10, 7), (11, 7)]
5304,9,3,8,7,[(8, 8), (9, 7), (9, 8), (9, 9), (10, 8), (11, 8)]
5305,9,3,8,8,[(8, 9), (9, 8), (9, 9), (9, 10), (10, 9), (11, 9)]
5306,9,3,8,9,[(8, 10), (9, 9), (9, 10), (9, 11), (10, 10), (11, 10)]
5307,10,0,0,0,[(0, 0), (1, 0), (1, 1), (1, 2), (1, 3), (2, 3)]
5308,10,0,0,1,[(0, 1), (1, 1), (1, 2), (1, 3), (1, 4), (2, 4)]
5309,10,0,0,2,[(0, 2), (1, 2), (1, 3), (1, 4), (1, 5), (2, 5)]
5310,10,0,0,3,[(0, 3), (1, 3), (1, 4), (1, 5), (1, 6), (2, 6)]
5311,10,0,0,4,[(0, 4), (1, 4), (1, 5), (1, 6), (1, 7), (2, 7)]
5312,10,0,0,5,[(0, 5), (1, 5), (1, 6), (1, 7), (1, 8), (2, 8)]
5313,10,0,0,6,[(0, 6), (1, 6), (1, 7), (1, 8), (1, 9), (2, 9)]
5314,10,0,0,7,[(0, 7), (1, 7), (1, 8), (1, 9), (1, 10), (2, 10)]
5315,10,0,0,8,[(0, 8), (1, 8), (1, 9), (1, 10), (1, 11), (2, 11)]
5316,10,0,1,0,[(1, 0), (2, 0), (2, 1), (2, 2), (2, 3), (3, 3)]
5317,10,0,1,1,[(1, 1), (2, 1), (2, 2), (2, 3), (2, 4), (3, 4)]
5318,10,0,1,2,[(1, 2), (2, 2), (2, 3), (2, 4), (2, 5), (3, 5)]
5319,10,0,1,3,[(1, 3), (2, 3), (2, 4), (2, 5), (2, 6), (3, 6)]
5320,10,0,1,4,[(1, 4), (2, 4), (2, 5), (2, 6), (2, 7), (3, 7)]
5321,10,0,1,5,[(1, 5), (2, 5), (2, 6), (2, 7), (2, 8), (3, 8)]
5322,10,0,1,6,[(1, 6), (2, 6), (2, 7), (2, 8), (2, 9), (3, 9)]
5323,10,0,1,7,[(1, 7), (2, 7), (2, 8), (2, 9), (2, 10), (3, 10)]
5324,10,0,1,8,[(1, 8), (2, 8), (2, 9), (2, 10), (2, 11), (3, 11)]
5325,10,0,2,0,[(2, 0), (3, 0), (3, 1), (3, 2), (3, 3), (4, 3)]
5326,10,0,2,1,[(2, 1), (3, 1), (3, 2), (3, 3), (3, 4), (4, 4)]
5327,10,0,2,2,[(2, 2), (3, 2), (3, 3), (3, 4), (3, 5), (4, 5)]
5328,10,0,2,3,[(2, 3), (3, 3), (3, 4), (3, 5), (3, 6), (4, 6)]
5329,10,0,2,4,[(2, 4), (3, 4), (3, 5), (3, 6), (3, 7), (4, 7)]
5330,10,0,2,5,[(2, 5), (3, 5), (3, 6), (3, 7), (3, 8), (4, 8)]
5331,10,0,2,6,[(2, 6), (3, 6), (3, 7), (3, 8), (3, 9), (4, 9)]
5332,10,0,2,7,[(2, 7), (3, 7), (3, 8), (3, 9), (3, 10), (4, 10)]
5333,10,0,2,8,[(2, 8), (3, 8), (3, 9), (3, 10), (3, 11), (4, 11)]
5334,10,0,3,0,[(3, 0), (4, 0), (4, 1), (4, 2), (4, 3), (5, 3)]
5335,10,0,3,1,[(3, 1), (4, 1), (4, 2), (4, 3), (4, 4), (5, 4)]
5336,10,0,3,2,[(3, 2), (4, 2), (4, 3), (4, 4), (4, 5), (5, 5)]
5337,10,0,3,3,[(3, 3), (4, 3), (4, 4), (4, 5), (4, 6), (5, 6)]
5338,10,0,3,4,[(3, 4), (4, 4), (4, 5), (4, 6), (4, 7), (5, 7)]
5339,10,0,3,5,[(3, 5), (4, 5), (4, 6), (4, 7), (4, 8), (5, 8)]
5340,10,0,3,6,[(3, 6), (4, 6), (4, 7), (4, 8), (4, 9), (5, 9)]
5341,10,0,3,7,[(3, 7), (4, 7), (4, 8), (4, 9), (4, 10), (5, 10)]
5342,10,0,3,8,[(3, 8), (4, 8), (4, 9), (4, 10), (4, 11), (5, 11)]
5343,10,0,4,0,[(4, 0), (5, 0), (5, 1), (5, 2), (5, 3), (6, 3)]
5344,10,0,4,1,[(4, 1), (5, 1), (5, 2), (5, 3), (5, 4), (6, 4)]
5345,10,0,4,2,[(4, 2), (5, 2), (5, 3), (5, 4), (5, 5), (6, 5)]
5346,10,0,4,3,[(4, 3), (5, 3), (5, 4), (5, 5), (5, 6), (6, 6)]
5347,10,0,4,4,[(4, 4), (5, 4), (5, 5), (5, 6), (5, 7), (6, 7)]
5348,10,0,4,5,[(4, 5), (5, 5), (5, 6), (5, 7), (5, 8), (6, 8)]
5349,10,0,4,6,[(4, 6), (5, 6), (5, 7), (5, 8), (5, 9), (6, 9)]
5350,10,0,4,7,[(4, 7), (5, 7), (5, 8), (5, 9), (5, 10), (6, 10)]
5351,10,0,4,8,[(4, 8), (5, 8), (5, 9), (5, 10), (5, 11), (6, 11)]
5352,10,0,5,0,[(5, 0), (6, 0), (6, 1), (6, 2), (6, 3), (7, 3)]
5353,10,0,5,1,[(5, 1), (6, 1), (6, 2), (6, 3), (6, 4), (7, 4)]
5354,10,0,5,2,[(5, 2), (6, 2), (6, 3), (6, 4), (6, 5), (7, 5)]
5355,10,0,5,3,[(5, 3), (6, 3), (6, 4), (6, 5), (6, 6), (7, 6)]
5356,10,0,5,4,[(5, 4), (6, 4), (6, 5), (6, 6), (6, 7), (7, 7)]
5357,10,0,5,5,[(5, 5), (6, 5), (6, 6), (6, 7), (6, 8), (7, 8)]
5358,10,0,5,6,[(5, 6), (6, 6), (6, 7), (6, 8), (6, 9), (7, 9)]
5359,10,0,5,7,[(5, 7), (6, 7), (6, 8), (6, 9), (6, 10), (7, 10)]
5360,10,0,5,8,[(5, 8), (6, 8), (6, 9), (6, 10), (6, 11), (7, 11)]
5361,10,0,6,0,[(6, 0), (7, 0), (7, 1), (7, 2), (7, 3), (8, 3)]
5362,10,0,6,1,[(6, 1), (7, 1), (7, 2), (7, 3), (7, 4), (8, 4)]
5363,10,0,6,2,[(6, 2), (7, 2), (7, 3), (7, 4), (7, 5), (8, 5)]
5364,10,0,6,3,[(6, 3), (7, 3), (7, 4), (7, 5), (7, 6), (8, 6)]
5365,10,0,6,4,[(6, 4), (7, 4), (7, 5), (7, 6), (7, 7), (8, 7)]
5366,10,0,6,5,[(6, 5), (7, 5), (7, 6), (7, 7), (7, 8), (8, 8)]
5367,10,0,6,6,[(6, 6), (7, 6), (7, 7), (7, 8), (7, 9), (8, 9)]
5368,10,0,6,7,[(6, 7), (7, 7), (7, 8), (7, 9), (7, 10), (8, 10)]
5369,10,0,6,8,[(6, 8), (7, 8), (7, 9), (7, 10), (7, 11), (8, 11)]
5370,10,0,7,0,[(7, 0), (8, 0), (8, 1), (8, 2), (8, 3), (9, 3)]
5371,10,0,7,1,[(7, 1), (8, 1), (8, 2), (8, 3), (8, 4), (9, 4)]
5372,10,0,7,2,[(7, 2), (8, 2), (8, 3), (8, 4), (8, 5), (9, 5)]
5373,10,0,7,3,[(7, 3), (8, 3), (8, 4), (8, 5), (8, 6), (9, 6)]
5374,10,0,7,4,[(7, 4), (8, 4), (8, 5), (8, 6), (8, 7), (9, 7)]
5375,10,0,7,5,[(7, 5), (8, 5), (8, 6), (8, 7), (8, 8), (9, 8)]
5376,10,0,7,6,[(7, 6), (8, 6), (8, 7), (8, 8), (8, 9), (9, 9)]
5377,10,0,7,7,[(7, 7), (8, 7), (8, 8), (8, 9), (8, 10), (9, 10)]
5378,10,0,7,8,[(7, 8), (8, 8), (8, 9), (8, 10), (8, 11), (9, 11)]
5379,10,0,8,0,[(8, 0), (9, 0), (9, 1), (9, 2), (9, 3), (10, 3)]
5380,10,0,8,1,[(8, 1), (9, 1), (9, 2), (9, 3), (9, 4), (10, 4)]
5381,10,0,8,2,[(8, 2), (9, 2), (9, 3), (9, 4), (9, 5), (10, 5)]
5382,10,0,8,3,[(8, 3), (9, 3), (9, 4), (9, 5), (9, 6), (10, 6)]
5383,10,0,8,4,[(8, 4), (9, 4), (9, 5), (9, 6), (9, 7), (10, 7)]
5384,10,0,8,5,[(8, 5), (9, 5), (9, 6), (9, 7), (9, 8), (10, 8)]
5385,10,0,8,6,[(8, 6), (9, 6), (9, 7), (9, 8), (9, 9), (10, 9)]
5386,10,0,8,7,[(8, 7), (9, 7), (9, 8), (9, 9), (9, 10), (10, 10)]
5387,10,0,8,8,[(8, 8), (9, 8), (9, 9), (9, 10), (9, 11), (10, 11)]
5388,10,0,9,0,[(9, 0), (10, 0), (10, 1), (10, 2), (10, 3), (11, 3)]
5389,10,0,9,1,[(9, 1), (10, 1), (10, 2), (10, 3), (10, 4), (11, 4)]
5390,10,0,9,2,[(9, 2), (10, 2), (10, 3), (10, 4), (10, 5), (11, 5)]
5391,10,0,9,3,[(9, 3), (10, 3), (10, 4), (10, 5), (10, 6), (11, 6)]
5392,10,0,9,4,[(9, 4), (10, 4), (10, 5), (10, 6), (10, 7), (11, 7)]
5393,10,0,9,5,[(9, 5), (10, 5), (10, 6), (10, 7), (10, 8), (11, 8)]
5394,10,0,9,6,[(9, 6), (10, 6), (10, 7), (10, 8), (10, 9), (11, 9)]
5395,10,0,9,7,[(9, 7), (10, 7), (10, 8), (10, 9), (10, 10), (11, 10)]
5396,10,0,9,8,[(9, 8), (10, 8), (10, 9), (10, 10), (10, 11), (11, 11)]
5397,10,1,0,0,[(0, 3), (1, 0), (1, 1), (1, 2), (1, 3), (2, 0)]
5398,10,1,0,1,[(0, 4), (1, 1), (1, 2), (1, 3), (1, 4), (2, 1)]
5399,10,1,0,2,[(0, 5), (1, 2), (1, 3), (1, 4), (1, 5), (2, 2)]
5400,10,1,0,3,[(0, 6), (1, 3), (1, 4), (1, 5), (1, 6), (2, 3)]
5401,10,1,0,4,[(0, 7), (1, 4), (1, 5), (1, 6), (1, 7), (2, 4)]
5402,10,1,0,5,[(0, 8), (1, 5), (1, 6), (1, 7), (1, 8), (2, 5)]
5403,10,1,0,6,[(0, 9), (1, 6), (1, 7), (1, 8), (1, 9), (2, 6)]
5404,10,1,0,7,[(0, 10), (1, 7), (1, 8), (1, 9), (1, 10), (2, 7)]
5405,10,1,0,8,[(0, 11), (1, 8), (1, 9), (1, 10), (1, 11), (2, 8)]
5406,10,1,1,0,[(1, 3), (2, 0), (2, 1), (2, 2), (2, 3), (3, 0)]
5407,10,1,1,1,[(1, 4), (2, 1), (2, 2), (2, 3), (2, 4), (3, 1)]
5408,10,1,1,2,[(1, 5), (2, 2), (2, 3), (2, 4), (2, 5), (3, 2)]
5409,10,1,1,3,[(1, 6), (2, 3), (2, 4), (2, 5), (2, 6), (3, 3)]
5410,10,1,1,4,[(1, 7), (2, 4), (2, 5), (2, 6), (2, 7), (3, 4)]
5411,10,1,1,5,[(1, 8), (2, 5), (2, 6), (2, 7), (2, 8), (3, 5)]
5412,10,1,1,6,[(1, 9), (2, 6), (2, 7), (2, 8), (2, 9), (3, 6)]
5413,10,1,1,7,[(1, 10), (2, 7), (2, 8), (2, 9), (2, 10), (3, 7)]
5414,10,1,1,8,[(1, 11), (2, 8), (2, 9), (2, 10), (2, 11), (3, 8)]
5415,10,1,2,0,[(2, 3), (3, 0), (3, 1), (3, 2), (3, 3), (4, 0)]
5416,10,1,2,1,[(2, 4), (3, 1), (3, 2), (3, 3), (3, 4), (4, 1)]
5417,10,1,2,2,[(2, 5), (3, 2), (3, 3), (3, 4), (3, 5), (4, 2)]
5418,10,1,2,3,[(2, 6), (3, 3), (3, 4), (3, 5), (3, 6), (4, 3)]
5419,10,1,2,4,[(2, 7), (3, 4), (3, 5), (3, 6), (3, 7), (4, 4)]
5420,10,1,2,5,[(2, 8), (3, 5), (3, 6), (3, 7), (3, 8), (4, 5)]
5421,10,1,2,6,[(2, 9), (3, 6), (3, 7), (3, 8), (3, 9), (4, 6)]
5422,10,1,2,7,[(2, 10), (3, 7), (3, 8), (3, 9), (3, 10), (4, 7)]
5423,10,1,2,8,[(2, 11), (3, 8), (3, 9), (3, 10), (3, 11), (4, 8)]
5424,10,1,3,0,[(3, 3), (4, 0), (4, 1), (4, 2), (4, 3), (5, 0)]
5425,10,1,3,1,[(3, 4), (4, 1), (4, 2), (4, 3), (4, 4), (5, 1)]
5426,10,1,3,2,[(3, 5), (4, 2), (4, 3), (4, 4), (4, 5), (5, 2)]
5427,10,1,3,3,[(3, 6), (4, 3), (4, 4), (4, 5), (4, 6), (5, 3)]
5428,10,1,3,4,[(3, 7), (4, 4), (4, 5), (4, 6), (4, 7), (5, 4)]
5429,10,1,3,5,[(3, 8), (4, 5), (4, 6), (4, 7), (4, 8), (5, 5)]
5430,10,1,3,6,[(3, 9), (4, 6), (4, 7), (4, 8), (4, 9), (5, 6)]
5431,10,1,3,7,[(3, 10), (4, 7), (4, 8), (4, 9), (4, 10), (5, 7)]
5432,10,1,3,8,[(3, 11), (4, 8), (4, 9), (4, 10), (4, 11), (5, 8)]
5433,10,1,4,0,[(4, 3), (5, 0), (5, 1), (5, 2), (5, 3), (6, 0)]
5434,10,1,4,1,[(4, 4), (5, 1), (5, 2), (5, 3), (5, 4), (6, 1)]
5435,10,1,4,2,[(4, 5), (5, 2), (5, 3), (5, 4), (5, 5), (6, 2)]
5436,10,1,4,3,[(4, 6), (5, 3), (5, 4), (5, 5), (5, 6), (6, 3)]
5437,10,1,4,4,[(4, 7), (5, 4), (5, 5), (5, 6), (5, 7), (6, 4)]
5438,10,1,4,5,[(4, 8), (5, 5), (5, 6), (5, 7), (5, 8), (6, 5)]
5439,10,1,4,6,[(4, 9), (5, 6), (5, 7), (5, 8), (5, 9), (6, 6)]
5440,10,1,4,7,[(4, 10), (5, 7), (5, 8), (5, 9), (5, 10), (6, 7)]
5441,10,1,4,8,[(4, 11), (5, 8), (5, 9), (5, 10), (5, 11), (6, 8)]
5442,10,1,5,0,[(5, 3), (6, 0), (6, 1), (6, 2), (6, 3), (7, 0)]
5443,10,1,5,1,[(5, 4), (6, 1), (6, 2), (6, 3), (6, 4), (7, 1)]
5444,10,1,5,2,[(5, 5), (6, 2), (6, 3), (6, 4), (6, 5), (7, 2)]
5445,10,1,5,3,[(5, 6), (6, 3), (6, 4), (6, 5), (6, 6), (7, 3)]
5446,10,1,5,4,[(5, 7), (6, 4), (6, 5), (6, 6), (6, 7), (7, 4)]
5447,10,1,5,5,[(5, 8), (6, 5), (6, 6), (6, 7), (6, 8), (7, 5)]
5448,10,1,5,6,[(5, 9), (6, 6), (6, 7), (6, 8), (6, 9), (7, 6)]
5449,10,1,5,7,[(5, 10), (6, 7), (6, 8), (6, 9), (6, 10), (7, 7)]
5450,10,1,5,8,[(5, 11), (6, 8), (6, 9), (6, 10), (6, 11), (7, 8)]
5451,10,1,6,0,[(6, 3), (7, 0), (7, 1), (7, 2), (7, 3), (8, 0)]
5452,10,1,6,1,[(6, 4), (7, 1), (7, 2), (7, 3), (7, 4), (8, 1)]
5453,10,1,6,2,[(6, 5), (7, 2), (7, 3), (7, 4), (7, 5), (8, 2)]
5454,10,1,6,3,[(6, 6), (7, 3), (7, 4), (7, 5), (7, 6), (8, 3)]
5455,10,1,6,4,[(6, 7), (7, 4), (7, 5), (7, 6), (7, 7), (8, 4)]
5456,10,1,6,5,[(6, 8), (7, 5), (7, 6), (7, 7), (7, 8), (8, 5)]
5457,10,1,6,6,[(6, 9), (7, 6), (7, 7), (7, 8), (7, 9), (8, 6)]
5458,10,1,6,7,[(6, 10), (7, 7), (7, 8), (7, 9), (7, 10), (8, 7)]
5459,10,1,6,8,[(6, 11), (7, 8), (7, 9), (7, 10), (7, 11), (8, 8)]
5460,10,1,7,0,[(7, 3), (8, 0), (8, 1), (8, 2), (8, 3), (9, 0)]
5461,10,1,7,1,[(7, 4), (8, 1), (8, 2), (8, 3), (8, 4), (9, 1)]
5462,10,1,7,2,[(7, 5), (8, 2), (8, 3), (8, 4), (8, 5), (9, 2)]
5463,10,1,7,3,[(7, 6), (8, 3), (8, 4), (8, 5), (8, 6), (9, 3)]
5464,10,1,7,4,[(7, 7), (8, 4), (8, 5), (8, 6), (8, 7), (9, 4)]
5465,10,1,7,5,[(7, 8), (8, 5), (8, 6), (8, 7), (8, 8), (9, 5)]
5466,10,1,7,6,[(7, 9), (8, 6), (8, 7), (8, 8), (8, 9), (9, 6)]
5467,10,1,7,7,[(7, 10), (8, 7), (8, 8), (8, 9), (8, 10), (9, 7)]
5468,10,1,7,8,[(7, 11), (8, 8), (8, 9), (8, 10), (8, 11), (9, 8)]
5469,10,1,8,0,[(8, 3), (9, 0), (9, 1), (9, 2), (9, 3), (10, 0)]
5470,10,1,8,1,[(8, 4), (9, 1), (9, 2), (9, 3), (9, 4), (10, 1)]
5471,10,1,8,2,[(8, 5), (9, 2), (9, 3), (9, 4), (9, 5), (10, 2)]
5472,10,1,8,3,[(8, 6), (9, 3), (9, 4), (9, 5), (9, 6), (10, 3)]
5473,10,1,8,4,[(8, 7), (9, 4), (9, 5), (9, 6), (9, 7), (10, 4)]
5474,10,1,8,5,[(8, 8), (9, 5), (9, 6), (9, 7), (9, 8), (10, 5)]
5475,10,1,8,6,[(8, 9), (9, 6), (9, 7), (9, 8), (9, 9), (10, 6)]
5476,10,1,8,7,[(8, 10), (9, 7), (9, 8), (9, 9), (9, 10), (10, 7)]
5477,10,1,8,8,[(8, 11), (9, 8), (9, 9), (9, 10), (9, 11), (10, 8)]
5478,10,1,9,0,[(9, 3), (10, 0), (10, 1), (10, 2), (10, 3), (11, 0)]
5479,10,1,9,1,[(9, 4), (10, 1), (10, 2), (10, 3), (10, 4), (11, 1)]
5480,10,1,9,2,[(9, 5), (10, 2), (10, 3), (10, 4), (10, 5), (11, 2)]
5481,10,1,9,3,[(9, 6), (10, 3), (10, 4), (10, 5), (10, 6), (11, 3)]
5482,10,1,9,4,[(9, 7), (10, 4), (10, 5), (10, 6), (10, 7), (11, 4)]
5483,10,1,9,5,[(9, 8), (10, 5), (10, 6), (10, 7), (10, 8), (11, 5)]
5484,10,1,9,6,[(9, 9), (10, 6), (10, 7), (10, 8), (10, 9), (11, 6)]
5485,10,1,9,7,[(9, 10), (10, 7), (10, 8), (10, 9), (10, 10), (11, 7)]
5486,10,1,9,8,[(9, 11), (10, 8), (10, 9), (10, 10), (10, 11), (11, 8)]
5487,10,2,0,0,[(0, 1), (0, 2), (1, 1), (2, 1), (3, 0), (3, 1)]
5488,10,2,0,1,[(0, 2), (0, 3), (1, 2), (2, 2), (3, 1), (3, 2)]
5489,10,2,0,2,[(0, 3), (0, 4), (1, 3), (2, 3), (3, 2), (3, 3)]
5490,10,2,0,3,[(0, 4), (0, 5), (1, 4), (2, 4), (3, 3), (3, 4)]
5491,10,2,0,4,[(0, 5), (0, 6), (1, 5), (2, 5), (3, 4), (3, 5)]
5492,10,2,0,5,[(0, 6), (0, 7), (1, 6), (2, 6), (3, 5), (3, 6)]
5493,10,2,0,6,[(0, 7), (0, 8), (1, 7), (2, 7), (3, 6), (3, 7)]
5494,10,2,0,7,[(0, 8), (0, 9), (1, 8), (2, 8), (3, 7), (3, 8)]
5495,10,2,0,8,[(0, 9), (0, 10), (1, 9), (2, 9), (3, 8), (3, 9)]
5496,10,2,0,9,[(0, 10), (0, 11), (1, 10), (2, 10), (3, 9), (3, 10)]
5497,10,2,1,0,[(1, 1), (1, 2), (2, 1), (3, 1), (4, 0), (4, 1)]
5498,10,2,1,1,[(1, 2), (1, 3), (2, 2), (3, 2), (4, 1), (4, 2)]
5499,10,2,1,2,[(1, 3), (1, 4), (2, 3), (3, 3), (4, 2), (4, 3)]
5500,10,2,1,3,[(1, 4), (1, 5), (2, 4), (3, 4), (4, 3), (4, 4)]
5501,10,2,1,4,[(1, 5), (1, 6), (2, 5), (3, 5), (4, 4), (4, 5)]
5502,10,2,1,5,[(1, 6), (1, 7), (2, 6), (3, 6), (4, 5), (4, 6)]
5503,10,2,1,6,[(1, 7), (1, 8), (2, 7), (3, 7), (4, 6), (4, 7)]
5504,10,2,1,7,[(1, 8), (1, 9), (2, 8), (3, 8), (4, 7), (4, 8)]
5505,10,2,1,8,[(1, 9), (1, 10), (2, 9), (3, 9), (4, 8), (4, 9)]
5506,10,2,1,9,[(1, 10), (1, 11), (2, 10), (3, 10), (4, 9), (4, 10)]
5507,10,2,2,0,[(2, 1), (2, 2), (3, 1), (4, 1), (5, 0), (5, 1)]
5508,10,2,2,1,[(2, 2), (2, 3), (3, 2), (4, 2), (5, 1), (5, 2)]
5509,10,2,2,2,[(2, 3), (2, 4), (3, 3), (4, 3), (5, 2), (5, 3)]
5510,10,2,2,3,[(2, 4), (2, 5), (3, 4), (4, 4), (5, 3), (5, 4)]
5511,10,2,2,4,[(2, 5), (2, 6), (3, 5), (4, 5), (5, 4), (5, 5)]
5512,10,2,2,5,[(2, 6), (2, 7), (3, 6), (4, 6), (5, 5), (5, 6)]
5513,10,2,2,6,[(2, 7), (2, 8), (3, 7), (4, 7), (5, 6), (5, 7)]
5514,10,2,2,7,[(2, 8), (2, 9), (3, 8), (4, 8), (5, 7), (5, 8)]
5515,10,2,2,8,[(2, 9), (2, 10), (3, 9), (4, 9), (5, 8), (5, 9)]
5516,10,2,2,9,[(2, 10), (2, 11), (3, 10), (4, 10), (5, 9), (5, 10)]
5517,10,2,3,0,[(3, 1), (3, 2), (4, 1), (5, 1), (6, 0), (6, 1)]
5518,10,2,3,1,[(3, 2), (3, 3), (4, 2), (5, 2), (6, 1), (6, 2)]
5519,10,2,3,2,[(3, 3), (3, 4), (4, 3), (5, 3), (6, 2), (6, 3)]
5520,10,2,3,3,[(3, 4), (3, 5), (4, 4), (5, 4), (6, 3), (6, 4)]
5521,10,2,3,4,[(3, 5), (3, 6), (4, 5), (5, 5), (6, 4), (6, 5)]
5522,10,2,3,5,[(3, 6), (3, 7), (4, 6), (5, 6), (6, 5), (6, 6)]
5523,10,2,3,6,[(3, 7), (3, 8), (4, 7), (5, 7), (6, 6), (6, 7)]
5524,10,2,3,7,[(3, 8), (3, 9), (4, 8), (5, 8), (6, 7), (6, 8)]
5525,10,2,3,8,[(3, 9), (3, 10), (4, 9), (5, 9), (6, 8), (6, 9)]
5526,10,2,3,9,[(3, 10), (3, 11), (4, 10), (5, 10), (6, 9), (6, 10)]
5527,10,2,4,0,[(4, 1), (4, 2), (5, 1), (6, 1), (7, 0), (7, 1)]
5528,10,2,4,1,[(4, 2), (4, 3), (5, 2), (6, 2), (7, 1), (7, 2)]
5529,10,2,4,2,[(4, 3), (4, 4), (5, 3), (6, 3), (7, 2), (7, 3)]
5530,10,2,4,3,[(4, 4), (4, 5), (5, 4), (6, 4), (7, 3), (7, 4)]
5531,10,2,4,4,[(4, 5), (4, 6), (5, 5), (6, 5), (7, 4), (7, 5)]
5532,10,2,4,5,[(4, 6), (4, 7), (5, 6), (6, 6), (7, 5), (7, 6)]
5533,10,2,4,6,[(4, 7), (4, 8), (5, 7), (6, 7), (7, 6), (7, 7)]
5534,10,2,4,7,[(4, 8), (4, 9), (5, 8), (6, 8), (7, 7), (7, 8)]
5535,10,2,4,8,[(4, 9), (4, 10), (5, 9), (6, 9), (7, 8), (7, 9)]
5536,10,2,4,9,[(4, 10), (4, 11), (5, 10), (6, 10), (7, 9), (7, 10)]
5537,10,2,5,0,[(5, 1), (5, 2), (6, 1), (7, 1), (8, 0), (8, 1)]
5538,10,2,5,1,[(5, 2), (5, 3), (6, 2), (7, 2), (8, 1), (8, 2)]
5539,10,2,5,2,[(5, 3), (5, 4), (6, 3), (7, 3), (8, 2), (8, 3)]
5540,10,2,5,3,[(5, 4), (5, 5), (6, 4), (7, 4), (8, 3), (8, 4)]
5541,10,2,5,4,[(5, 5), (5, 6), (6, 5), (7, 5), (8, 4), (8, 5)]
5542,10,2,5,5,[(5, 6), (5, 7), (6, 6), (7, 6), (8, 5), (8, 6)]
5543,10,2,5,6,[(5, 7), (5, 8), (6, 7), (7, 7), (8, 6), (8, 7)]
5544,10,2,5,7,[(5, 8), (5, 9), (6, 8), (7, 8), (8, 7), (8, 8)]
5545,10,2,5,8,[(5, 9), (5, 10), (6, 9), (7, 9), (8, 8), (8, 9)]
5546,10,2,5,9,[(5, 10), (5, 11), (6, 10), (7, 10), (8, 9), (8, 10)]
5547,10,2,6,0,[(6, 1), (6, 2), (7, 1), (8, 1), (9, 0), (9, 1)]
5548,10,2,6,1,[(6, 2), (6, 3), (7, 2), (8, 2), (9, 1), (9, 2)]
5549,10,2,6,2,[(6, 3), (6, 4), (7, 3), (8, 3), (9, 2), (9, 3)]
5550,10,2,6,3,[(6, 4), (6, 5), (7, 4), (8, 4), (9, 3), (9, 4)]
5551,10,2,6,4,[(6, 5), (6, 6), (7, 5), (8, 5), (9, 4), (9, 5)]
5552,10,2,6,5,[(6, 6), (6, 7), (7, 6), (8, 6), (9, 5), (9, 6)]
5553,10,2,6,6,[(6, 7), (6, 8), (7, 7), (8, 7), (9, 6), (9, 7)]
5554,10,2,6,7,[(6, 8), (6, 9), (7, 8), (8, 8), (9, 7), (9, 8)]
5555,10,2,6,8,[(6, 9), (6, 10), (7, 9), (8, 9), (9, 8), (9, 9)]
5556,10,2,6,9,[(6, 10), (6, 11), (7, 10), (8, 10), (9, 9), (9, 10)]
5557,10,2,7,0,[(7, 1), (7, 2), (8, 1), (9, 1), (10, 0), (10, 1)]
5558,10,2,7,1,[(7, 2), (7, 3), (8, 2), (9, 2), (10, 1), (10, 2)]
5559,10,2,7,2,[(7, 3), (7, 4), (8, 3), (9, 3), (10, 2), (10, 3)]
5560,10,2,7,3,[(7, 4), (7, 5), (8, 4), (9, 4), (10, 3), (10, 4)]
5561,10,2,7,4,[(7, 5), (7, 6), (8, 5), (9, 5), (10, 4), (10, 5)]
5562,10,2,7,5,[(7, 6), (7, 7), (8, 6), (9, 6), (10, 5), (10, 6)]
5563,10,2,7,6,[(7, 7), (7, 8), (8, 7), (9, 7), (10, 6), (10, 7)]
5564,10,2,7,7,[(7, 8), (7, 9), (8, 8), (9, 8), (10, 7), (10, 8)]
5565,10,2,7,8,[(7, 9), (7, 10), (8, 9), (9, 9), (10, 8), (10, 9)]
5566,10,2,7,9,[(7, 10), (7, 11), (8, 10), (9, 10), (10, 9), (10, 10)]
5567,10,2,8,0,[(8, 1), (8, 2), (9, 1), (10, 1), (11, 0), (11, 1)]
5568,10,2,8,1,[(8, 2), (8, 3), (9, 2), (10, 2), (11, 1), (11, 2)]
5569,10,2,8,2,[(8, 3), (8, 4), (9, 3), (10, 3), (11, 2), (11, 3)]
5570,10,2,8,3,[(8, 4), (8, 5), (9, 4), (10, 4), (11, 3), (11, 4)]
5571,10,2,8,4,[(8, 5), (8, 6), (9, 5), (10, 5), (11, 4), (11, 5)]
5572,10,2,8,5,[(8, 6), (8, 7), (9, 6), (10, 6), (11, 5), (11, 6)]
5573,10,2,8,6,[(8, 7), (8, 8), (9, 7), (10, 7), (11, 6), (11, 7)]
5574,10,2,8,7,[(8, 8), (8, 9), (9, 8), (10, 8), (11, 7), (11, 8)]
5575,10,2,8,8,[(8, 9), (8, 10), (9, 9), (10, 9), (11, 8), (11, 9)]
5576,10,2,8,9,[(8, 10), (8, 11), (9, 10), (10, 10), (11, 9), (11, 10)]
5577,10,3,0,0,[(0, 0), (0, 1), (1, 1), (2, 1), (3, 1), (3, 2)]
5578,10,3,0,1,[(0, 1), (0, 2), (1, 2), (2, 2), (3, 2), (3, 3)]
5579,10,3,0,2,[(0, 2), (0, 3), (1, 3), (2, 3), (3, 3), (3, 4)]
5580,10,3,0,3,[(0, 3), (0, 4), (1, 4), (2, 4), (3, 4), (3, 5)]
5581,10,3,0,4,[(0, 4), (0, 5), (1, 5), (2, 5), (3, 5), (3, 6)]
5582,10,3,0,5,[(0, 5), (0, 6), (1, 6), (2, 6), (3, 6), (3, 7)]
5583,10,3,0,6,[(0, 6), (0, 7), (1, 7), (2, 7), (3, 7), (3, 8)]
5584,10,3,0,7,[(0, 7), (0, 8), (1, 8), (2, 8), (3, 8), (3, 9)]
5585,10,3,0,8,[(0, 8), (0, 9), (1, 9), (2, 9), (3, 9), (3, 10)]
5586,10,3,0,9,[(0, 9), (0, 10), (1, 10), (2, 10), (3, 10), (3, 11)]
5587,10,3,1,0,[(1, 0), (1, 1), (2, 1), (3, 1), (4, 1), (4, 2)]
5588,10,3,1,1,[(1, 1), (1, 2), (2, 2), (3, 2), (4, 2), (4, 3)]
5589,10,3,1,2,[(1, 2), (1, 3), (2, 3), (3, 3), (4, 3), (4, 4)]
5590,10,3,1,3,[(1, 3), (1, 4), (2, 4), (3, 4), (4, 4), (4, 5)]
5591,10,3,1,4,[(1, 4), (1, 5), (2, 5), (3, 5), (4, 5), (4, 6)]
5592,10,3,1,5,[(1, 5), (1, 6), (2, 6), (3, 6), (4, 6), (4, 7)]
5593,10,3,1,6,[(1, 6), (1, 7), (2, 7), (3, 7), (4, 7), (4, 8)]
5594,10,3,1,7,[(1, 7), (1, 8), (2, 8), (3, 8), (4, 8), (4, 9)]
5595,10,3,1,8,[(1, 8), (1, 9), (2, 9), (3, 9), (4, 9), (4, 10)]
5596,10,3,1,9,[(1, 9), (1, 10), (2, 10), (3, 10), (4, 10), (4, 11)]
5597,10,3,2,0,[(2, 0), (2, 1), (3, 1), (4, 1), (5, 1), (5, 2)]
5598,10,3,2,1,[(2, 1), (2, 2), (3, 2), (4, 2), (5, 2), (5, 3)]
5599,10,3,2,2,[(2, 2), (2, 3), (3, 3), (4, 3), (5, 3), (5, 4)]
5600,10,3,2,3,[(2, 3), (2, 4), (3, 4), (4, 4), (5, 4), (5, 5)]
5601,10,3,2,4,[(2, 4), (2, 5), (3, 5), (4, 5), (5, 5), (5, 6)]
5602,10,3,2,5,[(2, 5), (2, 6), (3, 6), (4, 6), (5, 6), (5, 7)]
5603,10,3,2,6,[(2, 6), (2, 7), (3, 7), (4, 7), (5, 7), (5, 8)]
5604,10,3,2,7,[(2, 7), (2, 8), (3, 8), (4, 8), (5, 8), (5, 9)]
5605,10,3,2,8,[(2, 8), (2, 9), (3, 9), (4, 9), (5, 9), (5, 10)]
5606,10,3,2,9,[(2, 9), (2, 10), (3, 10), (4, 10), (5, 10), (5, 11)]
5607,10,3,3,0,[(3, 0), (3, 1), (4, 1), (5, 1), (6, 1), (6, 2)]
5608,10,3,3,1,[(3, 1), (3, 2), (4, 2), (5, 2), (6, 2), (6, 3)]
5609,10,3,3,2,[(3, 2), (3, 3), (4, 3), (5, 3), (6, 3), (6, 4)]
5610,10,3,3,3,[(3, 3), (3, 4), (4, 4), (5, 4), (6, 4), (6, 5)]
5611,10,3,3,4,[(3, 4), (3, 5), (4, 5), (5, 5), (6, 5), (6, 6)]
5612,10,3,3,5,[(3, 5), (3, 6), (4, 6), (5, 6), (6, 6), (6, 7)]
5613,10,3,3,6,[(3, 6), (3, 7), (4, 7), (5, 7), (6, 7), (6, 8)]
5614,10,3,3,7,[(3, 7), (3, 8), (4, 8), (5, 8), (6, 8), (6, 9)]
5615,10,3,3,8,[(3, 8), (3, 9), (4, 9), (5, 9), (6, 9), (6, 10)]
5616,10,3,3,9,[(3, 9), (3, 10), (4, 10), (5, 10), (6, 10), (6, 11)]
5617,10,3,4,0,[(4, 0), (4, 1), (5, 1), (6, 1), (7, 1), (7, 2)]
5618,10,3,4,1,[(4, 1), (4, 2), (5, 2), (6, 2), (7, 2), (7, 3)]
5619,10,3,4,2,[(4, 2), (4, 3), (5, 3), (6, 3), (7, 3), (7, 4)]
5620,10,3,4,3,[(4, 3), (4, 4), (5, 4), (6, 4), (7, 4), (7, 5)]
5621,10,3,4,4,[(4, 4), (4, 5), (5, 5), (6, 5), (7, 5), (7, 6)]
5622,10,3,4,5,[(4, 5), (4, 6), (5, 6), (6, 6), (7, 6), (7, 7)]
5623,10,3,4,6,[(4, 6), (4, 7), (5, 7), (6, 7), (7, 7), (7, 8)]
5624,10,3,4,7,[(4, 7), (4, 8), (5, 8), (6, 8), (7, 8), (7, 9)]
5625,10,3,4,8,[(4, 8), (4, 9), (5, 9), (6, 9), (7, 9), (7, 10)]
5626,10,3,4,9,[(4, 9), (4, 10), (5, 10), (6, 10), (7, 10), (7, 11)]
5627,10,3,5,0,[(5, 0), (5, 1), (6, 1), (7, 1), (8, 1), (8, 2)]
5628,10,3,5,1,[(5, 1), (5, 2), (6, 2), (7, 2), (8, 2), (8, 3)]
5629,10,3,5,2,[(5, 2), (5, 3), (6, 3), (7, 3), (8, 3), (8, 4)]
5630,10,3,5,3,[(5, 3), (5, 4), (6, 4), (7, 4), (8, 4), (8, 5)]
5631,10,3,5,4,[(5, 4), (5, 5), (6, 5), (7, 5), (8, 5), (8, 6)]
5632,10,3,5,5,[(5, 5), (5, 6), (6, 6), (7, 6), (8, 6), (8, 7)]
5633,10,3,5,6,[(5, 6), (5, 7), (6, 7), (7, 7), (8, 7), (8, 8)]
5634,10,3,5,7,[(5, 7), (5, 8), (6, 8), (7, 8), (8, 8), (8, 9)]
5635,10,3,5,8,[(5, 8), (5, 9), (6, 9), (7, 9), (8, 9), (8, 10)]
5636,10,3,5,9,[(5, 9), (5, 10), (6, 10), (7, 10), (8, 10), (8, 11)]
5637,10,3,6,0,[(6, 0), (6, 1), (7, 1), (8, 1), (9, 1), (9, 2)]
5638,10,3,6,1,[(6, 1), (6, 2), (7, 2), (8, 2), (9, 2), (9, 3)]
5639,10,3,6,2,[(6, 2), (6, 3), (7, 3), (8, 3), (9, 3), (9, 4)]
5640,10,3,6,3,[(6, 3), (6, 4), (7, 4), (8, 4), (9, 4), (9, 5)]
5641,10,3,6,4,[(6, 4), (6, 5), (7, 5), (8, 5), (9, 5), (9, 6)]
5642,10,3,6,5,[(6, 5), (6, 6), (7, 6), (8, 6), (9, 6), (9, 7)]
5643,10,3,6,6,[(6, 6), (6, 7), (7, 7), (8, 7), (9, 7), (9, 8)]
5644,10,3,6,7,[(6, 7), (6, 8), (7, 8), (8, 8), (9, 8), (9, 9)]
5645,10,3,6,8,[(6, 8), (6, 9), (7, 9), (8, 9), (9, 9), (9, 10)]
5646,10,3,6,9,[(6, 9), (6, 10), (7, 10), (8, 10), (9, 10), (9, 11)]
5647,10,3,7,0,[(7, 0), (7, 1), (8, 1), (9, 1), (10, 1), (10, 2)]
5648,10,3,7,1,[(7, 1), (7, 2), (8, 2), (9, 2), (10, 2), (10, 3)]
5649,10,3,7,2,[(7, 2), (7, 3), (8, 3), (9, 3), (10, 3), (10, 4)]
5650,10,3,7,3,[(7, 3), (7, 4), (8, 4), (9, 4), (10, 4), (10, 5)]
5651,10,3,7,4,[(7, 4), (7, 5), (8, 5), (9, 5), (10, 5), (10, 6)]
5652,10,3,7,5,[(7, 5), (7, 6), (8, 6), (9, 6), (10, 6), (10, 7)]
5653,10,3,7,6,[(7, 6), (7, 7), (8, 7), (9, 7), (10, 7), (10, 8)]
5654,10,3,7,7,[(7, 7), (7, 8), (8, 8), (9, 8), (10, 8), (10, 9)]
5655,10,3,7,8,[(7, 8), (7, 9), (8, 9), (9, 9), (10, 9), (10, 10)]
5656,10,3,7,9,[(7, 9), (7, 10), (8, 10), (9, 10), (10, 10), (10, 11)]
5657,10,3,8,0,[(8, 0), (8, 1), (9, 1), (10, 1), (11, 1), (11, 2)]
5658,10,3,8,1,[(8, 1), (8, 2), (9, 2), (10, 2), (11, 2), (11, 3)]
5659,10,3,8,2,[(8, 2), (8, 3), (9, 3), (10, 3), (11, 3), (11, 4)]
5660,10,3,8,3,[(8, 3), (8, 4), (9, 4), (10, 4), (11, 4), (11, 5)]
5661,10,3,8,4,[(8, 4), (8, 5), (9, 5), (10, 5), (11, 5), (11, 6)]
5662,10,3,8,5,[(8, 5), (8, 6), (9, 6), (10, 6), (11, 6), (11, 7)]
5663,10,3,8,6,[(8, 6), (8, 7), (9, 7), (10, 7), (11, 7), (11, 8)]
5664,10,3,8,7,[(8, 7), (8, 8), (9, 8), (10, 8), (11, 8), (11, 9)]
5665,10,3,8,8,[(8, 8), (8, 9), (9, 9), (10, 9), (11, 9), (11, 10)]
5666,10,3,8,9,[(8, 9), (8, 10), (9, 10), (10, 10), (11, 10), (11, 11)]
