var,piece,transform,x,y,cells
1,0,0,0,0,[(0, 0), (1, 0), (2, 0), (2, 1), (3, 1), (4, 1)]
2,0,0,0,1,[(0, 1), (1, 1), (2, 1), (2, 2), (3, 2), (4, 2)]
3,0,0,0,2,[(0, 2), (1, 2), (2, 2), (2, 3), (3, 3), (4, 3)]
4,0,0,0,3,[(0, 3), (1, 3), (2, 3), (2, 4), (3, 4), (4, 4)]
5,0,0,0,4,[(0, 4), (1, 4), (2, 4), (2, 5), (3, 5), (4, 5)]
6,0,0,0,5,[(0, 5), (1, 5), (2, 5), (2, 6), (3, 6), (4, 6)]
7,0,0,0,6,[(0, 6), (1, 6), (2, 6), (2, 7), (3, 7), (4, 7)]
8,0,0,0,7,[(0, 7), (1, 7), (2, 7), (2, 8), (3, 8), (4, 8)]
9,0,0,0,8,[(0, 8), (1, 8), (2, 8), (2, 9), (3, 9), (4, 9)]
10,0,0,0,9,[(0, 9), (1, 9), (2, 9), (2, 10), (3, 10), (4, 10)]
11,0,0,0,10,[(0, 10), (1, 10), (2, 10), (2, 11), (3, 11), (4, 11)]
12,0,0,0,11,[(0, 11), (1, 11), (2, 11), (2, 12), (3, 12), (4, 12)]
13,0,0,0,12,[(0, 12), (1, 12), (2, 12), (2, 13), (3, 13), (4, 13)]
14,0,0,0,13,[(0, 13), (1, 13), (2, 13), (2, 14), (3, 14), (4, 14)]
15,0,0,1,0,[(1, 0), (2, 0), (3, 0), (3, 1), (4, 1), (5, 1)]
16,0,0,1,1,[(1, 1), (2, 1), (3, 1), (3, 2), (4, 2), (5, 2)]
17,0,0,1,2,[(1, 2), (2, 2), (3, 2), (3, 3), (4, 3), (5, 3)]
18,0,0,1,3,[(1, 3), (2, 3), (3, 3), (3, 4), (4, 4), (5, 4)]
19,0,0,1,4,[(1, 4), (2, 4), (3, 4), (3, 5), (4, 5), (5, 5)]
20,0,0,1,5,[(1, 5), (2, 5), (3, 5), (3, 6), (4, 6), (5, 6)]
21,0,0,1,6,[(1, 6), (2, 6), (3, 6), (3, 7), (4, 7), (5, 7)]
22,0,0,1,7,[(1, 7), (2, 7), (3, 7), (3, 8), (4, 8), (5, 8)]
23,0,0,1,8,[(1, 8), (2, 8), (3, 8), (3, 9), (4, 9), (5, 9)]
24,0,0,1,9,[(1, 9), (2, 9), (3, 9), (3, 10), (4, 10), (5, 10)]
25,0,0,1,10,[(1, 10), (2, 10), (3, 10), (3, 11), (4, 11), (5, 11)]
26,0,0,1,11,[(1, 11), (2, 11), (3, 11), (3, 12), (4, 12), (5, 12)]
27,0,0,1,12,[(1, 12), (2, 12), (3, 12), (3, 13), (4, 13), (5, 13)]
28,0,0,1,13,[(1, 13), (2, 13), (3, 13), (3, 14), (4, 14), (5, 14)]
29,0,0,2,0,[(2, 0), (3, 0), (4, 0), (4, 1), (5, 1), (6, 1)]
30,0,0,2,1,[(2, 1), (3, 1), (4, 1), (4, 2), (5, 2), (6, 2)]
31,0,0,2,2,[(2, 2), (3, 2), (4, 2), (4, 3), (5, 3), (6, 3)]
32,0,0,2,3,[(2, 3), (3, 3), (4, 3), (4, 4), (5, 4), (6, 4)]
33,0,0,2,4,[(2, 4), (3, 4), (4, 4), (4, 5), (5, 5), (6, 5)]
34,0,0,2,5,[(2, 5), (3, 5), (4, 5), (4, 6), (5, 6), (6, 6)]
35,0,0,2,6,[(2, 6), (3, 6), (4, 6), (4, 7), (5, 7), (6, 7)]
36,0,0,2,7,[(2, 7), (3, 7), (4, 7), (4, 8), (5, 8), (6, 8)]
37,0,0,2,8,[(2, 8), (3, 8), (4, 8), (4, 9), (5, 9), (6, 9)]
38,0,0,2,9,[(2, 9), (3, 9), (4, 9), (4, 10), (5, 10), (6, 10)]
39,0,0,2,10,[(2, 10), (3, 10), (4, 10), (4, 11), (5, 11), (6, 11)]
40,0,0,2,11,[(2, 11), (3, 11), (4, 11), (4, 12), (5, 12), (6, 12)]
41,0,0,2,12,[(2, 12), (3, 12), (4, 12), (4, 13), (5, 13), (6, 13)]
42,0,0,2,13,[(2, 13), (3, 13), (4, 13), (4, 14), (5, 14), (6, 14)]
43,0,0,3,0,[(3, 0), (4, 0), (5, 0), (5, 1), (6, 1), (7, 1)]
44,0,0,3,1,[(3, 1), (4, 1), (5, 1), (5, 2), (6, 2), (7, 2)]
45,0,0,3,2,[(3, 2), (4, 2), (5, 2), (5, 3), (6, 3), (7, 3)]
46,0,0,3,3,[(3, 3), (4, 3), (5, 3), (5, 4), (6, 4), (7, 4)]
47,0,0,3,4,[(3, 4), (4, 4), (5, 4), (5, 5), (6, 5), (7, 5)]
48,0,0,3,5,[(3, 5), (4, 5), (5, 5), (5, 6), (6, 6), (7, 6)]
49,0,0,3,6,[(3, 6), (4, 6), (5, 6), (5, 7), (6, 7), (7, 7)]
50,0,0,3,7,[(3, 7), (4, 7), (5, 7), (5, 8), (6, 8), (7, 8)]
51,0,0,3,8,[(3, 8), (4, 8), (5, 8), (5, 9), (6, 9), (7, 9)]
52,0,0,3,9,[(3, 9), (4, 9), (5, 9), (5, 10), (6, 10), (7, 10)]
53,0,0,3,10,[(3, 10), (4, 10), (5, 10), (5, 11), (6, 11), (7, 11)]
54,0,0,3,11,[(3, 11), (4, 11), (5, 11), (5, 12), (6, 12), (7, 12)]
55,0,0,3,12,[(3, 12), (4, 12), (5, 12), (5, 13), (6, 13), (7, 13)]
56,0,0,3,13,[(3, 13), (4, 13), (5, 13), (5, 14), (6, 14), (7, 14)]
57,0,0,4,0,[(4, 0), (5, 0), (6, 0), (6, 1), (7, 1), (8, 1)]
58,0,0,4,1,[(4, 1), (5, 1), (6, 1), (6, 2), (7, 2), (8, 2)]
59,0,0,4,2,[(4, 2), (5, 2), (6, 2), (6, 3), (7, 3), (8, 3)]
60,0,0,4,3,[(4, 3), (5, 3), (6, 3), (6, 4), (7, 4), (8, 4)]
61,0,0,4,4,[(4, 4), (5, 4), (6, 4), (6, 5), (7, 5), (8, 5)]
62,0,0,4,5,[(4, 5), (5, 5), (6, 5), (6, 6), (7, 6), (8, 6)]
63,0,0,4,6,[(4, 6), (5, 6), (6, 6), (6, 7), (7, 7), (8, 7)]
64,0,0,4,7,[(4, 7), (5, 7), (6, 7), (6, 8), (7, 8), (8, 8)]
65,0,0,4,8,[(4, 8), (5, 8), (6, 8), (6, 9), (7, 9), (8, 9)]
66,0,0,4,9,[(4, 9), (5, 9), (6, 9), (6, 10), (7, 10), (8, 10)]
67,0,0,4,10,[(4, 10), (5, 10), (6, 10), (6, 11), (7, 11), (8, 11)]
68,0,0,4,11,[(4, 11), (5, 11), (6, 11), (6, 12), (7, 12), (8, 12)]
69,0,0,4,12,[(4, 12), (5, 12), (6, 12), (6, 13), (7, 13), (8, 13)]
70,0,0,4,13,[(4, 13), (5, 13), (6, 13), (6, 14), (7, 14), (8, 14)]
71,0,0,5,0,[(5, 0), (6, 0), (7, 0), (7, 1), (8, 1), (9, 1)]
72,0,0,5,1,[(5, 1), (6, 1), (7, 1), (7, 2), (8, 2), (9, 2)]
73,0,0,5,2,[(5, 2), (6, 2), (7, 2), (7, 3), (8, 3), (9, 3)]
74,0,0,5,3,[(5, 3), (6, 3), (7, 3), (7, 4), (8, 4), (9, 4)]
75,0,0,5,4,[(5, 4), (6, 4), (7, 4), (7, 5), (8, 5), (9, 5)]
76,0,0,5,5,[(5, 5), (6, 5), (7, 5), (7, 6), (8, 6), (9, 6)]
77,0,0,5,6,[(5, 6), (6, 6), (7, 6), (7, 7), (8, 7), (9, 7)]
78,0,0,5,7,[(5, 7), (6, 7), (7, 7), (7, 8), (8, 8), (9, 8)]
79,0,0,5,8,[(5, 8), (6, 8), (7, 8), (7, 9), (8, 9), (9, 9)]
80,0,0,5,9,[(5, 9), (6, 9), (7, 9), (7, 10), (8, 10), (9, 10)]
81,0,0,5,10,[(5, 10), (6, 10), (7, 10), (7, 11), (8, 11), (9, 11)]
82,0,0,5,11,[(5, 11), (6, 11), (7, 11), (7, 12), (8, 12), (9, 12)]
83,0,0,5,12,[(5, 12), (6, 12), (7, 12), (7, 13), (8, 13), (9, 13)]
84,0,0,5,13,[(5, 13), (6, 13), (7, 13), (7, 14), (8, 14), (9, 14)]
85,0,1,0,0,[(0, 1), (1, 1), (2, 0), (2, 1), (3, 0), (4, 0)]
86,0,1,0,1,[(0, 2), (1, 2), (2, 1), (2, 2), (3, 1), (4, 1)]
87,0,1,0,2,[(0, 3), (1, 3), (2, 2), (2, 3), (3, 2), (4, 2)]
88,0,1,0,3,[(0, 4), (1, 4), (2, 3), (2, 4), (3, 3), (4, 3)]
89,0,1,0,4,[(0, 5), (1, 5), (2, 4), (2, 5), (3, 4), (4, 4)]
90,0,1,0,5,[(0, 6), (1, 6), (2, 5), (2, 6), (3, 5), (4, 5)]
91,0,1,0,6,[(0, 7), (1, 7), (2, 6), (2, 7), (3, 6), (4, 6)]
92,0,1,0,7,[(0, 8), (1, 8), (2, 7), (2, 8), (3, 7), (4, 7)]
93,0,1,0,8,[(0, 9), (1, 9), (2, 8), (2, 9), (3, 8), (4, 8)]
94,0,1,0,9,[(0, 10), (1, 10), (2, 9), (2, 10), (3, 9), (4, 9)]
95,0,1,0,10,[(0, 11), (1, 11), (2, 10), (2, 11), (3, 10), (4, 10)]
96,0,1,0,11,[(0, 12), (1, 12), (2, 11), (2, 12), (3, 11), (4, 11)]
97,0,1,0,12,[(0, 13), (1, 13), (2, 12), (2, 13), (3, 12), (4, 12)]
98,0,1,0,13,[(0, 14), (1, 14), (2, 13), (2, 14), (3, 13), (4, 13)]
99,0,1,1,0,[(1, 1), (2, 1), (3, 0), (3, 1), (4, 0), (5, 0)]
100,0,1,1,1,[(1, 2), (2, 2), (3, 1), (3, 2), (4, 1), (5, 1)]
101,0,1,1,2,[(1, 3), (2, 3), (3, 2), (3, 3), (4, 2), (5, 2)]
102,0,1,1,3,[(1, 4), (2, 4), (3, 3), (3, 4), (4, 3), (5, 3)]
103,0,1,1,4,[(1, 5), (2, 5), (3, 4), (3, 5), (4, 4), (5, 4)]
104,0,1,1,5,[(1, 6), (2, 6), (3, 5), (3, 6), (4, 5), (5, 5)]
105,0,1,1,6,[(1, 7), (2, 7), (3, 6), (3, 7), (4, 6), (5, 6)]
106,0,1,1,7,[(1, 8), (2, 8), (3, 7), (3, 8), (4, 7), (5, 7)]
107,0,1,1,8,[(1, 9), (2, 9), (3, 8), (3, 9), (4, 8), (5, 8)]
108,0,1,1,9,[(1, 10), (2, 10), (3, 9), (3, 10), (4, 9), (5, 9)]
109,0,1,1,10,[(1, 11), (2, 11), (3, 10), (3, 11), (4, 10), (5, 10)]
110,0,1,1,11,[(1, 12), (2, 12), (3, 11), (3, 12), (4, 11), (5, 11)]
111,0,1,1,12,[(1, 13), (2, 13), (3, 12), (3, 13), (4, 12), (5, 12)]
112,0,1,1,13,[(1, 14), (2, 14), (3, 13), (3, 14), (4, 13), (5, 13)]
113,0,1,2,0,[(2, 1), (3, 1), (4, 0), (4, 1), (5, 0), (6, 0)]
114,0,1,2,1,[(2, 2), (3, 2), (4, 1), (4, 2), (5, 1), (6, 1)]
115,0,1,2,2,[(2, 3), (3, 3), (4, 2), (4, 3), (5, 2), (6, 2)]
116,0,1,2,3,[(2, 4), (3, 4), (4, 3), (4, 4), (5, 3), (6, 3)]
117,0,1,2,4,[(2, 5), (3, 5), (4, 4), (4, 5), (5, 4), (6, 4)]
118,0,1,2,5,[(2, 6), (3, 6), (4, 5), (4, 6), (5, 5), (6, 5)]
119,0,1,2,6,[(2, 7), (3, 7), (4, 6), (4, 7), (5, 6), (6, 6)]
120,0,1,2,7,[(2, 8), (3, 8), (4, 7), (4, 8), (5, 7), (6, 7)]
121,0,1,2,8,[(2, 9), (3, 9), (4, 8), (4, 9), (5, 8), (6, 8)]
122,0,1,2,9,[(2, 10), (3, 10), (4, 9), (4, 10), (5, 9), (6, 9)]
123,0,1,2,10,[(2, 11), (3, 11), (4, 10), (4, 11), (5, 10), (6, 10)]
124,0,1,2,11,[(2, 12), (3, 12), (4, 11), (4, 12), (5, 11), (6, 11)]
125,0,1,2,12,[(2, 13), (3, 13), (4, 12), (4, 13), (5, 12), (6, 12)]
126,0,1,2,13,[(2, 14), (3, 14), (4, 13), (4, 14), (5, 13), (6, 13)]
127,0,1,3,0,[(3, 1), (4, 1), (5, 0), (5, 1), (6, 0), (7, 0)]
128,0,1,3,1,[(3, 2), (4, 2), (5, 1), (5, 2), (6, 1), (7, 1)]
129,0,1,3,2,[(3, 3), (4, 3), (5, 2), (5, 3), (6, 2), (7, 2)]
130,0,1,3,3,[(3, 4), (4, 4), (5, 3), (5, 4), (6, 3), (7, 3)]
131,0,1,3,4,[(3, 5), (4, 5), (5, 4), (5, 5), (6, 4), (7, 4)]
132,0,1,3,5,[(3, 6), (4, 6), (5, 5), (5, 6), (6, 5), (7, 5)]
133,0,1,3,6,[(3, 7), (4, 7), (5, 6), (5, 7), (6, 6), (7, 6)]
134,0,1,3,7,[(3, 8), (4, 8), (5, 7), (5, 8), (6, 7), (7, 7)]
135,0,1,3,8,[(3, 9), (4, 9), (5, 8), (5, 9), (6, 8), (7, 8)]
136,0,1,3,9,[(3, 10), (4, 10), (5, 9), (5, 10), (6, 9), (7, 9)]
137,0,1,3,10,[(3, 11), (4, 11), (5, 10), (5, 11), (6, 10), (7, 10)]
138,0,1,3,11,[(3, 12), (4, 12), (5, 11), (5, 12), (6, 11), (7, 11)]
139,0,1,3,12,[(3, 13), (4, 13), (5, 12), (5, 13), (6, 12), (7, 12)]
140,0,1,3,13,[(3, 14), (4, 14), (5, 13), (5, 14), (6, 13), (7, 13)]
141,0,1,4,0,[(4, 1), (5, 1), (6, 0), (6, 1), (7, 0), (8, 0)]
142,0,1,4,1,[(4, 2), (5, 2), (6, 1), (6, 2), (7, 1), (8, 1)]
143,0,1,4,2,[(4, 3), (5, 3), (6, 2), (6, 3), (7, 2), (8, 2)]
144,0,1,4,3,[(4, 4), (5, 4), (6, 3), (6, 4), (7, 3), (8, 3)]
145,0,1,4,4,[(4, 5), (5, 5), (6, 4), (6, 5), (7, 4), (8, 4)]
146,0,1,4,5,[(4, 6), (5, 6), (6, 5), (6, 6), (7, 5), (8, 5)]
147,0,1,4,6,[(4, 7), (5, 7), (6, 6), (6, 7), (7, 6), (8, 6)]
148,0,1,4,7,[(4, 8), (5, 8), (6, 7), (6, 8), (7, 7), (8, 7)]
149,0,1,4,8,[(4, 9), (5, 9), (6, 8), (6, 9), (7, 8), (8, 8)]
150,0,1,4,9,[(4, 10), (5, 10), (6, 9), (6, 10), (7, 9), (8, 9)]
151,0,1,4,10,[(4, 11), (5, 11), (6, 10), (6, 11), (7, 10), (8, 10)]
152,0,1,4,11,[(4, 12), (5, 12), (6, 11), (6, 12), (7, 11), (8, 11)]
153,0,1,4,12,[(4, 13), (5, 13), (6, 12), (6, 13), (7, 12), (8, 12)]
154,0,1,4,13,[(4, 14), (5, 14), (6, 13), (6, 14), (7, 13), (8, 13)]
155,0,1,5,0,[(5, 1), (6, 1), (7, 0), (7, 1), (8, 0), (9, 0)]
156,0,1,5,1,[(5, 2), (6, 2), (7, 1), (7, 2), (8, 1), (9, 1)]
157,0,1,5,2,[(5, 3), (6, 3), (7, 2), (7, 3), (8, 2), (9, 2)]
158,0,1,5,3,[(5, 4), (6, 4), (7, 3), (7, 4), (8, 3), (9, 3)]
159,0,1,5,4,[(5, 5), (6, 5), (7, 4), (7, 5), (8, 4), (9, 4)]
160,0,1,5,5,[(5, 6), (6, 6), (7, 5), (7, 6), (8, 5), (9, 5)]
161,0,1,5,6,[(5, 7), (6, 7), (7, 6), (7, 7), (8, 6), (9, 6)]
162,0,1,5,7,[(5, 8), (6, 8), (7, 7), (7, 8), (8, 7), (9, 7)]
163,0,1,5,8,[(5, 9), (6, 9), (7, 8), (7, 9), (8, 8), (9, 8)]
164,0,1,5,9,[(5, 10), (6, 10), (7, 9), (7, 10), (8, 9), (9, 9)]
165,0,1,5,10,[(5, 11), (6, 11), (7, 10), (7, 11), (8, 10), (9, 10)]
166,0,1,5,11,[(5, 12), (6, 12), (7, 11), (7, 12), (8, 11), (9, 11)]
167,0,1,5,12,[(5, 13), (6, 13), (7, 12), (7, 13), (8, 12), (9, 12)]
168,0,1,5,13,[(5, 14), (6, 14), (7, 13), (7, 14), (8, 13), (9, 13)]
169,0,2,0,0,[(0, 2), (0, 3), (0, 4), (1, 0), (1, 1), (1, 2)]
170,0,2,0,1,[(0, 3), (0, 4), (0, 5), (1, 1), (1, 2), (1, 3)]
171,0,2,0,2,[(0, 4), (0, 5), (0, 6), (1, 2), (1, 3), (1, 4)]
172,0,2,0,3,[(0, 5), (0, 6), (0, 7), (1, 3), (1, 4), (1, 5)]
173,0,2,0,4,[(0, 6), (0, 7), (0, 8), (1, 4), (1, 5), (1, 6)]
174,0,2,0,5,[(0, 7), (0, 8), (0, 9), (1, 5), (1, 6), (1, 7)]
175,0,2,0,6,[(0, 8), (0, 9), (0, 10), (1, 6), (1, 7), (1, 8)]
176,0,2,0,7,[(0, 9), (0, 10), (0, 11), (1, 7), (1, 8), (1, 9)]
177,0,2,0,8,[(0, 10), (0, 11), (0, 12), (1, 8), (1, 9), (1, 10)]
178,0,2,0,9,[(0, 11), (0, 12), (0, 13), (1, 9), (1, 10), (1, 11)]
179,0,2,0,10,[(0, 12), (0, 13), (0, 14), (1, 10), (1, 11), (1, 12)]
180,0,2,1,0,[(1, 2), (1, 3), (1, 4), (2, 0), (2, 1), (2, 2)]
181,0,2,1,1,[(1, 3), (1, 4), (1, 5), (2, 1), (2, 2), (2, 3)]
182,0,2,1,2,[(1, 4), (1, 5), (1, 6), (2, 2), (2, 3), (2, 4)]
183,0,2,1,3,[(1, 5), (1, 6), (1, 7), (2, 3), (2, 4), (2, 5)]
184,0,2,1,4,[(1, 6), (1, 7), (1, 8), (2, 4), (2, 5), (2, 6)]
185,0,2,1,5,[(1, 7), (1, 8), (1, 9), (2, 5), (2, 6), (2, 7)]
186,0,2,1,6,[(1, 8), (1, 9), (1, 10), (2, 6), (2, 7), (2, 8)]
187,0,2,1,7,[(1, 9), (1, 10), (1, 11), (2, 7), (2, 8), (2, 9)]
188,0,2,1,8,[(1, 10), (1, 11), (1, 12), (2, 8), (2, 9), (2, 10)]
189,0,2,1,9,[(1, 11), (1, 12), (1, 13), (2, 9), (2, 10), (2, 11)]
190,0,2,1,10,[(1, 12), (1, 13), (1, 14), (2, 10), (2, 11), (2, 12)]
191,0,2,2,0,[(2, 2), (2, 3), (2, 4), (3, 0), (3, 1), (3, 2)]
192,0,2,2,1,[(2, 3), (2, 4), (2, 5), (3, 1), (3, 2), (3, 3)]
193,0,2,2,2,[(2, 4), (2, 5), (2, 6), (3, 2), (3, 3), (3, 4)]
194,0,2,2,3,[(2, 5), (2, 6), (2, 7), (3, 3), (3, 4), (3, 5)]
195,0,2,2,4,[(2, 6), (2, 7), (2, 8), (3, 4), (3, 5), (3, 6)]
196,0,2,2,5,[(2, 7), (2, 8), (2, 9), (3, 5), (3, 6), (3, 7)]
197,0,2,2,6,[(2, 8), (2, 9), (2, 10), (3, 6), (3, 7), (3, 8)]
198,0,2,2,7,[(2, 9), (2, 10), (2, 11), (3, 7), (3, 8), (3, 9)]
199,0,2,2,8,[(2, 10), (2, 11), (2, 12), (3, 8), (3, 9), (3, 10)]
200,0,2,2,9,[(2, 11), (2, 12), (2, 13), (3, 9), (3, 10), (3, 11)]
201,0,2,2,10,[(2, 12), (2, 13), (2, 14), (3, 10), (3, 11), (3, 12)]
202,0,2,3,0,[(3, 2), (3, 3), (3, 4), (4, 0), (4, 1), (4, 2)]
203,0,2,3,1,[(3, 3), (3, 4), (3, 5), (4, 1), (4, 2), (4, 3)]
204,0,2,3,2,[(3, 4), (3, 5), (3, 6), (4, 2), (4, 3), (4, 4)]
205,0,2,3,3,[(3, 5), (3, 6), (3, 7), (4, 3), (4, 4), (4, 5)]
206,0,2,3,4,[(3, 6), (3, 7), (3, 8), (4, 4), (4, 5), (4, 6)]
207,0,2,3,5,[(3, 7), (3, 8), (3, 9), (4, 5), (4, 6), (4, 7)]
208,0,2,3,6,[(3, 8), (3, 9), (3, 10), (4, 6), (4, 7), (4, 8)]
209,0,2,3,7,[(3, 9), (3, 10), (3, 11), (4, 7), (4, 8), (4, 9)]
210,0,2,3,8,[(3, 10), (3, 11), (3, 12), (4, 8), (4, 9), (4, 10)]
211,0,2,3,9,[(3, 11), (3, 12), (3, 13), (4, 9), (4, 10), (4, 11)]
212,0,2,3,10,[(3, 12), (3, 13), (3, 14), (4, 10), (4, 11), (4, 12)]
213,0,2,4,0,[(4, 2), (4, 3), (4, 4), (5, 0), (5, 1), (5, 2)]
214,0,2,4,1,[(4, 3), (4, 4), (4, 5), (5, 1), (5, 2), (5, 3)]
215,0,2,4,2,[(4, 4), (4, 5), (4, 6), (5, 2), (5, 3), (5, 4)]
216,0,2,4,3,[(4, 5), (4, 6), (4, 7), (5, 3), (5, 4), (5, 5)]
217,0,2,4,4,[(4, 6), (4, 7), (4, 8), (5, 4), (5, 5), (5, 6)]
218,0,2,4,5,[(4, 7), (4, 8), (4, 9), (5, 5), (5, 6), (5, 7)]
219,0,2,4,6,[(4, 8), (4, 9), (4, 10), (5, 6), (5, 7), (5, 8)]
220,0,2,4,7,[(4, 9), (4, 10), (4, 11), (5, 7), (5, 8), (5, 9)]
221,0,2,4,8,[(4, 10), (4, 11), (4, 12), (5, 8), (5, 9), (5, 10)]
222,0,2,4,9,[(4, 11), (4, 12), (4, 13), (5, 9), (5, 10), (5, 11)]
223,0,2,4,10,[(4, 12), (4, 13), (4, 14), (5, 10), (5, 11), (5, 12)]
224,0,2,5,0,[(5, 2), (5, 3), (5, 4), (6, 0), (6, 1), (6, 2)]
225,0,2,5,1,[(5, 3), (5, 4), (5, 5), (6, 1), (6, 2), (6, 3)]
226,0,2,5,2,[(5, 4), (5, 5), (5, 6), (6, 2), (6, 3), (6, 4)]
227,0,2,5,3,[(5, 5), (5, 6), (5, 7), (6, 3), (6, 4), (6, 5)]
228,0,2,5,4,[(5, 6), (5, 7), (5, 8), (6, 4), (6, 5), (6, 6)]
229,0,2,5,5,[(5, 7), (5, 8), (5, 9), (6, 5), (6, 6), (6, 7)]
230,0,2,5,6,[(5, 8), (5, 9), (5, 10), (6, 6), (6, 7), (6, 8)]
231,0,2,5,7,[(5, 9), (5, 10), (5, 11), (6, 7), (6, 8), (6, 9)]
232,0,2,5,8,[(5, 10), (5, 11), (5, 12), (6, 8), (6, 9), (6, 10)]
233,0,2,5,9,[(5, 11), (5, 12), (5, 13), (6, 9), (6, 10), (6, 11)]
234,0,2,5,10,[(5, 12), (5, 13), (5, 14), (6, 10), (6, 11), (6, 12)]
235,0,2,6,0,[(6, 2), (6, 3), (6, 4), (7, 0), (7, 1), (7, 2)]
236,0,2,6,1,[(6, 3), (6, 4), (6, 5), (7, 1), (7, 2), (7, 3)]
237,0,2,6,2,[(6, 4), (6, 5), (6, 6), (7, 2), (7, 3), (7, 4)]
238,0,2,6,3,[(6, 5), (6, 6), (6, 7), (7, 3), (7, 4), (7, 5)]
239,0,2,6,4,[(6, 6), (6, 7), (6, 8), (7, 4), (7, 5), (7, 6)]
240,0,2,6,5,[(6, 7), (6, 8), (6, 9), (7, 5), (7, 6), (7, 7)]
241,0,2,6,6,[(6, 8), (6, 9), (6, 10), (7, 6), (7, 7), (7, 8)]
242,0,2,6,7,[(6, 9), (6, 10), (6, 11), (7, 7), (7, 8), (7, 9)]
243,0,2,6,8,[(6, 10), (6, 11), (6, 12), (7, 8), (7, 9), (7, 10)]
244,0,2,6,9,[(6, 11), (6, 12), (6, 13), (7, 9), (7, 10), (7, 11)]
245,0,2,6,10,[(6, 12), (6, 13), (6, 14), (7, 10), (7, 11), (7, 12)]
246,0,2,7,0,[(7, 2), (7, 3), (7, 4), (8, 0), (8, 1), (8, 2)]
247,0,2,7,1,[(7, 3), (7, 4), (7, 5), (8, 1), (8, 2), (8, 3)]
248,0,2,7,2,[(7, 4), (7, 5), (7, 6), (8, 2), (8, 3), (8, 4)]
249,0,2,7,3,[(7, 5), (7, 6), (7, 7), (8, 3), (8, 4), (8, 5)]
250,0,2,7,4,[(7, 6), (7, 7), (7, 8), (8, 4), (8, 5), (8, 6)]
251,0,2,7,5,[(7, 7), (7, 8), (7, 9), (8, 5), (8, 6), (8, 7)]
252,0,2,7,6,[(7, 8), (7, 9), (7, 10), (8, 6), (8, 7), (8, 8)]
253,0,2,7,7,[(7, 9), (7, 10), (7, 11), (8, 7), (8, 8), (8, 9)]
254,0,2,7,8,[(7, 10), (7, 11), (7, 12), (8, 8), (8, 9), (8, 10)]
255,0,2,7,9,[(7, 11), (7, 12), (7, 13), (8, 9), (8, 10), (8, 11)]
256,0,2,7,10,[(7, 12), (7, 13), (7, 14), (8, 10), (8, 11), (8, 12)]
257,0,2,8,0,[(8, 2), (8, 3), (8, 4), (9, 0), (9, 1), (9, 2)]
258,0,2,8,1,[(8, 3), (8, 4), (8, 5), (9, 1), (9, 2), (9, 3)]
259,0,2,8,2,[(8, 4), (8, 5), (8, 6), (9, 2), (9, 3), (9, 4)]
260,0,2,8,3,[(8, 5), (8, 6), (8, 7), (9, 3), (9, 4), (9, 5)]
261,0,2,8,4,[(8, 6), (8, 7), (8, 8), (9, 4), (9, 5), (9, 6)]
262,0,2,8,5,[(8, 7), (8, 8), (8, 9), (9, 5), (9, 6), (9, 7)]
263,0,2,8,6,[(8, 8), (8, 9), (8, 10), (9, 6), (9, 7), (9, 8)]
264,0,2,8,7,[(8, 9), (8, 10), (8, 11), (9, 7), (9, 8), (9, 9)]
265,0,2,8,8,[(8, 10), (8, 11), (8, 12), (9, 8), (9, 9), (9, 10)]
266,0,2,8,9,[(8, 11), (8, 12), (8, 13), (9, 9), (9, 10), (9, 11)]
267,0,2,8,10,[(8, 12), (8, 13), (8, 14), (9, 10), (9, 11), (9, 12)]
268,0,3,0,0,[(0, 0), (0, 1), (0, 2), (1, 2), (1, 3), (1, 4)]
269,0,3,0,1,[(0, 1), (0, 2), (0, 3), (1, 3), (1, 4), (1, 5)]
270,0,3,0,2,[(0, 2), (0, 3), (0, 4), (1, 4), (1, 5), (1, 6)]
271,0,3,0,3,[(0, 3), (0, 4), (0, 5), (1, 5), (1, 6), (1, 7)]
272,0,3,0,4,[(0, 4), (0, 5), (0, 6), (1, 6), (1, 7), (1, 8)]
273,0,3,0,5,[(0, 5), (0, 6), (0, 7), (1, 7), (1, 8), (1, 9)]
274,0,3,0,6,[(0, 6), (0, 7), (0, 8), (1, 8), (1, 9), (1, 10)]
275,0,3,0,7,[(0, 7), (0, 8), (0, 9), (1, 9), (1, 10), (1, 11)]
276,0,3,0,8,[(0, 8), (0, 9), (0, 10), (1, 10), (1, 11), (1, 12)]
277,0,3,0,9,[(0, 9), (0, 10), (0, 11), (1, 11), (1, 12), (1, 13)]
278,0,3,0,10,[(0, 10), (0, 11), (0, 12), (1, 12), (1, 13), (1, 14)]
279,0,3,1,0,[(1, 0), (1, 1), (1, 2), (2, 2), (2, 3), (2, 4)]
280,0,3,1,1,[(1, 1), (1, 2), (1, 3), (2, 3), (2, 4), (2, 5)]
281,0,3,1,2,[(1, 2), (1, 3), (1, 4), (2, 4), (2, 5), (2, 6)]
282,0,3,1,3,[(1, 3), (1, 4), (1, 5), (2, 5), (2, 6), (2, 7)]
283,0,3,1,4,[(1, 4), (1, 5), (1, 6), (2, 6), (2, 7), (2, 8)]
284,0,3,1,5,[(1, 5), (1, 6), (1, 7), (2, 7), (2, 8), (2, 9)]
285,0,3,1,6,[(1, 6), (1, 7), (1, 8), (2, 8), (2, 9), (2, 10)]
286,0,3,1,7,[(1, 7), (1, 8), (1, 9), (2, 9), (2, 10), (2, 11)]
287,0,3,1,8,[(1, 8), (1, 9), (1, 10), (2, 10), (2, 11), (2, 12)]
288,0,3,1,9,[(1, 9), (1, 10), (1, 11), (2, 11), (2, 12), (2, 13)]
289,0,3,1,10,[(1, 10), (1, 11), (1, 12), (2, 12), (2, 13), (2, 14)]
290,0,3,2,0,[(2, 0), (2, 1), (2, 2), (3, 2), (3, 3), (3, 4)]
291,0,3,2,1,[(2, 1), (2, 2), (2, 3), (3, 3), (3, 4), (3, 5)]
292,0,3,2,2,[(2, 2), (2, 3), (2, 4), (3, 4), (3, 5), (3, 6)]
293,0,3,2,3,[(2, 3), (2, 4), (2, 5), (3, 5), (3, 6), (3, 7)]
294,0,3,2,4,[(2, 4), (2, 5), (2, 6), (3, 6), (3, 7), (3, 8)]
295,0,3,2,5,[(2, 5), (2, 6), (2, 7), (3, 7), (3, 8), (3, 9)]
296,0,3,2,6,[(2, 6), (2, 7), (2, 8), (3, 8), (3, 9), (3, 10)]
297,0,3,2,7,[(2, 7), (2, 8), (2, 9), (3, 9), (3, 10), (3, 11)]
298,0,3,2,8,[(2, 8), (2, 9), (2, 10), (3, 10), (3, 11), (3, 12)]
299,0,3,2,9,[(2, 9), (2, 10), (2, 11), (3, 11), (3, 12), (3, 13)]
300,0,3,2,10,[(2, 10), (2, 11), (2, 12), (3, 12), (3, 13), (3, 14)]
301,0,3,3,0,[(3, 0), (3, 1), (3, 2), (4, 2), (4, 3), (4, 4)]
302,0,3,3,1,[(3, 1), (3, 2), (3, 3), (4, 3), (4, 4), (4, 5)]
303,0,3,3,2,[(3, 2), (3, 3), (3, 4), (4, 4), (4, 5), (4, 6)]
304,0,3,3,3,[(3, 3), (3, 4), (3, 5), (4, 5), (4, 6), (4, 7)]
305,0,3,3,4,[(3, 4), (3, 5), (3, 6), (4, 6), (4, 7), (4, 8)]
306,0,3,3,5,[(3, 5), (3, 6), (3, 7), (4, 7), (4, 8), (4, 9)]
307,0,3,3,6,[(3, 6), (3, 7), (3, 8), (4, 8), (4, 9), (4, 10)]
308,0,3,3,7,[(3, 7), (3, 8), (3, 9), (4, 9), (4, 10), (4, 11)]
309,0,3,3,8,[(3, 8), (3, 9), (3, 10), (4, 10), (4, 11), (4, 12)]
310,0,3,3,9,[(3, 9), (3, 10), (3, 11), (4, 11), (4, 12), (4, 13)]
311,0,3,3,10,[(3, 10), (3, 11), (3, 12), (4, 12), (4, 13), (4, 14)]
312,0,3,4,0,[(4, 0), (4, 1), (4, 2), (5, 2), (5, 3), (5, 4)]
313,0,3,4,1,[(4, 1), (4, 2), (4, 3), (5, 3), (5, 4), (5, 5)]
314,0,3,4,2,[(4, 2), (4, 3), (4, 4), (5, 4), (5, 5), (5, 6)]
315,0,3,4,3,[(4, 3), (4, 4), (4, 5), (5, 5), (5, 6), (5, 7)]
316,0,3,4,4,[(4, 4), (4, 5), (4, 6), (5, 6), (5, 7), (5, 8)]
317,0,3,4,5,[(4, 5), (4, 6), (4, 7), (5, 7), (5, 8), (5, 9)]
318,0,3,4,6,[(4, 6), (4, 7), (4, 8), (5, 8), (5, 9), (5, 10)]
319,0,3,4,7,[(4, 7), (4, 8), (4, 9), (5, 9), (5, 10), (5, 11)]
320,0,3,4,8,[(4, 8), (4, 9), (4, 10), (5, 10), (5, 11), (5, 12)]
321,0,3,4,9,[(4, 9), (4, 10), (4, 11), (5, 11), (5, 12), (5, 13)]
322,0,3,4,10,[(4, 10), (4, 11), (4, 12), (5, 12), (5, 13), (5, 14)]
323,0,3,5,0,[(5, 0), (5, 1), (5, 2), (6, 2), (6, 3), (6, 4)]
324,0,3,5,1,[(5, 1), (5, 2), (5, 3), (6, 3), (6, 4), (6, 5)]
325,0,3,5,2,[(5, 2), (5, 3), (5, 4), (6, 4), (6, 5), (6, 6)]
326,0,3,5,3,[(5, 3), (5, 4), (5, 5), (6, 5), (6, 6), (6, 7)]
327,0,3,5,4,[(5, 4), (5, 5), (5, 6), (6, 6), (6, 7), (6, 8)]
328,0,3,5,5,[(5, 5), (5, 6), (5, 7), (6, 7), (6, 8), (6, 9)]
329,0,3,5,6,[(5, 6), (5, 7), (5, 8), (6, 8), (6, 9), (6, 10)]
330,0,3,5,7,[(5, 7), (5, 8), (5, 9), (6, 9), (6, 10), (6, 11)]
331,0,3,5,8,[(5, 8), (5, 9), (5, 10), (6, 10), (6, 11), (6, 12)]
332,0,3,5,9,[(5, 9), (5, 10), (5, 11), (6, 11), (6, 12), (6, 13)]
333,0,3,5,10,[(5, 10), (5, 11), (5, 12), (6, 12), (6, 13), (6, 14)]
334,0,3,6,0,[(6, 0), (6, 1), (6, 2), (7, 2), (7, 3), (7, 4)]
335,0,3,6,1,[(6, 1), (6, 2), (6, 3), (7, 3), (7, 4), (7, 5)]
336,0,3,6,2,[(6, 2), (6, 3), (6, 4), (7, 4), (7, 5), (7, 6)]
337,0,3,6,3,[(6, 3), (6, 4), (6, 5), (7, 5), (7, 6), (7, 7)]
338,0,3,6,4,[(6, 4), (6, 5), (6, 6), (7, 6), (7, 7), (7, 8)]
339,0,3,6,5,[(6, 5), (6, 6), (6, 7), (7, 7), (7, 8), (7, 9)]
340,0,3,6,6,[(6, 6), (6, 7), (6, 8), (7, 8), (7, 9), (7, 10)]
341,0,3,6,7,[(6, 7), (6, 8), (6, 9), (7, 9), (7, 10), (7, 11)]
342,0,3,6,8,[(6, 8), (6, 9), (6, 10), (7, 10), (7, 11), (7, 12)]
343,0,3,6,9,[(6, 9), (6, 10), (6, 11), (7, 11), (7, 12), (7, 13)]
344,0,3,6,10,[(6, 10), (6, 11), (6, 12), (7, 12), (7, 13), (7, 14)]
345,0,3,7,0,[(7, 0), (7, 1), (7, 2), (8, 2), (8, 3), (8, 4)]
346,0,3,7,1,[(7, 1), (7, 2), (7, 3), (8, 3), (8, 4), (8, 5)]
347,0,3,7,2,[(7, 2), (7, 3), (7, 4), (8, 4), (8, 5), (8, 6)]
348,0,3,7,3,[(7, 3), (7, 4), (7, 5), (8, 5), (8, 6), (8, 7)]
349,0,3,7,4,[(7, 4), (7, 5), (7, 6), (8, 6), (8, 7), (8, 8)]
350,0,3,7,5,[(7, 5), (7, 6), (7, 7), (8, 7), (8, 8), (8, 9)]
351,0,3,7,6,[(7, 6), (7, 7), (7, 8), (8, 8), (8, 9), (8, 10)]
352,0,3,7,7,[(7, 7), (7, 8), (7, 9), (8, 9), (8, 10), (8, 11)]
353,0,3,7,8,[(7, 8), (7, 9), (7, 10), (8, 10), (8, 11), (8, 12)]
354,0,3,7,9,[(7, 9), (7, 10), (7, 11), (8, 11), (8, 12), (8, 13)]
355,0,3,7,10,[(7, 10), (7, 11), (7, 12), (8, 12), (8, 13), (8, 14)]
356,0,3,8,0,[(8, 0), (8, 1), (8, 2), (9, 2), (9, 3), (9, 4)]
357,0,3,8,1,[(8, 1), (8, 2), (8, 3), (9, 3), (9, 4), (9, 5)]
358,0,3,8,2,[(8, 2), (8, 3), (8, 4), (9, 4), (9, 5), (9, 6)]
359,0,3,8,3,[(8, 3), (8, 4), (8, 5), (9, 5), (9, 6), (9, 7)]
360,0,3,8,4,[(8, 4), (8, 5), (8, 6), (9, 6), (9, 7), (9, 8)]
361,0,3,8,5,[(8, 5), (8, 6), (8, 7), (9, 7), (9, 8), (9, 9)]
362,0,3,8,6,[(8, 6), (8, 7), (8, 8), (9, 8), (9, 9), (9, 10)]
363,0,3,8,7,[(8, 7), (8, 8), (8, 9), (9, 9), (9, 10), (9, 11)]
364,0,3,8,8,[(8, 8), (8, 9), (8, 10), (9, 10), (9, 11), (9, 12)]
365,0,3,8,9,[(8, 9), (8, 10), (8, 11), (9, 11), (9, 12), (9, 13)]
366,0,3,8,10,[(8, 10), (8, 11), (8, 12), (9, 12), (9, 13), (9, 14)]
367,1,0,0,0,[(0, 1), (0, 2), (1, 1), (2, 0), (2, 1), (3, 1)]
368,1,0,0,1,[(0, 2), (0, 3), (1, 2), (2, 1), (2, 2), (3, 2)]
369,1,0,0,2,[(0, 3), (0, 4), (1, 3), (2, 2), (2, 3), (3, 3)]
370,1,0,0,3,[(0, 4), (0, 5), (1, 4), (2, 3), (2, 4), (3, 4)]
371,1,0,0,4,[(0, 5), (0, 6), (1, 5), (2, 4), (2, 5), (3, 5)]
372,1,0,0,5,[(0, 6), (0, 7), (1, 6), (2, 5), (2, 6), (3, 6)]
373,1,0,0,6,[(0, 7), (0, 8), (1, 7), (2, 6), (2, 7), (3, 7)]
374,1,0,0,7,[(0, 8), (0, 9), (1, 8), (2, 7), (2, 8), (3, 8)]
375,1,0,0,8,[(0, 9), (0, 10), (1, 9), (2, 8), (2, 9), (3, 9)]
376,1,0,0,9,[(0, 10), (0, 11), (1, 10), (2, 9), (2, 10), (3, 10)]
377,1,0,0,10,[(0, 11), (0, 12), (1, 11), (2, 10), (2, 11), (3, 11)]
378,1,0,0,11,[(0, 12), (0, 13), (1, 12), (2, 11), (2, 12), (3, 12)]
379,1,0,0,12,[(0, 13), (0, 14), (1, 13), (2, 12), (2, 13), (3, 13)]
380,1,0,1,0,[(1, 1), (1, 2), (2, 1), (3, 0), (3, 1), (4, 1)]
381,1,0,1,1,[(1, 2), (1, 3), (2, 2), (3, 1), (3, 2), (4, 2)]
382,1,0,1,2,[(1, 3), (1, 4), (2, 3), (3, 2), (3, 3), (4, 3)]
383,1,0,1,3,[(1, 4), (1, 5), (2, 4), (3, 3), (3, 4), (4, 4)]
384,1,0,1,4,[(1, 5), (1, 6), (2, 5), (3, 4), (3, 5), (4, 5)]
385,1,0,1,5,[(1, 6), (1, 7), (2, 6), (3, 5), (3, 6), (4, 6)]
386,1,0,1,6,[(1, 7), (1, 8), (2, 7), (3, 6), (3, 7), (4, 7)]
387,1,0,1,7,[(1, 8), (1, 9), (2, 8), (3, 7), (3, 8), (4, 8)]
388,1,0,1,8,[(1, 9), (1, 10), (2, 9), (3, 8), (3, 9), (4, 9)]
389,1,0,1,9,[(1, 10), (1, 11), (2, 10), (3, 9), (3, 10), (4, 10)]
390,1,0,1,10,[(1, 11), (1, 12), (2, 11), (3, 10), (3, 11), (4, 11)]
391,1,0,1,11,[(1, 12), (1, 13), (2, 12), (3, 11), (3, 12), (4, 12)]
392,1,0,1,12,[(1, 13), (1, 14), (2, 13), (3, 12), (3, 13), (4, 13)]
393,1,0,2,0,[(2, 1), (2, 2), (3, 1), (4, 0), (4, 1), (5, 1)]
394,1,0,2,1,[(2, 2), (2, 3), (3, 2), (4, 1), (4, 2), (5, 2)]
395,1,0,2,2,[(2, 3), (2, 4), (3, 3), (4, 2), (4, 3), (5, 3)]
396,1,0,2,3,[(2, 4), (2, 5), (3, 4), (4, 3), (4, 4), (5, 4)]
397,1,0,2,4,[(2, 5), (2, 6), (3, 5), (4, 4), (4, 5), (5, 5)]
398,1,0,2,5,[(2, 6), (2, 7), (3, 6), (4, 5), (4, 6), (5, 6)]
399,1,0,2,6,[(2, 7), (2, 8), (3, 7), (4, 6), (4, 7), (5, 7)]
400,1,0,2,7,[(2, 8), (2, 9), (3, 8), (4, 7), (4, 8), (5, 8)]
401,1,0,2,8,[(2, 9), (2, 10), (3, 9), (4, 8), (4, 9), (5, 9)]
402,1,0,2,9,[(2, 10), (2, 11), (3, 10), (4, 9), (4, 10), (5, 10)]
403,1,0,2,10,[(2, 11), (2, 12), (3, 11), (4, 10), (4, 11), (5, 11)]
404,1,0,2,11,[(2, 12), (2, 13), (3, 12), (4, 11), (4, 12), (5, 12)]
405,1,0,2,12,[(2, 13), (2, 14), (3, 13), (4, 12), (4, 13), (5, 13)]
406,1,0,3,0,[(3, 1), (3, 2), (4, 1), (5, 0), (5, 1), (6, 1)]
407,1,0,3,1,[(3, 2), (3, 3), (4, 2), (5, 1), (5, 2), (6, 2)]
408,1,0,3,2,[(3, 3), (3, 4), (4, 3), (5, 2), (5, 3), (6, 3)]
409,1,0,3,3,[(3, 4), (3, 5), (4, 4), (5, 3), (5, 4), (6, 4)]
410,1,0,3,4,[(3, 5), (3, 6), (4, 5), (5, 4), (5, 5), (6, 5)]
411,1,0,3,5,[(3, 6), (3, 7), (4, 6), (5, 5), (5, 6), (6, 6)]
412,1,0,3,6,[(3, 7), (3, 8), (4, 7), (5, 6), (5, 7), (6, 7)]
413,1,0,3,7,[(3, 8), (3, 9), (4, 8), (5, 7), (5, 8), (6, 8)]
414,1,0,3,8,[(3, 9), (3, 10), (4, 9), (5, 8), (5, 9), (6, 9)]
415,1,0,3,9,[(3, 10), (3, 11), (4, 10), (5, 9), (5, 10), (6, 10)]
416,1,0,3,10,[(3, 11), (3, 12), (4, 11), (5, 10), (5, 11), (6, 11)]
417,1,0,3,11,[(3, 12), (3, 13), (4, 12), (5, 11), (5, 12), (6, 12)]
418,1,0,3,12,[(3, 13), (3, 14), (4, 13), (5, 12), (5, 13), (6, 13)]
419,1,0,4,0,[(4, 1), (4, 2), (5, 1), (6, 0), (6, 1), (7, 1)]
420,1,0,4,1,[(4, 2), (4, 3), (5, 2), (6, 1), (6, 2), (7, 2)]
421,1,0,4,2,[(4, 3), (4, 4), (5, 3), (6, 2), (6, 3), (7, 3)]
422,1,0,4,3,[(4, 4), (4, 5), (5, 4), (6, 3), (6, 4), (7, 4)]
423,1,0,4,4,[(4, 5), (4, 6), (5, 5), (6, 4), (6, 5), (7, 5)]
424,1,0,4,5,[(4, 6), (4, 7), (5, 6), (6, 5), (6, 6), (7, 6)]
425,1,0,4,6,[(4, 7), (4, 8), (5, 7), (6, 6), (6, 7), (7, 7)]
426,1,0,4,7,[(4, 8), (4, 9), (5, 8), (6, 7), (6, 8), (7, 8)]
427,1,0,4,8,[(4, 9), (4, 10), (5, 9), (6, 8), (6, 9), (7, 9)]
428,1,0,4,9,[(4, 10), (4, 11), (5, 10), (6, 9), (6, 10), (7, 10)]
429,1,0,4,10,[(4, 11), (4, 12), (5, 11), (6, 10), (6, 11), (7, 11)]
430,1,0,4,11,[(4, 12), (4, 13), (5, 12), (6, 11), (6, 12), (7, 12)]
431,1,0,4,12,[(4, 13), (4, 14), (5, 13), (6, 12), (6, 13), (7, 13)]
432,1,0,5,0,[(5, 1), (5, 2), (6, 1), (7, 0), (7, 1), (8, 1)]
433,1,0,5,1,[(5, 2), (5, 3), (6, 2), (7, 1), (7, 2), (8, 2)]
434,1,0,5,2,[(5, 3), (5, 4), (6, 3), (7, 2), (7, 3), (8, 3)]
435,1,0,5,3,[(5, 4), (5, 5), (6, 4), (7, 3), (7, 4), (8, 4)]
436,1,0,5,4,[(5, 5), (5, 6), (6, 5), (7, 4), (7, 5), (8, 5)]
437,1,0,5,5,[(5, 6), (5, 7), (6, 6), (7, 5), (7, 6), (8, 6)]
438,1,0,5,6,[(5, 7), (5, 8), (6, 7), (7, 6), (7, 7), (8, 7)]
439,1,0,5,7,[(5, 8), (5, 9), (6, 8), (7, 7), (7, 8), (8, 8)]
440,1,0,5,8,[(5, 9), (5, 10), (6, 9), (7, 8), (7, 9), (8, 9)]
441,1,0,5,9,[(5, 10), (5, 11), (6, 10), (7, 9), (7, 10), (8, 10)]
442,1,0,5,10,[(5, 11), (5, 12), (6, 11), (7, 10), (7, 11), (8, 11)]
443,1,0,5,11,[(5, 12), (5, 13), (6, 12), (7, 11), (7, 12), (8, 12)]
444,1,0,5,12,[(5, 13), (5, 14), (6, 13), (7, 12), (7, 13), (8, 13)]
445,1,0,6,0,[(6, 1), (6, 2), (7, 1), (8, 0), (8, 1), (9, 1)]
446,1,0,6,1,[(6, 2), (6, 3), (7, 2), (8, 1), (8, 2), (9, 2)]
447,1,0,6,2,[(6, 3), (6, 4), (7, 3), (8, 2), (8, 3), (9, 3)]
448,1,0,6,3,[(6, 4), (6, 5), (7, 4), (8, 3), (8, 4), (9, 4)]
449,1,0,6,4,[(6, 5), (6, 6), (7, 5), (8, 4), (8, 5), (9, 5)]
450,1,0,6,5,[(6, 6), (6, 7), (7, 6), (8, 5), (8, 6), (9, 6)]
451,1,0,6,6,[(6, 7), (6, 8), (7, 7), (8, 6), (8, 7), (9, 7)]
452,1,0,6,7,[(6, 8), (6, 9), (7, 8), (8, 7), (8, 8), (9, 8)]
453,1,0,6,8,[(6, 9), (6, 10), (7, 9), (8, 8), (8, 9), (9, 9)]
454,1,0,6,9,[(6, 10), (6, 11), (7, 10), (8, 9), (8, 10), (9, 10)]
455,1,0,6,10,[(6, 11), (6, 12), (7, 11), (8, 10), (8, 11), (9, 11)]
456,1,0,6,11,[(6, 12), (6, 13), (7, 12), (8, 11), (8, 12), (9, 12)]
457,1,0,6,12,[(6, 13), (6, 14), (7, 13), (8, 12), (8, 13), (9, 13)]
458,1,1,0,0,[(0, 0), (0, 1), (1, 1), (2, 1), (2, 2), (3, 1)]
459,1,1,0,1,[(0, 1), (0, 2), (1, 2), (2, 2), (2, 3), (3, 2)]
460,1,1,0,2,[(0, 2), (0, 3), (1, 3), (2, 3), (2, 4), (3, 3)]
461,1,1,0,3,[(0, 3), (0, 4), (1, 4), (2, 4), (2, 5), (3, 4)]
462,1,1,0,4,[(0, 4), (0, 5), (1, 5), (2, 5), (2, 6), (3, 5)]
463,1,1,0,5,[(0, 5), (0, 6), (1, 6), (2, 6), (2, 7), (3, 6)]
464,1,1,0,6,[(0, 6), (0, 7), (1, 7), (2, 7), (2, 8), (3, 7)]
465,1,1,0,7,[(0, 7), (0, 8), (1, 8), (2, 8), (2, 9), (3, 8)]
466,1,1,0,8,[(0, 8), (0, 9), (1, 9), (2, 9), (2, 10), (3, 9)]
467,1,1,0,9,[(0, 9), (0, 10), (1, 10), (2, 10), (2, 11), (3, 10)]
468,1,1,0,10,[(0, 10), (0, 11), (1, 11), (2, 11), (2, 12), (3, 11)]
469,1,1,0,11,[(0, 11), (0, 12), (1, 12), (2, 12), (2, 13), (3, 12)]
470,1,1,0,12,[(0, 12), (0, 13), (1, 13), (2, 13), (2, 14), (3, 13)]
471,1,1,1,0,[(1, 0), (1, 1), (2, 1), (3, 1), (3, 2), (4, 1)]
472,1,1,1,1,[(1, 1), (1, 2), (2, 2), (3, 2), (3, 3), (4, 2)]
473,1,1,1,2,[(1, 2), (1, 3), (2, 3), (3, 3), (3, 4), (4, 3)]
474,1,1,1,3,[(1, 3), (1, 4), (2, 4), (3, 4), (3, 5), (4, 4)]
475,1,1,1,4,[(1, 4), (1, 5), (2, 5), (3, 5), (3, 6), (4, 5)]
476,1,1,1,5,[(1, 5), (1, 6), (2, 6), (3, 6), (3, 7), (4, 6)]
477,1,1,1,6,[(1, 6), (1, 7), (2, 7), (3, 7), (3, 8), (4, 7)]
478,1,1,1,7,[(1, 7), (1, 8), (2, 8), (3, 8), (3, 9), (4, 8)]
479,1,1,1,8,[(1, 8), (1, 9), (2, 9), (3, 9), (3, 10), (4, 9)]
480,1,1,1,9,[(1, 9), (1, 10), (2, 10), (3, 10), (3, 11), (4, 10)]
481,1,1,1,10,[(1, 10), (1, 11), (2, 11), (3, 11), (3, 12), (4, 11)]
482,1,1,1,11,[(1, 11), (1, 12), (2, 12), (3, 12), (3, 13), (4, 12)]
483,1,1,1,12,[(1, 12), (1, 13), (2, 13), (3, 13), (3, 14), (4, 13)]
484,1,1,2,0,[(2, 0), (2, 1), (3, 1), (4, 1), (4, 2), (5, 1)]
485,1,1,2,1,[(2, 1), (2, 2), (3, 2), (4, 2), (4, 3), (5, 2)]
486,1,1,2,2,[(2, 2), (2, 3), (3, 3), (4, 3), (4, 4), (5, 3)]
487,1,1,2,3,[(2, 3), (2, 4), (3, 4), (4, 4), (4, 5), (5, 4)]
488,1,1,2,4,[(2, 4), (2, 5), (3, 5), (4, 5), (4, 6), (5, 5)]
489,1,1,2,5,[(2, 5), (2, 6), (3, 6), (4, 6), (4, 7), (5, 6)]
490,1,1,2,6,[(2, 6), (2, 7), (3, 7), (4, 7), (4, 8), (5, 7)]
491,1,1,2,7,[(2, 7), (2, 8), (3, 8), (4, 8), (4, 9), (5, 8)]
492,1,1,2,8,[(2, 8), (2, 9), (3, 9), (4, 9), (4, 10), (5, 9)]
493,1,1,2,9,[(2, 9), (2, 10), (3, 10), (4, 10), (4, 11), (5, 10)]
494,1,1,2,10,[(2, 10), (2, 11), (3, 11), (4, 11), (4, 12), (5, 11)]
495,1,1,2,11,[(2, 11), (2, 12), (3, 12), (4, 12), (4, 13), (5, 12)]
496,1,1,2,12,[(2, 12), (2, 13), (3, 13), (4, 13), (4, 14), (5, 13)]
497,1,1,3,0,[(3, 0), (3, 1), (4, 1), (5, 1), (5, 2), (6, 1)]
498,1,1,3,1,[(3, 1), (3, 2), (4, 2), (5, 2), (5, 3), (6, 2)]
499,1,1,3,2,[(3, 2), (3, 3), (4, 3), (5, 3), (5, 4), (6, 3)]
500,1,1,3,3,[(3, 3), (3, 4), (4, 4), (5, 4), (5, 5), (6, 4)]
501,1,1,3,4,[(3, 4), (3, 5), (4, 5), (5, 5), (5, 6), (6, 5)]
502,1,1,3,5,[(3, 5), (3, 6), (4, 6), (5, 6), (5, 7), (6, 6)]
503,1,1,3,6,[(3, 6), (3, 7), (4, 7), (5, 7), (5, 8), (6, 7)]
504,1,1,3,7,[(3, 7), (3, 8), (4, 8), (5, 8), (5, 9), (6, 8)]
505,1,1,3,8,[(3, 8), (3, 9), (4, 9), (5, 9), (5, 10), (6, 9)]
506,1,1,3,9,[(3, 9), (3, 10), (4, 10), (5, 10), (5, 11), (6, 10)]
507,1,1,3,10,[(3, 10), (3, 11), (4, 11), (5, 11), (5, 12), (6, 11)]
508,1,1,3,11,[(3, 11), (3, 12), (4, 12), (5, 12), (5, 13), (6, 12)]
509,1,1,3,12,[(3, 12), (3, 13), (4, 13), (5, 13), (5, 14), (6, 13)]
510,1,1,4,0,[(4, 0), (4, 1), (5, 1), (6, 1), (6, 2), (7, 1)]
511,1,1,4,1,[(4, 1), (4, 2), (5, 2), (6, 2), (6, 3), (7, 2)]
512,1,1,4,2,[(4, 2), (4, 3), (5, 3), (6, 3), (6, 4), (7, 3)]
513,1,1,4,3,[(4, 3), (4, 4), (5, 4), (6, 4), (6, 5), (7, 4)]
514,1,1,4,4,[(4, 4), (4, 5), (5, 5), (6, 5), (6, 6), (7, 5)]
515,1,1,4,5,[(4, 5), (4, 6), (5, 6), (6, 6), (6, 7), (7, 6)]
516,1,1,4,6,[(4, 6), (4, 7), (5, 7), (6, 7), (6, 8), (7, 7)]
517,1,1,4,7,[(4, 7), (4, 8), (5, 8), (6, 8), (6, 9), (7, 8)]
518,1,1,4,8,[(4, 8), (4, 9), (5, 9), (6, 9), (6, 10), (7, 9)]
519,1,1,4,9,[(4, 9), (4, 10), (5, 10), (6, 10), (6, 11), (7, 10)]
520,1,1,4,10,[(4, 10), (4, 11), (5, 11), (6, 11), (6, 12), (7, 11)]
521,1,1,4,11,[(4, 11), (4, 12), (5, 12), (6, 12), (6, 13), (7, 12)]
522,1,1,4,12,[(4, 12), (4, 13), (5, 13), (6, 13), (6, 14), (7, 13)]
523,1,1,5,0,[(5, 0), (5, 1), (6, 1), (7, 1), (7, 2), (8, 1)]
524,1,1,5,1,[(5, 1), (5, 2), (6, 2), (7, 2), (7, 3), (8, 2)]
525,1,1,5,2,[(5, 2), (5, 3), (6, 3), (7, 3), (7, 4), (8, 3)]
526,1,1,5,3,[(5, 3), (5, 4), (6, 4), (7, 4), (7, 5), (8, 4)]
527,1,1,5,4,[(5, 4), (5, 5), (6, 5), (7, 5), (7, 6), (8, 5)]
528,1,1,5,5,[(5, 5), (5, 6), (6, 6), (7, 6), (7, 7), (8, 6)]
529,1,1,5,6,[(5, 6), (5, 7), (6, 7), (7, 7), (7, 8), (8, 7)]
530,1,1,5,7,[(5, 7), (5, 8), (6, 8), (7, 8), (7, 9), (8, 8)]
531,1,1,5,8,[(5, 8), (5, 9), (6, 9), (7, 9), (7, 10), (8, 9)]
532,1,1,5,9,[(5, 9), (5, 10), (6, 10), (7, 10), (7, 11), (8, 10)]
533,1,1,5,10,[(5, 10), (5, 11), (6, 11), (7, 11), (7, 12), (8, 11)]
534,1,1,5,11,[(5, 11), (5, 12), (6, 12), (7, 12), (7, 13), (8, 12)]
535,1,1,5,12,[(5, 12), (5, 13), (6, 13), (7, 13), (7, 14), (8, 13)]
536,1,1,6,0,[(6, 0), (6, 1), (7, 1), (8, 1), (8, 2), (9, 1)]
537,1,1,6,1,[(6, 1), (6, 2), (7, 2), (8, 2), (8, 3), (9, 2)]
538,1,1,6,2,[(6, 2), (6, 3), (7, 3), (8, 3), (8, 4), (9, 3)]
539,1,1,6,3,[(6, 3), (6, 4), (7, 4), (8, 4), (8, 5), (9, 4)]
540,1,1,6,4,[(6, 4), (6, 5), (7, 5), (8, 5), (8, 6), (9, 5)]
541,1,1,6,5,[(6, 5), (6, 6), (7, 6), (8, 6), (8, 7), (9, 6)]
542,1,1,6,6,[(6, 6), (6, 7), (7, 7), (8, 7), (8, 8), (9, 7)]
543,1,1,6,7,[(6, 7), (6, 8), (7, 8), (8, 8), (8, 9), (9, 8)]
544,1,1,6,8,[(6, 8), (6, 9), (7, 9), (8, 9), (8, 10), (9, 9)]
545,1,1,6,9,[(6, 9), (6, 10), (7, 10), (8, 10), (8, 11), (9, 10)]
546,1,1,6,10,[(6, 10), (6, 11), (7, 11), (8, 11), (8, 12), (9, 11)]
547,1,1,6,11,[(6, 11), (6, 12), (7, 12), (8, 12), (8, 13), (9, 12)]
548,1,1,6,12,[(6, 12), (6, 13), (7, 13), (8, 13), (8, 14), (9, 13)]
549,1,2,0,0,[(0, 1), (1, 0), (1, 1), (2, 1), (3, 1), (3, 2)]
550,1,2,0,1,[(0, 2), (1, 1), (1, 2), (2, 2), (3, 2), (3, 3)]
551,1,2,0,2,[(0, 3), (1, 2), (1, 3), (2, 3), (3, 3), (3, 4)]
552,1,2,0,3,[(0, 4), (1, 3), (1, 4), (2, 4), (3, 4), (3, 5)]
553,1,2,0,4,[(0, 5), (1, 4), (1, 5), (2, 5), (3, 5), (3, 6)]
554,1,2,0,5,[(0, 6), (1, 5), (1, 6), (2, 6), (3, 6), (3, 7)]
555,1,2,0,6,[(0, 7), (1, 6), (1, 7), (2, 7), (3, 7), (3, 8)]
556,1,2,0,7,[(0, 8), (1, 7), (1, 8), (2, 8), (3, 8), (3, 9)]
557,1,2,0,8,[(0, 9), (1, 8), (1, 9), (2, 9), (3, 9), (3, 10)]
558,1,2,0,9,[(0, 10), (1, 9), (1, 10), (2, 10), (3, 10), (3, 11)]
559,1,2,0,10,[(0, 11), (1, 10), (1, 11), (2, 11), (3, 11), (3, 12)]
560,1,2,0,11,[(0, 12), (1, 11), (1, 12), (2, 12), (3, 12), (3, 13)]
561,1,2,0,12,[(0, 13), (1, 12), (1, 13), (2, 13), (3, 13), (3, 14)]
562,1,2,1,0,[(1, 1), (2, 0), (2, 1), (3, 1), (4, 1), (4, 2)]
563,1,2,1,1,[(1, 2), (2, 1), (2, 2), (3, 2), (4, 2), (4, 3)]
564,1,2,1,2,[(1, 3), (2, 2), (2, 3), (3, 3), (4, 3), (4, 4)]
565,1,2,1,3,[(1, 4), (2, 3), (2, 4), (3, 4), (4, 4), (4, 5)]
566,1,2,1,4,[(1, 5), (2, 4), (2, 5), (3, 5), (4, 5), (4, 6)]
567,1,2,1,5,[(1, 6), (2, 5), (2, 6), (3, 6), (4, 6), (4, 7)]
568,1,2,1,6,[(1, 7), (2, 6), (2, 7), (3, 7), (4, 7), (4, 8)]
569,1,2,1,7,[(1, 8), (2, 7), (2, 8), (3, 8), (4, 8), (4, 9)]
570,1,2,1,8,[(1, 9), (2, 8), (2, 9), (3, 9), (4, 9), (4, 10)]
571,1,2,1,9,[(1, 10), (2, 9), (2, 10), (3, 10), (4, 10), (4, 11)]
572,1,2,1,10,[(1, 11), (2, 10), (2, 11), (3, 11), (4, 11), (4, 12)]
573,1,2,1,11,[(1, 12), (2, 11), (2, 12), (3, 12), (4, 12), (4, 13)]
574,1,2,1,12,[(1, 13), (2, 12), (2, 13), (3, 13), (4, 13), (4, 14)]
575,1,2,2,0,[(2, 1), (3, 0), (3, 1), (4, 1), (5, 1), (5, 2)]
576,1,2,2,1,[(2, 2), (3, 1), (3, 2), (4, 2), (5, 2), (5, 3)]
577,1,2,2,2,[(2, 3), (3, 2), (3, 3), (4, 3), (5, 3), (5, 4)]
578,1,2,2,3,[(2, 4), (3, 3), (3, 4), (4, 4), (5, 4), (5, 5)]
579,1,2,2,4,[(2, 5), (3, 4), (3, 5), (4, 5), (5, 5), (5, 6)]
580,1,2,2,5,[(2, 6), (3, 5), (3, 6), (4, 6), (5, 6), (5, 7)]
581,1,2,2,6,[(2, 7), (3, 6), (3, 7), (4, 7), (5, 7), (5, 8)]
582,1,2,2,7,[(2, 8), (3, 7), (3, 8), (4, 8), (5, 8), (5, 9)]
583,1,2,2,8,[(2, 9), (3, 8), (3, 9), (4, 9), (5, 9), (5, 10)]
584,1,2,2,9,[(2, 10), (3, 9), (3, 10), (4, 10), (5, 10), (5, 11)]
585,1,2,2,10,[(2, 11), (3, 10), (3, 11), (4, 11), (5, 11), (5, 12)]
586,1,2,2,11,[(2, 12), (3, 11), (3, 12), (4, 12), (5, 12), (5, 13)]
587,1,2,2,12,[(2, 13), (3, 12), (3, 13), (4, 13), (5, 13), (5, 14)]
588,1,2,3,0,[(3, 1), (4, 0), (4, 1), (5, 1), (6, 1), (6, 2)]
589,1,2,3,1,[(3, 2), (4, 1), (4, 2), (5, 2), (6, 2), (6, 3)]
590,1,2,3,2,[(3, 3), (4, 2), (4, 3), (5, 3), (6, 3), (6, 4)]
591,1,2,3,3,[(3, 4), (4, 3), (4, 4), (5, 4), (6, 4), (6, 5)]
592,1,2,3,4,[(3, 5), (4, 4), (4, 5), (5, 5), (6, 5), (6, 6)]
593,1,2,3,5,[(3, 6), (4, 5), (4, 6), (5, 6), (6, 6), (6, 7)]
594,1,2,3,6,[(3, 7), (4, 6), (4, 7), (5, 7), (6, 7), (6, 8)]
595,1,2,3,7,[(3, 8), (4, 7), (4, 8), (5, 8), (6, 8), (6, 9)]
596,1,2,3,8,[(3, 9), (4, 8), (4, 9), (5, 9), (6, 9), (6, 10)]
597,1,2,3,9,[(3, 10), (4, 9), (4, 10), (5, 10), (6, 10), (6, 11)]
598,1,2,3,10,[(3, 11), (4, 10), (4, 11), (5, 11), (6, 11), (6, 12)]
599,1,2,3,11,[(3, 12), (4, 11), (4, 12), (5, 12), (6, 12), (6, 13)]
600,1,2,3,12,[(3, 13), (4, 12), (4, 13), (5, 13), (6, 13), (6, 14)]
601,1,2,4,0,[(4, 1), (5, 0), (5, 1), (6, 1), (7, 1), (7, 2)]
602,1,2,4,1,[(4, 2), (5, 1), (5, 2), (6, 2), (7, 2), (7, 3)]
603,1,2,4,2,[(4, 3), (5, 2), (5, 3), (6, 3), (7, 3), (7, 4)]
604,1,2,4,3,[(4, 4), (5, 3), (5, 4), (6, 4), (7, 4), (7, 5)]
605,1,2,4,4,[(4, 5), (5, 4), (5, 5), (6, 5), (7, 5), (7, 6)]
606,1,2,4,5,[(4, 6), (5, 5), (5, 6), (6, 6), (7, 6), (7, 7)]
607,1,2,4,6,[(4, 7), (5, 6), (5, 7), (6, 7), (7, 7), (7, 8)]
608,1,2,4,7,[(4, 8), (5, 7), (5, 8), (6, 8), (7, 8), (7, 9)]
609,1,2,4,8,[(4, 9), (5, 8), (5, 9), (6, 9), (7, 9), (7, 10)]
610,1,2,4,9,[(4, 10), (5, 9), (5, 10), (6, 10), (7, 10), (7, 11)]
611,1,2,4,10,[(4, 11), (5, 10), (5, 11), (6, 11), (7, 11), (7, 12)]
612,1,2,4,11,[(4, 12), (5, 11), (5, 12), (6, 12), (7, 12), (7, 13)]
613,1,2,4,12,[(4, 13), (5, 12), (5, 13), (6, 13), (7, 13), (7, 14)]
614,1,2,5,0,[(5, 1), (6, 0), (6, 1), (7, 1), (8, 1), (8, 2)]
615,1,2,5,1,[(5, 2), (6, 1), (6, 2), (7, 2), (8, 2), (8, 3)]
616,1,2,5,2,[(5, 3), (6, 2), (6, 3), (7, 3), (8, 3), (8, 4)]
617,1,2,5,3,[(5, 4), (6, 3), (6, 4), (7, 4), (8, 4), (8, 5)]
618,1,2,5,4,[(5, 5), (6, 4), (6, 5), (7, 5), (8, 5), (8, 6)]
619,1,2,5,5,[(5, 6), (6, 5), (6, 6), (7, 6), (8, 6), (8, 7)]
620,1,2,5,6,[(5, 7), (6, 6), (6, 7), (7, 7), (8, 7), (8, 8)]
621,1,2,5,7,[(5, 8), (6, 7), (6, 8), (7, 8), (8, 8), (8, 9)]
622,1,2,5,8,[(5, 9), (6, 8), (6, 9), (7, 9), (8, 9), (8, 10)]
623,1,2,5,9,[(5, 10), (6, 9), (6, 10), (7, 10), (8, 10), (8, 11)]
624,1,2,5,10,[(5, 11), (6, 10), (6, 11), (7, 11), (8, 11), (8, 12)]
625,1,2,5,11,[(5, 12), (6, 11), (6, 12), (7, 12), (8, 12), (8, 13)]
626,1,2,5,12,[(5, 13), (6, 12), (6, 13), (7, 13), (8, 13), (8, 14)]
627,1,2,6,0,[(6, 1), (7, 0), (7, 1), (8, 1), (9, 1), (9, 2)]
628,1,2,6,1,[(6, 2), (7, 1), (7, 2), (8, 2), (9, 2), (9, 3)]
629,1,2,6,2,[(6, 3), (7, 2), (7, 3), (8, 3), (9, 3), (9, 4)]
630,1,2,6,3,[(6, 4), (7, 3), (7, 4), (8, 4), (9, 4), (9, 5)]
631,1,2,6,4,[(6, 5), (7, 4), (7, 5), (8, 5), (9, 5), (9, 6)]
632,1,2,6,5,[(6, 6), (7, 5), (7, 6), (8, 6), (9, 6), (9, 7)]
633,1,2,6,6,[(6, 7), (7, 6), (7, 7), (8, 7), (9, 7), (9, 8)]
634,1,2,6,7,[(6, 8), (7, 7), (7, 8), (8, 8), (9, 8), (9, 9)]
635,1,2,6,8,[(6, 9), (7, 8), (7, 9), (8, 9), (9, 9), (9, 10)]
636,1,2,6,9,[(6, 10), (7, 9), (7, 10), (8, 10), (9, 10), (9, 11)]
637,1,2,6,10,[(6, 11), (7, 10), (7, 11), (8, 11), (9, 11), (9, 12)]
638,1,2,6,11,[(6, 12), (7, 11), (7, 12), (8, 12), (9, 12), (9, 13)]
639,1,2,6,12,[(6, 13), (7, 12), (7, 13), (8, 13), (9, 13), (9, 14)]
640,1,3,0,0,[(0, 1), (1, 0), (1, 1), (1, 2), (1, 3), (2, 3)]
641,1,3,0,1,[(0, 2), (1, 1), (1, 2), (1, 3), (1, 4), (2, 4)]
642,1,3,0,2,[(0, 3), (1, 2), (1, 3), (1, 4), (1, 5), (2, 5)]
643,1,3,0,3,[(0, 4), (1, 3), (1, 4), (1, 5), (1, 6), (2, 6)]
644,1,3,0,4,[(0, 5), (1, 4), (1, 5), (1, 6), (1, 7), (2, 7)]
645,1,3,0,5,[(0, 6), (1, 5), (1, 6), (1, 7), (1, 8), (2, 8)]
646,1,3,0,6,[(0, 7), (1, 6), (1, 7), (1, 8), (1, 9), (2, 9)]
647,1,3,0,7,[(0, 8), (1, 7), (1, 8), (1, 9), (1, 10), (2, 10)]
648,1,3,0,8,[(0, 9), (1, 8), (1, 9), (1, 10), (1, 11), (2, 11)]
649,1,3,0,9,[(0, 10), (1, 9), (1, 10), (1, 11), (1, 12), (2, 12)]
650,1,3,0,10,[(0, 11), (1, 10), (1, 11), (1, 12), (1, 13), (2, 13)]
651,1,3,0,11,[(0, 12), (1, 11), (1, 12), (1, 13), (1, 14), (2, 14)]
652,1,3,1,0,[(1, 1), (2, 0), (2, 1), (2, 2), (2, 3), (3, 3)]
653,1,3,1,1,[(1, 2), (2, 1), (2, 2), (2, 3), (2, 4), (3, 4)]
654,1,3,1,2,[(1, 3), (2, 2), (2, 3), (2, 4), (2, 5), (3, 5)]
655,1,3,1,3,[(1, 4), (2, 3), (2, 4), (2, 5), (2, 6), (3, 6)]
656,1,3,1,4,[(1, 5), (2, 4), (2, 5), (2, 6), (2, 7), (3, 7)]
657,1,3,1,5,[(1, 6), (2, 5), (2, 6), (2, 7), (2, 8), (3, 8)]
658,1,3,1,6,[(1, 7), (2, 6), (2, 7), (2, 8), (2, 9), (3, 9)]
659,1,3,1,7,[(1, 8), (2, 7), (2, 8), (2, 9), (2, 10), (3, 10)]
660,1,3,1,8,[(1, 9), (2, 8), (2, 9), (2, 10), (2, 11), (3, 11)]
661,1,3,1,9,[(1, 10), (2, 9), (2, 10), (2, 11), (2, 12), (3, 12)]
662,1,3,1,10,[(1, 11), (2, 10), (2, 11), (2, 12), (2, 13), (3, 13)]
663,1,3,1,11,[(1, 12), (2, 11), (2, 12), (2, 13), (2, 14), (3, 14)]
664,1,3,2,0,[(2, 1), (3, 0), (3, 1), (3, 2), (3, 3), (4, 3)]
665,1,3,2,1,[(2, 2), (3, 1), (3, 2), (3, 3), (3, 4), (4, 4)]
666,1,3,2,2,[(2, 3), (3, 2), (3, 3), (3, 4), (3, 5), (4, 5)]
667,1,3,2,3,[(2, 4), (3, 3), (3, 4), (3, 5), (3, 6), (4, 6)]
668,1,3,2,4,[(2, 5), (3, 4), (3, 5), (3, 6), (3, 7), (4, 7)]
669,1,3,2,5,[(2, 6), (3, 5), (3, 6), (3, 7), (3, 8), (4, 8)]
670,1,3,2,6,[(2, 7), (3, 6), (3, 7), (3, 8), (3, 9), (4, 9)]
671,1,3,2,7,[(2, 8), (3, 7), (3, 8), (3, 9), (3, 10), (4, 10)]
672,1,3,2,8,[(2, 9), (3, 8), (3, 9), (3, 10), (3, 11), (4, 11)]
673,1,3,2,9,[(2, 10), (3, 9), (3, 10), (3, 11), (3, 12), (4, 12)]
674,1,3,2,10,[(2, 11), (3, 10), (3, 11), (3, 12), (3, 13), (4, 13)]
675,1,3,2,11,[(2, 12), (3, 11), (3, 12), (3, 13), (3, 14), (4, 14)]
676,1,3,3,0,[(3, 1), (4, 0), (4, 1), (4, 2), (4, 3), (5, 3)]
677,1,3,3,1,[(3, 2), (4, 1), (4, 2), (4, 3), (4, 4), (5, 4)]
678,1,3,3,2,[(3, 3), (4, 2), (4, 3), (4, 4), (4, 5), (5, 5)]
679,1,3,3,3,[(3, 4), (4, 3), (4, 4), (4, 5), (4, 6), (5, 6)]
680,1,3,3,4,[(3, 5), (4, 4), (4, 5), (4, 6), (4, 7), (5, 7)]
681,1,3,3,5,[(3, 6), (4, 5), (4, 6), (4, 7), (4, 8), (5, 8)]
682,1,3,3,6,[(3, 7), (4, 6), (4, 7), (4, 8), (4, 9), (5, 9)]
683,1,3,3,7,[(3, 8), (4, 7), (4, 8), (4, 9), (4, 10), (5, 10)]
684,1,3,3,8,[(3, 9), (4, 8), (4, 9), (4, 10), (4, 11), (5, 11)]
685,1,3,3,9,[(3, 10), (4, 9), (4, 10), (4, 11), (4, 12), (5, 12)]
686,1,3,3,10,[(3, 11), (4, 10), (4, 11), (4, 12), (4, 13), (5, 13)]
687,1,3,3,11,[(3, 12), (4, 11), (4, 12), (4, 13), (4, 14), (5, 14)]
688,1,3,4,0,[(4, 1), (5, 0), (5, 1), (5, 2), (5, 3), (6, 3)]
689,1,3,4,1,[(4, 2), (5, 1), (5, 2), (5, 3), (5, 4), (6, 4)]
690,1,3,4,2,[(4, 3), (5, 2), (5, 3), (5, 4), (5, 5), (6, 5)]
691,1,3,4,3,[(4, 4), (5, 3), (5, 4), (5, 5), (5, 6), (6, 6)]
692,1,3,4,4,[(4, 5), (5, 4), (5, 5), (5, 6), (5, 7), (6, 7)]
693,1,3,4,5,[(4, 6), (5, 5), (5, 6), (5, 7), (5, 8), (6, 8)]
694,1,3,4,6,[(4, 7), (5, 6), (5, 7), (5, 8), (5, 9), (6, 9)]
695,1,3,4,7,[(4, 8), (5, 7), (5, 8), (5, 9), (5, 10), (6, 10)]
696,1,3,4,8,[(4, 9), (5, 8), (5, 9), (5, 10), (5, 11), (6, 11)]
697,1,3,4,9,[(4, 10), (5, 9), (5, 10), (5, 11), (5, 12), (6, 12)]
698,1,3,4,10,[(4, 11), (5, 10), (5, 11), (5, 12), (5, 13), (6, 13)]
699,1,3,4,11,[(4, 12), (5, 11), (5, 12), (5, 13), (5, 14), (6, 14)]
700,1,3,5,0,[(5, 1), (6, 0), (6, 1), (6, 2), (6, 3), (7, 3)]
701,1,3,5,1,[(5, 2), (6, 1), (6, 2), (6, 3), (6, 4), (7, 4)]
702,1,3,5,2,[(5, 3), (6, 2), (6, 3), (6, 4), (6, 5), (7, 5)]
703,1,3,5,3,[(5, 4), (6, 3), (6, 4), (6, 5), (6, 6), (7, 6)]
704,1,3,5,4,[(5, 5), (6, 4), (6, 5), (6, 6), (6, 7), (7, 7)]
705,1,3,5,5,[(5, 6), (6, 5), (6, 6), (6, 7), (6, 8), (7, 8)]
706,1,3,5,6,[(5, 7), (6, 6), (6, 7), (6, 8), (6, 9), (7, 9)]
707,1,3,5,7,[(5, 8), (6, 7), (6, 8), (6, 9), (6, 10), (7, 10)]
708,1,3,5,8,[(5, 9), (6, 8), (6, 9), (6, 10), (6, 11), (7, 11)]
709,1,3,5,9,[(5, 10), (6, 9), (6, 10), (6, 11), (6, 12), (7, 12)]
710,1,3,5,10,[(5, 11), (6, 10), (6, 11), (6, 12), (6, 13), (7, 13)]
711,1,3,5,11,[(5, 12), (6, 11), (6, 12), (6, 13), (6, 14), (7, 14)]
712,1,3,6,0,[(6, 1), (7, 0), (7, 1), (7, 2), (7, 3), (8, 3)]
713,1,3,6,1,[(6, 2), (7, 1), (7, 2), (7, 3), (7, 4), (8, 4)]
714,1,3,6,2,[(6, 3), (7, 2), (7, 3), (7, 4), (7, 5), (8, 5)]
715,1,3,6,3,[(6, 4), (7, 3), (7, 4), (7, 5), (7, 6), (8, 6)]
716,1,3,6,4,[(6, 5), (7, 4), (7, 5), (7, 6), (7, 7), (8, 7)]
717,1,3,6,5,[(6, 6), (7, 5), (7, 6), (7, 7), (7, 8), (8, 8)]
718,1,3,6,6,[(6, 7), (7, 6), (7, 7), (7, 8), (7, 9), (8, 9)]
719,1,3,6,7,[(6, 8), (7, 7), (7, 8), (7, 9), (7, 10), (8, 10)]
720,1,3,6,8,[(6, 9), (7, 8), (7, 9), (7, 10), (7, 11), (8, 11)]
721,1,3,6,9,[(6, 10), (7, 9), (7, 10), (7, 11), (7, 12), (8, 12)]
722,1,3,6,10,[(6, 11), (7, 10), (7, 11), (7, 12), (7, 13), (8, 13)]
723,1,3,6,11,[(6, 12), (7, 11), (7, 12), (7, 13), (7, 14), (8, 14)]
724,1,3,7,0,[(7, 1), (8, 0), (8, 1), (8, 2), (8, 3), (9, 3)]
725,1,3,7,1,[(7, 2), (8, 1), (8, 2), (8, 3), (8, 4), (9, 4)]
726,1,3,7,2,[(7, 3), (8, 2), (8, 3), (8, 4), (8, 5), (9, 5)]
727,1,3,7,3,[(7, 4), (8, 3), (8, 4), (8, 5), (8, 6), (9, 6)]
728,1,3,7,4,[(7, 5), (8, 4), (8, 5), (8, 6), (8, 7), (9, 7)]
729,1,3,7,5,[(7, 6), (8, 5), (8, 6), (8, 7), (8, 8), (9, 8)]
730,1,3,7,6,[(7, 7), (8, 6), (8, 7), (8, 8), (8, 9), (9, 9)]
731,1,3,7,7,[(7, 8), (8, 7), (8, 8), (8, 9), (8, 10), (9, 10)]
732,1,3,7,8,[(7, 9), (8, 8), (8, 9), (8, 10), (8, 11), (9, 11)]
733,1,3,7,9,[(7, 10), (8, 9), (8, 10), (8, 11), (8, 12), (9, 12)]
734,1,3,7,10,[(7, 11), (8, 10), (8, 11), (8, 12), (8, 13), (9, 13)]
735,1,3,7,11,[(7, 12), (8, 11), (8, 12), (8, 13), (8, 14), (9, 14)]
736,1,4,0,0,[(0, 2), (1, 0), (1, 1), (1, 2), (1, 3), (2, 0)]
737,1,4,0,1,[(0, 3), (1, 1), (1, 2), (1, 3), (1, 4), (2, 1)]
738,1,4,0,2,[(0, 4), (1, 2), (1, 3), (1, 4), (1, 5), (2, 2)]
739,1,4,0,3,[(0, 5), (1, 3), (1, 4), (1, 5), (1, 6), (2, 3)]
740,1,4,0,4,[(0, 6), (1, 4), (1, 5), (1, 6), (1, 7), (2, 4)]
741,1,4,0,5,[(0, 7), (1, 5), (1, 6), (1, 7), (1, 8), (2, 5)]
742,1,4,0,6,[(0, 8), (1, 6), (1, 7), (1, 8), (1, 9), (2, 6)]
743,1,4,0,7,[(0, 9), (1, 7), (1, 8), (1, 9), (1, 10), (2, 7)]
744,1,4,0,8,[(0, 10), (1, 8), (1, 9), (1, 10), (1, 11), (2, 8)]
745,1,4,0,9,[(0, 11), (1, 9), (1, 10), (1, 11), (1, 12), (2, 9)]
746,1,4,0,10,[(0, 12), (1, 10), (1, 11), (1, 12), (1, 13), (2, 10)]
747,1,4,0,11,[(0, 13), (1, 11), (1, 12), (1, 13), (1, 14), (2, 11)]
748,1,4,1,0,[(1, 2), (2, 0), (2, 1), (2, 2), (2, 3), (3, 0)]
749,1,4,1,1,[(1, 3), (2, 1), (2, 2), (2, 3), (2, 4), (3, 1)]
750,1,4,1,2,[(1, 4), (2, 2), (2, 3), (2, 4), (2, 5), (3, 2)]
751,1,4,1,3,[(1, 5), (2, 3), (2, 4), (2, 5), (2, 6), (3, 3)]
752,1,4,1,4,[(1, 6), (2, 4), (2, 5), (2, 6), (2, 7), (3, 4)]
753,1,4,1,5,[(1, 7), (2, 5), (2, 6), (2, 7), (2, 8), (3, 5)]
754,1,4,1,6,[(1, 8), (2, 6), (2, 7), (2, 8), (2, 9), (3, 6)]
755,1,4,1,7,[(1, 9), (2, 7), (2, 8), (2, 9), (2, 10), (3, 7)]
756,1,4,1,8,[(1, 10), (2, 8), (2, 9), (2, 10), (2, 11), (3, 8)]
757,1,4,1,9,[(1, 11), (2, 9), (2, 10), (2, 11), (2, 12), (3, 9)]
758,1,4,1,10,[(1, 12), (2, 10), (2, 11), (2, 12), (2, 13), (3, 10)]
759,1,4,1,11,[(1, 13), (2, 11), (2, 12), (2, 13), (2, 14), (3, 11)]
760,1,4,2,0,[(2, 2), (3, 0), (3, 1), (3, 2), (3, 3), (4, 0)]
761,1,4,2,1,[(2, 3), (3, 1), (3, 2), (3, 3), (3, 4), (4, 1)]
762,1,4,2,2,[(2, 4), (3, 2), (3, 3), (3, 4), (3, 5), (4, 2)]
763,1,4,2,3,[(2, 5), (3, 3), (3, 4), (3, 5), (3, 6), (4, 3)]
764,1,4,2,4,[(2, 6), (3, 4), (3, 5), (3, 6), (3, 7), (4, 4)]
765,1,4,2,5,[(2, 7), (3, 5), (3, 6), (3, 7), (3, 8), (4, 5)]
766,1,4,2,6,[(2, 8), (3, 6), (3, 7), (3, 8), (3, 9), (4, 6)]
767,1,4,2,7,[(2, 9), (3, 7), (3, 8), (3, 9), (3, 10), (4, 7)]
768,1,4,2,8,[(2, 10), (3, 8), (3, 9), (3, 10), (3, 11), (4, 8)]
769,1,4,2,9,[(2, 11), (3, 9), (3, 10), (3, 11), (3, 12), (4, 9)]
770,1,4,2,10,[(2, 12), (3, 10), (3, 11), (3, 12), (3, 13), (4, 10)]
771,1,4,2,11,[(2, 13), (3, 11), (3, 12), (3, 13), (3, 14), (4, 11)]
772,1,4,3,0,[(3, 2), (4, 0), (4, 1), (4, 2), (4, 3), (5, 0)]
773,1,4,3,1,[(3, 3), (4, 1), (4, 2), (4, 3), (4, 4), (5, 1)]
774,1,4,3,2,[(3, 4), (4, 2), (4, 3), (4, 4), (4, 5), (5, 2)]
775,1,4,3,3,[(3, 5), (4, 3), (4, 4), (4, 5), (4, 6), (5, 3)]
776,1,4,3,4,[(3, 6), (4, 4), (4, 5), (4, 6), (4, 7), (5, 4)]
777,1,4,3,5,[(3, 7), (4, 5), (4, 6), (4, 7), (4, 8), (5, 5)]
778,1,4,3,6,[(3, 8), (4, 6), (4, 7), (4, 8), (4, 9), (5, 6)]
779,1,4,3,7,[(3, 9), (4, 7), (4, 8), (4, 9), (4, 10), (5, 7)]
780,1,4,3,8,[(3, 10), (4, 8), (4, 9), (4, 10), (4, 11), (5, 8)]
781,1,4,3,9,[(3, 11), (4, 9), (4, 10), (4, 11), (4, 12), (5, 9)]
782,1,4,3,10,[(3, 12), (4, 10), (4, 11), (4, 12), (4, 13), (5, 10)]
783,1,4,3,11,[(3, 13), (4, 11), (4, 12), (4, 13), (4, 14), (5, 11)]
784,1,4,4,0,[(4, 2), (5, 0), (5, 1), (5, 2), (5, 3), (6, 0)]
785,1,4,4,1,[(4, 3), (5, 1), (5, 2), (5, 3), (5, 4), (6, 1)]
786,1,4,4,2,[(4, 4), (5, 2), (5, 3), (5, 4), (5, 5), (6, 2)]
787,1,4,4,3,[(4, 5), (5, 3), (5, 4), (5, 5), (5, 6), (6, 3)]
788,1,4,4,4,[(4, 6), (5, 4), (5, 5), (5, 6), (5, 7), (6, 4)]
789,1,4,4,5,[(4, 7), (5, 5), (5, 6), (5, 7), (5, 8), (6, 5)]
790,1,4,4,6,[(4, 8), (5, 6), (5, 7), (5, 8), (5, 9), (6, 6)]
791,1,4,4,7,[(4, 9), (5, 7), (5, 8), (5, 9), (5, 10), (6, 7)]
792,1,4,4,8,[(4, 10), (5, 8), (5, 9), (5, 10), (5, 11), (6, 8)]
793,1,4,4,9,[(4, 11), (5, 9), (5, 10), (5, 11), (5, 12), (6, 9)]
794,1,4,4,10,[(4, 12), (5, 10), (5, 11), (5, 12), (5, 13), (6, 10)]
795,1,4,4,11,[(4, 13), (5, 11), (5, 12), (5, 13), (5, 14), (6, 11)]
796,1,4,5,0,[(5, 2), (6, 0), (6, 1), (6, 2), (6, 3), (7, 0)]
797,1,4,5,1,[(5, 3), (6, 1), (6, 2), (6, 3), (6, 4), (7, 1)]
798,1,4,5,2,[(5, 4), (6, 2), (6, 3), (6, 4), (6, 5), (7, 2)]
799,1,4,5,3,[(5, 5), (6, 3), (6, 4), (6, 5), (6, 6), (7, 3)]
800,1,4,5,4,[(5, 6), (6, 4), (6, 5), (6, 6), (6, 7), (7, 4)]
801,1,4,5,5,[(5, 7), (6, 5), (6, 6), (6, 7), (6, 8), (7, 5)]
802,1,4,5,6,[(5, 8), (6, 6), (6, 7), (6, 8), (6, 9), (7, 6)]
803,1,4,5,7,[(5, 9), (6, 7), (6, 8), (6, 9), (6, 10), (7, 7)]
804,1,4,5,8,[(5, 10), (6, 8), (6, 9), (6, 10), (6, 11), (7, 8)]
805,1,4,5,9,[(5, 11), (6, 9), (6, 10), (6, 11), (6, 12), (7, 9)]
806,1,4,5,10,[(5, 12), (6, 10), (6, 11), (6, 12), (6, 13), (7, 10)]
807,1,4,5,11,[(5, 13), (6, 11), (6, 12), (6, 13), (6, 14), (7, 11)]
808,1,4,6,0,[(6, 2), (7, 0), (7, 1), (7, 2), (7, 3), (8, 0)]
809,1,4,6,1,[(6, 3), (7, 1), (7, 2), (7, 3), (7, 4), (8, 1)]
810,1,4,6,2,[(6, 4), (7, 2), (7, 3), (7, 4), (7, 5), (8, 2)]
811,1,4,6,3,[(6, 5), (7, 3), (7, 4), (7, 5), (7, 6), (8, 3)]
812,1,4,6,4,[(6, 6), (7, 4), (7, 5), (7, 6), (7, 7), (8, 4)]
813,1,4,6,5,[(6, 7), (7, 5), (7, 6), (7, 7), (7, 8), (8, 5)]
814,1,4,6,6,[(6, 8), (7, 6), (7, 7), (7, 8), (7, 9), (8, 6)]
815,1,4,6,7,[(6, 9), (7, 7), (7, 8), (7, 9), (7, 10), (8, 7)]
816,1,4,6,8,[(6, 10), (7, 8), (7, 9), (7, 10), (7, 11), (8, 8)]
817,1,4,6,9,[(6, 11), (7, 9), (7, 10), (7, 11), (7, 12), (8, 9)]
818,1,4,6,10,[(6, 12), (7, 10), (7, 11), (7, 12), (7, 13), (8, 10)]
819,1,4,6,11,[(6, 13), (7, 11), (7, 12), (7, 13), (7, 14), (8, 11)]
820,1,4,7,0,[(7, 2), (8, 0), (8, 1), (8, 2), (8, 3), (9, 0)]
821,1,4,7,1,[(7, 3), (8, 1), (8, 2), (8, 3), (8, 4), (9, 1)]
822,1,4,7,2,[(7, 4), (8, 2), (8, 3), (8, 4), (8, 5), (9, 2)]
823,1,4,7,3,[(7, 5), (8, 3), (8, 4), (8, 5), (8, 6), (9, 3)]
824,1,4,7,4,[(7, 6), (8, 4), (8, 5), (8, 6), (8, 7), (9, 4)]
825,1,4,7,5,[(7, 7), (8, 5), (8, 6), (8, 7), (8, 8), (9, 5)]
826,1,4,7,6,[(7, 8), (8, 6), (8, 7), (8, 8), (8, 9), (9, 6)]
827,1,4,7,7,[(7, 9), (8, 7), (8, 8), (8, 9), (8, 10), (9, 7)]
828,1,4,7,8,[(7, 10), (8, 8), (8, 9), (8, 10), (8, 11), (9, 8)]
829,1,4,7,9,[(7, 11), (8, 9), (8, 10), (8, 11), (8, 12), (9, 9)]
830,1,4,7,10,[(7, 12), (8, 10), (8, 11), (8, 12), (8, 13), (9, 10)]
831,1,4,7,11,[(7, 13), (8, 11), (8, 12), (8, 13), (8, 14), (9, 11)]
832,1,5,0,0,[(0, 3), (1, 0), (1, 1), (1, 2), (1, 3), (2, 1)]
833,1,5,0,1,[(0, 4), (1, 1), (1, 2), (1, 3), (1, 4), (2, 2)]
834,1,5,0,2,[(0, 5), (1, 2), (1, 3), (1, 4), (1, 5), (2, 3)]
835,1,5,0,3,[(0, 6), (1, 3), (1, 4), (1, 5), (1, 6), (2, 4)]
836,1,5,0,4,[(0, 7), (1, 4), (1, 5), (1, 6), (1, 7), (2, 5)]
837,1,5,0,5,[(0, 8), (1, 5), (1, 6), (1, 7), (1, 8), (2, 6)]
838,1,5,0,6,[(0, 9), (1, 6), (1, 7), (1, 8), (1, 9), (2, 7)]
839,1,5,0,7,[(0, 10), (1, 7), (1, 8), (1, 9), (1, 10), (2, 8)]
840,1,5,0,8,[(0, 11), (1, 8), (1, 9), (1, 10), (1, 11), (2, 9)]
841,1,5,0,9,[(0, 12), (1, 9), (1, 10), (1, 11), (1, 12), (2, 10)]
842,1,5,0,10,[(0, 13), (1, 10), (1, 11), (1, 12), (1, 13), (2, 11)]
843,1,5,0,11,[(0, 14), (1, 11), (1, 12), (1, 13), (1, 14), (2, 12)]
844,1,5,1,0,[(1, 3), (2, 0), (2, 1), (2, 2), (2, 3), (3, 1)]
845,1,5,1,1,[(1, 4), (2, 1), (2, 2), (2, 3), (2, 4), (3, 2)]
846,1,5,1,2,[(1, 5), (2, 2), (2, 3), (2, 4), (2, 5), (3, 3)]
847,1,5,1,3,[(1, 6), (2, 3), (2, 4), (2, 5), (2, 6), (3, 4)]
848,1,5,1,4,[(1, 7), (2, 4), (2, 5), (2, 6), (2, 7), (3, 5)]
849,1,5,1,5,[(1, 8), (2, 5), (2, 6), (2, 7), (2, 8), (3, 6)]
850,1,5,1,6,[(1, 9), (2, 6), (2, 7), (2, 8), (2, 9), (3, 7)]
851,1,5,1,7,[(1, 10), (2, 7), (2, 8), (2, 9), (2, 10), (3, 8)]
852,1,5,1,8,[(1, 11), (2, 8), (2, 9), (2, 10), (2, 11), (3, 9)]
853,1,5,1,9,[(1, 12), (2, 9), (2, 10), (2, 11), (2, 12), (3, 10)]
854,1,5,1,10,[(1, 13), (2, 10), (2, 11), (2, 12), (2, 13), (3, 11)]
855,1,5,1,11,[(1, 14), (2, 11), (2, 12), (2, 13), (2, 14), (3, 12)]
856,1,5,2,0,[(2, 3), (3, 0), (3, 1), (3, 2), (3, 3), (4, 1)]
857,1,5,2,1,[(2, 4), (3, 1), (3, 2), (3, 3), (3, 4), (4, 2)]
858,1,5,2,2,[(2, 5), (3, 2), (3, 3), (3, 4), (3, 5), (4, 3)]
859,1,5,2,3,[(2, 6), (3, 3), (3, 4), (3, 5), (3, 6), (4, 4)]
860,1,5,2,4,[(2, 7), (3, 4), (3, 5), (3, 6), (3, 7), (4, 5)]
861,1,5,2,5,[(2, 8), (3, 5), (3, 6), (3, 7), (3, 8), (4, 6)]
862,1,5,2,6,[(2, 9), (3, 6), (3, 7), (3, 8), (3, 9), (4, 7)]
863,1,5,2,7,[(2, 10), (3, 7), (3, 8), (3, 9), (3, 10), (4, 8)]
864,1,5,2,8,[(2, 11), (3, 8), (3, 9), (3, 10), (3, 11), (4, 9)]
865,1,5,2,9,[(2, 12), (3, 9), (3, 10), (3, 11), (3, 12), (4, 10)]
866,1,5,2,10,[(2, 13), (3, 10), (3, 11), (3, 12), (3, 13), (4, 11)]
867,1,5,2,11,[(2, 14), (3, 11), (3, 12), (3, 13), (3, 14), (4, 12)]
868,1,5,3,0,[(3, 3), (4, 0), (4, 1), (4, 2), (4, 3), (5, 1)]
869,1,5,3,1,[(3, 4), (4, 1), (4, 2), (4, 3), (4, 4), (5, 2)]
870,1,5,3,2,[(3, 5), (4, 2), (4, 3), (4, 4), (4, 5), (5, 3)]
871,1,5,3,3,[(3, 6), (4, 3), (4, 4), (4, 5), (4, 6), (5, 4)]
872,1,5,3,4,[(3, 7), (4, 4), (4, 5), (4, 6), (4, 7), (5, 5)]
873,1,5,3,5,[(3, 8), (4, 5), (4, 6), (4, 7), (4, 8), (5, 6)]
874,1,5,3,6,[(3, 9), (4, 6), (4, 7), (4, 8), (4, 9), (5, 7)]
875,1,5,3,7,[(3, 10), (4, 7), (4, 8), (4, 9), (4, 10), (5, 8)]
876,1,5,3,8,[(3, 11), (4, 8), (4, 9), (4, 10), (4, 11), (5, 9)]
877,1,5,3,9,[(3, 12), (4, 9), (4, 10), (4, 11), (4, 12), (5, 10)]
878,1,5,3,10,[(3, 13), (4, 10), (4, 11), (4, 12), (4, 13), (5, 11)]
879,1,5,3,11,[(3, 14), (4, 11), (4, 12), (4, 13), (4, 14), (5, 12)]
880,1,5,4,0,[(4, 3), (5, 0), (5, 1), (5, 2), (5, 3), (6, 1)]
881,1,5,4,1,[(4, 4), (5, 1), (5, 2), (5, 3), (5, 4), (6, 2)]
882,1,5,4,2,[(4, 5), (5, 2), (5, 3), (5, 4), (5, 5), (6, 3)]
883,1,5,4,3,[(4, 6), (5, 3), (5, 4), (5, 5), (5, 6), (6, 4)]
884,1,5,4,4,[(4, 7), (5, 4), (5, 5), (5, 6), (5, 7), (6, 5)]
885,1,5,4,5,[(4, 8), (5, 5), (5, 6), (5, 7), (5, 8), (6, 6)]
886,1,5,4,6,[(4, 9), (5, 6), (5, 7), (5, 8), (5, 9), (6, 7)]
887,1,5,4,7,[(4, 10), (5, 7), (5, 8), (5, 9), (5, 10), (6, 8)]
888,1,5,4,8,[(4, 11), (5, 8), (5, 9), (5, 10), (5, 11), (6, 9)]
889,1,5,4,9,[(4, 12), (5, 9), (5, 10), (5, 11), (5, 12), (6, 10)]
890,1,5,4,10,[(4, 13), (5, 10), (5, 11), (5, 12), (5, 13), (6, 11)]
891,1,5,4,11,[(4, 14), (5, 11), (5, 12), (5, 13), (5, 14), (6, 12)]
892,1,5,5,0,[(5, 3), (6, 0), (6, 1), (6, 2), (6, 3), (7, 1)]
893,1,5,5,1,[(5, 4), (6, 1), (6, 2), (6, 3), (6, 4), (7, 2)]
894,1,5,5,2,[(5, 5), (6, 2), (6, 3), (6, 4), (6, 5), (7, 3)]
895,1,5,5,3,[(5, 6), (6, 3), (6, 4), (6, 5), (6, 6), (7, 4)]
896,1,5,5,4,[(5, 7), (6, 4), (6, 5), (6, 6), (6, 7), (7, 5)]
897,1,5,5,5,[(5, 8), (6, 5), (6, 6), (6, 7), (6, 8), (7, 6)]
898,1,5,5,6,[(5, 9), (6, 6), (6, 7), (6, 8), (6, 9), (7, 7)]
899,1,5,5,7,[(5, 10), (6, 7), (6, 8), (6, 9), (6, 10), (7, 8)]
900,1,5,5,8,[(5, 11), (6, 8), (6, 9), (6, 10), (6, 11), (7, 9)]
901,1,5,5,9,[(5, 12), (6, 9), (6, 10), (6, 11), (6, 12), (7, 10)]
902,1,5,5,10,[(5, 13), (6, 10), (6, 11), (6, 12), (6, 13), (7, 11)]
903,1,5,5,11,[(5, 14), (6, 11), (6, 12), (6, 13), (6, 14), (7, 12)]
904,1,5,6,0,[(6, 3), (7, 0), (7, 1), (7, 2), (7, 3), (8, 1)]
905,1,5,6,1,[(6, 4), (7, 1), (7, 2), (7, 3), (7, 4), (8, 2)]
906,1,5,6,2,[(6, 5), (7, 2), (7, 3), (7, 4), (7, 5), (8, 3)]
907,1,5,6,3,[(6, 6), (7, 3), (7, 4), (7, 5), (7, 6), (8, 4)]
908,1,5,6,4,[(6, 7), (7, 4), (7, 5), (7, 6), (7, 7), (8, 5)]
909,1,5,6,5,[(6, 8), (7, 5), (7, 6), (7, 7), (7, 8), (8, 6)]
910,1,5,6,6,[(6, 9), (7, 6), (7, 7), (7, 8), (7, 9), (8, 7)]
911,1,5,6,7,[(6, 10), (7, 7), (7, 8), (7, 9), (7, 10), (8, 8)]
912,1,5,6,8,[(6, 11), (7, 8), (7, 9), (7, 10), (7, 11), (8, 9)]
913,1,5,6,9,[(6, 12), (7, 9), (7, 10), (7, 11), (7, 12), (8, 10)]
914,1,5,6,10,[(6, 13), (7, 10), (7, 11), (7, 12), (7, 13), (8, 11)]
915,1,5,6,11,[(6, 14), (7, 11), (7, 12), (7, 13), (7, 14), (8, 12)]
916,1,5,7,0,[(7, 3), (8, 0), (8, 1), (8, 2), (8, 3), (9, 1)]
917,1,5,7,1,[(7, 4), (8, 1), (8, 2), (8, 3), (8, 4), (9, 2)]
918,1,5,7,2,[(7, 5), (8, 2), (8, 3), (8, 4), (8, 5), (9, 3)]
919,1,5,7,3,[(7, 6), (8, 3), (8, 4), (8, 5), (8, 6), (9, 4)]
920,1,5,7,4,[(7, 7), (8, 4), (8, 5), (8, 6), (8, 7), (9, 5)]
921,1,5,7,5,[(7, 8), (8, 5), (8, 6), (8, 7), (8, 8), (9, 6)]
922,1,5,7,6,[(7, 9), (8, 6), (8, 7), (8, 8), (8, 9), (9, 7)]
923,1,5,7,7,[(7, 10), (8, 7), (8, 8), (8, 9), (8, 10), (9, 8)]
924,1,5,7,8,[(7, 11), (8, 8), (8, 9), (8, 10), (8, 11), (9, 9)]
925,1,5,7,9,[(7, 12), (8, 9), (8, 10), (8, 11), (8, 12), (9, 10)]
926,1,5,7,10,[(7, 13), (8, 10), (8, 11), (8, 12), (8, 13), (9, 11)]
927,1,5,7,11,[(7, 14), (8, 11), (8, 12), (8, 13), (8, 14), (9, 12)]
928,1,6,0,0,[(0, 1), (1, 1), (1, 2), (2, 1), (3, 0), (3, 1)]
929,1,6,0,1,[(0, 2), (1, 2), (1, 3), (2, 2), (3, 1), (3, 2)]
930,1,6,0,2,[(0, 3), (1, 3), (1, 4), (2, 3), (3, 2), (3, 3)]
931,1,6,0,3,[(0, 4), (1, 4), (1, 5), (2, 4), (3, 3), (3, 4)]
932,1,6,0,4,[(0, 5), (1, 5), (1, 6), (2, 5), (3, 4), (3, 5)]
933,1,6,0,5,[(0, 6), (1, 6), (1, 7), (2, 6), (3, 5), (3, 6)]
934,1,6,0,6,[(0, 7), (1, 7), (1, 8), (2, 7), (3, 6), (3, 7)]
935,1,6,0,7,[(0, 8), (1, 8), (1, 9), (2, 8), (3, 7), (3, 8)]
936,1,6,0,8,[(0, 9), (1, 9), (1, 10), (2, 9), (3, 8), (3, 9)]
937,1,6,0,9,[(0, 10), (1, 10), (1, 11), (2, 10), (3, 9), (3, 10)]
938,1,6,0,10,[(0, 11), (1, 11), (1, 12), (2, 11), (3, 10), (3, 11)]
939,1,6,0,11,[(0, 12), (1, 12), (1, 13), (2, 12), (3, 11), (3, 12)]
940,1,6,0,12,[(0, 13), (1, 13), (1, 14), (2, 13), (3, 12), (3, 13)]
941,1,6,1,0,[(1, 1), (2, 1), (2, 2), (3, 1), (4, 0), (4, 1)]
942,1,6,1,1,[(1, 2), (2, 2), (2, 3), (3, 2), (4, 1), (4, 2)]
943,1,6,1,2,[(1, 3), (2, 3), (2, 4), (3, 3), (4, 2), (4, 3)]
944,1,6,1,3,[(1, 4), (2, 4), (2, 5), (3, 4), (4, 3), (4, 4)]
945,1,6,1,4,[(1, 5), (2, 5), (2, 6), (3, 5), (4, 4), (4, 5)]
946,1,6,1,5,[(1, 6), (2, 6), (2, 7), (3, 6), (4, 5), (4, 6)]
947,1,6,1,6,[(1, 7), (2, 7), (2, 8), (3, 7), (4, 6), (4, 7)]
948,1,6,1,7,[(1, 8), (2, 8), (2, 9), (3, 8), (4, 7), (4, 8)]
949,1,6,1,8,[(1, 9), (2, 9), (2, 10), (3, 9), (4, 8), (4, 9)]
950,1,6,1,9,[(1, 10), (2, 10), (2, 11), (3, 10), (4, 9), (4, 10)]
951,1,6,1,10,[(1, 11), (2, 11), (2, 12), (3, 11), (4, 10), (4, 11)]
952,1,6,1,11,[(1, 12), (2, 12), (2, 13), (3, 12), (4, 11), (4, 12)]
953,1,6,1,12,[(1, 13), (2, 13), (2, 14), (3, 13), (4, 12), (4, 13)]
954,1,6,2,0,[(2, 1), (3, 1), (3, 2), (4, 1), (5, 0), (5, 1)]
955,1,6,2,1,[(2, 2), (3, 2), (3, 3), (4, 2), (5, 1), (5, 2)]
956,1,6,2,2,[(2, 3), (3, 3), (3, 4), (4, 3), (5, 2), (5, 3)]
957,1,6,2,3,[(2, 4), (3, 4), (3, 5), (4, 4), (5, 3), (5, 4)]
958,1,6,2,4,[(2, 5), (3, 5), (3, 6), (4, 5), (5, 4), (5, 5)]
959,1,6,2,5,[(2, 6), (3, 6), (3, 7), (4, 6), (5, 5), (5, 6)]
960,1,6,2,6,[(2, 7), (3, 7), (3, 8), (4, 7), (5, 6), (5, 7)]
961,1,6,2,7,[(2, 8), (3, 8), (3, 9), (4, 8), (5, 7), (5, 8)]
962,1,6,2,8,[(2, 9), (3, 9), (3, 10), (4, 9), (5, 8), (5, 9)]
963,1,6,2,9,[(2, 10), (3, 10), (3, 11), (4, 10), (5, 9), (5, 10)]
964,1,6,2,10,[(2, 11), (3, 11), (3, 12), (4, 11), (5, 10), (5, 11)]
965,1,6,2,11,[(2, 12), (3, 12), (3, 13), (4, 12), (5, 11), (5, 12)]
966,1,6,2,12,[(2, 13), (3, 13), (3, 14), (4, 13), (5, 12), (5, 13)]
967,1,6,3,0,[(3, 1), (4, 1), (4, 2), (5, 1), (6, 0), (6, 1)]
968,1,6,3,1,[(3, 2), (4, 2), (4, 3), (5, 2), (6, 1), (6, 2)]
969,1,6,3,2,[(3, 3), (4, 3), (4, 4), (5, 3), (6, 2), (6, 3)]
970,1,6,3,3,[(3, 4), (4, 4), (4, 5), (5, 4), (6, 3), (6, 4)]
971,1,6,3,4,[(3, 5), (4, 5), (4, 6), (5, 5), (6, 4), (6, 5)]
972,1,6,3,5,[(3, 6), (4, 6), (4, 7), (5, 6), (6, 5), (6, 6)]
973,1,6,3,6,[(3, 7), (4, 7), (4, 8), (5, 7), (6, 6), (6, 7)]
974,1,6,3,7,[(3, 8), (4, 8), (4, 9), (5, 8), (6, 7), (6, 8)]
975,1,6,3,8,[(3, 9), (4, 9), (4, 10), (5, 9), (6, 8), (6, 9)]
976,1,6,3,9,[(3, 10), (4, 10), (4, 11), (5, 10), (6, 9), (6, 10)]
977,1,6,3,10,[(3, 11), (4, 11), (4, 12), (5, 11), (6, 10), (6, 11)]
978,1,6,3,11,[(3, 12), (4, 12), (4, 13), (5, 12), (6, 11), (6, 12)]
979,1,6,3,12,[(3, 13), (4, 13), (4, 14), (5, 13), (6, 12), (6, 13)]
980,1,6,4,0,[(4, 1), (5, 1), (5, 2), (6, 1), (7, 0), (7, 1)]
981,1,6,4,1,[(4, 2), (5, 2), (5, 3), (6, 2), (7, 1), (7, 2)]
982,1,6,4,2,[(4, 3), (5, 3), (5, 4), (6, 3), (7, 2), (7, 3)]
983,1,6,4,3,[(4, 4), (5, 4), (5, 5), (6, 4), (7, 3), (7, 4)]
984,1,6,4,4,[(4, 5), (5, 5), (5, 6), (6, 5), (7, 4), (7, 5)]
985,1,6,4,5,[(4, 6), (5, 6), (5, 7), (6, 6), (7, 5), (7, 6)]
986,1,6,4,6,[(4, 7), (5, 7), (5, 8), (6, 7), (7, 6), (7, 7)]
987,1,6,4,7,[(4, 8), (5, 8), (5, 9), (6, 8), (7, 7), (7, 8)]
988,1,6,4,8,[(4, 9), (5, 9), (5, 10), (6, 9), (7, 8), (7, 9)]
989,1,6,4,9,[(4, 10), (5, 10), (5, 11), (6, 10), (7, 9), (7, 10)]
990,1,6,4,10,[(4, 11), (5, 11), (5, 12), (6, 11), (7, 10), (7, 11)]
991,1,6,4,11,[(4, 12), (5, 12), (5, 13), (6, 12), (7, 11), (7, 12)]
992,1,6,4,12,[(4, 13), (5, 13), (5, 14), (6, 13), (7, 12), (7, 13)]
993,1,6,5,0,[(5, 1), (6, 1), (6, 2), (7, 1), (8, 0), (8, 1)]
994,1,6,5,1,[(5, 2), (6, 2), (6, 3), (7, 2), (8, 1), (8, 2)]
995,1,6,5,2,[(5, 3), (6, 3), (6, 4), (7, 3), (8, 2), (8, 3)]
996,1,6,5,3,[(5, 4), (6, 4), (6, 5), (7, 4), (8, 3), (8, 4)]
997,1,6,5,4,[(5, 5), (6, 5), (6, 6), (7, 5), (8, 4), (8, 5)]
998,1,6,5,5,[(5, 6), (6, 6), (6, 7), (7, 6), (8, 5), (8, 6)]
999,1,6,5,6,[(5, 7), (6, 7), (6, 8), (7, 7), (8, 6), (8, 7)]
1000,1,6,5,7,[(5, 8), (6, 8), (6, 9), (7, 8), (8, 7), (8, 8)]
1001,1,6,5,8,[(5, 9), (6, 9), (6, 10), (7, 9), (8, 8), (8, 9)]
1002,1,6,5,9,[(5, 10), (6, 10), (6, 11), (7, 10), (8, 9), (8, 10)]
1003,1,6,5,10,[(5, 11), (6, 11), (6, 12), (7, 11), (8, 10), (8, 11)]
1004,1,6,5,11,[(5, 12), (6, 12), (6, 13), (7, 12), (8, 11), (8, 12)]
1005,1,6,5,12,[(5, 13), (6, 13), (6, 14), (7, 13), (8, 12), (8, 13)]
1006,1,6,6,0,[(6, 1), (7, 1), (7, 2), (8, 1), (9, 0), (9, 1)]
1007,1,6,6,1,[(6, 2), (7, 2), (7, 3), (8, 2), (9, 1), (9, 2)]
1008,1,6,6,2,[(6, 3), (7, 3), (7, 4), (8, 3), (9, 2), (9, 3)]
1009,1,6,6,3,[(6, 4), (7, 4), (7, 5), (8, 4), (9, 3), (9, 4)]
1010,1,6,6,4,[(6, 5), (7, 5), (7, 6), (8, 5), (9, 4), (9, 5)]
1011,1,6,6,5,[(6, 6), (7, 6), (7, 7), (8, 6), (9, 5), (9, 6)]
1012,1,6,6,6,[(6, 7), (7, 7), (7, 8), (8, 7), (9, 6), (9, 7)]
1013,1,6,6,7,[(6, 8), (7, 8), (7, 9), (8, 8), (9, 7), (9, 8)]
1014,1,6,6,8,[(6, 9), (7, 9), (7, 10), (8, 9), (9, 8), (9, 9)]
1015,1,6,6,9,[(6, 10), (7, 10), (7, 11), (8, 10), (9, 9), (9, 10)]
1016,1,6,6,10,[(6, 11), (7, 11), (7, 12), (8, 11), (9, 10), (9, 11)]
1017,1,6,6,11,[(6, 12), (7, 12), (7, 13), (8, 12), (9, 11), (9, 12)]
1018,1,6,6,12,[(6, 13), (7, 13), (7, 14), (8, 13), (9, 12), (9, 13)]
1019,1,7,0,0,[(0, 0), (1, 0), (1, 1), (1, 2), (1, 3), (2, 2)]
1020,1,7,0,1,[(0, 1), (1, 1), (1, 2), (1, 3), (1, 4), (2, 3)]
1021,1,7,0,2,[(0, 2), (1, 2), (1, 3), (1, 4), (1, 5), (2, 4)]
1022,1,7,0,3,[(0, 3), (1, 3), (1, 4), (1, 5), (1, 6), (2, 5)]
1023,1,7,0,4,[(0, 4), (1, 4), (1, 5), (1, 6), (1, 7), (2, 6)]
1024,1,7,0,5,[(0, 5), (1, 5), (1, 6), (1, 7), (1, 8), (2, 7)]
1025,1,7,0,6,[(0, 6), (1, 6), (1, 7), (1, 8), (1, 9), (2, 8)]
1026,1,7,0,7,[(0, 7), (1, 7), (1, 8), (1, 9), (1, 10), (2, 9)]
1027,1,7,0,8,[(0, 8), (1, 8), (1, 9), (1, 10), (1, 11), (2, 10)]
1028,1,7,0,9,[(0, 9), (1, 9), (1, 10), (1, 11), (1, 12), (2, 11)]
1029,1,7,0,10,[(0, 10), (1, 10), (1, 11), (1, 12), (1, 13), (2, 12)]
1030,1,7,0,11,[(0, 11), (1, 11), (1, 12), (1, 13), (1, 14), (2, 13)]
1031,1,7,1,0,[(1, 0), (2, 0), (2, 1), (2, 2), (2, 3), (3, 2)]
1032,1,7,1,1,[(1, 1), (2, 1), (2, 2), (2, 3), (2, 4), (3, 3)]
1033,1,7,1,2,[(1, 2), (2, 2), (2, 3), (2, 4), (2, 5), (3, 4)]
1034,1,7,1,3,[(1, 3), (2, 3), (2, 4), (2, 5), (2, 6), (3, 5)]
1035,1,7,1,4,[(1, 4), (2, 4), (2, 5), (2, 6), (2, 7), (3, 6)]
1036,1,7,1,5,[(1, 5), (2, 5), (2, 6), (2, 7), (2, 8), (3, 7)]
1037,1,7,1,6,[(1, 6), (2, 6), (2, 7), (2, 8), (2, 9), (3, 8)]
1038,1,7,1,7,[(1, 7), (2, 7), (2, 8), (2, 9), (2, 10), (3, 9)]
1039,1,7,1,8,[(1, 8), (2, 8), (2, 9), (2, 10), (2, 11), (3, 10)]
1040,1,7,1,9,[(1, 9), (2, 9), (2, 10), (2, 11), (2, 12), (3, 11)]
1041,1,7,1,10,[(1, 10), (2, 10), (2, 11), (2, 12), (2, 13), (3, 12)]
1042,1,7,1,11,[(1, 11), (2, 11), (2, 12), (2, 13), (2, 14), (3, 13)]
1043,1,7,2,0,[(2, 0), (3, 0), (3, 1), (3, 2), (3, 3), (4, 2)]
1044,1,7,2,1,[(2, 1), (3, 1), (3, 2), (3, 3), (3, 4), (4, 3)]
1045,1,7,2,2,[(2, 2), (3, 2), (3, 3), (3, 4), (3, 5), (4, 4)]
1046,1,7,2,3,[(2, 3), (3, 3), (3, 4), (3, 5), (3, 6), (4, 5)]
1047,1,7,2,4,[(2, 4), (3, 4), (3, 5), (3, 6), (3, 7), (4, 6)]
1048,1,7,2,5,[(2, 5), (3, 5), (3, 6), (3, 7), (3, 8), (4, 7)]
1049,1,7,2,6,[(2, 6), (3, 6), (3, 7), (3, 8), (3, 9), (4, 8)]
1050,1,7,2,7,[(2, 7), (3, 7), (3, 8), (3, 9), (3, 10), (4, 9)]
1051,1,7,2,8,[(2, 8), (3, 8), (3, 9), (3, 10), (3, 11), (4, 10)]
1052,1,7,2,9,[(2, 9), (3, 9), (3, 10), (3, 11), (3, 12), (4, 11)]
1053,1,7,2,10,[(2, 10), (3, 10), (3, 11), (3, 12), (3, 13), (4, 12)]
1054,1,7,2,11,[(2, 11), (3, 11), (3, 12), (3, 13), (3, 14), (4, 13)]
1055,1,7,3,0,[(3, 0), (4, 0), (4, 1), (4, 2), (4, 3), (5, 2)]
1056,1,7,3,1,[(3, 1), (4, 1), (4, 2), (4, 3), (4, 4), (5, 3)]
1057,1,7,3,2,[(3, 2), (4, 2), (4, 3), (4, 4), (4, 5), (5, 4)]
1058,1,7,3,3,[(3, 3), (4, 3), (4, 4), (4, 5), (4, 6), (5, 5)]
1059,1,7,3,4,[(3, 4), (4, 4), (4, 5), (4, 6), (4, 7), (5, 6)]
1060,1,7,3,5,[(3, 5), (4, 5), (4, 6), (4, 7), (4, 8), (5, 7)]
1061,1,7,3,6,[(3, 6), (4, 6), (4, 7), (4, 8), (4, 9), (5, 8)]
1062,1,7,3,7,[(3, 7), (4, 7), (4, 8), (4, 9), (4, 10), (5, 9)]
1063,1,7,3,8,[(3, 8), (4, 8), (4, 9), (4, 10), (4, 11), (5, 10)]
1064,1,7,3,9,[(3, 9), (4, 9), (4, 10), (4, 11), (4, 12), (5, 11)]
1065,1,7,3,10,[(3, 10), (4, 10), (4, 11), (4, 12), (4, 13), (5, 12)]
1066,1,7,3,11,[(3, 11), (4, 11), (4, 12), (4, 13), (4, 14), (5, 13)]
1067,1,7,4,0,[(4, 0), (5, 0), (5, 1), (5, 2), (5, 3), (6, 2)]
1068,1,7,4,1,[(4, 1), (5, 1), (5, 2), (5, 3), (5, 4), (6, 3)]
1069,1,7,4,2,[(4, 2), (5, 2), (5, 3), (5, 4), (5, 5), (6, 4)]
1070,1,7,4,3,[(4, 3), (5, 3), (5, 4), (5, 5), (5, 6), (6, 5)]
1071,1,7,4,4,[(4, 4), (5, 4), (5, 5), (5, 6), (5, 7), (6, 6)]
1072,1,7,4,5,[(4, 5), (5, 5), (5, 6), (5, 7), (5, 8), (6, 7)]
1073,1,7,4,6,[(4, 6), (5, 6), (5, 7), (5, 8), (5, 9), (6, 8)]
1074,1,7,4,7,[(4, 7), (5, 7), (5, 8), (5, 9), (5, 10), (6, 9)]
1075,1,7,4,8,[(4, 8), (5, 8), (5, 9), (5, 10), (5, 11), (6, 10)]
1076,1,7,4,9,[(4, 9), (5, 9), (5, 10), (5, 11), (5, 12), (6, 11)]
1077,1,7,4,10,[(4, 10), (5, 10), (5, 11), (5, 12), (5, 13), (6, 12)]
1078,1,7,4,11,[(4, 11), (5, 11), (5, 12), (5, 13), (5, 14), (6, 13)]
1079,1,7,5,0,[(5, 0), (6, 0), (6, 1), (6, 2), (6, 3), (7, 2)]
1080,1,7,5,1,[(5, 1), (6, 1), (6, 2), (6, 3), (6, 4), (7, 3)]
1081,1,7,5,2,[(5, 2), (6, 2), (6, 3), (6, 4), (6, 5), (7, 4)]
1082,1,7,5,3,[(5, 3), (6, 3), (6, 4), (6, 5), (6, 6), (7, 5)]
1083,1,7,5,4,[(5, 4), (6, 4), (6, 5), (6, 6), (6, 7), (7, 6)]
1084,1,7,5,5,[(5, 5), (6, 5), (6, 6), (6, 7), (6, 8), (7, 7)]
1085,1,7,5,6,[(5, 6), (6, 6), (6, 7), (6, 8), (6, 9), (7, 8)]
1086,1,7,5,7,[(5, 7), (6, 7), (6, 8), (6, 9), (6, 10), (7, 9)]
1087,1,7,5,8,[(5, 8), (6, 8), (6, 9), (6, 10), (6, 11), (7, 10)]
1088,1,7,5,9,[(5, 9), (6, 9), (6, 10), (6, 11), (6, 12), (7, 11)]
1089,1,7,5,10,[(5, 10), (6, 10), (6, 11), (6, 12), (6, 13), (7, 12)]
1090,1,7,5,11,[(5, 11), (6, 11), (6, 12), (6, 13), (6, 14), (7, 13)]
1091,1,7,6,0,[(6, 0), (7, 0), (7, 1), (7, 2), (7, 3), (8, 2)]
1092,1,7,6,1,[(6, 1), (7, 1), (7, 2), (7, 3), (7, 4), (8, 3)]
1093,1,7,6,2,[(6, 2), (7, 2), (7, 3), (7, 4), (7, 5), (8, 4)]
1094,1,7,6,3,[(6, 3), (7, 3), (7, 4), (7, 5), (7, 6), (8, 5)]
1095,1,7,6,4,[(6, 4), (7, 4), (7, 5), (7, 6), (7, 7), (8, 6)]
1096,1,7,6,5,[(6, 5), (7, 5), (7, 6), (7, 7), (7, 8), (8, 7)]
1097,1,7,6,6,[(6, 6), (7, 6), (7, 7), (7, 8), (7, 9), (8, 8)]
1098,1,7,6,7,[(6, 7), (7, 7), (7, 8), (7, 9), (7, 10), (8, 9)]
1099,1,7,6,8,[(6, 8), (7, 8), (7, 9), (7, 10), (7, 11), (8, 10)]
1100,1,7,6,9,[(6, 9), (7, 9), (7, 10), (7, 11), (7, 12), (8, 11)]
1101,1,7,6,10,[(6, 10), (7, 10), (7, 11), (7, 12), (7, 13), (8, 12)]
1102,1,7,6,11,[(6, 11), (7, 11), (7, 12), (7, 13), (7, 14), (8, 13)]
1103,1,7,7,0,[(7, 0), (8, 0), (8, 1), (8, 2), (8, 3), (9, 2)]
1104,1,7,7,1,[(7, 1), (8, 1), (8, 2), (8, 3), (8, 4), (9, 3)]
1105,1,7,7,2,[(7, 2), (8, 2), (8, 3), (8, 4), (8, 5), (9, 4)]
1106,1,7,7,3,[(7, 3), (8, 3), (8, 4), (8, 5), (8, 6), (9, 5)]
1107,1,7,7,4,[(7, 4), (8, 4), (8, 5), (8, 6), (8, 7), (9, 6)]
1108,1,7,7,5,[(7, 5), (8, 5), (8, 6), (8, 7), (8, 8), (9, 7)]
1109,1,7,7,6,[(7, 6), (8, 6), (8, 7), (8, 8), (8, 9), (9, 8)]
1110,1,7,7,7,[(7, 7), (8, 7), (8, 8), (8, 9), (8, 10), (9, 9)]
1111,1,7,7,8,[(7, 8), (8, 8), (8, 9), (8, 10), (8, 11), (9, 10)]
1112,1,7,7,9,[(7, 9), (8, 9), (8, 10), (8, 11), (8, 12), (9, 11)]
1113,1,7,7,10,[(7, 10), (8, 10), (8, 11), (8, 12), (8, 13), (9, 12)]
1114,1,7,7,11,[(7, 11), (8, 11), (8, 12), (8, 13), (8, 14), (9, 13)]
1115,2,0,0,0,[(0, 0), (1, 0), (1, 1), (1, 2), (2, 1), (3, 1)]
1116,2,0,0,1,[(0, 1), (1, 1), (1, 2), (1, 3), (2, 2), (3, 2)]
1117,2,0,0,2,[(0, 2), (1, 2), (1, 3), (1, 4), (2, 3), (3, 3)]
1118,2,0,0,3,[(0, 3), (1, 3), (1, 4), (1, 5), (2, 4), (3, 4)]
1119,2,0,0,4,[(0, 4), (1, 4), (1, 5), (1, 6), (2, 5), (3, 5)]
1120,2,0,0,5,[(0, 5), (1, 5), (1, 6), (1, 7), (2, 6), (3, 6)]
1121,2,0,0,6,[(0, 6), (1, 6), (1, 7), (1, 8), (2, 7), (3, 7)]
1122,2,0,0,7,[(0, 7), (1, 7), (1, 8), (1, 9), (2, 8), (3, 8)]
1123,2,0,0,8,[(0, 8), (1, 8), (1, 9), (1, 10), (2, 9), (3, 9)]
1124,2,0,0,9,[(0, 9), (1, 9), (1, 10), (1, 11), (2, 10), (3, 10)]
1125,2,0,0,10,[(0, 10), (1, 10), (1, 11), (1, 12), (2, 11), (3, 11)]
1126,2,0,0,11,[(0, 11), (1, 11), (1, 12), (1, 13), (2, 12), (3, 12)]
1127,2,0,0,12,[(0, 12), (1, 12), (1, 13), (1, 14), (2, 13), (3, 13)]
1128,2,0,1,0,[(1, 0), (2, 0), (2, 1), (2, 2), (3, 1), (4, 1)]
1129,2,0,1,1,[(1, 1), (2, 1), (2, 2), (2, 3), (3, 2), (4, 2)]
1130,2,0,1,2,[(1, 2), (2, 2), (2, 3), (2, 4), (3, 3), (4, 3)]
1131,2,0,1,3,[(1, 3), (2, 3), (2, 4), (2, 5), (3, 4), (4, 4)]
1132,2,0,1,4,[(1, 4), (2, 4), (2, 5), (2, 6), (3, 5), (4, 5)]
1133,2,0,1,5,[(1, 5), (2, 5), (2, 6), (2, 7), (3, 6), (4, 6)]
1134,2,0,1,6,[(1, 6), (2, 6), (2, 7), (2, 8), (3, 7), (4, 7)]
1135,2,0,1,7,[(1, 7), (2, 7), (2, 8), (2, 9), (3, 8), (4, 8)]
1136,2,0,1,8,[(1, 8), (2, 8), (2, 9), (2, 10), (3, 9), (4, 9)]
1137,2,0,1,9,[(1, 9), (2, 9), (2, 10), (2, 11), (3, 10), (4, 10)]
1138,2,0,1,10,[(1, 10), (2, 10), (2, 11), (2, 12), (3, 11), (4, 11)]
1139,2,0,1,11,[(1, 11), (2, 11), (2, 12), (2, 13), (3, 12), (4, 12)]
1140,2,0,1,12,[(1, 12), (2, 12), (2, 13), (2, 14), (3, 13), (4, 13)]
1141,2,0,2,0,[(2, 0), (3, 0), (3, 1), (3, 2), (4, 1), (5, 1)]
1142,2,0,2,1,[(2, 1), (3, 1), (3, 2), (3, 3), (4, 2), (5, 2)]
1143,2,0,2,2,[(2, 2), (3, 2), (3, 3), (3, 4), (4, 3), (5, 3)]
1144,2,0,2,3,[(2, 3), (3, 3), (3, 4), (3, 5), (4, 4), (5, 4)]
1145,2,0,2,4,[(2, 4), (3, 4), (3, 5), (3, 6), (4, 5), (5, 5)]
1146,2,0,2,5,[(2, 5), (3, 5), (3, 6), (3, 7), (4, 6), (5, 6)]
1147,2,0,2,6,[(2, 6), (3, 6), (3, 7), (3, 8), (4, 7), (5, 7)]
1148,2,0,2,7,[(2, 7), (3, 7), (3, 8), (3, 9), (4, 8), (5, 8)]
1149,2,0,2,8,[(2, 8), (3, 8), (3, 9), (3, 10), (4, 9), (5, 9)]
1150,2,0,2,9,[(2, 9), (3, 9), (3, 10), (3, 11), (4, 10), (5, 10)]
1151,2,0,2,10,[(2, 10), (3, 10), (3, 11), (3, 12), (4, 11), (5, 11)]
1152,2,0,2,11,[(2, 11), (3, 11), (3, 12), (3, 13), (4, 12), (5, 12)]
1153,2,0,2,12,[(2, 12), (3, 12), (3, 13), (3, 14), (4, 13), (5, 13)]
1154,2,0,3,0,[(3, 0), (4, 0), (4, 1), (4, 2), (5, 1), (6, 1)]
1155,2,0,3,1,[(3, 1), (4, 1), (4, 2), (4, 3), (5, 2), (6, 2)]
1156,2,0,3,2,[(3, 2), (4, 2), (4, 3), (4, 4), (5, 3), (6, 3)]
1157,2,0,3,3,[(3, 3), (4, 3), (4, 4), (4, 5), (5, 4), (6, 4)]
1158,2,0,3,4,[(3, 4), (4, 4), (4, 5), (4, 6), (5, 5), (6, 5)]
1159,2,0,3,5,[(3, 5), (4, 5), (4, 6), (4, 7), (5, 6), (6, 6)]
1160,2,0,3,6,[(3, 6), (4, 6), (4, 7), (4, 8), (5, 7), (6, 7)]
1161,2,0,3,7,[(3, 7), (4, 7), (4, 8), (4, 9), (5, 8), (6, 8)]
1162,2,0,3,8,[(3, 8), (4, 8), (4, 9), (4, 10), (5, 9), (6, 9)]
1163,2,0,3,9,[(3, 9), (4, 9), (4, 10), (4, 11), (5, 10), (6, 10)]
1164,2,0,3,10,[(3, 10), (4, 10), (4, 11), (4, 12), (5, 11), (6, 11)]
1165,2,0,3,11,[(3, 11), (4, 11), (4, 12), (4, 13), (5, 12), (6, 12)]
1166,2,0,3,12,[(3, 12), (4, 12), (4, 13), (4, 14), (5, 13), (6, 13)]
1167,2,0,4,0,[(4, 0), (5, 0), (5, 1), (5, 2), (6, 1), (7, 1)]
1168,2,0,4,1,[(4, 1), (5, 1), (5, 2), (5, 3), (6, 2), (7, 2)]
1169,2,0,4,2,[(4, 2), (5, 2), (5, 3), (5, 4), (6, 3), (7, 3)]
1170,2,0,4,3,[(4, 3), (5, 3), (5, 4), (5, 5), (6, 4), (7, 4)]
1171,2,0,4,4,[(4, 4), (5, 4), (5, 5), (5, 6), (6, 5), (7, 5)]
1172,2,0,4,5,[(4, 5), (5, 5), (5, 6), (5, 7), (6, 6), (7, 6)]
1173,2,0,4,6,[(4, 6), (5, 6), (5, 7), (5, 8), (6, 7), (7, 7)]
1174,2,0,4,7,[(4, 7), (5, 7), (5, 8), (5, 9), (6, 8), (7, 8)]
1175,2,0,4,8,[(4, 8), (5, 8), (5, 9), (5, 10), (6, 9), (7, 9)]
1176,2,0,4,9,[(4, 9), (5, 9), (5, 10), (5, 11), (6, 10), (7, 10)]
1177,2,0,4,10,[(4, 10), (5, 10), (5, 11), (5, 12), (6, 11), (7, 11)]
1178,2,0,4,11,[(4, 11), (5, 11), (5, 12), (5, 13), (6, 12), (7, 12)]
1179,2,0,4,12,[(4, 12), (5, 12), (5, 13), (5, 14), (6, 13), (7, 13)]
1180,2,0,5,0,[(5, 0), (6, 0), (6, 1), (6, 2), (7, 1), (8, 1)]
1181,2,0,5,1,[(5, 1), (6, 1), (6, 2), (6, 3), (7, 2), (8, 2)]
1182,2,0,5,2,[(5, 2), (6, 2), (6, 3), (6, 4), (7, 3), (8, 3)]
1183,2,0,5,3,[(5, 3), (6, 3), (6, 4), (6, 5), (7, 4), (8, 4)]
1184,2,0,5,4,[(5, 4), (6, 4), (6, 5), (6, 6), (7, 5), (8, 5)]
1185,2,0,5,5,[(5, 5), (6, 5), (6, 6), (6, 7), (7, 6), (8, 6)]
1186,2,0,5,6,[(5, 6), (6, 6), (6, 7), (6, 8), (7, 7), (8, 7)]
1187,2,0,5,7,[(5, 7), (6, 7), (6, 8), (6, 9), (7, 8), (8, 8)]
1188,2,0,5,8,[(5, 8), (6, 8), (6, 9), (6, 10), (7, 9), (8, 9)]
1189,2,0,5,9,[(5, 9), (6, 9), (6, 10), (6, 11), (7, 10), (8, 10)]
1190,2,0,5,10,[(5, 10), (6, 10), (6, 11), (6, 12), (7, 11), (8, 11)]
1191,2,0,5,11,[(5, 11), (6, 11), (6, 12), (6, 13), (7, 12), (8, 12)]
1192,2,0,5,12,[(5, 12), (6, 12), (6, 13), (6, 14), (7, 13), (8, 13)]
1193,2,0,6,0,[(6, 0), (7, 0), (7, 1), (7, 2), (8, 1), (9, 1)]
1194,2,0,6,1,[(6, 1), (7, 1), (7, 2), (7, 3), (8, 2), (9, 2)]
1195,2,0,6,2,[(6, 2), (7, 2), (7, 3), (7, 4), (8, 3), (9, 3)]
1196,2,0,6,3,[(6, 3), (7, 3), (7, 4), (7, 5), (8, 4), (9, 4)]
1197,2,0,6,4,[(6, 4), (7, 4), (7, 5), (7, 6), (8, 5), (9, 5)]
1198,2,0,6,5,[(6, 5), (7, 5), (7, 6), (7, 7), (8, 6), (9, 6)]
1199,2,0,6,6,[(6, 6), (7, 6), (7, 7), (7, 8), (8, 7), (9, 7)]
1200,2,0,6,7,[(6, 7), (7, 7), (7, 8), (7, 9), (8, 8), (9, 8)]
1201,2,0,6,8,[(6, 8), (7, 8), (7, 9), (7, 10), (8, 9), (9, 9)]
1202,2,0,6,9,[(6, 9), (7, 9), (7, 10), (7, 11), (8, 10), (9, 10)]
1203,2,0,6,10,[(6, 10), (7, 10), (7, 11), (7, 12), (8, 11), (9, 11)]
1204,2,0,6,11,[(6, 11), (7, 11), (7, 12), (7, 13), (8, 12), (9, 12)]
1205,2,0,6,12,[(6, 12), (7, 12), (7, 13), (7, 14), (8, 13), (9, 13)]
1206,2,1,0,0,[(0, 2), (1, 0), (1, 1), (1, 2), (2, 1), (3, 1)]
1207,2,1,0,1,[(0, 3), (1, 1), (1, 2), (1, 3), (2, 2), (3, 2)]
1208,2,1,0,2,[(0, 4), (1, 2), (1, 3), (1, 4), (2, 3), (3, 3)]
1209,2,1,0,3,[(0, 5), (1, 3), (1, 4), (1, 5), (2, 4), (3, 4)]
1210,2,1,0,4,[(0, 6), (1, 4), (1, 5), (1, 6), (2, 5), (3, 5)]
1211,2,1,0,5,[(0, 7), (1, 5), (1, 6), (1, 7), (2, 6), (3, 6)]
1212,2,1,0,6,[(0, 8), (1, 6), (1, 7), (1, 8), (2, 7), (3, 7)]
1213,2,1,0,7,[(0, 9), (1, 7), (1, 8), (1, 9), (2, 8), (3, 8)]
1214,2,1,0,8,[(0, 10), (1, 8), (1, 9), (1, 10), (2, 9), (3, 9)]
1215,2,1,0,9,[(0, 11), (1, 9), (1, 10), (1, 11), (2, 10), (3, 10)]
1216,2,1,0,10,[(0, 12), (1, 10), (1, 11), (1, 12), (2, 11), (3, 11)]
1217,2,1,0,11,[(0, 13), (1, 11), (1, 12), (1, 13), (2, 12), (3, 12)]
1218,2,1,0,12,[(0, 14), (1, 12), (1, 13), (1, 14), (2, 13), (3, 13)]
1219,2,1,1,0,[(1, 2), (2, 0), (2, 1), (2, 2), (3, 1), (4, 1)]
1220,2,1,1,1,[(1, 3), (2, 1), (2, 2), (2, 3), (3, 2), (4, 2)]
1221,2,1,1,2,[(1, 4), (2, 2), (2, 3), (2, 4), (3, 3), (4, 3)]
1222,2,1,1,3,[(1, 5), (2, 3), (2, 4), (2, 5), (3, 4), (4, 4)]
1223,2,1,1,4,[(1, 6), (2, 4), (2, 5), (2, 6), (3, 5), (4, 5)]
1224,2,1,1,5,[(1, 7), (2, 5), (2, 6), (2, 7), (3, 6), (4, 6)]
1225,2,1,1,6,[(1, 8), (2, 6), (2, 7), (2, 8), (3, 7), (4, 7)]
1226,2,1,1,7,[(1, 9), (2, 7), (2, 8), (2, 9), (3, 8), (4, 8)]
1227,2,1,1,8,[(1, 10), (2, 8), (2, 9), (2, 10), (3, 9), (4, 9)]
1228,2,1,1,9,[(1, 11), (2, 9), (2, 10), (2, 11), (3, 10), (4, 10)]
1229,2,1,1,10,[(1, 12), (2, 10), (2, 11), (2, 12), (3, 11), (4, 11)]
1230,2,1,1,11,[(1, 13), (2, 11), (2, 12), (2, 13), (3, 12), (4, 12)]
1231,2,1,1,12,[(1, 14), (2, 12), (2, 13), (2, 14), (3, 13), (4, 13)]
1232,2,1,2,0,[(2, 2), (3, 0), (3, 1), (3, 2), (4, 1), (5, 1)]
1233,2,1,2,1,[(2, 3), (3, 1), (3, 2), (3, 3), (4, 2), (5, 2)]
1234,2,1,2,2,[(2, 4), (3, 2), (3, 3), (3, 4), (4, 3), (5, 3)]
1235,2,1,2,3,[(2, 5), (3, 3), (3, 4), (3, 5), (4, 4), (5, 4)]
1236,2,1,2,4,[(2, 6), (3, 4), (3, 5), (3, 6), (4, 5), (5, 5)]
1237,2,1,2,5,[(2, 7), (3, 5), (3, 6), (3, 7), (4, 6), (5, 6)]
1238,2,1,2,6,[(2, 8), (3, 6), (3, 7), (3, 8), (4, 7), (5, 7)]
1239,2,1,2,7,[(2, 9), (3, 7), (3, 8), (3, 9), (4, 8), (5, 8)]
1240,2,1,2,8,[(2, 10), (3, 8), (3, 9), (3, 10), (4, 9), (5, 9)]
1241,2,1,2,9,[(2, 11), (3, 9), (3, 10), (3, 11), (4, 10), (5, 10)]
1242,2,1,2,10,[(2, 12), (3, 10), (3, 11), (3, 12), (4, 11), (5, 11)]
1243,2,1,2,11,[(2, 13), (3, 11), (3, 12), (3, 13), (4, 12), (5, 12)]
1244,2,1,2,12,[(2, 14), (3, 12), (3, 13), (3, 14), (4, 13), (5, 13)]
1245,2,1,3,0,[(3, 2), (4, 0), (4, 1), (4, 2), (5, 1), (6, 1)]
1246,2,1,3,1,[(3, 3), (4, 1), (4, 2), (4, 3), (5, 2), (6, 2)]
1247,2,1,3,2,[(3, 4), (4, 2), (4, 3), (4, 4), (5, 3), (6, 3)]
1248,2,1,3,3,[(3, 5), (4, 3), (4, 4), (4, 5), (5, 4), (6, 4)]
1249,2,1,3,4,[(3, 6), (4, 4), (4, 5), (4, 6), (5, 5), (6, 5)]
1250,2,1,3,5,[(3, 7), (4, 5), (4, 6), (4, 7), (5, 6), (6, 6)]
1251,2,1,3,6,[(3, 8), (4, 6), (4, 7), (4, 8), (5, 7), (6, 7)]
1252,2,1,3,7,[(3, 9), (4, 7), (4, 8), (4, 9), (5, 8), (6, 8)]
1253,2,1,3,8,[(3, 10), (4, 8), (4, 9), (4, 10), (5, 9), (6, 9)]
1254,2,1,3,9,[(3, 11), (4, 9), (4, 10), (4, 11), (5, 10), (6, 10)]
1255,2,1,3,10,[(3, 12), (4, 10), (4, 11), (4, 12), (5, 11), (6, 11)]
1256,2,1,3,11,[(3, 13), (4, 11), (4, 12), (4, 13), (5, 12), (6, 12)]
1257,2,1,3,12,[(3, 14), (4, 12), (4, 13), (4, 14), (5, 13), (6, 13)]
1258,2,1,4,0,[(4, 2), (5, 0), (5, 1), (5, 2), (6, 1), (7, 1)]
1259,2,1,4,1,[(4, 3), (5, 1), (5, 2), (5, 3), (6, 2), (7, 2)]
1260,2,1,4,2,[(4, 4), (5, 2), (5, 3), (5, 4), (6, 3), (7, 3)]
1261,2,1,4,3,[(4, 5), (5, 3), (5, 4), (5, 5), (6, 4), (7, 4)]
1262,2,1,4,4,[(4, 6), (5, 4), (5, 5), (5, 6), (6, 5), (7, 5)]
1263,2,1,4,5,[(4, 7), (5, 5), (5, 6), (5, 7), (6, 6), (7, 6)]
1264,2,1,4,6,[(4, 8), (5, 6), (5, 7), (5, 8), (6, 7), (7, 7)]
1265,2,1,4,7,[(4, 9), (5, 7), (5, 8), (5, 9), (6, 8), (7, 8)]
1266,2,1,4,8,[(4, 10), (5, 8), (5, 9), (5, 10), (6, 9), (7, 9)]
1267,2,1,4,9,[(4, 11), (5, 9), (5, 10), (5, 11), (6, 10), (7, 10)]
1268,2,1,4,10,[(4, 12), (5, 10), (5, 11), (5, 12), (6, 11), (7, 11)]
1269,2,1,4,11,[(4, 13), (5, 11), (5, 12), (5, 13), (6, 12), (7, 12)]
1270,2,1,4,12,[(4, 14), (5, 12), (5, 13), (5, 14), (6, 13), (7, 13)]
1271,2,1,5,0,[(5, 2), (6, 0), (6, 1), (6, 2), (7, 1), (8, 1)]
1272,2,1,5,1,[(5, 3), (6, 1), (6, 2), (6, 3), (7, 2), (8, 2)]
1273,2,1,5,2,[(5, 4), (6, 2), (6, 3), (6, 4), (7, 3), (8, 3)]
1274,2,1,5,3,[(5, 5), (6, 3), (6, 4), (6, 5), (7, 4), (8, 4)]
1275,2,1,5,4,[(5, 6), (6, 4), (6, 5), (6, 6), (7, 5), (8, 5)]
1276,2,1,5,5,[(5, 7), (6, 5), (6, 6), (6, 7), (7, 6), (8, 6)]
1277,2,1,5,6,[(5, 8), (6, 6), (6, 7), (6, 8), (7, 7), (8, 7)]
1278,2,1,5,7,[(5, 9), (6, 7), (6, 8), (6, 9), (7, 8), (8, 8)]
1279,2,1,5,8,[(5, 10), (6, 8), (6, 9), (6, 10), (7, 9), (8, 9)]
1280,2,1,5,9,[(5, 11), (6, 9), (6, 10), (6, 11), (7, 10), (8, 10)]
1281,2,1,5,10,[(5, 12), (6, 10), (6, 11), (6, 12), (7, 11), (8, 11)]
1282,2,1,5,11,[(5, 13), (6, 11), (6, 12), (6, 13), (7, 12), (8, 12)]
1283,2,1,5,12,[(5, 14), (6, 12), (6, 13), (6, 14), (7, 13), (8, 13)]
1284,2,1,6,0,[(6, 2), (7, 0), (7, 1), (7, 2), (8, 1), (9, 1)]
1285,2,1,6,1,[(6, 3), (7, 1), (7, 2), (7, 3), (8, 2), (9, 2)]
1286,2,1,6,2,[(6, 4), (7, 2), (7, 3), (7, 4), (8, 3), (9, 3)]
1287,2,1,6,3,[(6, 5), (7, 3), (7, 4), (7, 5), (8, 4), (9, 4)]
1288,2,1,6,4,[(6, 6), (7, 4), (7, 5), (7, 6), (8, 5), (9, 5)]
1289,2,1,6,5,[(6, 7), (7, 5), (7, 6), (7, 7), (8, 6), (9, 6)]
1290,2,1,6,6,[(6, 8), (7, 6), (7, 7), (7, 8), (8, 7), (9, 7)]
1291,2,1,6,7,[(6, 9), (7, 7), (7, 8), (7, 9), (8, 8), (9, 8)]
1292,2,1,6,8,[(6, 10), (7, 8), (7, 9), (7, 10), (8, 9), (9, 9)]
1293,2,1,6,9,[(6, 11), (7, 9), (7, 10), (7, 11), (8, 10), (9, 10)]
1294,2,1,6,10,[(6, 12), (7, 10), (7, 11), (7, 12), (8, 11), (9, 11)]
1295,2,1,6,11,[(6, 13), (7, 11), (7, 12), (7, 13), (8, 12), (9, 12)]
1296,2,1,6,12,[(6, 14), (7, 12), (7, 13), (7, 14), (8, 13), (9, 13)]
1297,2,2,0,0,[(0, 1), (1, 1), (2, 0), (2, 1), (2, 2), (3, 0)]
1298,2,2,0,1,[(0, 2), (1, 2), (2, 1), (2, 2), (2, 3), (3, 1)]
1299,2,2,0,2,[(0, 3), (1, 3), (2, 2), (2, 3), (2, 4), (3, 2)]
1300,2,2,0,3,[(0, 4), (1, 4), (2, 3), (2, 4), (2, 5), (3, 3)]
1301,2,2,0,4,[(0, 5), (1, 5), (2, 4), (2, 5), (2, 6), (3, 4)]
1302,2,2,0,5,[(0, 6), (1, 6), (2, 5), (2, 6), (2, 7), (3, 5)]
1303,2,2,0,6,[(0, 7), (1, 7), (2, 6), (2, 7), (2, 8), (3, 6)]
1304,2,2,0,7,[(0, 8), (1, 8), (2, 7), (2, 8), (2, 9), (3, 7)]
1305,2,2,0,8,[(0, 9), (1, 9), (2, 8), (2, 9), (2, 10), (3, 8)]
1306,2,2,0,9,[(0, 10), (1, 10), (2, 9), (2, 10), (2, 11), (3, 9)]
1307,2,2,0,10,[(0, 11), (1, 11), (2, 10), (2, 11), (2, 12), (3, 10)]
1308,2,2,0,11,[(0, 12), (1, 12), (2, 11), (2, 12), (2, 13), (3, 11)]
1309,2,2,0,12,[(0, 13), (1, 13), (2, 12), (2, 13), (2, 14), (3, 12)]
1310,2,2,1,0,[(1, 1), (2, 1), (3, 0), (3, 1), (3, 2), (4, 0)]
1311,2,2,1,1,[(1, 2), (2, 2), (3, 1), (3, 2), (3, 3), (4, 1)]
1312,2,2,1,2,[(1, 3), (2, 3), (3, 2), (3, 3), (3, 4), (4, 2)]
1313,2,2,1,3,[(1, 4), (2, 4), (3, 3), (3, 4), (3, 5), (4, 3)]
1314,2,2,1,4,[(1, 5), (2, 5), (3, 4), (3, 5), (3, 6), (4, 4)]
1315,2,2,1,5,[(1, 6), (2, 6), (3, 5), (3, 6), (3, 7), (4, 5)]
1316,2,2,1,6,[(1, 7), (2, 7), (3, 6), (3, 7), (3, 8), (4, 6)]
1317,2,2,1,7,[(1, 8), (2, 8), (3, 7), (3, 8), (3, 9), (4, 7)]
1318,2,2,1,8,[(1, 9), (2, 9), (3, 8), (3, 9), (3, 10), (4, 8)]
1319,2,2,1,9,[(1, 10), (2, 10), (3, 9), (3, 10), (3, 11), (4, 9)]
1320,2,2,1,10,[(1, 11), (2, 11), (3, 10), (3, 11), (3, 12), (4, 10)]
1321,2,2,1,11,[(1, 12), (2, 12), (3, 11), (3, 12), (3, 13), (4, 11)]
1322,2,2,1,12,[(1, 13), (2, 13), (3, 12), (3, 13), (3, 14), (4, 12)]
1323,2,2,2,0,[(2, 1), (3, 1), (4, 0), (4, 1), (4, 2), (5, 0)]
1324,2,2,2,1,[(2, 2), (3, 2), (4, 1), (4, 2), (4, 3), (5, 1)]
1325,2,2,2,2,[(2, 3), (3, 3), (4, 2), (4, 3), (4, 4), (5, 2)]
1326,2,2,2,3,[(2, 4), (3, 4), (4, 3), (4, 4), (4, 5), (5, 3)]
1327,2,2,2,4,[(2, 5), (3, 5), (4, 4), (4, 5), (4, 6), (5, 4)]
1328,2,2,2,5,[(2, 6), (3, 6), (4, 5), (4, 6), (4, 7), (5, 5)]
1329,2,2,2,6,[(2, 7), (3, 7), (4, 6), (4, 7), (4, 8), (5, 6)]
1330,2,2,2,7,[(2, 8), (3, 8), (4, 7), (4, 8), (4, 9), (5, 7)]
1331,2,2,2,8,[(2, 9), (3, 9), (4, 8), (4, 9), (4, 10), (5, 8)]
1332,2,2,2,9,[(2, 10), (3, 10), (4, 9), (4, 10), (4, 11), (5, 9)]
1333,2,2,2,10,[(2, 11), (3, 11), (4, 10), (4, 11), (4, 12), (5, 10)]
1334,2,2,2,11,[(2, 12), (3, 12), (4, 11), (4, 12), (4, 13), (5, 11)]
1335,2,2,2,12,[(2, 13), (3, 13), (4, 12), (4, 13), (4, 14), (5, 12)]
1336,2,2,3,0,[(3, 1), (4, 1), (5, 0), (5, 1), (5, 2), (6, 0)]
1337,2,2,3,1,[(3, 2), (4, 2), (5, 1), (5, 2), (5, 3), (6, 1)]
1338,2,2,3,2,[(3, 3), (4, 3), (5, 2), (5, 3), (5, 4), (6, 2)]
1339,2,2,3,3,[(3, 4), (4, 4), (5, 3), (5, 4), (5, 5), (6, 3)]
1340,2,2,3,4,[(3, 5), (4, 5), (5, 4), (5, 5), (5, 6), (6, 4)]
1341,2,2,3,5,[(3, 6), (4, 6), (5, 5), (5, 6), (5, 7), (6, 5)]
1342,2,2,3,6,[(3, 7), (4, 7), (5, 6), (5, 7), (5, 8), (6, 6)]
1343,2,2,3,7,[(3, 8), (4, 8), (5, 7), (5, 8), (5, 9), (6, 7)]
1344,2,2,3,8,[(3, 9), (4, 9), (5, 8), (5, 9), (5, 10), (6, 8)]
1345,2,2,3,9,[(3, 10), (4, 10), (5, 9), (5, 10), (5, 11), (6, 9)]
1346,2,2,3,10,[(3, 11), (4, 11), (5, 10), (5, 11), (5, 12), (6, 10)]
1347,2,2,3,11,[(3, 12), (4, 12), (5, 11), (5, 12), (5, 13), (6, 11)]
1348,2,2,3,12,[(3, 13), (4, 13), (5, 12), (5, 13), (5, 14), (6, 12)]
1349,2,2,4,0,[(4, 1), (5, 1), (6, 0), (6, 1), (6, 2), (7, 0)]
1350,2,2,4,1,[(4, 2), (5, 2), (6, 1), (6, 2), (6, 3), (7, 1)]
1351,2,2,4,2,[(4, 3), (5, 3), (6, 2), (6, 3), (6, 4), (7, 2)]
1352,2,2,4,3,[(4, 4), (5, 4), (6, 3), (6, 4), (6, 5), (7, 3)]
1353,2,2,4,4,[(4, 5), (5, 5), (6, 4), (6, 5), (6, 6), (7, 4)]
1354,2,2,4,5,[(4, 6), (5, 6), (6, 5), (6, 6), (6, 7), (7, 5)]
1355,2,2,4,6,[(4, 7), (5, 7), (6, 6), (6, 7), (6, 8), (7, 6)]
1356,2,2,4,7,[(4, 8), (5, 8), (6, 7), (6, 8), (6, 9), (7, 7)]
1357,2,2,4,8,[(4, 9), (5, 9), (6, 8), (6, 9), (6, 10), (7, 8)]
1358,2,2,4,9,[(4, 10), (5, 10), (6, 9), (6, 10), (6, 11), (7, 9)]
1359,2,2,4,10,[(4, 11), (5, 11), (6, 10), (6, 11), (6, 12), (7, 10)]
1360,2,2,4,11,[(4, 12), (5, 12), (6, 11), (6, 12), (6, 13), (7, 11)]
1361,2,2,4,12,[(4, 13), (5, 13), (6, 12), (6, 13), (6, 14), (7, 12)]
1362,2,2,5,0,[(5, 1), (6, 1), (7, 0), (7, 1), (7, 2), (8, 0)]
1363,2,2,5,1,[(5, 2), (6, 2), (7, 1), (7, 2), (7, 3), (8, 1)]
1364,2,2,5,2,[(5, 3), (6, 3), (7, 2), (7, 3), (7, 4), (8, 2)]
1365,2,2,5,3,[(5, 4), (6, 4), (7, 3), (7, 4), (7, 5), (8, 3)]
1366,2,2,5,4,[(5, 5), (6, 5), (7, 4), (7, 5), (7, 6), (8, 4)]
1367,2,2,5,5,[(5, 6), (6, 6), (7, 5), (7, 6), (7, 7), (8, 5)]
1368,2,2,5,6,[(5, 7), (6, 7), (7, 6), (7, 7), (7, 8), (8, 6)]
1369,2,2,5,7,[(5, 8), (6, 8), (7, 7), (7, 8), (7, 9), (8, 7)]
1370,2,2,5,8,[(5, 9), (6, 9), (7, 8), (7, 9), (7, 10), (8, 8)]
1371,2,2,5,9,[(5, 10), (6, 10), (7, 9), (7, 10), (7, 11), (8, 9)]
1372,2,2,5,10,[(5, 11), (6, 11), (7, 10), (7, 11), (7, 12), (8, 10)]
1373,2,2,5,11,[(5, 12), (6, 12), (7, 11), (7, 12), (7, 13), (8, 11)]
1374,2,2,5,12,[(5, 13), (6, 13), (7, 12), (7, 13), (7, 14), (8, 12)]
1375,2,2,6,0,[(6, 1), (7, 1), (8, 0), (8, 1), (8, 2), (9, 0)]
1376,2,2,6,1,[(6, 2), (7, 2), (8, 1), (8, 2), (8, 3), (9, 1)]
1377,2,2,6,2,[(6, 3), (7, 3), (8, 2), (8, 3), (8, 4), (9, 2)]
1378,2,2,6,3,[(6, 4), (7, 4), (8, 3), (8, 4), (8, 5), (9, 3)]
1379,2,2,6,4,[(6, 5), (7, 5), (8, 4), (8, 5), (8, 6), (9, 4)]
1380,2,2,6,5,[(6, 6), (7, 6), (8, 5), (8, 6), (8, 7), (9, 5)]
1381,2,2,6,6,[(6, 7), (7, 7), (8, 6), (8, 7), (8, 8), (9, 6)]
1382,2,2,6,7,[(6, 8), (7, 8), (8, 7), (8, 8), (8, 9), (9, 7)]
1383,2,2,6,8,[(6, 9), (7, 9), (8, 8), (8, 9), (8, 10), (9, 8)]
1384,2,2,6,9,[(6, 10), (7, 10), (8, 9), (8, 10), (8, 11), (9, 9)]
1385,2,2,6,10,[(6, 11), (7, 11), (8, 10), (8, 11), (8, 12), (9, 10)]
1386,2,2,6,11,[(6, 12), (7, 12), (8, 11), (8, 12), (8, 13), (9, 11)]
1387,2,2,6,12,[(6, 13), (7, 13), (8, 12), (8, 13), (8, 14), (9, 12)]
1388,2,3,0,0,[(0, 2), (0, 3), (1, 0), (1, 1), (1, 2), (2, 2)]
1389,2,3,0,1,[(0, 3), (0, 4), (1, 1), (1, 2), (1, 3), (2, 3)]
1390,2,3,0,2,[(0, 4), (0, 5), (1, 2), (1, 3), (1, 4), (2, 4)]
1391,2,3,0,3,[(0, 5), (0, 6), (1, 3), (1, 4), (1, 5), (2, 5)]
1392,2,3,0,4,[(0, 6), (0, 7), (1, 4), (1, 5), (1, 6), (2, 6)]
1393,2,3,0,5,[(0, 7), (0, 8), (1, 5), (1, 6), (1, 7), (2, 7)]
1394,2,3,0,6,[(0, 8), (0, 9), (1, 6), (1, 7), (1, 8), (2, 8)]
1395,2,3,0,7,[(0, 9), (0, 10), (1, 7), (1, 8), (1, 9), (2, 9)]
1396,2,3,0,8,[(0, 10), (0, 11), (1, 8), (1, 9), (1, 10), (2, 10)]
1397,2,3,0,9,[(0, 11), (0, 12), (1, 9), (1, 10), (1, 11), (2, 11)]
1398,2,3,0,10,[(0, 12), (0, 13), (1, 10), (1, 11), (1, 12), (2, 12)]
1399,2,3,0,11,[(0, 13), (0, 14), (1, 11), (1, 12), (1, 13), (2, 13)]
1400,2,3,1,0,[(1, 2), (1, 3), (2, 0), (2, 1), (2, 2), (3, 2)]
1401,2,3,1,1,[(1, 3), (1, 4), (2, 1), (2, 2), (2, 3), (3, 3)]
1402,2,3,1,2,[(1, 4), (1, 5), (2, 2), (2, 3), (2, 4), (3, 4)]
1403,2,3,1,3,[(1, 5), (1, 6), (2, 3), (2, 4), (2, 5), (3, 5)]
1404,2,3,1,4,[(1, 6), (1, 7), (2, 4), (2, 5), (2, 6), (3, 6)]
1405,2,3,1,5,[(1, 7), (1, 8), (2, 5), (2, 6), (2, 7), (3, 7)]
1406,2,3,1,6,[(1, 8), (1, 9), (2, 6), (2, 7), (2, 8), (3, 8)]
1407,2,3,1,7,[(1, 9), (1, 10), (2, 7), (2, 8), (2, 9), (3, 9)]
1408,2,3,1,8,[(1, 10), (1, 11), (2, 8), (2, 9), (2, 10), (3, 10)]
1409,2,3,1,9,[(1, 11), (1, 12), (2, 9), (2, 10), (2, 11), (3, 11)]
1410,2,3,1,10,[(1, 12), (1, 13), (2, 10), (2, 11), (2, 12), (3, 12)]
1411,2,3,1,11,[(1, 13), (1, 14), (2, 11), (2, 12), (2, 13), (3, 13)]
1412,2,3,2,0,[(2, 2), (2, 3), (3, 0), (3, 1), (3, 2), (4, 2)]
1413,2,3,2,1,[(2, 3), (2, 4), (3, 1), (3, 2), (3, 3), (4, 3)]
1414,2,3,2,2,[(2, 4), (2, 5), (3, 2), (3, 3), (3, 4), (4, 4)]
1415,2,3,2,3,[(2, 5), (2, 6), (3, 3), (3, 4), (3, 5), (4, 5)]
1416,2,3,2,4,[(2, 6), (2, 7), (3, 4), (3, 5), (3, 6), (4, 6)]
1417,2,3,2,5,[(2, 7), (2, 8), (3, 5), (3, 6), (3, 7), (4, 7)]
1418,2,3,2,6,[(2, 8), (2, 9), (3, 6), (3, 7), (3, 8), (4, 8)]
1419,2,3,2,7,[(2, 9), (2, 10), (3, 7), (3, 8), (3, 9), (4, 9)]
1420,2,3,2,8,[(2, 10), (2, 11), (3, 8), (3, 9), (3, 10), (4, 10)]
1421,2,3,2,9,[(2, 11), (2, 12), (3, 9), (3, 10), (3, 11), (4, 11)]
1422,2,3,2,10,[(2, 12), (2, 13), (3, 10), (3, 11), (3, 12), (4, 12)]
1423,2,3,2,11,[(2, 13), (2, 14), (3, 11), (3, 12), (3, 13), (4, 13)]
1424,2,3,3,0,[(3, 2), (3, 3), (4, 0), (4, 1), (4, 2), (5, 2)]
1425,2,3,3,1,[(3, 3), (3, 4), (4, 1), (4, 2), (4, 3), (5, 3)]
1426,2,3,3,2,[(3, 4), (3, 5), (4, 2), (4, 3), (4, 4), (5, 4)]
1427,2,3,3,3,[(3, 5), (3, 6), (4, 3), (4, 4), (4, 5), (5, 5)]
1428,2,3,3,4,[(3, 6), (3, 7), (4, 4), (4, 5), (4, 6), (5, 6)]
1429,2,3,3,5,[(3, 7), (3, 8), (4, 5), (4, 6), (4, 7), (5, 7)]
1430,2,3,3,6,[(3, 8), (3, 9), (4, 6), (4, 7), (4, 8), (5, 8)]
1431,2,3,3,7,[(3, 9), (3, 10), (4, 7), (4, 8), (4, 9), (5, 9)]
1432,2,3,3,8,[(3, 10), (3, 11), (4, 8), (4, 9), (4, 10), (5, 10)]
1433,2,3,3,9,[(3, 11), (3, 12), (4, 9), (4, 10), (4, 11), (5, 11)]
1434,2,3,3,10,[(3, 12), (3, 13), (4, 10), (4, 11), (4, 12), (5, 12)]
1435,2,3,3,11,[(3, 13), (3, 14), (4, 11), (4, 12), (4, 13), (5, 13)]
1436,2,3,4,0,[(4, 2), (4, 3), (5, 0), (5, 1), (5, 2), (6, 2)]
1437,2,3,4,1,[(4, 3), (4, 4), (5, 1), (5, 2), (5, 3), (6, 3)]
1438,2,3,4,2,[(4, 4), (4, 5), (5, 2), (5, 3), (5, 4), (6, 4)]
1439,2,3,4,3,[(4, 5), (4, 6), (5, 3), (5, 4), (5, 5), (6, 5)]
1440,2,3,4,4,[(4, 6), (4, 7), (5, 4), (5, 5), (5, 6), (6, 6)]
1441,2,3,4,5,[(4, 7), (4, 8), (5, 5), (5, 6), (5, 7), (6, 7)]
1442,2,3,4,6,[(4, 8), (4, 9), (5, 6), (5, 7), (5, 8), (6, 8)]
1443,2,3,4,7,[(4, 9), (4, 10), (5, 7), (5, 8), (5, 9), (6, 9)]
1444,2,3,4,8,[(4, 10), (4, 11), (5, 8), (5, 9), (5, 10), (6, 10)]
1445,2,3,4,9,[(4, 11), (4, 12), (5, 9), (5, 10), (5, 11), (6, 11)]
1446,2,3,4,10,[(4, 12), (4, 13), (5, 10), (5, 11), (5, 12), (6, 12)]
1447,2,3,4,11,[(4, 13), (4, 14), (5, 11), (5, 12), (5, 13), (6, 13)]
1448,2,3,5,0,[(5, 2), (5, 3), (6, 0), (6, 1), (6, 2), (7, 2)]
1449,2,3,5,1,[(5, 3), (5, 4), (6, 1), (6, 2), (6, 3), (7, 3)]
1450,2,3,5,2,[(5, 4), (5, 5), (6, 2), (6, 3), (6, 4), (7, 4)]
1451,2,3,5,3,[(5, 5), (5, 6), (6, 3), (6, 4), (6, 5), (7, 5)]
1452,2,3,5,4,[(5, 6), (5, 7), (6, 4), (6, 5), (6, 6), (7, 6)]
1453,2,3,5,5,[(5, 7), (5, 8), (6, 5), (6, 6), (6, 7), (7, 7)]
1454,2,3,5,6,[(5, 8), (5, 9), (6, 6), (6, 7), (6, 8), (7, 8)]
1455,2,3,5,7,[(5, 9), (5, 10), (6, 7), (6, 8), (6, 9), (7, 9)]
1456,2,3,5,8,[(5, 10), (5, 11), (6, 8), (6, 9), (6, 10), (7, 10)]
1457,2,3,5,9,[(5, 11), (5, 12), (6, 9), (6, 10), (6, 11), (7, 11)]
1458,2,3,5,10,[(5, 12), (5, 13), (6, 10), (6, 11), (6, 12), (7, 12)]
1459,2,3,5,11,[(5, 13), (5, 14), (6, 11), (6, 12), (6, 13), (7, 13)]
1460,2,3,6,0,[(6, 2), (6, 3), (7, 0), (7, 1), (7, 2), (8, 2)]
1461,2,3,6,1,[(6, 3), (6, 4), (7, 1), (7, 2), (7, 3), (8, 3)]
1462,2,3,6,2,[(6, 4), (6, 5), (7, 2), (7, 3), (7, 4), (8, 4)]
1463,2,3,6,3,[(6, 5), (6, 6), (7, 3), (7, 4), (7, 5), (8, 5)]
1464,2,3,6,4,[(6, 6), (6, 7), (7, 4), (7, 5), (7, 6), (8, 6)]
1465,2,3,6,5,[(6, 7), (6, 8), (7, 5), (7, 6), (7, 7), (8, 7)]
1466,2,3,6,6,[(6, 8), (6, 9), (7, 6), (7, 7), (7, 8), (8, 8)]
1467,2,3,6,7,[(6, 9), (6, 10), (7, 7), (7, 8), (7, 9), (8, 9)]
1468,2,3,6,8,[(6, 10), (6, 11), (7, 8), (7, 9), (7, 10), (8, 10)]
1469,2,3,6,9,[(6, 11), (6, 12), (7, 9), (7, 10), (7, 11), (8, 11)]
1470,2,3,6,10,[(6, 12), (6, 13), (7, 10), (7, 11), (7, 12), (8, 12)]
1471,2,3,6,11,[(6, 13), (6, 14), (7, 11), (7, 12), (7, 13), (8, 13)]
1472,2,3,7,0,[(7, 2), (7, 3), (8, 0), (8, 1), (8, 2), (9, 2)]
1473,2,3,7,1,[(7, 3), (7, 4), (8, 1), (8, 2), (8, 3), (9, 3)]
1474,2,3,7,2,[(7, 4), (7, 5), (8, 2), (8, 3), (8, 4), (9, 4)]
1475,2,3,7,3,[(7, 5), (7, 6), (8, 3), (8, 4), (8, 5), (9, 5)]
1476,2,3,7,4,[(7, 6), (7, 7), (8, 4), (8, 5), (8, 6), (9, 6)]
1477,2,3,7,5,[(7, 7), (7, 8), (8, 5), (8, 6), (8, 7), (9, 7)]
1478,2,3,7,6,[(7, 8), (7, 9), (8, 6), (8, 7), (8, 8), (9, 8)]
1479,2,3,7,7,[(7, 9), (7, 10), (8, 7), (8, 8), (8, 9), (9, 9)]
1480,2,3,7,8,[(7, 10), (7, 11), (8, 8), (8, 9), (8, 10), (9, 10)]
1481,2,3,7,9,[(7, 11), (7, 12), (8, 9), (8, 10), (8, 11), (9, 11)]
1482,2,3,7,10,[(7, 12), (7, 13), (8, 10), (8, 11), (8, 12), (9, 12)]
1483,2,3,7,11,[(7, 13), (7, 14), (8, 11), (8, 12), (8, 13), (9, 13)]
1484,2,4,0,0,[(0, 0), (0, 1), (1, 1), (1, 2), (1, 3), (2, 1)]
1485,2,4,0,1,[(0, 1), (0, 2), (1, 2), (1, 3), (1, 4), (2, 2)]
1486,2,4,0,2,[(0, 2), (0, 3), (1, 3), (1, 4), (1, 5), (2, 3)]
1487,2,4,0,3,[(0, 3), (0, 4), (1, 4), (1, 5), (1, 6), (2, 4)]
1488,2,4,0,4,[(0, 4), (0, 5), (1, 5), (1, 6), (1, 7), (2, 5)]
1489,2,4,0,5,[(0, 5), (0, 6), (1, 6), (1, 7), (1, 8), (2, 6)]
1490,2,4,0,6,[(0, 6), (0, 7), (1, 7), (1, 8), (1, 9), (2, 7)]
1491,2,4,0,7,[(0, 7), (0, 8), (1, 8), (1, 9), (1, 10), (2, 8)]
1492,2,4,0,8,[(0, 8), (0, 9), (1, 9), (1, 10), (1, 11), (2, 9)]
1493,2,4,0,9,[(0, 9), (0, 10), (1, 10), (1, 11), (1, 12), (2, 10)]
1494,2,4,0,10,[(0, 10), (0, 11), (1, 11), (1, 12), (1, 13), (2, 11)]
1495,2,4,0,11,[(0, 11), (0, 12), (1, 12), (1, 13), (1, 14), (2, 12)]
1496,2,4,1,0,[(1, 0), (1, 1), (2, 1), (2, 2), (2, 3), (3, 1)]
1497,2,4,1,1,[(1, 1), (1, 2), (2, 2), (2, 3), (2, 4), (3, 2)]
1498,2,4,1,2,[(1, 2), (1, 3), (2, 3), (2, 4), (2, 5), (3, 3)]
1499,2,4,1,3,[(1, 3), (1, 4), (2, 4), (2, 5), (2, 6), (3, 4)]
1500,2,4,1,4,[(1, 4), (1, 5), (2, 5), (2, 6), (2, 7), (3, 5)]
1501,2,4,1,5,[(1, 5), (1, 6), (2, 6), (2, 7), (2, 8), (3, 6)]
1502,2,4,1,6,[(1, 6), (1, 7), (2, 7), (2, 8), (2, 9), (3, 7)]
1503,2,4,1,7,[(1, 7), (1, 8), (2, 8), (2, 9), (2, 10), (3, 8)]
1504,2,4,1,8,[(1, 8), (1, 9), (2, 9), (2, 10), (2, 11), (3, 9)]
1505,2,4,1,9,[(1, 9), (1, 10), (2, 10), (2, 11), (2, 12), (3, 10)]
1506,2,4,1,10,[(1, 10), (1, 11), (2, 11), (2, 12), (2, 13), (3, 11)]
1507,2,4,1,11,[(1, 11), (1, 12), (2, 12), (2, 13), (2, 14), (3, 12)]
1508,2,4,2,0,[(2, 0), (2, 1), (3, 1), (3, 2), (3, 3), (4, 1)]
1509,2,4,2,1,[(2, 1), (2, 2), (3, 2), (3, 3), (3, 4), (4, 2)]
1510,2,4,2,2,[(2, 2), (2, 3), (3, 3), (3, 4), (3, 5), (4, 3)]
1511,2,4,2,3,[(2, 3), (2, 4), (3, 4), (3, 5), (3, 6), (4, 4)]
1512,2,4,2,4,[(2, 4), (2, 5), (3, 5), (3, 6), (3, 7), (4, 5)]
1513,2,4,2,5,[(2, 5), (2, 6), (3, 6), (3, 7), (3, 8), (4, 6)]
1514,2,4,2,6,[(2, 6), (2, 7), (3, 7), (3, 8), (3, 9), (4, 7)]
1515,2,4,2,7,[(2, 7), (2, 8), (3, 8), (3, 9), (3, 10), (4, 8)]
1516,2,4,2,8,[(2, 8), (2, 9), (3, 9), (3, 10), (3, 11), (4, 9)]
1517,2,4,2,9,[(2, 9), (2, 10), (3, 10), (3, 11), (3, 12), (4, 10)]
1518,2,4,2,10,[(2, 10), (2, 11), (3, 11), (3, 12), (3, 13), (4, 11)]
1519,2,4,2,11,[(2, 11), (2, 12), (3, 12), (3, 13), (3, 14), (4, 12)]
1520,2,4,3,0,[(3, 0), (3, 1), (4, 1), (4, 2), (4, 3), (5, 1)]
1521,2,4,3,1,[(3, 1), (3, 2), (4, 2), (4, 3), (4, 4), (5, 2)]
1522,2,4,3,2,[(3, 2), (3, 3), (4, 3), (4, 4), (4, 5), (5, 3)]
1523,2,4,3,3,[(3, 3), (3, 4), (4, 4), (4, 5), (4, 6), (5, 4)]
1524,2,4,3,4,[(3, 4), (3, 5), (4, 5), (4, 6), (4, 7), (5, 5)]
1525,2,4,3,5,[(3, 5), (3, 6), (4, 6), (4, 7), (4, 8), (5, 6)]
1526,2,4,3,6,[(3, 6), (3, 7), (4, 7), (4, 8), (4, 9), (5, 7)]
1527,2,4,3,7,[(3, 7), (3, 8), (4, 8), (4, 9), (4, 10), (5, 8)]
1528,2,4,3,8,[(3, 8), (3, 9), (4, 9), (4, 10), (4, 11), (5, 9)]
1529,2,4,3,9,[(3, 9), (3, 10), (4, 10), (4, 11), (4, 12), (5, 10)]
1530,2,4,3,10,[(3, 10), (3, 11), (4, 11), (4, 12), (4, 13), (5, 11)]
1531,2,4,3,11,[(3, 11), (3, 12), (4, 12), (4, 13), (4, 14), (5, 12)]
1532,2,4,4,0,[(4, 0), (4, 1), (5, 1), (5, 2), (5, 3), (6, 1)]
1533,2,4,4,1,[(4, 1), (4, 2), (5, 2), (5, 3), (5, 4), (6, 2)]
1534,2,4,4,2,[(4, 2), (4, 3), (5, 3), (5, 4), (5, 5), (6, 3)]
1535,2,4,4,3,[(4, 3), (4, 4), (5, 4), (5, 5), (5, 6), (6, 4)]
1536,2,4,4,4,[(4, 4), (4, 5), (5, 5), (5, 6), (5, 7), (6, 5)]
1537,2,4,4,5,[(4, 5), (4, 6), (5, 6), (5, 7), (5, 8), (6, 6)]
1538,2,4,4,6,[(4, 6), (4, 7), (5, 7), (5, 8), (5, 9), (6, 7)]
1539,2,4,4,7,[(4, 7), (4, 8), (5, 8), (5, 9), (5, 10), (6, 8)]
1540,2,4,4,8,[(4, 8), (4, 9), (5, 9), (5, 10), (5, 11), (6, 9)]
1541,2,4,4,9,[(4, 9), (4, 10), (5, 10), (5, 11), (5, 12), (6, 10)]
1542,2,4,4,10,[(4, 10), (4, 11), (5, 11), (5, 12), (5, 13), (6, 11)]
1543,2,4,4,11,[(4, 11), (4, 12), (5, 12), (5, 13), (5, 14), (6, 12)]
1544,2,4,5,0,[(5, 0), (5, 1), (6, 1), (6, 2), (6, 3), (7, 1)]
1545,2,4,5,1,[(5, 1), (5, 2), (6, 2), (6, 3), (6, 4), (7, 2)]
1546,2,4,5,2,[(5, 2), (5, 3), (6, 3), (6, 4), (6, 5), (7, 3)]
1547,2,4,5,3,[(5, 3), (5, 4), (6, 4), (6, 5), (6, 6), (7, 4)]
1548,2,4,5,4,[(5, 4), (5, 5), (6, 5), (6, 6), (6, 7), (7, 5)]
1549,2,4,5,5,[(5, 5), (5, 6), (6, 6), (6, 7), (6, 8), (7, 6)]
1550,2,4,5,6,[(5, 6), (5, 7), (6, 7), (6, 8), (6, 9), (7, 7)]
1551,2,4,5,7,[(5, 7), (5, 8), (6, 8), (6, 9), (6, 10), (7, 8)]
1552,2,4,5,8,[(5, 8), (5, 9), (6, 9), (6, 10), (6, 11), (7, 9)]
1553,2,4,5,9,[(5, 9), (5, 10), (6, 10), (6, 11), (6, 12), (7, 10)]
1554,2,4,5,10,[(5, 10), (5, 11), (6, 11), (6, 12), (6, 13), (7, 11)]
1555,2,4,5,11,[(5, 11), (5, 12), (6, 12), (6, 13), (6, 14), (7, 12)]
1556,2,4,6,0,[(6, 0), (6, 1), (7, 1), (7, 2), (7, 3), (8, 1)]
1557,2,4,6,1,[(6, 1), (6, 2), (7, 2), (7, 3), (7, 4), (8, 2)]
1558,2,4,6,2,[(6, 2), (6, 3), (7, 3), (7, 4), (7, 5), (8, 3)]
1559,2,4,6,3,[(6, 3), (6, 4), (7, 4), (7, 5), (7, 6), (8, 4)]
1560,2,4,6,4,[(6, 4), (6, 5), (7, 5), (7, 6), (7, 7), (8, 5)]
1561,2,4,6,5,[(6, 5), (6, 6), (7, 6), (7, 7), (7, 8), (8, 6)]
1562,2,4,6,6,[(6, 6), (6, 7), (7, 7), (7, 8), (7, 9), (8, 7)]
1563,2,4,6,7,[(6, 7), (6, 8), (7, 8), (7, 9), (7, 10), (8, 8)]
1564,2,4,6,8,[(6, 8), (6, 9), (7, 9), (7, 10), (7, 11), (8, 9)]
1565,2,4,6,9,[(6, 9), (6, 10), (7, 10), (7, 11), (7, 12), (8, 10)]
1566,2,4,6,10,[(6, 10), (6, 11), (7, 11), (7, 12), (7, 13), (8, 11)]
1567,2,4,6,11,[(6, 11), (6, 12), (7, 12), (7, 13), (7, 14), (8, 12)]
1568,2,4,7,0,[(7, 0), (7, 1), (8, 1), (8, 2), (8, 3), (9, 1)]
1569,2,4,7,1,[(7, 1), (7, 2), (8, 2), (8, 3), (8, 4), (9, 2)]
1570,2,4,7,2,[(7, 2), (7, 3), (8, 3), (8, 4), (8, 5), (9, 3)]
1571,2,4,7,3,[(7, 3), (7, 4), (8, 4), (8, 5), (8, 6), (9, 4)]
1572,2,4,7,4,[(7, 4), (7, 5), (8, 5), (8, 6), (8, 7), (9, 5)]
1573,2,4,7,5,[(7, 5), (7, 6), (8, 6), (8, 7), (8, 8), (9, 6)]
1574,2,4,7,6,[(7, 6), (7, 7), (8, 7), (8, 8), (8, 9), (9, 7)]
1575,2,4,7,7,[(7, 7), (7, 8), (8, 8), (8, 9), (8, 10), (9, 8)]
1576,2,4,7,8,[(7, 8), (7, 9), (8, 9), (8, 10), (8, 11), (9, 9)]
1577,2,4,7,9,[(7, 9), (7, 10), (8, 10), (8, 11), (8, 12), (9, 10)]
1578,2,4,7,10,[(7, 10), (7, 11), (8, 11), (8, 12), (8, 13), (9, 11)]
1579,2,4,7,11,[(7, 11), (7, 12), (8, 12), (8, 13), (8, 14), (9, 12)]
1580,2,5,0,0,[(0, 2), (1, 0), (1, 1), (1, 2), (2, 2), (2, 3)]
1581,2,5,0,1,[(0, 3), (1, 1), (1, 2), (1, 3), (2, 3), (2, 4)]
1582,2,5,0,2,[(0, 4), (1, 2), (1, 3), (1, 4), (2, 4), (2, 5)]
1583,2,5,0,3,[(0, 5), (1, 3), (1, 4), (1, 5), (2, 5), (2, 6)]
1584,2,5,0,4,[(0, 6), (1, 4), (1, 5), (1, 6), (2, 6), (2, 7)]
1585,2,5,0,5,[(0, 7), (1, 5), (1, 6), (1, 7), (2, 7), (2, 8)]
1586,2,5,0,6,[(0, 8), (1, 6), (1, 7), (1, 8), (2, 8), (2, 9)]
1587,2,5,0,7,[(0, 9), (1, 7), (1, 8), (1, 9), (2, 9), (2, 10)]
1588,2,5,0,8,[(0, 10), (1, 8), (1, 9), (1, 10), (2, 10), (2, 11)]
1589,2,5,0,9,[(0, 11), (1, 9), (1, 10), (1, 11), (2, 11), (2, 12)]
1590,2,5,0,10,[(0, 12), (1, 10), (1, 11), (1, 12), (2, 12), (2, 13)]
1591,2,5,0,11,[(0, 13), (1, 11), (1, 12), (1, 13), (2, 13), (2, 14)]
1592,2,5,1,0,[(1, 2), (2, 0), (2, 1), (2, 2), (3, 2), (3, 3)]
1593,2,5,1,1,[(1, 3), (2, 1), (2, 2), (2, 3), (3, 3), (3, 4)]
1594,2,5,1,2,[(1, 4), (2, 2), (2, 3), (2, 4), (3, 4), (3, 5)]
1595,2,5,1,3,[(1, 5), (2, 3), (2, 4), (2, 5), (3, 5), (3, 6)]
1596,2,5,1,4,[(1, 6), (2, 4), (2, 5), (2, 6), (3, 6), (3, 7)]
1597,2,5,1,5,[(1, 7), (2, 5), (2, 6), (2, 7), (3, 7), (3, 8)]
1598,2,5,1,6,[(1, 8), (2, 6), (2, 7), (2, 8), (3, 8), (3, 9)]
1599,2,5,1,7,[(1, 9), (2, 7), (2, 8), (2, 9), (3, 9), (3, 10)]
1600,2,5,1,8,[(1, 10), (2, 8), (2, 9), (2, 10), (3, 10), (3, 11)]
1601,2,5,1,9,[(1, 11), (2, 9), (2, 10), (2, 11), (3, 11), (3, 12)]
1602,2,5,1,10,[(1, 12), (2, 10), (2, 11), (2, 12), (3, 12), (3, 13)]
1603,2,5,1,11,[(1, 13), (2, 11), (2, 12), (2, 13), (3, 13), (3, 14)]
1604,2,5,2,0,[(2, 2), (3, 0), (3, 1), (3, 2), (4, 2), (4, 3)]
1605,2,5,2,1,[(2, 3), (3, 1), (3, 2), (3, 3), (4, 3), (4, 4)]
1606,2,5,2,2,[(2, 4), (3, 2), (3, 3), (3, 4), (4, 4), (4, 5)]
1607,2,5,2,3,[(2, 5), (3, 3), (3, 4), (3, 5), (4, 5), (4, 6)]
1608,2,5,2,4,[(2, 6), (3, 4), (3, 5), (3, 6), (4, 6), (4, 7)]
1609,2,5,2,5,[(2, 7), (3, 5), (3, 6), (3, 7), (4, 7), (4, 8)]
1610,2,5,2,6,[(2, 8), (3, 6), (3, 7), (3, 8), (4, 8), (4, 9)]
1611,2,5,2,7,[(2, 9), (3, 7), (3, 8), (3, 9), (4, 9), (4, 10)]
1612,2,5,2,8,[(2, 10), (3, 8), (3, 9), (3, 10), (4, 10), (4, 11)]
1613,2,5,2,9,[(2, 11), (3, 9), (3, 10), (3, 11), (4, 11), (4, 12)]
1614,2,5,2,10,[(2, 12), (3, 10), (3, 11), (3, 12), (4, 12), (4, 13)]
1615,2,5,2,11,[(2, 13), (3, 11), (3, 12), (3, 13), (4, 13), (4, 14)]
1616,2,5,3,0,[(3, 2), (4, 0), (4, 1), (4, 2), (5, 2), (5, 3)]
1617,2,5,3,1,[(3, 3), (4, 1), (4, 2), (4, 3), (5, 3), (5, 4)]
1618,2,5,3,2,[(3, 4), (4, 2), (4, 3), (4, 4), (5, 4), (5, 5)]
1619,2,5,3,3,[(3, 5), (4, 3), (4, 4), (4, 5), (5, 5), (5, 6)]
1620,2,5,3,4,[(3, 6), (4, 4), (4, 5), (4, 6), (5, 6), (5, 7)]
1621,2,5,3,5,[(3, 7), (4, 5), (4, 6), (4, 7), (5, 7), (5, 8)]
1622,2,5,3,6,[(3, 8), (4, 6), (4, 7), (4, 8), (5, 8), (5, 9)]
1623,2,5,3,7,[(3, 9), (4, 7), (4, 8), (4, 9), (5, 9), (5, 10)]
1624,2,5,3,8,[(3, 10), (4, 8), (4, 9), (4, 10), (5, 10), (5, 11)]
1625,2,5,3,9,[(3, 11), (4, 9), (4, 10), (4, 11), (5, 11), (5, 12)]
1626,2,5,3,10,[(3, 12), (4, 10), (4, 11), (4, 12), (5, 12), (5, 13)]
1627,2,5,3,11,[(3, 13), (4, 11), (4, 12), (4, 13), (5, 13), (5, 14)]
1628,2,5,4,0,[(4, 2), (5, 0), (5, 1), (5, 2), (6, 2), (6, 3)]
1629,2,5,4,1,[(4, 3), (5, 1), (5, 2), (5, 3), (6, 3), (6, 4)]
1630,2,5,4,2,[(4, 4), (5, 2), (5, 3), (5, 4), (6, 4), (6, 5)]
1631,2,5,4,3,[(4, 5), (5, 3), (5, 4), (5, 5), (6, 5), (6, 6)]
1632,2,5,4,4,[(4, 6), (5, 4), (5, 5), (5, 6), (6, 6), (6, 7)]
1633,2,5,4,5,[(4, 7), (5, 5), (5, 6), (5, 7), (6, 7), (6, 8)]
1634,2,5,4,6,[(4, 8), (5, 6), (5, 7), (5, 8), (6, 8), (6, 9)]
1635,2,5,4,7,[(4, 9), (5, 7), (5, 8), (5, 9), (6, 9), (6, 10)]
1636,2,5,4,8,[(4, 10), (5, 8), (5, 9), (5, 10), (6, 10), (6, 11)]
1637,2,5,4,9,[(4, 11), (5, 9), (5, 10), (5, 11), (6, 11), (6, 12)]
1638,2,5,4,10,[(4, 12), (5, 10), (5, 11), (5, 12), (6, 12), (6, 13)]
1639,2,5,4,11,[(4, 13), (5, 11), (5, 12), (5, 13), (6, 13), (6, 14)]
1640,2,5,5,0,[(5, 2), (6, 0), (6, 1), (6, 2), (7, 2), (7, 3)]
1641,2,5,5,1,[(5, 3), (6, 1), (6, 2), (6, 3), (7, 3), (7, 4)]
1642,2,5,5,2,[(5, 4), (6, 2), (6, 3), (6, 4), (7, 4), (7, 5)]
1643,2,5,5,3,[(5, 5), (6, 3), (6, 4), (6, 5), (7, 5), (7, 6)]
1644,2,5,5,4,[(5, 6), (6, 4), (6, 5), (6, 6), (7, 6), (7, 7)]
1645,2,5,5,5,[(5, 7), (6, 5), (6, 6), (6, 7), (7, 7), (7, 8)]
1646,2,5,5,6,[(5, 8), (6, 6), (6, 7), (6, 8), (7, 8), (7, 9)]
1647,2,5,5,7,[(5, 9), (6, 7), (6, 8), (6, 9), (7, 9), (7, 10)]
1648,2,5,5,8,[(5, 10), (6, 8), (6, 9), (6, 10), (7, 10), (7, 11)]
1649,2,5,5,9,[(5, 11), (6, 9), (6, 10), (6, 11), (7, 11), (7, 12)]
1650,2,5,5,10,[(5, 12), (6, 10), (6, 11), (6, 12), (7, 12), (7, 13)]
1651,2,5,5,11,[(5, 13), (6, 11), (6, 12), (6, 13), (7, 13), (7, 14)]
1652,2,5,6,0,[(6, 2), (7, 0), (7, 1), (7, 2), (8, 2), (8, 3)]
1653,2,5,6,1,[(6, 3), (7, 1), (7, 2), (7, 3), (8, 3), (8, 4)]
1654,2,5,6,2,[(6, 4), (7, 2), (7, 3), (7, 4), (8, 4), (8, 5)]
1655,2,5,6,3,[(6, 5), (7, 3), (7, 4), (7, 5), (8, 5), (8, 6)]
1656,2,5,6,4,[(6, 6), (7, 4), (7, 5), (7, 6), (8, 6), (8, 7)]
1657,2,5,6,5,[(6, 7), (7, 5), (7, 6), (7, 7), (8, 7), (8, 8)]
1658,2,5,6,6,[(6, 8), (7, 6), (7, 7), (7, 8), (8, 8), (8, 9)]
1659,2,5,6,7,[(6, 9), (7, 7), (7, 8), (7, 9), (8, 9), (8, 10)]
1660,2,5,6,8,[(6, 10), (7, 8), (7, 9), (7, 10), (8, 10), (8, 11)]
1661,2,5,6,9,[(6, 11), (7, 9), (7, 10), (7, 11), (8, 11), (8, 12)]
1662,2,5,6,10,[(6, 12), (7, 10), (7, 11), (7, 12), (8, 12), (8, 13)]
1663,2,5,6,11,[(6, 13), (7, 11), (7, 12), (7, 13), (8, 13), (8, 14)]
1664,2,5,7,0,[(7, 2), (8, 0), (8, 1), (8, 2), (9, 2), (9, 3)]
1665,2,5,7,1,[(7, 3), (8, 1), (8, 2), (8, 3), (9, 3), (9, 4)]
1666,2,5,7,2,[(7, 4), (8, 2), (8, 3), (8, 4), (9, 4), (9, 5)]
1667,2,5,7,3,[(7, 5), (8, 3), (8, 4), (8, 5), (9, 5), (9, 6)]
1668,2,5,7,4,[(7, 6), (8, 4), (8, 5), (8, 6), (9, 6), (9, 7)]
1669,2,5,7,5,[(7, 7), (8, 5), (8, 6), (8, 7), (9, 7), (9, 8)]
1670,2,5,7,6,[(7, 8), (8, 6), (8, 7), (8, 8), (9, 8), (9, 9)]
1671,2,5,7,7,[(7, 9), (8, 7), (8, 8), (8, 9), (9, 9), (9, 10)]
1672,2,5,7,8,[(7, 10), (8, 8), (8, 9), (8, 10), (9, 10), (9, 11)]
1673,2,5,7,9,[(7, 11), (8, 9), (8, 10), (8, 11), (9, 11), (9, 12)]
1674,2,5,7,10,[(7, 12), (8, 10), (8, 11), (8, 12), (9, 12), (9, 13)]
1675,2,5,7,11,[(7, 13), (8, 11), (8, 12), (8, 13), (9, 13), (9, 14)]
1676,2,6,0,0,[(0, 1), (1, 1), (2, 0), (2, 1), (2, 2), (3, 2)]
1677,2,6,0,1,[(0, 2), (1, 2), (2, 1), (2, 2), (2, 3), (3, 3)]
1678,2,6,0,2,[(0, 3), (1, 3), (2, 2), (2, 3), (2, 4), (3, 4)]
1679,2,6,0,3,[(0, 4), (1, 4), (2, 3), (2, 4), (2, 5), (3, 5)]
1680,2,6,0,4,[(0, 5), (1, 5), (2, 4), (2, 5), (2, 6), (3, 6)]
1681,2,6,0,5,[(0, 6), (1, 6), (2, 5), (2, 6), (2, 7), (3, 7)]
1682,2,6,0,6,[(0, 7), (1, 7), (2, 6), (2, 7), (2, 8), (3, 8)]
1683,2,6,0,7,[(0, 8), (1, 8), (2, 7), (2, 8), (2, 9), (3, 9)]
1684,2,6,0,8,[(0, 9), (1, 9), (2, 8), (2, 9), (2, 10), (3, 10)]
1685,2,6,0,9,[(0, 10), (1, 10), (2, 9), (2, 10), (2, 11), (3, 11)]
1686,2,6,0,10,[(0, 11), (1, 11), (2, 10), (2, 11), (2, 12), (3, 12)]
1687,2,6,0,11,[(0, 12), (1, 12), (2, 11), (2, 12), (2, 13), (3, 13)]
1688,2,6,0,12,[(0, 13), (1, 13), (2, 12), (2, 13), (2, 14), (3, 14)]
1689,2,6,1,0,[(1, 1), (2, 1), (3, 0), (3, 1), (3, 2), (4, 2)]
1690,2,6,1,1,[(1, 2), (2, 2), (3, 1), (3, 2), (3, 3), (4, 3)]
1691,2,6,1,2,[(1, 3), (2, 3), (3, 2), (3, 3), (3, 4), (4, 4)]
1692,2,6,1,3,[(1, 4), (2, 4), (3, 3), (3, 4), (3, 5), (4, 5)]
1693,2,6,1,4,[(1, 5), (2, 5), (3, 4), (3, 5), (3, 6), (4, 6)]
1694,2,6,1,5,[(1, 6), (2, 6), (3, 5), (3, 6), (3, 7), (4, 7)]
1695,2,6,1,6,[(1, 7), (2, 7), (3, 6), (3, 7), (3, 8), (4, 8)]
1696,2,6,1,7,[(1, 8), (2, 8), (3, 7), (3, 8), (3, 9), (4, 9)]
1697,2,6,1,8,[(1, 9), (2, 9), (3, 8), (3, 9), (3, 10), (4, 10)]
1698,2,6,1,9,[(1, 10), (2, 10), (3, 9), (3, 10), (3, 11), (4, 11)]
1699,2,6,1,10,[(1, 11), (2, 11), (3, 10), (3, 11), (3, 12), (4, 12)]
1700,2,6,1,11,[(1, 12), (2, 12), (3, 11), (3, 12), (3, 13), (4, 13)]
1701,2,6,1,12,[(1, 13), (2, 13), (3, 12), (3, 13), (3, 14), (4, 14)]
1702,2,6,2,0,[(2, 1), (3, 1), (4, 0), (4, 1), (4, 2), (5, 2)]
1703,2,6,2,1,[(2, 2), (3, 2), (4, 1), (4, 2), (4, 3), (5, 3)]
1704,2,6,2,2,[(2, 3), (3, 3), (4, 2), (4, 3), (4, 4), (5, 4)]
1705,2,6,2,3,[(2, 4), (3, 4), (4, 3), (4, 4), (4, 5), (5, 5)]
1706,2,6,2,4,[(2, 5), (3, 5), (4, 4), (4, 5), (4, 6), (5, 6)]
1707,2,6,2,5,[(2, 6), (3, 6), (4, 5), (4, 6), (4, 7), (5, 7)]
1708,2,6,2,6,[(2, 7), (3, 7), (4, 6), (4, 7), (4, 8), (5, 8)]
1709,2,6,2,7,[(2, 8), (3, 8), (4, 7), (4, 8), (4, 9), (5, 9)]
1710,2,6,2,8,[(2, 9), (3, 9), (4, 8), (4, 9), (4, 10), (5, 10)]
1711,2,6,2,9,[(2, 10), (3, 10), (4, 9), (4, 10), (4, 11), (5, 11)]
1712,2,6,2,10,[(2, 11), (3, 11), (4, 10), (4, 11), (4, 12), (5, 12)]
1713,2,6,2,11,[(2, 12), (3, 12), (4, 11), (4, 12), (4, 13), (5, 13)]
1714,2,6,2,12,[(2, 13), (3, 13), (4, 12), (4, 13), (4, 14), (5, 14)]
1715,2,6,3,0,[(3, 1), (4, 1), (5, 0), (5, 1), (5, 2), (6, 2)]
1716,2,6,3,1,[(3, 2), (4, 2), (5, 1), (5, 2), (5, 3), (6, 3)]
1717,2,6,3,2,[(3, 3), (4, 3), (5, 2), (5, 3), (5, 4), (6, 4)]
1718,2,6,3,3,[(3, 4), (4, 4), (5, 3), (5, 4), (5, 5), (6, 5)]
1719,2,6,3,4,[(3, 5), (4, 5), (5, 4), (5, 5), (5, 6), (6, 6)]
1720,2,6,3,5,[(3, 6), (4, 6), (5, 5), (5, 6), (5, 7), (6, 7)]
1721,2,6,3,6,[(3, 7), (4, 7), (5, 6), (5, 7), (5, 8), (6, 8)]
1722,2,6,3,7,[(3, 8), (4, 8), (5, 7), (5, 8), (5, 9), (6, 9)]
1723,2,6,3,8,[(3, 9), (4, 9), (5, 8), (5, 9), (5, 10), (6, 10)]
1724,2,6,3,9,[(3, 10), (4, 10), (5, 9), (5, 10), (5, 11), (6, 11)]
1725,2,6,3,10,[(3, 11), (4, 11), (5, 10), (5, 11), (5, 12), (6, 12)]
1726,2,6,3,11,[(3, 12), (4, 12), (5, 11), (5, 12), (5, 13), (6, 13)]
1727,2,6,3,12,[(3, 13), (4, 13), (5, 12), (5, 13), (5, 14), (6, 14)]
1728,2,6,4,0,[(4, 1), (5, 1), (6, 0), (6, 1), (6, 2), (7, 2)]
1729,2,6,4,1,[(4, 2), (5, 2), (6, 1), (6, 2), (6, 3), (7, 3)]
1730,2,6,4,2,[(4, 3), (5, 3), (6, 2), (6, 3), (6, 4), (7, 4)]
1731,2,6,4,3,[(4, 4), (5, 4), (6, 3), (6, 4), (6, 5), (7, 5)]
1732,2,6,4,4,[(4, 5), (5, 5), (6, 4), (6, 5), (6, 6), (7, 6)]
1733,2,6,4,5,[(4, 6), (5, 6), (6, 5), (6, 6), (6, 7), (7, 7)]
1734,2,6,4,6,[(4, 7), (5, 7), (6, 6), (6, 7), (6, 8), (7, 8)]
1735,2,6,4,7,[(4, 8), (5, 8), (6, 7), (6, 8), (6, 9), (7, 9)]
1736,2,6,4,8,[(4, 9), (5, 9), (6, 8), (6, 9), (6, 10), (7, 10)]
1737,2,6,4,9,[(4, 10), (5, 10), (6, 9), (6, 10), (6, 11), (7, 11)]
1738,2,6,4,10,[(4, 11), (5, 11), (6, 10), (6, 11), (6, 12), (7, 12)]
1739,2,6,4,11,[(4, 12), (5, 12), (6, 11), (6, 12), (6, 13), (7, 13)]
1740,2,6,4,12,[(4, 13), (5, 13), (6, 12), (6, 13), (6, 14), (7, 14)]
1741,2,6,5,0,[(5, 1), (6, 1), (7, 0), (7, 1), (7, 2), (8, 2)]
1742,2,6,5,1,[(5, 2), (6, 2), (7, 1), (7, 2), (7, 3), (8, 3)]
1743,2,6,5,2,[(5, 3), (6, 3), (7, 2), (7, 3), (7, 4), (8, 4)]
1744,2,6,5,3,[(5, 4), (6, 4), (7, 3), (7, 4), (7, 5), (8, 5)]
1745,2,6,5,4,[(5, 5), (6, 5), (7, 4), (7, 5), (7, 6), (8, 6)]
1746,2,6,5,5,[(5, 6), (6, 6), (7, 5), (7, 6), (7, 7), (8, 7)]
1747,2,6,5,6,[(5, 7), (6, 7), (7, 6), (7, 7), (7, 8), (8, 8)]
1748,2,6,5,7,[(5, 8), (6, 8), (7, 7), (7, 8), (7, 9), (8, 9)]
1749,2,6,5,8,[(5, 9), (6, 9), (7, 8), (7, 9), (7, 10), (8, 10)]
1750,2,6,5,9,[(5, 10), (6, 10), (7, 9), (7, 10), (7, 11), (8, 11)]
1751,2,6,5,10,[(5, 11), (6, 11), (7, 10), (7, 11), (7, 12), (8, 12)]
1752,2,6,5,11,[(5, 12), (6, 12), (7, 11), (7, 12), (7, 13), (8, 13)]
1753,2,6,5,12,[(5, 13), (6, 13), (7, 12), (7, 13), (7, 14), (8, 14)]
1754,2,6,6,0,[(6, 1), (7, 1), (8, 0), (8, 1), (8, 2), (9, 2)]
1755,2,6,6,1,[(6, 2), (7, 2), (8, 1), (8, 2), (8, 3), (9, 3)]
1756,2,6,6,2,[(6, 3), (7, 3), (8, 2), (8, 3), (8, 4), (9, 4)]
1757,2,6,6,3,[(6, 4), (7, 4), (8, 3), (8, 4), (8, 5), (9, 5)]
1758,2,6,6,4,[(6, 5), (7, 5), (8, 4), (8, 5), (8, 6), (9, 6)]
1759,2,6,6,5,[(6, 6), (7, 6), (8, 5), (8, 6), (8, 7), (9, 7)]
1760,2,6,6,6,[(6, 7), (7, 7), (8, 6), (8, 7), (8, 8), (9, 8)]
1761,2,6,6,7,[(6, 8), (7, 8), (8, 7), (8, 8), (8, 9), (9, 9)]
1762,2,6,6,8,[(6, 9), (7, 9), (8, 8), (8, 9), (8, 10), (9, 10)]
1763,2,6,6,9,[(6, 10), (7, 10), (8, 9), (8, 10), (8, 11), (9, 11)]
1764,2,6,6,10,[(6, 11), (7, 11), (8, 10), (8, 11), (8, 12), (9, 12)]
1765,2,6,6,11,[(6, 12), (7, 12), (8, 11), (8, 12), (8, 13), (9, 13)]
1766,2,6,6,12,[(6, 13), (7, 13), (8, 12), (8, 13), (8, 14), (9, 14)]
1767,2,7,0,0,[(0, 1), (1, 1), (1, 2), (1, 3), (2, 0), (2, 1)]
1768,2,7,0,1,[(0, 2), (1, 2), (1, 3), (1, 4), (2, 1), (2, 2)]
1769,2,7,0,2,[(0, 3), (1, 3), (1, 4), (1, 5), (2, 2), (2, 3)]
1770,2,7,0,3,[(0, 4), (1, 4), (1, 5), (1, 6), (2, 3), (2, 4)]
1771,2,7,0,4,[(0, 5), (1, 5), (1, 6), (1, 7), (2, 4), (2, 5)]
1772,2,7,0,5,[(0, 6), (1, 6), (1, 7), (1, 8), (2, 5), (2, 6)]
1773,2,7,0,6,[(0, 7), (1, 7), (1, 8), (1, 9), (2, 6), (2, 7)]
1774,2,7,0,7,[(0, 8), (1, 8), (1, 9), (1, 10), (2, 7), (2, 8)]
1775,2,7,0,8,[(0, 9), (1, 9), (1, 10), (1, 11), (2, 8), (2, 9)]
1776,2,7,0,9,[(0, 10), (1, 10), (1, 11), (1, 12), (2, 9), (2, 10)]
1777,2,7,0,10,[(0, 11), (1, 11), (1, 12), (1, 13), (2, 10), (2, 11)]
1778,2,7,0,11,[(0, 12), (1, 12), (1, 13), (1, 14), (2, 11), (2, 12)]
1779,2,7,1,0,[(1, 1), (2, 1), (2, 2), (2, 3), (3, 0), (3, 1)]
1780,2,7,1,1,[(1, 2), (2, 2), (2, 3), (2, 4), (3, 1), (3, 2)]
1781,2,7,1,2,[(1, 3), (2, 3), (2, 4), (2, 5), (3, 2), (3, 3)]
1782,2,7,1,3,[(1, 4), (2, 4), (2, 5), (2, 6), (3, 3), (3, 4)]
1783,2,7,1,4,[(1, 5), (2, 5), (2, 6), (2, 7), (3, 4), (3, 5)]
1784,2,7,1,5,[(1, 6), (2, 6), (2, 7), (2, 8), (3, 5), (3, 6)]
1785,2,7,1,6,[(1, 7), (2, 7), (2, 8), (2, 9), (3, 6), (3, 7)]
1786,2,7,1,7,[(1, 8), (2, 8), (2, 9), (2, 10), (3, 7), (3, 8)]
1787,2,7,1,8,[(1, 9), (2, 9), (2, 10), (2, 11), (3, 8), (3, 9)]
1788,2,7,1,9,[(1, 10), (2, 10), (2, 11), (2, 12), (3, 9), (3, 10)]
1789,2,7,1,10,[(1, 11), (2, 11), (2, 12), (2, 13), (3, 10), (3, 11)]
1790,2,7,1,11,[(1, 12), (2, 12), (2, 13), (2, 14), (3, 11), (3, 12)]
1791,2,7,2,0,[(2, 1), (3, 1), (3, 2), (3, 3), (4, 0), (4, 1)]
1792,2,7,2,1,[(2, 2), (3, 2), (3, 3), (3, 4), (4, 1), (4, 2)]
1793,2,7,2,2,[(2, 3), (3, 3), (3, 4), (3, 5), (4, 2), (4, 3)]
1794,2,7,2,3,[(2, 4), (3, 4), (3, 5), (3, 6), (4, 3), (4, 4)]
1795,2,7,2,4,[(2, 5), (3, 5), (3, 6), (3, 7), (4, 4), (4, 5)]
1796,2,7,2,5,[(2, 6), (3, 6), (3, 7), (3, 8), (4, 5), (4, 6)]
1797,2,7,2,6,[(2, 7), (3, 7), (3, 8), (3, 9), (4, 6), (4, 7)]
1798,2,7,2,7,[(2, 8), (3, 8), (3, 9), (3, 10), (4, 7), (4, 8)]
1799,2,7,2,8,[(2, 9), (3, 9), (3, 10), (3, 11), (4, 8), (4, 9)]
1800,2,7,2,9,[(2, 10), (3, 10), (3, 11), (3, 12), (4, 9), (4, 10)]
1801,2,7,2,10,[(2, 11), (3, 11), (3, 12), (3, 13), (4, 10), (4, 11)]
1802,2,7,2,11,[(2, 12), (3, 12), (3, 13), (3, 14), (4, 11), (4, 12)]
1803,2,7,3,0,[(3, 1), (4, 1), (4, 2), (4, 3), (5, 0), (5, 1)]
1804,2,7,3,1,[(3, 2), (4, 2), (4, 3), (4, 4), (5, 1), (5, 2)]
1805,2,7,3,2,[(3, 3), (4, 3), (4, 4), (4, 5), (5, 2), (5, 3)]
1806,2,7,3,3,[(3, 4), (4, 4), (4, 5), (4, 6), (5, 3), (5, 4)]
1807,2,7,3,4,[(3, 5), (4, 5), (4, 6), (4, 7), (5, 4), (5, 5)]
1808,2,7,3,5,[(3, 6), (4, 6), (4, 7), (4, 8), (5, 5), (5, 6)]
1809,2,7,3,6,[(3, 7), (4, 7), (4, 8), (4, 9), (5, 6), (5, 7)]
1810,2,7,3,7,[(3, 8), (4, 8), (4, 9), (4, 10), (5, 7), (5, 8)]
1811,2,7,3,8,[(3, 9), (4, 9), (4, 10), (4, 11), (5, 8), (5, 9)]
1812,2,7,3,9,[(3, 10), (4, 10), (4, 11), (4, 12), (5, 9), (5, 10)]
1813,2,7,3,10,[(3, 11), (4, 11), (4, 12), (4, 13), (5, 10), (5, 11)]
1814,2,7,3,11,[(3, 12), (4, 12), (4, 13), (4, 14), (5, 11), (5, 12)]
1815,2,7,4,0,[(4, 1), (5, 1), (5, 2), (5, 3), (6, 0), (6, 1)]
1816,2,7,4,1,[(4, 2), (5, 2), (5, 3), (5, 4), (6, 1), (6, 2)]
1817,2,7,4,2,[(4, 3), (5, 3), (5, 4), (5, 5), (6, 2), (6, 3)]
1818,2,7,4,3,[(4, 4), (5, 4), (5, 5), (5, 6), (6, 3), (6, 4)]
1819,2,7,4,4,[(4, 5), (5, 5), (5, 6), (5, 7), (6, 4), (6, 5)]
1820,2,7,4,5,[(4, 6), (5, 6), (5, 7), (5, 8), (6, 5), (6, 6)]
1821,2,7,4,6,[(4, 7), (5, 7), (5, 8), (5, 9), (6, 6), (6, 7)]
1822,2,7,4,7,[(4, 8), (5, 8), (5, 9), (5, 10), (6, 7), (6, 8)]
1823,2,7,4,8,[(4, 9), (5, 9), (5, 10), (5, 11), (6, 8), (6, 9)]
1824,2,7,4,9,[(4, 10), (5, 10), (5, 11), (5, 12), (6, 9), (6, 10)]
1825,2,7,4,10,[(4, 11), (5, 11), (5, 12), (5, 13), (6, 10), (6, 11)]
1826,2,7,4,11,[(4, 12), (5, 12), (5, 13), (5, 14), (6, 11), (6, 12)]
1827,2,7,5,0,[(5, 1), (6, 1), (6, 2), (6, 3), (7, 0), (7, 1)]
1828,2,7,5,1,[(5, 2), (6, 2), (6, 3), (6, 4), (7, 1), (7, 2)]
1829,2,7,5,2,[(5, 3), (6, 3), (6, 4), (6, 5), (7, 2), (7, 3)]
1830,2,7,5,3,[(5, 4), (6, 4), (6, 5), (6, 6), (7, 3), (7, 4)]
1831,2,7,5,4,[(5, 5), (6, 5), (6, 6), (6, 7), (7, 4), (7, 5)]
1832,2,7,5,5,[(5, 6), (6, 6), (6, 7), (6, 8), (7, 5), (7, 6)]
1833,2,7,5,6,[(5, 7), (6, 7), (6, 8), (6, 9), (7, 6), (7, 7)]
1834,2,7,5,7,[(5, 8), (6, 8), (6, 9), (6, 10), (7, 7), (7, 8)]
1835,2,7,5,8,[(5, 9), (6, 9), (6, 10), (6, 11), (7, 8), (7, 9)]
1836,2,7,5,9,[(5, 10), (6, 10), (6, 11), (6, 12), (7, 9), (7, 10)]
1837,2,7,5,10,[(5, 11), (6, 11), (6, 12), (6, 13), (7, 10), (7, 11)]
1838,2,7,5,11,[(5, 12), (6, 12), (6, 13), (6, 14), (7, 11), (7, 12)]
1839,2,7,6,0,[(6, 1), (7, 1), (7, 2), (7, 3), (8, 0), (8, 1)]
1840,2,7,6,1,[(6, 2), (7, 2), (7, 3), (7, 4), (8, 1), (8, 2)]
1841,2,7,6,2,[(6, 3), (7, 3), (7, 4), (7, 5), (8, 2), (8, 3)]
1842,2,7,6,3,[(6, 4), (7, 4), (7, 5), (7, 6), (8, 3), (8, 4)]
1843,2,7,6,4,[(6, 5), (7, 5), (7, 6), (7, 7), (8, 4), (8, 5)]
1844,2,7,6,5,[(6, 6), (7, 6), (7, 7), (7, 8), (8, 5), (8, 6)]
1845,2,7,6,6,[(6, 7), (7, 7), (7, 8), (7, 9), (8, 6), (8, 7)]
1846,2,7,6,7,[(6, 8), (7, 8), (7, 9), (7, 10), (8, 7), (8, 8)]
1847,2,7,6,8,[(6, 9), (7, 9), (7, 10), (7, 11), (8, 8), (8, 9)]
1848,2,7,6,9,[(6, 10), (7, 10), (7, 11), (7, 12), (8, 9), (8, 10)]
1849,2,7,6,10,[(6, 11), (7, 11), (7, 12), (7, 13), (8, 10), (8, 11)]
1850,2,7,6,11,[(6, 12), (7, 12), (7, 13), (7, 14), (8, 11), (8, 12)]
1851,2,7,7,0,[(7, 1), (8, 1), (8, 2), (8, 3), (9, 0), (9, 1)]
1852,2,7,7,1,[(7, 2), (8, 2), (8, 3), (8, 4), (9, 1), (9, 2)]
1853,2,7,7,2,[(7, 3), (8, 3), (8, 4), (8, 5), (9, 2), (9, 3)]
1854,2,7,7,3,[(7, 4), (8, 4), (8, 5), (8, 6), (9, 3), (9, 4)]
1855,2,7,7,4,[(7, 5), (8, 5), (8, 6), (8, 7), (9, 4), (9, 5)]
1856,2,7,7,5,[(7, 6), (8, 6), (8, 7), (8, 8), (9, 5), (9, 6)]
1857,2,7,7,6,[(7, 7), (8, 7), (8, 8), (8, 9), (9, 6), (9, 7)]
1858,2,7,7,7,[(7, 8), (8, 8), (8, 9), (8, 10), (9, 7), (9, 8)]
1859,2,7,7,8,[(7, 9), (8, 9), (8, 10), (8, 11), (9, 8), (9, 9)]
1860,2,7,7,9,[(7, 10), (8, 10), (8, 11), (8, 12), (9, 9), (9, 10)]
1861,2,7,7,10,[(7, 11), (8, 11), (8, 12), (8, 13), (9, 10), (9, 11)]
1862,2,7,7,11,[(7, 12), (8, 12), (8, 13), (8, 14), (9, 11), (9, 12)]
1863,3,0,0,0,[(0, 0), (0, 1), (0, 2), (1, 1), (2, 1), (3, 1)]
1864,3,0,0,1,[(0, 1), (0, 2), (0, 3), (1, 2), (2, 2), (3, 2)]
1865,3,0,0,2,[(0, 2), (0, 3), (0, 4), (1, 3), (2, 3), (3, 3)]
1866,3,0,0,3,[(0, 3), (0, 4), (0, 5), (1, 4), (2, 4), (3, 4)]
1867,3,0,0,4,[(0, 4), (0, 5), (0, 6), (1, 5), (2, 5), (3, 5)]
1868,3,0,0,5,[(0, 5), (0, 6), (0, 7), (1, 6), (2, 6), (3, 6)]
1869,3,0,0,6,[(0, 6), (0, 7), (0, 8), (1, 7), (2, 7), (3, 7)]
1870,3,0,0,7,[(0, 7), (0, 8), (0, 9), (1, 8), (2, 8), (3, 8)]
1871,3,0,0,8,[(0, 8), (0, 9), (0, 10), (1, 9), (2, 9), (3, 9)]
1872,3,0,0,9,[(0, 9), (0, 10), (0, 11), (1, 10), (2, 10), (3, 10)]
1873,3,0,0,10,[(0, 10), (0, 11), (0, 12), (1, 11), (2, 11), (3, 11)]
1874,3,0,0,11,[(0, 11), (0, 12), (0, 13), (1, 12), (2, 12), (3, 12)]
1875,3,0,0,12,[(0, 12), (0, 13), (0, 14), (1, 13), (2, 13), (3, 13)]
1876,3,0,1,0,[(1, 0), (1, 1), (1, 2), (2, 1), (3, 1), (4, 1)]
1877,3,0,1,1,[(1, 1), (1, 2), (1, 3), (2, 2), (3, 2), (4, 2)]
1878,3,0,1,2,[(1, 2), (1, 3), (1, 4), (2, 3), (3, 3), (4, 3)]
1879,3,0,1,3,[(1, 3), (1, 4), (1, 5), (2, 4), (3, 4), (4, 4)]
1880,3,0,1,4,[(1, 4), (1, 5), (1, 6), (2, 5), (3, 5), (4, 5)]
1881,3,0,1,5,[(1, 5), (1, 6), (1, 7), (2, 6), (3, 6), (4, 6)]
1882,3,0,1,6,[(1, 6), (1, 7), (1, 8), (2, 7), (3, 7), (4, 7)]
1883,3,0,1,7,[(1, 7), (1, 8), (1, 9), (2, 8), (3, 8), (4, 8)]
1884,3,0,1,8,[(1, 8), (1, 9), (1, 10), (2, 9), (3, 9), (4, 9)]
1885,3,0,1,9,[(1, 9), (1, 10), (1, 11), (2, 10), (3, 10), (4, 10)]
1886,3,0,1,10,[(1, 10), (1, 11), (1, 12), (2, 11), (3, 11), (4, 11)]
1887,3,0,1,11,[(1, 11), (1, 12), (1, 13), (2, 12), (3, 12), (4, 12)]
1888,3,0,1,12,[(1, 12), (1, 13), (1, 14), (2, 13), (3, 13), (4, 13)]
1889,3,0,2,0,[(2, 0), (2, 1), (2, 2), (3, 1), (4, 1), (5, 1)]
1890,3,0,2,1,[(2, 1), (2, 2), (2, 3), (3, 2), (4, 2), (5, 2)]
1891,3,0,2,2,[(2, 2), (2, 3), (2, 4), (3, 3), (4, 3), (5, 3)]
1892,3,0,2,3,[(2, 3), (2, 4), (2, 5), (3, 4), (4, 4), (5, 4)]
1893,3,0,2,4,[(2, 4), (2, 5), (2, 6), (3, 5), (4, 5), (5, 5)]
1894,3,0,2,5,[(2, 5), (2, 6), (2, 7), (3, 6), (4, 6), (5, 6)]
1895,3,0,2,6,[(2, 6), (2, 7), (2, 8), (3, 7), (4, 7), (5, 7)]
1896,3,0,2,7,[(2, 7), (2, 8), (2, 9), (3, 8), (4, 8), (5, 8)]
1897,3,0,2,8,[(2, 8), (2, 9), (2, 10), (3, 9), (4, 9), (5, 9)]
1898,3,0,2,9,[(2, 9), (2, 10), (2, 11), (3, 10), (4, 10), (5, 10)]
1899,3,0,2,10,[(2, 10), (2, 11), (2, 12), (3, 11), (4, 11), (5, 11)]
1900,3,0,2,11,[(2, 11), (2, 12), (2, 13), (3, 12), (4, 12), (5, 12)]
1901,3,0,2,12,[(2, 12), (2, 13), (2, 14), (3, 13), (4, 13), (5, 13)]
1902,3,0,3,0,[(3, 0), (3, 1), (3, 2), (4, 1), (5, 1), (6, 1)]
1903,3,0,3,1,[(3, 1), (3, 2), (3, 3), (4, 2), (5, 2), (6, 2)]
1904,3,0,3,2,[(3, 2), (3, 3), (3, 4), (4, 3), (5, 3), (6, 3)]
1905,3,0,3,3,[(3, 3), (3, 4), (3, 5), (4, 4), (5, 4), (6, 4)]
1906,3,0,3,4,[(3, 4), (3, 5), (3, 6), (4, 5), (5, 5), (6, 5)]
1907,3,0,3,5,[(3, 5), (3, 6), (3, 7), (4, 6), (5, 6), (6, 6)]
1908,3,0,3,6,[(3, 6), (3, 7), (3, 8), (4, 7), (5, 7), (6, 7)]
1909,3,0,3,7,[(3, 7), (3, 8), (3, 9), (4, 8), (5, 8), (6, 8)]
1910,3,0,3,8,[(3, 8), (3, 9), (3, 10), (4, 9), (5, 9), (6, 9)]
1911,3,0,3,9,[(3, 9), (3, 10), (3, 11), (4, 10), (5, 10), (6, 10)]
1912,3,0,3,10,[(3, 10), (3, 11), (3, 12), (4, 11), (5, 11), (6, 11)]
1913,3,0,3,11,[(3, 11), (3, 12), (3, 13), (4, 12), (5, 12), (6, 12)]
1914,3,0,3,12,[(3, 12), (3, 13), (3, 14), (4, 13), (5, 13), (6, 13)]
1915,3,0,4,0,[(4, 0), (4, 1), (4, 2), (5, 1), (6, 1), (7, 1)]
1916,3,0,4,1,[(4, 1), (4, 2), (4, 3), (5, 2), (6, 2), (7, 2)]
1917,3,0,4,2,[(4, 2), (4, 3), (4, 4), (5, 3), (6, 3), (7, 3)]
1918,3,0,4,3,[(4, 3), (4, 4), (4, 5), (5, 4), (6, 4), (7, 4)]
1919,3,0,4,4,[(4, 4), (4, 5), (4, 6), (5, 5), (6, 5), (7, 5)]
1920,3,0,4,5,[(4, 5), (4, 6), (4, 7), (5, 6), (6, 6), (7, 6)]
1921,3,0,4,6,[(4, 6), (4, 7), (4, 8), (5, 7), (6, 7), (7, 7)]
1922,3,0,4,7,[(4, 7), (4, 8), (4, 9), (5, 8), (6, 8), (7, 8)]
1923,3,0,4,8,[(4, 8), (4, 9), (4, 10), (5, 9), (6, 9), (7, 9)]
1924,3,0,4,9,[(4, 9), (4, 10), (4, 11), (5, 10), (6, 10), (7, 10)]
1925,3,0,4,10,[(4, 10), (4, 11), (4, 12), (5, 11), (6, 11), (7, 11)]
1926,3,0,4,11,[(4, 11), (4, 12), (4, 13), (5, 12), (6, 12), (7, 12)]
1927,3,0,4,12,[(4, 12), (4, 13), (4, 14), (5, 13), (6, 13), (7, 13)]
1928,3,0,5,0,[(5, 0), (5, 1), (5, 2), (6, 1), (7, 1), (8, 1)]
1929,3,0,5,1,[(5, 1), (5, 2), (5, 3), (6, 2), (7, 2), (8, 2)]
1930,3,0,5,2,[(5, 2), (5, 3), (5, 4), (6, 3), (7, 3), (8, 3)]
1931,3,0,5,3,[(5, 3), (5, 4), (5, 5), (6, 4), (7, 4), (8, 4)]
1932,3,0,5,4,[(5, 4), (5, 5), (5, 6), (6, 5), (7, 5), (8, 5)]
1933,3,0,5,5,[(5, 5), (5, 6), (5, 7), (6, 6), (7, 6), (8, 6)]
1934,3,0,5,6,[(5, 6), (5, 7), (5, 8), (6, 7), (7, 7), (8, 7)]
1935,3,0,5,7,[(5, 7), (5, 8), (5, 9), (6, 8), (7, 8), (8, 8)]
1936,3,0,5,8,[(5, 8), (5, 9), (5, 10), (6, 9), (7, 9), (8, 9)]
1937,3,0,5,9,[(5, 9), (5, 10), (5, 11), (6, 10), (7, 10), (8, 10)]
1938,3,0,5,10,[(5, 10), (5, 11), (5, 12), (6, 11), (7, 11), (8, 11)]
1939,3,0,5,11,[(5, 11), (5, 12), (5, 13), (6, 12), (7, 12), (8, 12)]
1940,3,0,5,12,[(5, 12), (5, 13), (5, 14), (6, 13), (7, 13), (8, 13)]
1941,3,0,6,0,[(6, 0), (6, 1), (6, 2), (7, 1), (8, 1), (9, 1)]
1942,3,0,6,1,[(6, 1), (6, 2), (6, 3), (7, 2), (8, 2), (9, 2)]
1943,3,0,6,2,[(6, 2), (6, 3), (6, 4), (7, 3), (8, 3), (9, 3)]
1944,3,0,6,3,[(6, 3), (6, 4), (6, 5), (7, 4), (8, 4), (9, 4)]
1945,3,0,6,4,[(6, 4), (6, 5), (6, 6), (7, 5), (8, 5), (9, 5)]
1946,3,0,6,5,[(6, 5), (6, 6), (6, 7), (7, 6), (8, 6), (9, 6)]
1947,3,0,6,6,[(6, 6), (6, 7), (6, 8), (7, 7), (8, 7), (9, 7)]
1948,3,0,6,7,[(6, 7), (6, 8), (6, 9), (7, 8), (8, 8), (9, 8)]
1949,3,0,6,8,[(6, 8), (6, 9), (6, 10), (7, 9), (8, 9), (9, 9)]
1950,3,0,6,9,[(6, 9), (6, 10), (6, 11), (7, 10), (8, 10), (9, 10)]
1951,3,0,6,10,[(6, 10), (6, 11), (6, 12), (7, 11), (8, 11), (9, 11)]
1952,3,0,6,11,[(6, 11), (6, 12), (6, 13), (7, 12), (8, 12), (9, 12)]
1953,3,0,6,12,[(6, 12), (6, 13), (6, 14), (7, 13), (8, 13), (9, 13)]
1954,3,1,0,0,[(0, 1), (1, 1), (2, 1), (3, 0), (3, 1), (3, 2)]
1955,3,1,0,1,[(0, 2), (1, 2), (2, 2), (3, 1), (3, 2), (3, 3)]
1956,3,1,0,2,[(0, 3), (1, 3), (2, 3), (3, 2), (3, 3), (3, 4)]
1957,3,1,0,3,[(0, 4), (1, 4), (2, 4), (3, 3), (3, 4), (3, 5)]
1958,3,1,0,4,[(0, 5), (1, 5), (2, 5), (3, 4), (3, 5), (3, 6)]
1959,3,1,0,5,[(0, 6), (1, 6), (2, 6), (3, 5), (3, 6), (3, 7)]
1960,3,1,0,6,[(0, 7), (1, 7), (2, 7), (3, 6), (3, 7), (3, 8)]
1961,3,1,0,7,[(0, 8), (1, 8), (2, 8), (3, 7), (3, 8), (3, 9)]
1962,3,1,0,8,[(0, 9), (1, 9), (2, 9), (3, 8), (3, 9), (3, 10)]
1963,3,1,0,9,[(0, 10), (1, 10), (2, 10), (3, 9), (3, 10), (3, 11)]
1964,3,1,0,10,[(0, 11), (1, 11), (2, 11), (3, 10), (3, 11), (3, 12)]
1965,3,1,0,11,[(0, 12), (1, 12), (2, 12), (3, 11), (3, 12), (3, 13)]
1966,3,1,0,12,[(0, 13), (1, 13), (2, 13), (3, 12), (3, 13), (3, 14)]
1967,3,1,1,0,[(1, 1), (2, 1), (3, 1), (4, 0), (4, 1), (4, 2)]
1968,3,1,1,1,[(1, 2), (2, 2), (3, 2), (4, 1), (4, 2), (4, 3)]
1969,3,1,1,2,[(1, 3), (2, 3), (3, 3), (4, 2), (4, 3), (4, 4)]
1970,3,1,1,3,[(1, 4), (2, 4), (3, 4), (4, 3), (4, 4), (4, 5)]
1971,3,1,1,4,[(1, 5), (2, 5), (3, 5), (4, 4), (4, 5), (4, 6)]
1972,3,1,1,5,[(1, 6), (2, 6), (3, 6), (4, 5), (4, 6), (4, 7)]
1973,3,1,1,6,[(1, 7), (2, 7), (3, 7), (4, 6), (4, 7), (4, 8)]
1974,3,1,1,7,[(1, 8), (2, 8), (3, 8), (4, 7), (4, 8), (4, 9)]
1975,3,1,1,8,[(1, 9), (2, 9), (3, 9), (4, 8), (4, 9), (4, 10)]
1976,3,1,1,9,[(1, 10), (2, 10), (3, 10), (4, 9), (4, 10), (4, 11)]
1977,3,1,1,10,[(1, 11), (2, 11), (3, 11), (4, 10), (4, 11), (4, 12)]
1978,3,1,1,11,[(1, 12), (2, 12), (3, 12), (4, 11), (4, 12), (4, 13)]
1979,3,1,1,12,[(1, 13), (2, 13), (3, 13), (4, 12), (4, 13), (4, 14)]
1980,3,1,2,0,[(2, 1), (3, 1), (4, 1), (5, 0), (5, 1), (5, 2)]
1981,3,1,2,1,[(2, 2), (3, 2), (4, 2), (5, 1), (5, 2), (5, 3)]
1982,3,1,2,2,[(2, 3), (3, 3), (4, 3), (5, 2), (5, 3), (5, 4)]
1983,3,1,2,3,[(2, 4), (3, 4), (4, 4), (5, 3), (5, 4), (5, 5)]
1984,3,1,2,4,[(2, 5), (3, 5), (4, 5), (5, 4), (5, 5), (5, 6)]
1985,3,1,2,5,[(2, 6), (3, 6), (4, 6), (5, 5), (5, 6), (5, 7)]
1986,3,1,2,6,[(2, 7), (3, 7), (4, 7), (5, 6), (5, 7), (5, 8)]
1987,3,1,2,7,[(2, 8), (3, 8), (4, 8), (5, 7), (5, 8), (5, 9)]
1988,3,1,2,8,[(2, 9), (3, 9), (4, 9), (5, 8), (5, 9), (5, 10)]
1989,3,1,2,9,[(2, 10), (3, 10), (4, 10), (5, 9), (5, 10), (5, 11)]
1990,3,1,2,10,[(2, 11), (3, 11), (4, 11), (5, 10), (5, 11), (5, 12)]
1991,3,1,2,11,[(2, 12), (3, 12), (4, 12), (5, 11), (5, 12), (5, 13)]
1992,3,1,2,12,[(2, 13), (3, 13), (4, 13), (5, 12), (5, 13), (5, 14)]
1993,3,1,3,0,[(3, 1), (4, 1), (5, 1), (6, 0), (6, 1), (6, 2)]
1994,3,1,3,1,[(3, 2), (4, 2), (5, 2), (6, 1), (6, 2), (6, 3)]
1995,3,1,3,2,[(3, 3), (4, 3), (5, 3), (6, 2), (6, 3), (6, 4)]
1996,3,1,3,3,[(3, 4), (4, 4), (5, 4), (6, 3), (6, 4), (6, 5)]
1997,3,1,3,4,[(3, 5), (4, 5), (5, 5), (6, 4), (6, 5), (6, 6)]
1998,3,1,3,5,[(3, 6), (4, 6), (5, 6), (6, 5), (6, 6), (6, 7)]
1999,3,1,3,6,[(3, 7), (4, 7), (5, 7), (6, 6), (6, 7), (6, 8)]
2000,3,1,3,7,[(3, 8), (4, 8), (5, 8), (6, 7), (6, 8), (6, 9)]
2001,3,1,3,8,[(3, 9), (4, 9), (5, 9), (6, 8), (6, 9), (6, 10)]
2002,3,1,3,9,[(3, 10), (4, 10), (5, 10), (6, 9), (6, 10), (6, 11)]
2003,3,1,3,10,[(3, 11), (4, 11), (5, 11), (6, 10), (6, 11), (6, 12)]
2004,3,1,3,11,[(3, 12), (4, 12), (5, 12), (6, 11), (6, 12), (6, 13)]
2005,3,1,3,12,[(3, 13), (4, 13), (5, 13), (6, 12), (6, 13), (6, 14)]
2006,3,1,4,0,[(4, 1), (5, 1), (6, 1), (7, 0), (7, 1), (7, 2)]
2007,3,1,4,1,[(4, 2), (5, 2), (6, 2), (7, 1), (7, 2), (7, 3)]
2008,3,1,4,2,[(4, 3), (5, 3), (6, 3), (7, 2), (7, 3), (7, 4)]
2009,3,1,4,3,[(4, 4), (5, 4), (6, 4), (7, 3), (7, 4), (7, 5)]
2010,3,1,4,4,[(4, 5), (5, 5), (6, 5), (7, 4), (7, 5), (7, 6)]
2011,3,1,4,5,[(4, 6), (5, 6), (6, 6), (7, 5), (7, 6), (7, 7)]
2012,3,1,4,6,[(4, 7), (5, 7), (6, 7), (7, 6), (7, 7), (7, 8)]
2013,3,1,4,7,[(4, 8), (5, 8), (6, 8), (7, 7), (7, 8), (7, 9)]
2014,3,1,4,8,[(4, 9), (5, 9), (6, 9), (7, 8), (7, 9), (7, 10)]
2015,3,1,4,9,[(4, 10), (5, 10), (6, 10), (7, 9), (7, 10), (7, 11)]
2016,3,1,4,10,[(4, 11), (5, 11), (6, 11), (7, 10), (7, 11), (7, 12)]
2017,3,1,4,11,[(4, 12), (5, 12), (6, 12), (7, 11), (7, 12), (7, 13)]
2018,3,1,4,12,[(4, 13), (5, 13), (6, 13), (7, 12), (7, 13), (7, 14)]
2019,3,1,5,0,[(5, 1), (6, 1), (7, 1), (8, 0), (8, 1), (8, 2)]
2020,3,1,5,1,[(5, 2), (6, 2), (7, 2), (8, 1), (8, 2), (8, 3)]
2021,3,1,5,2,[(5, 3), (6, 3), (7, 3), (8, 2), (8, 3), (8, 4)]
2022,3,1,5,3,[(5, 4), (6, 4), (7, 4), (8, 3), (8, 4), (8, 5)]
2023,3,1,5,4,[(5, 5), (6, 5), (7, 5), (8, 4), (8, 5), (8, 6)]
2024,3,1,5,5,[(5, 6), (6, 6), (7, 6), (8, 5), (8, 6), (8, 7)]
2025,3,1,5,6,[(5, 7), (6, 7), (7, 7), (8, 6), (8, 7), (8, 8)]
2026,3,1,5,7,[(5, 8), (6, 8), (7, 8), (8, 7), (8, 8), (8, 9)]
2027,3,1,5,8,[(5, 9), (6, 9), (7, 9), (8, 8), (8, 9), (8, 10)]
2028,3,1,5,9,[(5, 10), (6, 10), (7, 10), (8, 9), (8, 10), (8, 11)]
2029,3,1,5,10,[(5, 11), (6, 11), (7, 11), (8, 10), (8, 11), (8, 12)]
2030,3,1,5,11,[(5, 12), (6, 12), (7, 12), (8, 11), (8, 12), (8, 13)]
2031,3,1,5,12,[(5, 13), (6, 13), (7, 13), (8, 12), (8, 13), (8, 14)]
2032,3,1,6,0,[(6, 1), (7, 1), (8, 1), (9, 0), (9, 1), (9, 2)]
2033,3,1,6,1,[(6, 2), (7, 2), (8, 2), (9, 1), (9, 2), (9, 3)]
2034,3,1,6,2,[(6, 3), (7, 3), (8, 3), (9, 2), (9, 3), (9, 4)]
2035,3,1,6,3,[(6, 4), (7, 4), (8, 4), (9, 3), (9, 4), (9, 5)]
2036,3,1,6,4,[(6, 5), (7, 5), (8, 5), (9, 4), (9, 5), (9, 6)]
2037,3,1,6,5,[(6, 6), (7, 6), (8, 6), (9, 5), (9, 6), (9, 7)]
2038,3,1,6,6,[(6, 7), (7, 7), (8, 7), (9, 6), (9, 7), (9, 8)]
2039,3,1,6,7,[(6, 8), (7, 8), (8, 8), (9, 7), (9, 8), (9, 9)]
2040,3,1,6,8,[(6, 9), (7, 9), (8, 9), (9, 8), (9, 9), (9, 10)]
2041,3,1,6,9,[(6, 10), (7, 10), (8, 10), (9, 9), (9, 10), (9, 11)]
2042,3,1,6,10,[(6, 11), (7, 11), (8, 11), (9, 10), (9, 11), (9, 12)]
2043,3,1,6,11,[(6, 12), (7, 12), (8, 12), (9, 11), (9, 12), (9, 13)]
2044,3,1,6,12,[(6, 13), (7, 13), (8, 13), (9, 12), (9, 13), (9, 14)]
2045,3,2,0,0,[(0, 3), (1, 0), (1, 1), (1, 2), (1, 3), (2, 3)]
2046,3,2,0,1,[(0, 4), (1, 1), (1, 2), (1, 3), (1, 4), (2, 4)]
2047,3,2,0,2,[(0, 5), (1, 2), (1, 3), (1, 4), (1, 5), (2, 5)]
2048,3,2,0,3,[(0, 6), (1, 3), (1, 4), (1, 5), (1, 6), (2, 6)]
2049,3,2,0,4,[(0, 7), (1, 4), (1, 5), (1, 6), (1, 7), (2, 7)]
2050,3,2,0,5,[(0, 8), (1, 5), (1, 6), (1, 7), (1, 8), (2, 8)]
2051,3,2,0,6,[(0, 9), (1, 6), (1, 7), (1, 8), (1, 9), (2, 9)]
2052,3,2,0,7,[(0, 10), (1, 7), (1, 8), (1, 9), (1, 10), (2, 10)]
2053,3,2,0,8,[(0, 11), (1, 8), (1, 9), (1, 10), (1, 11), (2, 11)]
2054,3,2,0,9,[(0, 12), (1, 9), (1, 10), (1, 11), (1, 12), (2, 12)]
2055,3,2,0,10,[(0, 13), (1, 10), (1, 11), (1, 12), (1, 13), (2, 13)]
2056,3,2,0,11,[(0, 14), (1, 11), (1, 12), (1, 13), (1, 14), (2, 14)]
2057,3,2,1,0,[(1, 3), (2, 0), (2, 1), (2, 2), (2, 3), (3, 3)]
2058,3,2,1,1,[(1, 4), (2, 1), (2, 2), (2, 3), (2, 4), (3, 4)]
2059,3,2,1,2,[(1, 5), (2, 2), (2, 3), (2, 4), (2, 5), (3, 5)]
2060,3,2,1,3,[(1, 6), (2, 3), (2, 4), (2, 5), (2, 6), (3, 6)]
2061,3,2,1,4,[(1, 7), (2, 4), (2, 5), (2, 6), (2, 7), (3, 7)]
2062,3,2,1,5,[(1, 8), (2, 5), (2, 6), (2, 7), (2, 8), (3, 8)]
2063,3,2,1,6,[(1, 9), (2, 6), (2, 7), (2, 8), (2, 9), (3, 9)]
2064,3,2,1,7,[(1, 10), (2, 7), (2, 8), (2, 9), (2, 10), (3, 10)]
2065,3,2,1,8,[(1, 11), (2, 8), (2, 9), (2, 10), (2, 11), (3, 11)]
2066,3,2,1,9,[(1, 12), (2, 9), (2, 10), (2, 11), (2, 12), (3, 12)]
2067,3,2,1,10,[(1, 13), (2, 10), (2, 11), (2, 12), (2, 13), (3, 13)]
2068,3,2,1,11,[(1, 14), (2, 11), (2, 12), (2, 13), (2, 14), (3, 14)]
2069,3,2,2,0,[(2, 3), (3, 0), (3, 1), (3, 2), (3, 3), (4, 3)]
2070,3,2,2,1,[(2, 4), (3, 1), (3, 2), (3, 3), (3, 4), (4, 4)]
2071,3,2,2,2,[(2, 5), (3, 2), (3, 3), (3, 4), (3, 5), (4, 5)]
2072,3,2,2,3,[(2, 6), (3, 3), (3, 4), (3, 5), (3, 6), (4, 6)]
2073,3,2,2,4,[(2, 7), (3, 4), (3, 5), (3, 6), (3, 7), (4, 7)]
2074,3,2,2,5,[(2, 8), (3, 5), (3, 6), (3, 7), (3, 8), (4, 8)]
2075,3,2,2,6,[(2, 9), (3, 6), (3, 7), (3, 8), (3, 9), (4, 9)]
2076,3,2,2,7,[(2, 10), (3, 7), (3, 8), (3, 9), (3, 10), (4, 10)]
2077,3,2,2,8,[(2, 11), (3, 8), (3, 9), (3, 10), (3, 11), (4, 11)]
2078,3,2,2,9,[(2, 12), (3, 9), (3, 10), (3, 11), (3, 12), (4, 12)]
2079,3,2,2,10,[(2, 13), (3, 10), (3, 11), (3, 12), (3, 13), (4, 13)]
2080,3,2,2,11,[(2, 14), (3, 11), (3, 12), (3, 13), (3, 14), (4, 14)]
2081,3,2,3,0,[(3, 3), (4, 0), (4, 1), (4, 2), (4, 3), (5, 3)]
2082,3,2,3,1,[(3, 4), (4, 1), (4, 2), (4, 3), (4, 4), (5, 4)]
2083,3,2,3,2,[(3, 5), (4, 2), (4, 3), (4, 4), (4, 5), (5, 5)]
2084,3,2,3,3,[(3, 6), (4, 3), (4, 4), (4, 5), (4, 6), (5, 6)]
2085,3,2,3,4,[(3, 7), (4, 4), (4, 5), (4, 6), (4, 7), (5, 7)]
2086,3,2,3,5,[(3, 8), (4, 5), (4, 6), (4, 7), (4, 8), (5, 8)]
2087,3,2,3,6,[(3, 9), (4, 6), (4, 7), (4, 8), (4, 9), (5, 9)]
2088,3,2,3,7,[(3, 10), (4, 7), (4, 8), (4, 9), (4, 10), (5, 10)]
2089,3,2,3,8,[(3, 11), (4, 8), (4, 9), (4, 10), (4, 11), (5, 11)]
2090,3,2,3,9,[(3, 12), (4, 9), (4, 10), (4, 11), (4, 12), (5, 12)]
2091,3,2,3,10,[(3, 13), (4, 10), (4, 11), (4, 12), (4, 13), (5, 13)]
2092,3,2,3,11,[(3, 14), (4, 11), (4, 12), (4, 13), (4, 14), (5, 14)]
2093,3,2,4,0,[(4, 3), (5, 0), (5, 1), (5, 2), (5, 3), (6, 3)]
2094,3,2,4,1,[(4, 4), (5, 1), (5, 2), (5, 3), (5, 4), (6, 4)]
2095,3,2,4,2,[(4, 5), (5, 2), (5, 3), (5, 4), (5, 5), (6, 5)]
2096,3,2,4,3,[(4, 6), (5, 3), (5, 4), (5, 5), (5, 6), (6, 6)]
2097,3,2,4,4,[(4, 7), (5, 4), (5, 5), (5, 6), (5, 7), (6, 7)]
2098,3,2,4,5,[(4, 8), (5, 5), (5, 6), (5, 7), (5, 8), (6, 8)]
2099,3,2,4,6,[(4, 9), (5, 6), (5, 7), (5, 8), (5, 9), (6, 9)]
2100,3,2,4,7,[(4, 10), (5, 7), (5, 8), (5, 9), (5, 10), (6, 10)]
2101,3,2,4,8,[(4, 11), (5, 8), (5, 9), (5, 10), (5, 11), (6, 11)]
2102,3,2,4,9,[(4, 12), (5, 9), (5, 10), (5, 11), (5, 12), (6, 12)]
2103,3,2,4,10,[(4, 13), (5, 10), (5, 11), (5, 12), (5, 13), (6, 13)]
2104,3,2,4,11,[(4, 14), (5, 11), (5, 12), (5, 13), (5, 14), (6, 14)]
2105,3,2,5,0,[(5, 3), (6, 0), (6, 1), (6, 2), (6, 3), (7, 3)]
2106,3,2,5,1,[(5, 4), (6, 1), (6, 2), (6, 3), (6, 4), (7, 4)]
2107,3,2,5,2,[(5, 5), (6, 2), (6, 3), (6, 4), (6, 5), (7, 5)]
2108,3,2,5,3,[(5, 6), (6, 3), (6, 4), (6, 5), (6, 6), (7, 6)]
2109,3,2,5,4,[(5, 7), (6, 4), (6, 5), (6, 6), (6, 7), (7, 7)]
2110,3,2,5,5,[(5, 8), (6, 5), (6, 6), (6, 7), (6, 8), (7, 8)]
2111,3,2,5,6,[(5, 9), (6, 6), (6, 7), (6, 8), (6, 9), (7, 9)]
2112,3,2,5,7,[(5, 10), (6, 7), (6, 8), (6, 9), (6, 10), (7, 10)]
2113,3,2,5,8,[(5, 11), (6, 8), (6, 9), (6, 10), (6, 11), (7, 11)]
2114,3,2,5,9,[(5, 12), (6, 9), (6, 10), (6, 11), (6, 12), (7, 12)]
2115,3,2,5,10,[(5, 13), (6, 10), (6, 11), (6, 12), (6, 13), (7, 13)]
2116,3,2,5,11,[(5, 14), (6, 11), (6, 12), (6, 13), (6, 14), (7, 14)]
2117,3,2,6,0,[(6, 3), (7, 0), (7, 1), (7, 2), (7, 3), (8, 3)]
2118,3,2,6,1,[(6, 4), (7, 1), (7, 2), (7, 3), (7, 4), (8, 4)]
2119,3,2,6,2,[(6, 5), (7, 2), (7, 3), (7, 4), (7, 5), (8, 5)]
2120,3,2,6,3,[(6, 6), (7, 3), (7, 4), (7, 5), (7, 6), (8, 6)]
2121,3,2,6,4,[(6, 7), (7, 4), (7, 5), (7, 6), (7, 7), (8, 7)]
2122,3,2,6,5,[(6, 8), (7, 5), (7, 6), (7, 7), (7, 8), (8, 8)]
2123,3,2,6,6,[(6, 9), (7, 6), (7, 7), (7, 8), (7, 9), (8, 9)]
2124,3,2,6,7,[(6, 10), (7, 7), (7, 8), (7, 9), (7, 10), (8, 10)]
2125,3,2,6,8,[(6, 11), (7, 8), (7, 9), (7, 10), (7, 11), (8, 11)]
2126,3,2,6,9,[(6, 12), (7, 9), (7, 10), (7, 11), (7, 12), (8, 12)]
2127,3,2,6,10,[(6, 13), (7, 10), (7, 11), (7, 12), (7, 13), (8, 13)]
2128,3,2,6,11,[(6, 14), (7, 11), (7, 12), (7, 13), (7, 14), (8, 14)]
2129,3,2,7,0,[(7, 3), (8, 0), (8, 1), (8, 2), (8, 3), (9, 3)]
2130,3,2,7,1,[(7, 4), (8, 1), (8, 2), (8, 3), (8, 4), (9, 4)]
2131,3,2,7,2,[(7, 5), (8, 2), (8, 3), (8, 4), (8, 5), (9, 5)]
2132,3,2,7,3,[(7, 6), (8, 3), (8, 4), (8, 5), (8, 6), (9, 6)]
2133,3,2,7,4,[(7, 7), (8, 4), (8, 5), (8, 6), (8, 7), (9, 7)]
2134,3,2,7,5,[(7, 8), (8, 5), (8, 6), (8, 7), (8, 8), (9, 8)]
2135,3,2,7,6,[(7, 9), (8, 6), (8, 7), (8, 8), (8, 9), (9, 9)]
2136,3,2,7,7,[(7, 10), (8, 7), (8, 8), (8, 9), (8, 10), (9, 10)]
2137,3,2,7,8,[(7, 11), (8, 8), (8, 9), (8, 10), (8, 11), (9, 11)]
2138,3,2,7,9,[(7, 12), (8, 9), (8, 10), (8, 11), (8, 12), (9, 12)]
2139,3,2,7,10,[(7, 13), (8, 10), (8, 11), (8, 12), (8, 13), (9, 13)]
2140,3,2,7,11,[(7, 14), (8, 11), (8, 12), (8, 13), (8, 14), (9, 14)]
2141,3,3,0,0,[(0, 0), (1, 0), (1, 1), (1, 2), (1, 3), (2, 0)]
2142,3,3,0,1,[(0, 1), (1, 1), (1, 2), (1, 3), (1, 4), (2, 1)]
2143,3,3,0,2,[(0, 2), (1, 2), (1, 3), (1, 4), (1, 5), (2, 2)]
2144,3,3,0,3,[(0, 3), (1, 3), (1, 4), (1, 5), (1, 6), (2, 3)]
2145,3,3,0,4,[(0, 4), (1, 4), (1, 5), (1, 6), (1, 7), (2, 4)]
2146,3,3,0,5,[(0, 5), (1, 5), (1, 6), (1, 7), (1, 8), (2, 5)]
2147,3,3,0,6,[(0, 6), (1, 6), (1, 7), (1, 8), (1, 9), (2, 6)]
2148,3,3,0,7,[(0, 7), (1, 7), (1, 8), (1, 9), (1, 10), (2, 7)]
2149,3,3,0,8,[(0, 8), (1, 8), (1, 9), (1, 10), (1, 11), (2, 8)]
2150,3,3,0,9,[(0, 9), (1, 9), (1, 10), (1, 11), (1, 12), (2, 9)]
2151,3,3,0,10,[(0, 10), (1, 10), (1, 11), (1, 12), (1, 13), (2, 10)]
2152,3,3,0,11,[(0, 11), (1, 11), (1, 12), (1, 13), (1, 14), (2, 11)]
2153,3,3,1,0,[(1, 0), (2, 0), (2, 1), (2, 2), (2, 3), (3, 0)]
2154,3,3,1,1,[(1, 1), (2, 1), (2, 2), (2, 3), (2, 4), (3, 1)]
2155,3,3,1,2,[(1, 2), (2, 2), (2, 3), (2, 4), (2, 5), (3, 2)]
2156,3,3,1,3,[(1, 3), (2, 3), (2, 4), (2, 5), (2, 6), (3, 3)]
2157,3,3,1,4,[(1, 4), (2, 4), (2, 5), (2, 6), (2, 7), (3, 4)]
2158,3,3,1,5,[(1, 5), (2, 5), (2, 6), (2, 7), (2, 8), (3, 5)]
2159,3,3,1,6,[(1, 6), (2, 6), (2, 7), (2, 8), (2, 9), (3, 6)]
2160,3,3,1,7,[(1, 7), (2, 7), (2, 8), (2, 9), (2, 10), (3, 7)]
2161,3,3,1,8,[(1, 8), (2, 8), (2, 9), (2, 10), (2, 11), (3, 8)]
2162,3,3,1,9,[(1, 9), (2, 9), (2, 10), (2, 11), (2, 12), (3, 9)]
2163,3,3,1,10,[(1, 10), (2, 10), (2, 11), (2, 12), (2, 13), (3, 10)]
2164,3,3,1,11,[(1, 11), (2, 11), (2, 12), (2, 13), (2, 14), (3, 11)]
2165,3,3,2,0,[(2, 0), (3, 0), (3, 1), (3, 2), (3, 3), (4, 0)]
2166,3,3,2,1,[(2, 1), (3, 1), (3, 2), (3, 3), (3, 4), (4, 1)]
2167,3,3,2,2,[(2, 2), (3, 2), (3, 3), (3, 4), (3, 5), (4, 2)]
2168,3,3,2,3,[(2, 3), (3, 3), (3, 4), (3, 5), (3, 6), (4, 3)]
2169,3,3,2,4,[(2, 4), (3, 4), (3, 5), (3, 6), (3, 7), (4, 4)]
2170,3,3,2,5,[(2, 5), (3, 5), (3, 6), (3, 7), (3, 8), (4, 5)]
2171,3,3,2,6,[(2, 6), (3, 6), (3, 7), (3, 8), (3, 9), (4, 6)]
2172,3,3,2,7,[(2, 7), (3, 7), (3, 8), (3, 9), (3, 10), (4, 7)]
2173,3,3,2,8,[(2, 8), (3, 8), (3, 9), (3, 10), (3, 11), (4, 8)]
2174,3,3,2,9,[(2, 9), (3, 9), (3, 10), (3, 11), (3, 12), (4, 9)]
2175,3,3,2,10,[(2, 10), (3, 10), (3, 11), (3, 12), (3, 13), (4, 10)]
2176,3,3,2,11,[(2, 11), (3, 11), (3, 12), (3, 13), (3, 14), (4, 11)]
2177,3,3,3,0,[(3, 0), (4, 0), (4, 1), (4, 2), (4, 3), (5, 0)]
2178,3,3,3,1,[(3, 1), (4, 1), (4, 2), (4, 3), (4, 4), (5, 1)]
2179,3,3,3,2,[(3, 2), (4, 2), (4, 3), (4, 4), (4, 5), (5, 2)]
2180,3,3,3,3,[(3, 3), (4, 3), (4, 4), (4, 5), (4, 6), (5, 3)]
2181,3,3,3,4,[(3, 4), (4, 4), (4, 5), (4, 6), (4, 7), (5, 4)]
2182,3,3,3,5,[(3, 5), (4, 5), (4, 6), (4, 7), (4, 8), (5, 5)]
2183,3,3,3,6,[(3, 6), (4, 6), (4, 7), (4, 8), (4, 9), (5, 6)]
2184,3,3,3,7,[(3, 7), (4, 7), (4, 8), (4, 9), (4, 10), (5, 7)]
2185,3,3,3,8,[(3, 8), (4, 8), (4, 9), (4, 10), (4, 11), (5, 8)]
2186,3,3,3,9,[(3, 9), (4, 9), (4, 10), (4, 11), (4, 12), (5, 9)]
2187,3,3,3,10,[(3, 10), (4, 10), (4, 11), (4, 12), (4, 13), (5, 10)]
2188,3,3,3,11,[(3, 11), (4, 11), (4, 12), (4, 13), (4, 14), (5, 11)]
2189,3,3,4,0,[(4, 0), (5, 0), (5, 1), (5, 2), (5, 3), (6, 0)]
2190,3,3,4,1,[(4, 1), (5, 1), (5, 2), (5, 3), (5, 4), (6, 1)]
2191,3,3,4,2,[(4, 2), (5, 2), (5, 3), (5, 4), (5, 5), (6, 2)]
2192,3,3,4,3,[(4, 3), (5, 3), (5, 4), (5, 5), (5, 6), (6, 3)]
2193,3,3,4,4,[(4, 4), (5, 4), (5, 5), (5, 6), (5, 7), (6, 4)]
2194,3,3,4,5,[(4, 5), (5, 5), (5, 6), (5, 7), (5, 8), (6, 5)]
2195,3,3,4,6,[(4, 6), (5, 6), (5, 7), (5, 8), (5, 9), (6, 6)]
2196,3,3,4,7,[(4, 7), (5, 7), (5, 8), (5, 9), (5, 10), (6, 7)]
2197,3,3,4,8,[(4, 8), (5, 8), (5, 9), (5, 10), (5, 11), (6, 8)]
2198,3,3,4,9,[(4, 9), (5, 9), (5, 10), (5, 11), (5, 12), (6, 9)]
2199,3,3,4,10,[(4, 10), (5, 10), (5, 11), (5, 12), (5, 13), (6, 10)]
2200,3,3,4,11,[(4, 11), (5, 11), (5, 12), (5, 13), (5, 14), (6, 11)]
2201,3,3,5,0,[(5, 0), (6, 0), (6, 1), (6, 2), (6, 3), (7, 0)]
2202,3,3,5,1,[(5, 1), (6, 1), (6, 2), (6, 3), (6, 4), (7, 1)]
2203,3,3,5,2,[(5, 2), (6, 2), (6, 3), (6, 4), (6, 5), (7, 2)]
2204,3,3,5,3,[(5, 3), (6, 3), (6, 4), (6, 5), (6, 6), (7, 3)]
2205,3,3,5,4,[(5, 4), (6, 4), (6, 5), (6, 6), (6, 7), (7, 4)]
2206,3,3,5,5,[(5, 5), (6, 5), (6, 6), (6, 7), (6, 8), (7, 5)]
2207,3,3,5,6,[(5, 6), (6, 6), (6, 7), (6, 8), (6, 9), (7, 6)]
2208,3,3,5,7,[(5, 7), (6, 7), (6, 8), (6, 9), (6, 10), (7, 7)]
2209,3,3,5,8,[(5, 8), (6, 8), (6, 9), (6, 10), (6, 11), (7, 8)]
2210,3,3,5,9,[(5, 9), (6, 9), (6, 10), (6, 11), (6, 12), (7, 9)]
2211,3,3,5,10,[(5, 10), (6, 10), (6, 11), (6, 12), (6, 13), (7, 10)]
2212,3,3,5,11,[(5, 11), (6, 11), (6, 12), (6, 13), (6, 14), (7, 11)]
2213,3,3,6,0,[(6, 0), (7, 0), (7, 1), (7, 2), (7, 3), (8, 0)]
2214,3,3,6,1,[(6, 1), (7, 1), (7, 2), (7, 3), (7, 4), (8, 1)]
2215,3,3,6,2,[(6, 2), (7, 2), (7, 3), (7, 4), (7, 5), (8, 2)]
2216,3,3,6,3,[(6, 3), (7, 3), (7, 4), (7, 5), (7, 6), (8, 3)]
2217,3,3,6,4,[(6, 4), (7, 4), (7, 5), (7, 6), (7, 7), (8, 4)]
2218,3,3,6,5,[(6, 5), (7, 5), (7, 6), (7, 7), (7, 8), (8, 5)]
2219,3,3,6,6,[(6, 6), (7, 6), (7, 7), (7, 8), (7, 9), (8, 6)]
2220,3,3,6,7,[(6, 7), (7, 7), (7, 8), (7, 9), (7, 10), (8, 7)]
2221,3,3,6,8,[(6, 8), (7, 8), (7, 9), (7, 10), (7, 11), (8, 8)]
2222,3,3,6,9,[(6, 9), (7, 9), (7, 10), (7, 11), (7, 12), (8, 9)]
2223,3,3,6,10,[(6, 10), (7, 10), (7, 11), (7, 12), (7, 13), (8, 10)]
2224,3,3,6,11,[(6, 11), (7, 11), (7, 12), (7, 13), (7, 14), (8, 11)]
2225,3,3,7,0,[(7, 0), (8, 0), (8, 1), (8, 2), (8, 3), (9, 0)]
2226,3,3,7,1,[(7, 1), (8, 1), (8, 2), (8, 3), (8, 4), (9, 1)]
2227,3,3,7,2,[(7, 2), (8, 2), (8, 3), (8, 4), (8, 5), (9, 2)]
2228,3,3,7,3,[(7, 3), (8, 3), (8, 4), (8, 5), (8, 6), (9, 3)]
2229,3,3,7,4,[(7, 4), (8, 4), (8, 5), (8, 6), (8, 7), (9, 4)]
2230,3,3,7,5,[(7, 5), (8, 5), (8, 6), (8, 7), (8, 8), (9, 5)]
2231,3,3,7,6,[(7, 6), (8, 6), (8, 7), (8, 8), (8, 9), (9, 6)]
2232,3,3,7,7,[(7, 7), (8, 7), (8, 8), (8, 9), (8, 10), (9, 7)]
2233,3,3,7,8,[(7, 8), (8, 8), (8, 9), (8, 10), (8, 11), (9, 8)]
2234,3,3,7,9,[(7, 9), (8, 9), (8, 10), (8, 11), (8, 12), (9, 9)]
2235,3,3,7,10,[(7, 10), (8, 10), (8, 11), (8, 12), (8, 13), (9, 10)]
2236,3,3,7,11,[(7, 11), (8, 11), (8, 12), (8, 13), (8, 14), (9, 11)]
2237,4,0,0,0,[(0, 1), (1, 1), (1, 2), (2, 0), (2, 1), (3, 0)]
2238,4,0,0,1,[(0, 2), (1, 2), (1, 3), (2, 1), (2, 2), (3, 1)]
2239,4,0,0,2,[(0, 3), (1, 3), (1, 4), (2, 2), (2, 3), (3, 2)]
2240,4,0,0,3,[(0, 4), (1, 4), (1, 5), (2, 3), (2, 4), (3, 3)]
2241,4,0,0,4,[(0, 5), (1, 5), (1, 6), (2, 4), (2, 5), (3, 4)]
2242,4,0,0,5,[(0, 6), (1, 6), (1, 7), (2, 5), (2, 6), (3, 5)]
2243,4,0,0,6,[(0, 7), (1, 7), (1, 8), (2, 6), (2, 7), (3, 6)]
2244,4,0,0,7,[(0, 8), (1, 8), (1, 9), (2, 7), (2, 8), (3, 7)]
2245,4,0,0,8,[(0, 9), (1, 9), (1, 10), (2, 8), (2, 9), (3, 8)]
2246,4,0,0,9,[(0, 10), (1, 10), (1, 11), (2, 9), (2, 10), (3, 9)]
2247,4,0,0,10,[(0, 11), (1, 11), (1, 12), (2, 10), (2, 11), (3, 10)]
2248,4,0,0,11,[(0, 12), (1, 12), (1, 13), (2, 11), (2, 12), (3, 11)]
2249,4,0,0,12,[(0, 13), (1, 13), (1, 14), (2, 12), (2, 13), (3, 12)]
2250,4,0,1,0,[(1, 1), (2, 1), (2, 2), (3, 0), (3, 1), (4, 0)]
2251,4,0,1,1,[(1, 2), (2, 2), (2, 3), (3, 1), (3, 2), (4, 1)]
2252,4,0,1,2,[(1, 3), (2, 3), (2, 4), (3, 2), (3, 3), (4, 2)]
2253,4,0,1,3,[(1, 4), (2, 4), (2, 5), (3, 3), (3, 4), (4, 3)]
2254,4,0,1,4,[(1, 5), (2, 5), (2, 6), (3, 4), (3, 5), (4, 4)]
2255,4,0,1,5,[(1, 6), (2, 6), (2, 7), (3, 5), (3, 6), (4, 5)]
2256,4,0,1,6,[(1, 7), (2, 7), (2, 8), (3, 6), (3, 7), (4, 6)]
2257,4,0,1,7,[(1, 8), (2, 8), (2, 9), (3, 7), (3, 8), (4, 7)]
2258,4,0,1,8,[(1, 9), (2, 9), (2, 10), (3, 8), (3, 9), (4, 8)]
2259,4,0,1,9,[(1, 10), (2, 10), (2, 11), (3, 9), (3, 10), (4, 9)]
2260,4,0,1,10,[(1, 11), (2, 11), (2, 12), (3, 10), (3, 11), (4, 10)]
2261,4,0,1,11,[(1, 12), (2, 12), (2, 13), (3, 11), (3, 12), (4, 11)]
2262,4,0,1,12,[(1, 13), (2, 13), (2, 14), (3, 12), (3, 13), (4, 12)]
2263,4,0,2,0,[(2, 1), (3, 1), (3, 2), (4, 0), (4, 1), (5, 0)]
2264,4,0,2,1,[(2, 2), (3, 2), (3, 3), (4, 1), (4, 2), (5, 1)]
2265,4,0,2,2,[(2, 3), (3, 3), (3, 4), (4, 2), (4, 3), (5, 2)]
2266,4,0,2,3,[(2, 4), (3, 4), (3, 5), (4, 3), (4, 4), (5, 3)]
2267,4,0,2,4,[(2, 5), (3, 5), (3, 6), (4, 4), (4, 5), (5, 4)]
2268,4,0,2,5,[(2, 6), (3, 6), (3, 7), (4, 5), (4, 6), (5, 5)]
2269,4,0,2,6,[(2, 7), (3, 7), (3, 8), (4, 6), (4, 7), (5, 6)]
2270,4,0,2,7,[(2, 8), (3, 8), (3, 9), (4, 7), (4, 8), (5, 7)]
2271,4,0,2,8,[(2, 9), (3, 9), (3, 10), (4, 8), (4, 9), (5, 8)]
2272,4,0,2,9,[(2, 10), (3, 10), (3, 11), (4, 9), (4, 10), (5, 9)]
2273,4,0,2,10,[(2, 11), (3, 11), (3, 12), (4, 10), (4, 11), (5, 10)]
2274,4,0,2,11,[(2, 12), (3, 12), (3, 13), (4, 11), (4, 12), (5, 11)]
2275,4,0,2,12,[(2, 13), (3, 13), (3, 14), (4, 12), (4, 13), (5, 12)]
2276,4,0,3,0,[(3, 1), (4, 1), (4, 2), (5, 0), (5, 1), (6, 0)]
2277,4,0,3,1,[(3, 2), (4, 2), (4, 3), (5, 1), (5, 2), (6, 1)]
2278,4,0,3,2,[(3, 3), (4, 3), (4, 4), (5, 2), (5, 3), (6, 2)]
2279,4,0,3,3,[(3, 4), (4, 4), (4, 5), (5, 3), (5, 4), (6, 3)]
2280,4,0,3,4,[(3, 5), (4, 5), (4, 6), (5, 4), (5, 5), (6, 4)]
2281,4,0,3,5,[(3, 6), (4, 6), (4, 7), (5, 5), (5, 6), (6, 5)]
2282,4,0,3,6,[(3, 7), (4, 7), (4, 8), (5, 6), (5, 7), (6, 6)]
2283,4,0,3,7,[(3, 8), (4, 8), (4, 9), (5, 7), (5, 8), (6, 7)]
2284,4,0,3,8,[(3, 9), (4, 9), (4, 10), (5, 8), (5, 9), (6, 8)]
2285,4,0,3,9,[(3, 10), (4, 10), (4, 11), (5, 9), (5, 10), (6, 9)]
2286,4,0,3,10,[(3, 11), (4, 11), (4, 12), (5, 10), (5, 11), (6, 10)]
2287,4,0,3,11,[(3, 12), (4, 12), (4, 13), (5, 11), (5, 12), (6, 11)]
2288,4,0,3,12,[(3, 13), (4, 13), (4, 14), (5, 12), (5, 13), (6, 12)]
2289,4,0,4,0,[(4, 1), (5, 1), (5, 2), (6, 0), (6, 1), (7, 0)]
2290,4,0,4,1,[(4, 2), (5, 2), (5, 3), (6, 1), (6, 2), (7, 1)]
2291,4,0,4,2,[(4, 3), (5, 3), (5, 4), (6, 2), (6, 3), (7, 2)]
2292,4,0,4,3,[(4, 4), (5, 4), (5, 5), (6, 3), (6, 4), (7, 3)]
2293,4,0,4,4,[(4, 5), (5, 5), (5, 6), (6, 4), (6, 5), (7, 4)]
2294,4,0,4,5,[(4, 6), (5, 6), (5, 7), (6, 5), (6, 6), (7, 5)]
2295,4,0,4,6,[(4, 7), (5, 7), (5, 8), (6, 6), (6, 7), (7, 6)]
2296,4,0,4,7,[(4, 8), (5, 8), (5, 9), (6, 7), (6, 8), (7, 7)]
2297,4,0,4,8,[(4, 9), (5, 9), (5, 10), (6, 8), (6, 9), (7, 8)]
2298,4,0,4,9,[(4, 10), (5, 10), (5, 11), (6, 9), (6, 10), (7, 9)]
2299,4,0,4,10,[(4, 11), (5, 11), (5, 12), (6, 10), (6, 11), (7, 10)]
2300,4,0,4,11,[(4, 12), (5, 12), (5, 13), (6, 11), (6, 12), (7, 11)]
2301,4,0,4,12,[(4, 13), (5, 13), (5, 14), (6, 12), (6, 13), (7, 12)]
2302,4,0,5,0,[(5, 1), (6, 1), (6, 2), (7, 0), (7, 1), (8, 0)]
2303,4,0,5,1,[(5, 2), (6, 2), (6, 3), (7, 1), (7, 2), (8, 1)]
2304,4,0,5,2,[(5, 3), (6, 3), (6, 4), (7, 2), (7, 3), (8, 2)]
2305,4,0,5,3,[(5, 4), (6, 4), (6, 5), (7, 3), (7, 4), (8, 3)]
2306,4,0,5,4,[(5, 5), (6, 5), (6, 6), (7, 4), (7, 5), (8, 4)]
2307,4,0,5,5,[(5, 6), (6, 6), (6, 7), (7, 5), (7, 6), (8, 5)]
2308,4,0,5,6,[(5, 7), (6, 7), (6, 8), (7, 6), (7, 7), (8, 6)]
2309,4,0,5,7,[(5, 8), (6, 8), (6, 9), (7, 7), (7, 8), (8, 7)]
2310,4,0,5,8,[(5, 9), (6, 9), (6, 10), (7, 8), (7, 9), (8, 8)]
2311,4,0,5,9,[(5, 10), (6, 10), (6, 11), (7, 9), (7, 10), (8, 9)]
2312,4,0,5,10,[(5, 11), (6, 11), (6, 12), (7, 10), (7, 11), (8, 10)]
2313,4,0,5,11,[(5, 12), (6, 12), (6, 13), (7, 11), (7, 12), (8, 11)]
2314,4,0,5,12,[(5, 13), (6, 13), (6, 14), (7, 12), (7, 13), (8, 12)]
2315,4,0,6,0,[(6, 1), (7, 1), (7, 2), (8, 0), (8, 1), (9, 0)]
2316,4,0,6,1,[(6, 2), (7, 2), (7, 3), (8, 1), (8, 2), (9, 1)]
2317,4,0,6,2,[(6, 3), (7, 3), (7, 4), (8, 2), (8, 3), (9, 2)]
2318,4,0,6,3,[(6, 4), (7, 4), (7, 5), (8, 3), (8, 4), (9, 3)]
2319,4,0,6,4,[(6, 5), (7, 5), (7, 6), (8, 4), (8, 5), (9, 4)]
2320,4,0,6,5,[(6, 6), (7, 6), (7, 7), (8, 5), (8, 6), (9, 5)]
2321,4,0,6,6,[(6, 7), (7, 7), (7, 8), (8, 6), (8, 7), (9, 6)]
2322,4,0,6,7,[(6, 8), (7, 8), (7, 9), (8, 7), (8, 8), (9, 7)]
2323,4,0,6,8,[(6, 9), (7, 9), (7, 10), (8, 8), (8, 9), (9, 8)]
2324,4,0,6,9,[(6, 10), (7, 10), (7, 11), (8, 9), (8, 10), (9, 9)]
2325,4,0,6,10,[(6, 11), (7, 11), (7, 12), (8, 10), (8, 11), (9, 10)]
2326,4,0,6,11,[(6, 12), (7, 12), (7, 13), (8, 11), (8, 12), (9, 11)]
2327,4,0,6,12,[(6, 13), (7, 13), (7, 14), (8, 12), (8, 13), (9, 12)]
2328,4,1,0,0,[(0, 1), (1, 0), (1, 1), (2, 1), (2, 2), (3, 2)]
2329,4,1,0,1,[(0, 2), (1, 1), (1, 2), (2, 2), (2, 3), (3, 3)]
2330,4,1,0,2,[(0, 3), (1, 2), (1, 3), (2, 3), (2, 4), (3, 4)]
2331,4,1,0,3,[(0, 4), (1, 3), (1, 4), (2, 4), (2, 5), (3, 5)]
2332,4,1,0,4,[(0, 5), (1, 4), (1, 5), (2, 5), (2, 6), (3, 6)]
2333,4,1,0,5,[(0, 6), (1, 5), (1, 6), (2, 6), (2, 7), (3, 7)]
2334,4,1,0,6,[(0, 7), (1, 6), (1, 7), (2, 7), (2, 8), (3, 8)]
2335,4,1,0,7,[(0, 8), (1, 7), (1, 8), (2, 8), (2, 9), (3, 9)]
2336,4,1,0,8,[(0, 9), (1, 8), (1, 9), (2, 9), (2, 10), (3, 10)]
2337,4,1,0,9,[(0, 10), (1, 9), (1, 10), (2, 10), (2, 11), (3, 11)]
2338,4,1,0,10,[(0, 11), (1, 10), (1, 11), (2, 11), (2, 12), (3, 12)]
2339,4,1,0,11,[(0, 12), (1, 11), (1, 12), (2, 12), (2, 13), (3, 13)]
2340,4,1,0,12,[(0, 13), (1, 12), (1, 13), (2, 13), (2, 14), (3, 14)]
2341,4,1,1,0,[(1, 1), (2, 0), (2, 1), (3, 1), (3, 2), (4, 2)]
2342,4,1,1,1,[(1, 2), (2, 1), (2, 2), (3, 2), (3, 3), (4, 3)]
2343,4,1,1,2,[(1, 3), (2, 2), (2, 3), (3, 3), (3, 4), (4, 4)]
2344,4,1,1,3,[(1, 4), (2, 3), (2, 4), (3, 4), (3, 5), (4, 5)]
2345,4,1,1,4,[(1, 5), (2, 4), (2, 5), (3, 5), (3, 6), (4, 6)]
2346,4,1,1,5,[(1, 6), (2, 5), (2, 6), (3, 6), (3, 7), (4, 7)]
2347,4,1,1,6,[(1, 7), (2, 6), (2, 7), (3, 7), (3, 8), (4, 8)]
2348,4,1,1,7,[(1, 8), (2, 7), (2, 8), (3, 8), (3, 9), (4, 9)]
2349,4,1,1,8,[(1, 9), (2, 8), (2, 9), (3, 9), (3, 10), (4, 10)]
2350,4,1,1,9,[(1, 10), (2, 9), (2, 10), (3, 10), (3, 11), (4, 11)]
2351,4,1,1,10,[(1, 11), (2, 10), (2, 11), (3, 11), (3, 12), (4, 12)]
2352,4,1,1,11,[(1, 12), (2, 11), (2, 12), (3, 12), (3, 13), (4, 13)]
2353,4,1,1,12,[(1, 13), (2, 12), (2, 13), (3, 13), (3, 14), (4, 14)]
2354,4,1,2,0,[(2, 1), (3, 0), (3, 1), (4, 1), (4, 2), (5, 2)]
2355,4,1,2,1,[(2, 2), (3, 1), (3, 2), (4, 2), (4, 3), (5, 3)]
2356,4,1,2,2,[(2, 3), (3, 2), (3, 3), (4, 3), (4, 4), (5, 4)]
2357,4,1,2,3,[(2, 4), (3, 3), (3, 4), (4, 4), (4, 5), (5, 5)]
2358,4,1,2,4,[(2, 5), (3, 4), (3, 5), (4, 5), (4, 6), (5, 6)]
2359,4,1,2,5,[(2, 6), (3, 5), (3, 6), (4, 6), (4, 7), (5, 7)]
2360,4,1,2,6,[(2, 7), (3, 6), (3, 7), (4, 7), (4, 8), (5, 8)]
2361,4,1,2,7,[(2, 8), (3, 7), (3, 8), (4, 8), (4, 9), (5, 9)]
2362,4,1,2,8,[(2, 9), (3, 8), (3, 9), (4, 9), (4, 10), (5, 10)]
2363,4,1,2,9,[(2, 10), (3, 9), (3, 10), (4, 10), (4, 11), (5, 11)]
2364,4,1,2,10,[(2, 11), (3, 10), (3, 11), (4, 11), (4, 12), (5, 12)]
2365,4,1,2,11,[(2, 12), (3, 11), (3, 12), (4, 12), (4, 13), (5, 13)]
2366,4,1,2,12,[(2, 13), (3, 12), (3, 13), (4, 13), (4, 14), (5, 14)]
2367,4,1,3,0,[(3, 1), (4, 0), (4, 1), (5, 1), (5, 2), (6, 2)]
2368,4,1,3,1,[(3, 2), (4, 1), (4, 2), (5, 2), (5, 3), (6, 3)]
2369,4,1,3,2,[(3, 3), (4, 2), (4, 3), (5, 3), (5, 4), (6, 4)]
2370,4,1,3,3,[(3, 4), (4, 3), (4, 4), (5, 4), (5, 5), (6, 5)]
2371,4,1,3,4,[(3, 5), (4, 4), (4, 5), (5, 5), (5, 6), (6, 6)]
2372,4,1,3,5,[(3, 6), (4, 5), (4, 6), (5, 6), (5, 7), (6, 7)]
2373,4,1,3,6,[(3, 7), (4, 6), (4, 7), (5, 7), (5, 8), (6, 8)]
2374,4,1,3,7,[(3, 8), (4, 7), (4, 8), (5, 8), (5, 9), (6, 9)]
2375,4,1,3,8,[(3, 9), (4, 8), (4, 9), (5, 9), (5, 10), (6, 10)]
2376,4,1,3,9,[(3, 10), (4, 9), (4, 10), (5, 10), (5, 11), (6, 11)]
2377,4,1,3,10,[(3, 11), (4, 10), (4, 11), (5, 11), (5, 12), (6, 12)]
2378,4,1,3,11,[(3, 12), (4, 11), (4, 12), (5, 12), (5, 13), (6, 13)]
2379,4,1,3,12,[(3, 13), (4, 12), (4, 13), (5, 13), (5, 14), (6, 14)]
2380,4,1,4,0,[(4, 1), (5, 0), (5, 1), (6, 1), (6, 2), (7, 2)]
2381,4,1,4,1,[(4, 2), (5, 1), (5, 2), (6, 2), (6, 3), (7, 3)]
2382,4,1,4,2,[(4, 3), (5, 2), (5, 3), (6, 3), (6, 4), (7, 4)]
2383,4,1,4,3,[(4, 4), (5, 3), (5, 4), (6, 4), (6, 5), (7, 5)]
2384,4,1,4,4,[(4, 5), (5, 4), (5, 5), (6, 5), (6, 6), (7, 6)]
2385,4,1,4,5,[(4, 6), (5, 5), (5, 6), (6, 6), (6, 7), (7, 7)]
2386,4,1,4,6,[(4, 7), (5, 6), (5, 7), (6, 7), (6, 8), (7, 8)]
2387,4,1,4,7,[(4, 8), (5, 7), (5, 8), (6, 8), (6, 9), (7, 9)]
2388,4,1,4,8,[(4, 9), (5, 8), (5, 9), (6, 9), (6, 10), (7, 10)]
2389,4,1,4,9,[(4, 10), (5, 9), (5, 10), (6, 10), (6, 11), (7, 11)]
2390,4,1,4,10,[(4, 11), (5, 10), (5, 11), (6, 11), (6, 12), (7, 12)]
2391,4,1,4,11,[(4, 12), (5, 11), (5, 12), (6, 12), (6, 13), (7, 13)]
2392,4,1,4,12,[(4, 13), (5, 12), (5, 13), (6, 13), (6, 14), (7, 14)]
2393,4,1,5,0,[(5, 1), (6, 0), (6, 1), (7, 1), (7, 2), (8, 2)]
2394,4,1,5,1,[(5, 2), (6, 1), (6, 2), (7, 2), (7, 3), (8, 3)]
2395,4,1,5,2,[(5, 3), (6, 2), (6, 3), (7, 3), (7, 4), (8, 4)]
2396,4,1,5,3,[(5, 4), (6, 3), (6, 4), (7, 4), (7, 5), (8, 5)]
2397,4,1,5,4,[(5, 5), (6, 4), (6, 5), (7, 5), (7, 6), (8, 6)]
2398,4,1,5,5,[(5, 6), (6, 5), (6, 6), (7, 6), (7, 7), (8, 7)]
2399,4,1,5,6,[(5, 7), (6, 6), (6, 7), (7, 7), (7, 8), (8, 8)]
2400,4,1,5,7,[(5, 8), (6, 7), (6, 8), (7, 8), (7, 9), (8, 9)]
2401,4,1,5,8,[(5, 9), (6, 8), (6, 9), (7, 9), (7, 10), (8, 10)]
2402,4,1,5,9,[(5, 10), (6, 9), (6, 10), (7, 10), (7, 11), (8, 11)]
2403,4,1,5,10,[(5, 11), (6, 10), (6, 11), (7, 11), (7, 12), (8, 12)]
2404,4,1,5,11,[(5, 12), (6, 11), (6, 12), (7, 12), (7, 13), (8, 13)]
2405,4,1,5,12,[(5, 13), (6, 12), (6, 13), (7, 13), (7, 14), (8, 14)]
2406,4,1,6,0,[(6, 1), (7, 0), (7, 1), (8, 1), (8, 2), (9, 2)]
2407,4,1,6,1,[(6, 2), (7, 1), (7, 2), (8, 2), (8, 3), (9, 3)]
2408,4,1,6,2,[(6, 3), (7, 2), (7, 3), (8, 3), (8, 4), (9, 4)]
2409,4,1,6,3,[(6, 4), (7, 3), (7, 4), (8, 4), (8, 5), (9, 5)]
2410,4,1,6,4,[(6, 5), (7, 4), (7, 5), (8, 5), (8, 6), (9, 6)]
2411,4,1,6,5,[(6, 6), (7, 5), (7, 6), (8, 6), (8, 7), (9, 7)]
2412,4,1,6,6,[(6, 7), (7, 6), (7, 7), (8, 7), (8, 8), (9, 8)]
2413,4,1,6,7,[(6, 8), (7, 7), (7, 8), (8, 8), (8, 9), (9, 9)]
2414,4,1,6,8,[(6, 9), (7, 8), (7, 9), (8, 9), (8, 10), (9, 10)]
2415,4,1,6,9,[(6, 10), (7, 9), (7, 10), (8, 10), (8, 11), (9, 11)]
2416,4,1,6,10,[(6, 11), (7, 10), (7, 11), (8, 11), (8, 12), (9, 12)]
2417,4,1,6,11,[(6, 12), (7, 11), (7, 12), (8, 12), (8, 13), (9, 13)]
2418,4,1,6,12,[(6, 13), (7, 12), (7, 13), (8, 13), (8, 14), (9, 14)]
2419,4,2,0,0,[(0, 0), (1, 0), (1, 1), (2, 1), (2, 2), (3, 1)]
2420,4,2,0,1,[(0, 1), (1, 1), (1, 2), (2, 2), (2, 3), (3, 2)]
2421,4,2,0,2,[(0, 2), (1, 2), (1, 3), (2, 3), (2, 4), (3, 3)]
2422,4,2,0,3,[(0, 3), (1, 3), (1, 4), (2, 4), (2, 5), (3, 4)]
2423,4,2,0,4,[(0, 4), (1, 4), (1, 5), (2, 5), (2, 6), (3, 5)]
2424,4,2,0,5,[(0, 5), (1, 5), (1, 6), (2, 6), (2, 7), (3, 6)]
2425,4,2,0,6,[(0, 6), (1, 6), (1, 7), (2, 7), (2, 8), (3, 7)]
2426,4,2,0,7,[(0, 7), (1, 7), (1, 8), (2, 8), (2, 9), (3, 8)]
2427,4,2,0,8,[(0, 8), (1, 8), (1, 9), (2, 9), (2, 10), (3, 9)]
2428,4,2,0,9,[(0, 9), (1, 9), (1, 10), (2, 10), (2, 11), (3, 10)]
2429,4,2,0,10,[(0, 10), (1, 10), (1, 11), (2, 11), (2, 12), (3, 11)]
2430,4,2,0,11,[(0, 11), (1, 11), (1, 12), (2, 12), (2, 13), (3, 12)]
2431,4,2,0,12,[(0, 12), (1, 12), (1, 13), (2, 13), (2, 14), (3, 13)]
2432,4,2,1,0,[(1, 0), (2, 0), (2, 1), (3, 1), (3, 2), (4, 1)]
2433,4,2,1,1,[(1, 1), (2, 1), (2, 2), (3, 2), (3, 3), (4, 2)]
2434,4,2,1,2,[(1, 2), (2, 2), (2, 3), (3, 3), (3, 4), (4, 3)]
2435,4,2,1,3,[(1, 3), (2, 3), (2, 4), (3, 4), (3, 5), (4, 4)]
2436,4,2,1,4,[(1, 4), (2, 4), (2, 5), (3, 5), (3, 6), (4, 5)]
2437,4,2,1,5,[(1, 5), (2, 5), (2, 6), (3, 6), (3, 7), (4, 6)]
2438,4,2,1,6,[(1, 6), (2, 6), (2, 7), (3, 7), (3, 8), (4, 7)]
2439,4,2,1,7,[(1, 7), (2, 7), (2, 8), (3, 8), (3, 9), (4, 8)]
2440,4,2,1,8,[(1, 8), (2, 8), (2, 9), (3, 9), (3, 10), (4, 9)]
2441,4,2,1,9,[(1, 9), (2, 9), (2, 10), (3, 10), (3, 11), (4, 10)]
2442,4,2,1,10,[(1, 10), (2, 10), (2, 11), (3, 11), (3, 12), (4, 11)]
2443,4,2,1,11,[(1, 11), (2, 11), (2, 12), (3, 12), (3, 13), (4, 12)]
2444,4,2,1,12,[(1, 12), (2, 12), (2, 13), (3, 13), (3, 14), (4, 13)]
2445,4,2,2,0,[(2, 0), (3, 0), (3, 1), (4, 1), (4, 2), (5, 1)]
2446,4,2,2,1,[(2, 1), (3, 1), (3, 2), (4, 2), (4, 3), (5, 2)]
2447,4,2,2,2,[(2, 2), (3, 2), (3, 3), (4, 3), (4, 4), (5, 3)]
2448,4,2,2,3,[(2, 3), (3, 3), (3, 4), (4, 4), (4, 5), (5, 4)]
2449,4,2,2,4,[(2, 4), (3, 4), (3, 5), (4, 5), (4, 6), (5, 5)]
2450,4,2,2,5,[(2, 5), (3, 5), (3, 6), (4, 6), (4, 7), (5, 6)]
2451,4,2,2,6,[(2, 6), (3, 6), (3, 7), (4, 7), (4, 8), (5, 7)]
2452,4,2,2,7,[(2, 7), (3, 7), (3, 8), (4, 8), (4, 9), (5, 8)]
2453,4,2,2,8,[(2, 8), (3, 8), (3, 9), (4, 9), (4, 10), (5, 9)]
2454,4,2,2,9,[(2, 9), (3, 9), (3, 10), (4, 10), (4, 11), (5, 10)]
2455,4,2,2,10,[(2, 10), (3, 10), (3, 11), (4, 11), (4, 12), (5, 11)]
2456,4,2,2,11,[(2, 11), (3, 11), (3, 12), (4, 12), (4, 13), (5, 12)]
2457,4,2,2,12,[(2, 12), (3, 12), (3, 13), (4, 13), (4, 14), (5, 13)]
2458,4,2,3,0,[(3, 0), (4, 0), (4, 1), (5, 1), (5, 2), (6, 1)]
2459,4,2,3,1,[(3, 1), (4, 1), (4, 2), (5, 2), (5, 3), (6, 2)]
2460,4,2,3,2,[(3, 2), (4, 2), (4, 3), (5, 3), (5, 4), (6, 3)]
2461,4,2,3,3,[(3, 3), (4, 3), (4, 4), (5, 4), (5, 5), (6, 4)]
2462,4,2,3,4,[(3, 4), (4, 4), (4, 5), (5, 5), (5, 6), (6, 5)]
2463,4,2,3,5,[(3, 5), (4, 5), (4, 6), (5, 6), (5, 7), (6, 6)]
2464,4,2,3,6,[(3, 6), (4, 6), (4, 7), (5, 7), (5, 8), (6, 7)]
2465,4,2,3,7,[(3, 7), (4, 7), (4, 8), (5, 8), (5, 9), (6, 8)]
2466,4,2,3,8,[(3, 8), (4, 8), (4, 9), (5, 9), (5, 10), (6, 9)]
2467,4,2,3,9,[(3, 9), (4, 9), (4, 10), (5, 10), (5, 11), (6, 10)]
2468,4,2,3,10,[(3, 10), (4, 10), (4, 11), (5, 11), (5, 12), (6, 11)]
2469,4,2,3,11,[(3, 11), (4, 11), (4, 12), (5, 12), (5, 13), (6, 12)]
2470,4,2,3,12,[(3, 12), (4, 12), (4, 13), (5, 13), (5, 14), (6, 13)]
2471,4,2,4,0,[(4, 0), (5, 0), (5, 1), (6, 1), (6, 2), (7, 1)]
2472,4,2,4,1,[(4, 1), (5, 1), (5, 2), (6, 2), (6, 3), (7, 2)]
2473,4,2,4,2,[(4, 2), (5, 2), (5, 3), (6, 3), (6, 4), (7, 3)]
2474,4,2,4,3,[(4, 3), (5, 3), (5, 4), (6, 4), (6, 5), (7, 4)]
2475,4,2,4,4,[(4, 4), (5, 4), (5, 5), (6, 5), (6, 6), (7, 5)]
2476,4,2,4,5,[(4, 5), (5, 5), (5, 6), (6, 6), (6, 7), (7, 6)]
2477,4,2,4,6,[(4, 6), (5, 6), (5, 7), (6, 7), (6, 8), (7, 7)]
2478,4,2,4,7,[(4, 7), (5, 7), (5, 8), (6, 8), (6, 9), (7, 8)]
2479,4,2,4,8,[(4, 8), (5, 8), (5, 9), (6, 9), (6, 10), (7, 9)]
2480,4,2,4,9,[(4, 9), (5, 9), (5, 10), (6, 10), (6, 11), (7, 10)]
2481,4,2,4,10,[(4, 10), (5, 10), (5, 11), (6, 11), (6, 12), (7, 11)]
2482,4,2,4,11,[(4, 11), (5, 11), (5, 12), (6, 12), (6, 13), (7, 12)]
2483,4,2,4,12,[(4, 12), (5, 12), (5, 13), (6, 13), (6, 14), (7, 13)]
2484,4,2,5,0,[(5, 0), (6, 0), (6, 1), (7, 1), (7, 2), (8, 1)]
2485,4,2,5,1,[(5, 1), (6, 1), (6, 2), (7, 2), (7, 3), (8, 2)]
2486,4,2,5,2,[(5, 2), (6, 2), (6, 3), (7, 3), (7, 4), (8, 3)]
2487,4,2,5,3,[(5, 3), (6, 3), (6, 4), (7, 4), (7, 5), (8, 4)]
2488,4,2,5,4,[(5, 4), (6, 4), (6, 5), (7, 5), (7, 6), (8, 5)]
2489,4,2,5,5,[(5, 5), (6, 5), (6, 6), (7, 6), (7, 7), (8, 6)]
2490,4,2,5,6,[(5, 6), (6, 6), (6, 7), (7, 7), (7, 8), (8, 7)]
2491,4,2,5,7,[(5, 7), (6, 7), (6, 8), (7, 8), (7, 9), (8, 8)]
2492,4,2,5,8,[(5, 8), (6, 8), (6, 9), (7, 9), (7, 10), (8, 9)]
2493,4,2,5,9,[(5, 9), (6, 9), (6, 10), (7, 10), (7, 11), (8, 10)]
2494,4,2,5,10,[(5, 10), (6, 10), (6, 11), (7, 11), (7, 12), (8, 11)]
2495,4,2,5,11,[(5, 11), (6, 11), (6, 12), (7, 12), (7, 13), (8, 12)]
2496,4,2,5,12,[(5, 12), (6, 12), (6, 13), (7, 13), (7, 14), (8, 13)]
2497,4,2,6,0,[(6, 0), (7, 0), (7, 1), (8, 1), (8, 2), (9, 1)]
2498,4,2,6,1,[(6, 1), (7, 1), (7, 2), (8, 2), (8, 3), (9, 2)]
2499,4,2,6,2,[(6, 2), (7, 2), (7, 3), (8, 3), (8, 4), (9, 3)]
2500,4,2,6,3,[(6, 3), (7, 3), (7, 4), (8, 4), (8, 5), (9, 4)]
2501,4,2,6,4,[(6, 4), (7, 4), (7, 5), (8, 5), (8, 6), (9, 5)]
2502,4,2,6,5,[(6, 5), (7, 5), (7, 6), (8, 6), (8, 7), (9, 6)]
2503,4,2,6,6,[(6, 6), (7, 6), (7, 7), (8, 7), (8, 8), (9, 7)]
2504,4,2,6,7,[(6, 7), (7, 7), (7, 8), (8, 8), (8, 9), (9, 8)]
2505,4,2,6,8,[(6, 8), (7, 8), (7, 9), (8, 9), (8, 10), (9, 9)]
2506,4,2,6,9,[(6, 9), (7, 9), (7, 10), (8, 10), (8, 11), (9, 10)]
2507,4,2,6,10,[(6, 10), (7, 10), (7, 11), (8, 11), (8, 12), (9, 11)]
2508,4,2,6,11,[(6, 11), (7, 11), (7, 12), (8, 12), (8, 13), (9, 12)]
2509,4,2,6,12,[(6, 12), (7, 12), (7, 13), (8, 13), (8, 14), (9, 13)]
2510,4,3,0,0,[(0, 0), (0, 1), (1, 1), (1, 2), (1, 3), (2, 2)]
2511,4,3,0,1,[(0, 1), (0, 2), (1, 2), (1, 3), (1, 4), (2, 3)]
2512,4,3,0,2,[(0, 2), (0, 3), (1, 3), (1, 4), (1, 5), (2, 4)]
2513,4,3,0,3,[(0, 3), (0, 4), (1, 4), (1, 5), (1, 6), (2, 5)]
2514,4,3,0,4,[(0, 4), (0, 5), (1, 5), (1, 6), (1, 7), (2, 6)]
2515,4,3,0,5,[(0, 5), (0, 6), (1, 6), (1, 7), (1, 8), (2, 7)]
2516,4,3,0,6,[(0, 6), (0, 7), (1, 7), (1, 8), (1, 9), (2, 8)]
2517,4,3,0,7,[(0, 7), (0, 8), (1, 8), (1, 9), (1, 10), (2, 9)]
2518,4,3,0,8,[(0, 8), (0, 9), (1, 9), (1, 10), (1, 11), (2, 10)]
2519,4,3,0,9,[(0, 9), (0, 10), (1, 10), (1, 11), (1, 12), (2, 11)]
2520,4,3,0,10,[(0, 10), (0, 11), (1, 11), (1, 12), (1, 13), (2, 12)]
2521,4,3,0,11,[(0, 11), (0, 12), (1, 12), (1, 13), (1, 14), (2, 13)]
2522,4,3,1,0,[(1, 0), (1, 1), (2, 1), (2, 2), (2, 3), (3, 2)]
2523,4,3,1,1,[(1, 1), (1, 2), (2, 2), (2, 3), (2, 4), (3, 3)]
2524,4,3,1,2,[(1, 2), (1, 3), (2, 3), (2, 4), (2, 5), (3, 4)]
2525,4,3,1,3,[(1, 3), (1, 4), (2, 4), (2, 5), (2, 6), (3, 5)]
2526,4,3,1,4,[(1, 4), (1, 5), (2, 5), (2, 6), (2, 7), (3, 6)]
2527,4,3,1,5,[(1, 5), (1, 6), (2, 6), (2, 7), (2, 8), (3, 7)]
2528,4,3,1,6,[(1, 6), (1, 7), (2, 7), (2, 8), (2, 9), (3, 8)]
2529,4,3,1,7,[(1, 7), (1, 8), (2, 8), (2, 9), (2, 10), (3, 9)]
2530,4,3,1,8,[(1, 8), (1, 9), (2, 9), (2, 10), (2, 11), (3, 10)]
2531,4,3,1,9,[(1, 9), (1, 10), (2, 10), (2, 11), (2, 12), (3, 11)]
2532,4,3,1,10,[(1, 10), (1, 11), (2, 11), (2, 12), (2, 13), (3, 12)]
2533,4,3,1,11,[(1, 11), (1, 12), (2, 12), (2, 13), (2, 14), (3, 13)]
2534,4,3,2,0,[(2, 0), (2, 1), (3, 1), (3, 2), (3, 3), (4, 2)]
2535,4,3,2,1,[(2, 1), (2, 2), (3, 2), (3, 3), (3, 4), (4, 3)]
2536,4,3,2,2,[(2, 2), (2, 3), (3, 3), (3, 4), (3, 5), (4, 4)]
2537,4,3,2,3,[(2, 3), (2, 4), (3, 4), (3, 5), (3, 6), (4, 5)]
2538,4,3,2,4,[(2, 4), (2, 5), (3, 5), (3, 6), (3, 7), (4, 6)]
2539,4,3,2,5,[(2, 5), (2, 6), (3, 6), (3, 7), (3, 8), (4, 7)]
2540,4,3,2,6,[(2, 6), (2, 7), (3, 7), (3, 8), (3, 9), (4, 8)]
2541,4,3,2,7,[(2, 7), (2, 8), (3, 8), (3, 9), (3, 10), (4, 9)]
2542,4,3,2,8,[(2, 8), (2, 9), (3, 9), (3, 10), (3, 11), (4, 10)]
2543,4,3,2,9,[(2, 9), (2, 10), (3, 10), (3, 11), (3, 12), (4, 11)]
2544,4,3,2,10,[(2, 10), (2, 11), (3, 11), (3, 12), (3, 13), (4, 12)]
2545,4,3,2,11,[(2, 11), (2, 12), (3, 12), (3, 13), (3, 14), (4, 13)]
2546,4,3,3,0,[(3, 0), (3, 1), (4, 1), (4, 2), (4, 3), (5, 2)]
2547,4,3,3,1,[(3, 1), (3, 2), (4, 2), (4, 3), (4, 4), (5, 3)]
2548,4,3,3,2,[(3, 2), (3, 3), (4, 3), (4, 4), (4, 5), (5, 4)]
2549,4,3,3,3,[(3, 3), (3, 4), (4, 4), (4, 5), (4, 6), (5, 5)]
2550,4,3,3,4,[(3, 4), (3, 5), (4, 5), (4, 6), (4, 7), (5, 6)]
2551,4,3,3,5,[(3, 5), (3, 6), (4, 6), (4, 7), (4, 8), (5, 7)]
2552,4,3,3,6,[(3, 6), (3, 7), (4, 7), (4, 8), (4, 9), (5, 8)]
2553,4,3,3,7,[(3, 7), (3, 8), (4, 8), (4, 9), (4, 10), (5, 9)]
2554,4,3,3,8,[(3, 8), (3, 9), (4, 9), (4, 10), (4, 11), (5, 10)]
2555,4,3,3,9,[(3, 9), (3, 10), (4, 10), (4, 11), (4, 12), (5, 11)]
2556,4,3,3,10,[(3, 10), (3, 11), (4, 11), (4, 12), (4, 13), (5, 12)]
2557,4,3,3,11,[(3, 11), (3, 12), (4, 12), (4, 13), (4, 14), (5, 13)]
2558,4,3,4,0,[(4, 0), (4, 1), (5, 1), (5, 2), (5, 3), (6, 2)]
2559,4,3,4,1,[(4, 1), (4, 2), (5, 2), (5, 3), (5, 4), (6, 3)]
2560,4,3,4,2,[(4, 2), (4, 3), (5, 3), (5, 4), (5, 5), (6, 4)]
2561,4,3,4,3,[(4, 3), (4, 4), (5, 4), (5, 5), (5, 6), (6, 5)]
2562,4,3,4,4,[(4, 4), (4, 5), (5, 5), (5, 6), (5, 7), (6, 6)]
2563,4,3,4,5,[(4, 5), (4, 6), (5, 6), (5, 7), (5, 8), (6, 7)]
2564,4,3,4,6,[(4, 6), (4, 7), (5, 7), (5, 8), (5, 9), (6, 8)]
2565,4,3,4,7,[(4, 7), (4, 8), (5, 8), (5, 9), (5, 10), (6, 9)]
2566,4,3,4,8,[(4, 8), (4, 9), (5, 9), (5, 10), (5, 11), (6, 10)]
2567,4,3,4,9,[(4, 9), (4, 10), (5, 10), (5, 11), (5, 12), (6, 11)]
2568,4,3,4,10,[(4, 10), (4, 11), (5, 11), (5, 12), (5, 13), (6, 12)]
2569,4,3,4,11,[(4, 11), (4, 12), (5, 12), (5, 13), (5, 14), (6, 13)]
2570,4,3,5,0,[(5, 0), (5, 1), (6, 1), (6, 2), (6, 3), (7, 2)]
2571,4,3,5,1,[(5, 1), (5, 2), (6, 2), (6, 3), (6, 4), (7, 3)]
2572,4,3,5,2,[(5, 2), (5, 3), (6, 3), (6, 4), (6, 5), (7, 4)]
2573,4,3,5,3,[(5, 3), (5, 4), (6, 4), (6, 5), (6, 6), (7, 5)]
2574,4,3,5,4,[(5, 4), (5, 5), (6, 5), (6, 6), (6, 7), (7, 6)]
2575,4,3,5,5,[(5, 5), (5, 6), (6, 6), (6, 7), (6, 8), (7, 7)]
2576,4,3,5,6,[(5, 6), (5, 7), (6, 7), (6, 8), (6, 9), (7, 8)]
2577,4,3,5,7,[(5, 7), (5, 8), (6, 8), (6, 9), (6, 10), (7, 9)]
2578,4,3,5,8,[(5, 8), (5, 9), (6, 9), (6, 10), (6, 11), (7, 10)]
2579,4,3,5,9,[(5, 9), (5, 10), (6, 10), (6, 11), (6, 12), (7, 11)]
2580,4,3,5,10,[(5, 10), (5, 11), (6, 11), (6, 12), (6, 13), (7, 12)]
2581,4,3,5,11,[(5, 11), (5, 12), (6, 12), (6, 13), (6, 14), (7, 13)]
2582,4,3,6,0,[(6, 0), (6, 1), (7, 1), (7, 2), (7, 3), (8, 2)]
2583,4,3,6,1,[(6, 1), (6, 2), (7, 2), (7, 3), (7, 4), (8, 3)]
2584,4,3,6,2,[(6, 2), (6, 3), (7, 3), (7, 4), (7, 5), (8, 4)]
2585,4,3,6,3,[(6, 3), (6, 4), (7, 4), (7, 5), (7, 6), (8, 5)]
2586,4,3,6,4,[(6, 4), (6, 5), (7, 5), (7, 6), (7, 7), (8, 6)]
2587,4,3,6,5,[(6, 5), (6, 6), (7, 6), (7, 7), (7, 8), (8, 7)]
2588,4,3,6,6,[(6, 6), (6, 7), (7, 7), (7, 8), (7, 9), (8, 8)]
2589,4,3,6,7,[(6, 7), (6, 8), (7, 8), (7, 9), (7, 10), (8, 9)]
2590,4,3,6,8,[(6, 8), (6, 9), (7, 9), (7, 10), (7, 11), (8, 10)]
2591,4,3,6,9,[(6, 9), (6, 10), (7, 10), (7, 11), (7, 12), (8, 11)]
2592,4,3,6,10,[(6, 10), (6, 11), (7, 11), (7, 12), (7, 13), (8, 12)]
2593,4,3,6,11,[(6, 11), (6, 12), (7, 12), (7, 13), (7, 14), (8, 13)]
2594,4,3,7,0,[(7, 0), (7, 1), (8, 1), (8, 2), (8, 3), (9, 2)]
2595,4,3,7,1,[(7, 1), (7, 2), (8, 2), (8, 3), (8, 4), (9, 3)]
2596,4,3,7,2,[(7, 2), (7, 3), (8, 3), (8, 4), (8, 5), (9, 4)]
2597,4,3,7,3,[(7, 3), (7, 4), (8, 4), (8, 5), (8, 6), (9, 5)]
2598,4,3,7,4,[(7, 4), (7, 5), (8, 5), (8, 6), (8, 7), (9, 6)]
2599,4,3,7,5,[(7, 5), (7, 6), (8, 6), (8, 7), (8, 8), (9, 7)]
2600,4,3,7,6,[(7, 6), (7, 7), (8, 7), (8, 8), (8, 9), (9, 8)]
2601,4,3,7,7,[(7, 7), (7, 8), (8, 8), (8, 9), (8, 10), (9, 9)]
2602,4,3,7,8,[(7, 8), (7, 9), (8, 9), (8, 10), (8, 11), (9, 10)]
2603,4,3,7,9,[(7, 9), (7, 10), (8, 10), (8, 11), (8, 12), (9, 11)]
2604,4,3,7,10,[(7, 10), (7, 11), (8, 11), (8, 12), (8, 13), (9, 12)]
2605,4,3,7,11,[(7, 11), (7, 12), (8, 12), (8, 13), (8, 14), (9, 13)]
2606,4,4,0,0,[(0, 2), (0, 3), (1, 0), (1, 1), (1, 2), (2, 1)]
2607,4,4,0,1,[(0, 3), (0, 4), (1, 1), (1, 2), (1, 3), (2, 2)]
2608,4,4,0,2,[(0, 4), (0, 5), (1, 2), (1, 3), (1, 4), (2, 3)]
2609,4,4,0,3,[(0, 5), (0, 6), (1, 3), (1, 4), (1, 5), (2, 4)]
2610,4,4,0,4,[(0, 6), (0, 7), (1, 4), (1, 5), (1, 6), (2, 5)]
2611,4,4,0,5,[(0, 7), (0, 8), (1, 5), (1, 6), (1, 7), (2, 6)]
2612,4,4,0,6,[(0, 8), (0, 9), (1, 6), (1, 7), (1, 8), (2, 7)]
2613,4,4,0,7,[(0, 9), (0, 10), (1, 7), (1, 8), (1, 9), (2, 8)]
2614,4,4,0,8,[(0, 10), (0, 11), (1, 8), (1, 9), (1, 10), (2, 9)]
2615,4,4,0,9,[(0, 11), (0, 12), (1, 9), (1, 10), (1, 11), (2, 10)]
2616,4,4,0,10,[(0, 12), (0, 13), (1, 10), (1, 11), (1, 12), (2, 11)]
2617,4,4,0,11,[(0, 13), (0, 14), (1, 11), (1, 12), (1, 13), (2, 12)]
2618,4,4,1,0,[(1, 2), (1, 3), (2, 0), (2, 1), (2, 2), (3, 1)]
2619,4,4,1,1,[(1, 3), (1, 4), (2, 1), (2, 2), (2, 3), (3, 2)]
2620,4,4,1,2,[(1, 4), (1, 5), (2, 2), (2, 3), (2, 4), (3, 3)]
2621,4,4,1,3,[(1, 5), (1, 6), (2, 3), (2, 4), (2, 5), (3, 4)]
2622,4,4,1,4,[(1, 6), (1, 7), (2, 4), (2, 5), (2, 6), (3, 5)]
2623,4,4,1,5,[(1, 7), (1, 8), (2, 5), (2, 6), (2, 7), (3, 6)]
2624,4,4,1,6,[(1, 8), (1, 9), (2, 6), (2, 7), (2, 8), (3, 7)]
2625,4,4,1,7,[(1, 9), (1, 10), (2, 7), (2, 8), (2, 9), (3, 8)]
2626,4,4,1,8,[(1, 10), (1, 11), (2, 8), (2, 9), (2, 10), (3, 9)]
2627,4,4,1,9,[(1, 11), (1, 12), (2, 9), (2, 10), (2, 11), (3, 10)]
2628,4,4,1,10,[(1, 12), (1, 13), (2, 10), (2, 11), (2, 12), (3, 11)]
2629,4,4,1,11,[(1, 13), (1, 14), (2, 11), (2, 12), (2, 13), (3, 12)]
2630,4,4,2,0,[(2, 2), (2, 3), (3, 0), (3, 1), (3, 2), (4, 1)]
2631,4,4,2,1,[(2, 3), (2, 4), (3, 1), (3, 2), (3, 3), (4, 2)]
2632,4,4,2,2,[(2, 4), (2, 5), (3, 2), (3, 3), (3, 4), (4, 3)]
2633,4,4,2,3,[(2, 5), (2, 6), (3, 3), (3, 4), (3, 5), (4, 4)]
2634,4,4,2,4,[(2, 6), (2, 7), (3, 4), (3, 5), (3, 6), (4, 5)]
2635,4,4,2,5,[(2, 7), (2, 8), (3, 5), (3, 6), (3, 7), (4, 6)]
2636,4,4,2,6,[(2, 8), (2, 9), (3, 6), (3, 7), (3, 8), (4, 7)]
2637,4,4,2,7,[(2, 9), (2, 10), (3, 7), (3, 8), (3, 9), (4, 8)]
2638,4,4,2,8,[(2, 10), (2, 11), (3, 8), (3, 9), (3, 10), (4, 9)]
2639,4,4,2,9,[(2, 11), (2, 12), (3, 9), (3, 10), (3, 11), (4, 10)]
2640,4,4,2,10,[(2, 12), (2, 13), (3, 10), (3, 11), (3, 12), (4, 11)]
2641,4,4,2,11,[(2, 13), (2, 14), (3, 11), (3, 12), (3, 13), (4, 12)]
2642,4,4,3,0,[(3, 2), (3, 3), (4, 0), (4, 1), (4, 2), (5, 1)]
2643,4,4,3,1,[(3, 3), (3, 4), (4, 1), (4, 2), (4, 3), (5, 2)]
2644,4,4,3,2,[(3, 4), (3, 5), (4, 2), (4, 3), (4, 4), (5, 3)]
2645,4,4,3,3,[(3, 5), (3, 6), (4, 3), (4, 4), (4, 5), (5, 4)]
2646,4,4,3,4,[(3, 6), (3, 7), (4, 4), (4, 5), (4, 6), (5, 5)]
2647,4,4,3,5,[(3, 7), (3, 8), (4, 5), (4, 6), (4, 7), (5, 6)]
2648,4,4,3,6,[(3, 8), (3, 9), (4, 6), (4, 7), (4, 8), (5, 7)]
2649,4,4,3,7,[(3, 9), (3, 10), (4, 7), (4, 8), (4, 9), (5, 8)]
2650,4,4,3,8,[(3, 10), (3, 11), (4, 8), (4, 9), (4, 10), (5, 9)]
2651,4,4,3,9,[(3, 11), (3, 12), (4, 9), (4, 10), (4, 11), (5, 10)]
2652,4,4,3,10,[(3, 12), (3, 13), (4, 10), (4, 11), (4, 12), (5, 11)]
2653,4,4,3,11,[(3, 13), (3, 14), (4, 11), (4, 12), (4, 13), (5, 12)]
2654,4,4,4,0,[(4, 2), (4, 3), (5, 0), (5, 1), (5, 2), (6, 1)]
2655,4,4,4,1,[(4, 3), (4, 4), (5, 1), (5, 2), (5, 3), (6, 2)]
2656,4,4,4,2,[(4, 4), (4, 5), (5, 2), (5, 3), (5, 4), (6, 3)]
2657,4,4,4,3,[(4, 5), (4, 6), (5, 3), (5, 4), (5, 5), (6, 4)]
2658,4,4,4,4,[(4, 6), (4, 7), (5, 4), (5, 5), (5, 6), (6, 5)]
2659,4,4,4,5,[(4, 7), (4, 8), (5, 5), (5, 6), (5, 7), (6, 6)]
2660,4,4,4,6,[(4, 8), (4, 9), (5, 6), (5, 7), (5, 8), (6, 7)]
2661,4,4,4,7,[(4, 9), (4, 10), (5, 7), (5, 8), (5, 9), (6, 8)]
2662,4,4,4,8,[(4, 10), (4, 11), (5, 8), (5, 9), (5, 10), (6, 9)]
2663,4,4,4,9,[(4, 11), (4, 12), (5, 9), (5, 10), (5, 11), (6, 10)]
2664,4,4,4,10,[(4, 12), (4, 13), (5, 10), (5, 11), (5, 12), (6, 11)]
2665,4,4,4,11,[(4, 13), (4, 14), (5, 11), (5, 12), (5, 13), (6, 12)]
2666,4,4,5,0,[(5, 2), (5, 3), (6, 0), (6, 1), (6, 2), (7, 1)]
2667,4,4,5,1,[(5, 3), (5, 4), (6, 1), (6, 2), (6, 3), (7, 2)]
2668,4,4,5,2,[(5, 4), (5, 5), (6, 2), (6, 3), (6, 4), (7, 3)]
2669,4,4,5,3,[(5, 5), (5, 6), (6, 3), (6, 4), (6, 5), (7, 4)]
2670,4,4,5,4,[(5, 6), (5, 7), (6, 4), (6, 5), (6, 6), (7, 5)]
2671,4,4,5,5,[(5, 7), (5, 8), (6, 5), (6, 6), (6, 7), (7, 6)]
2672,4,4,5,6,[(5, 8), (5, 9), (6, 6), (6, 7), (6, 8), (7, 7)]
2673,4,4,5,7,[(5, 9), (5, 10), (6, 7), (6, 8), (6, 9), (7, 8)]
2674,4,4,5,8,[(5, 10), (5, 11), (6, 8), (6, 9), (6, 10), (7, 9)]
2675,4,4,5,9,[(5, 11), (5, 12), (6, 9), (6, 10), (6, 11), (7, 10)]
2676,4,4,5,10,[(5, 12), (5, 13), (6, 10), (6, 11), (6, 12), (7, 11)]
2677,4,4,5,11,[(5, 13), (5, 14), (6, 11), (6, 12), (6, 13), (7, 12)]
2678,4,4,6,0,[(6, 2), (6, 3), (7, 0), (7, 1), (7, 2), (8, 1)]
2679,4,4,6,1,[(6, 3), (6, 4), (7, 1), (7, 2), (7, 3), (8, 2)]
2680,4,4,6,2,[(6, 4), (6, 5), (7, 2), (7, 3), (7, 4), (8, 3)]
2681,4,4,6,3,[(6, 5), (6, 6), (7, 3), (7, 4), (7, 5), (8, 4)]
2682,4,4,6,4,[(6, 6), (6, 7), (7, 4), (7, 5), (7, 6), (8, 5)]
2683,4,4,6,5,[(6, 7), (6, 8), (7, 5), (7, 6), (7, 7), (8, 6)]
2684,4,4,6,6,[(6, 8), (6, 9), (7, 6), (7, 7), (7, 8), (8, 7)]
2685,4,4,6,7,[(6, 9), (6, 10), (7, 7), (7, 8), (7, 9), (8, 8)]
2686,4,4,6,8,[(6, 10), (6, 11), (7, 8), (7, 9), (7, 10), (8, 9)]
2687,4,4,6,9,[(6, 11), (6, 12), (7, 9), (7, 10), (7, 11), (8, 10)]
2688,4,4,6,10,[(6, 12), (6, 13), (7, 10), (7, 11), (7, 12), (8, 11)]
2689,4,4,6,11,[(6, 13), (6, 14), (7, 11), (7, 12), (7, 13), (8, 12)]
2690,4,4,7,0,[(7, 2), (7, 3), (8, 0), (8, 1), (8, 2), (9, 1)]
2691,4,4,7,1,[(7, 3), (7, 4), (8, 1), (8, 2), (8, 3), (9, 2)]
2692,4,4,7,2,[(7, 4), (7, 5), (8, 2), (8, 3), (8, 4), (9, 3)]
2693,4,4,7,3,[(7, 5), (7, 6), (8, 3), (8, 4), (8, 5), (9, 4)]
2694,4,4,7,4,[(7, 6), (7, 7), (8, 4), (8, 5), (8, 6), (9, 5)]
2695,4,4,7,5,[(7, 7), (7, 8), (8, 5), (8, 6), (8, 7), (9, 6)]
2696,4,4,7,6,[(7, 8), (7, 9), (8, 6), (8, 7), (8, 8), (9, 7)]
2697,4,4,7,7,[(7, 9), (7, 10), (8, 7), (8, 8), (8, 9), (9, 8)]
2698,4,4,7,8,[(7, 10), (7, 11), (8, 8), (8, 9), (8, 10), (9, 9)]
2699,4,4,7,9,[(7, 11), (7, 12), (8, 9), (8, 10), (8, 11), (9, 10)]
2700,4,4,7,10,[(7, 12), (7, 13), (8, 10), (8, 11), (8, 12), (9, 11)]
2701,4,4,7,11,[(7, 13), (7, 14), (8, 11), (8, 12), (8, 13), (9, 12)]
2702,4,5,0,0,[(0, 2), (1, 1), (1, 2), (1, 3), (2, 0), (2, 1)]
2703,4,5,0,1,[(0, 3), (1, 2), (1, 3), (1, 4), (2, 1), (2, 2)]
2704,4,5,0,2,[(0, 4), (1, 3), (1, 4), (1, 5), (2, 2), (2, 3)]
2705,4,5,0,3,[(0, 5), (1, 4), (1, 5), (1, 6), (2, 3), (2, 4)]
2706,4,5,0,4,[(0, 6), (1, 5), (1, 6), (1, 7), (2, 4), (2, 5)]
2707,4,5,0,5,[(0, 7), (1, 6), (1, 7), (1, 8), (2, 5), (2, 6)]
2708,4,5,0,6,[(0, 8), (1, 7), (1, 8), (1, 9), (2, 6), (2, 7)]
2709,4,5,0,7,[(0, 9), (1, 8), (1, 9), (1, 10), (2, 7), (2, 8)]
2710,4,5,0,8,[(0, 10), (1, 9), (1, 10), (1, 11), (2, 8), (2, 9)]
2711,4,5,0,9,[(0, 11), (1, 10), (1, 11), (1, 12), (2, 9), (2, 10)]
2712,4,5,0,10,[(0, 12), (1, 11), (1, 12), (1, 13), (2, 10), (2, 11)]
2713,4,5,0,11,[(0, 13), (1, 12), (1, 13), (1, 14), (2, 11), (2, 12)]
2714,4,5,1,0,[(1, 2), (2, 1), (2, 2), (2, 3), (3, 0), (3, 1)]
2715,4,5,1,1,[(1, 3), (2, 2), (2, 3), (2, 4), (3, 1), (3, 2)]
2716,4,5,1,2,[(1, 4), (2, 3), (2, 4), (2, 5), (3, 2), (3, 3)]
2717,4,5,1,3,[(1, 5), (2, 4), (2, 5), (2, 6), (3, 3), (3, 4)]
2718,4,5,1,4,[(1, 6), (2, 5), (2, 6), (2, 7), (3, 4), (3, 5)]
2719,4,5,1,5,[(1, 7), (2, 6), (2, 7), (2, 8), (3, 5), (3, 6)]
2720,4,5,1,6,[(1, 8), (2, 7), (2, 8), (2, 9), (3, 6), (3, 7)]
2721,4,5,1,7,[(1, 9), (2, 8), (2, 9), (2, 10), (3, 7), (3, 8)]
2722,4,5,1,8,[(1, 10), (2, 9), (2, 10), (2, 11), (3, 8), (3, 9)]
2723,4,5,1,9,[(1, 11), (2, 10), (2, 11), (2, 12), (3, 9), (3, 10)]
2724,4,5,1,10,[(1, 12), (2, 11), (2, 12), (2, 13), (3, 10), (3, 11)]
2725,4,5,1,11,[(1, 13), (2, 12), (2, 13), (2, 14), (3, 11), (3, 12)]
2726,4,5,2,0,[(2, 2), (3, 1), (3, 2), (3, 3), (4, 0), (4, 1)]
2727,4,5,2,1,[(2, 3), (3, 2), (3, 3), (3, 4), (4, 1), (4, 2)]
2728,4,5,2,2,[(2, 4), (3, 3), (3, 4), (3, 5), (4, 2), (4, 3)]
2729,4,5,2,3,[(2, 5), (3, 4), (3, 5), (3, 6), (4, 3), (4, 4)]
2730,4,5,2,4,[(2, 6), (3, 5), (3, 6), (3, 7), (4, 4), (4, 5)]
2731,4,5,2,5,[(2, 7), (3, 6), (3, 7), (3, 8), (4, 5), (4, 6)]
2732,4,5,2,6,[(2, 8), (3, 7), (3, 8), (3, 9), (4, 6), (4, 7)]
2733,4,5,2,7,[(2, 9), (3, 8), (3, 9), (3, 10), (4, 7), (4, 8)]
2734,4,5,2,8,[(2, 10), (3, 9), (3, 10), (3, 11), (4, 8), (4, 9)]
2735,4,5,2,9,[(2, 11), (3, 10), (3, 11), (3, 12), (4, 9), (4, 10)]
2736,4,5,2,10,[(2, 12), (3, 11), (3, 12), (3, 13), (4, 10), (4, 11)]
2737,4,5,2,11,[(2, 13), (3, 12), (3, 13), (3, 14), (4, 11), (4, 12)]
2738,4,5,3,0,[(3, 2), (4, 1), (4, 2), (4, 3), (5, 0), (5, 1)]
2739,4,5,3,1,[(3, 3), (4, 2), (4, 3), (4, 4), (5, 1), (5, 2)]
2740,4,5,3,2,[(3, 4), (4, 3), (4, 4), (4, 5), (5, 2), (5, 3)]
2741,4,5,3,3,[(3, 5), (4, 4), (4, 5), (4, 6), (5, 3), (5, 4)]
2742,4,5,3,4,[(3, 6), (4, 5), (4, 6), (4, 7), (5, 4), (5, 5)]
2743,4,5,3,5,[(3, 7), (4, 6), (4, 7), (4, 8), (5, 5), (5, 6)]
2744,4,5,3,6,[(3, 8), (4, 7), (4, 8), (4, 9), (5, 6), (5, 7)]
2745,4,5,3,7,[(3, 9), (4, 8), (4, 9), (4, 10), (5, 7), (5, 8)]
2746,4,5,3,8,[(3, 10), (4, 9), (4, 10), (4, 11), (5, 8), (5, 9)]
2747,4,5,3,9,[(3, 11), (4, 10), (4, 11), (4, 12), (5, 9), (5, 10)]
2748,4,5,3,10,[(3, 12), (4, 11), (4, 12), (4, 13), (5, 10), (5, 11)]
2749,4,5,3,11,[(3, 13), (4, 12), (4, 13), (4, 14), (5, 11), (5, 12)]
2750,4,5,4,0,[(4, 2), (5, 1), (5, 2), (5, 3), (6, 0), (6, 1)]
2751,4,5,4,1,[(4, 3), (5, 2), (5, 3), (5, 4), (6, 1), (6, 2)]
2752,4,5,4,2,[(4, 4), (5, 3), (5, 4), (5, 5), (6, 2), (6, 3)]
2753,4,5,4,3,[(4, 5), (5, 4), (5, 5), (5, 6), (6, 3), (6, 4)]
2754,4,5,4,4,[(4, 6), (5, 5), (5, 6), (5, 7), (6, 4), (6, 5)]
2755,4,5,4,5,[(4, 7), (5, 6), (5, 7), (5, 8), (6, 5), (6, 6)]
2756,4,5,4,6,[(4, 8), (5, 7), (5, 8), (5, 9), (6, 6), (6, 7)]
2757,4,5,4,7,[(4, 9), (5, 8), (5, 9), (5, 10), (6, 7), (6, 8)]
2758,4,5,4,8,[(4, 10), (5, 9), (5, 10), (5, 11), (6, 8), (6, 9)]
2759,4,5,4,9,[(4, 11), (5, 10), (5, 11), (5, 12), (6, 9), (6, 10)]
2760,4,5,4,10,[(4, 12), (5, 11), (5, 12), (5, 13), (6, 10), (6, 11)]
2761,4,5,4,11,[(4, 13), (5, 12), (5, 13), (5, 14), (6, 11), (6, 12)]
2762,4,5,5,0,[(5, 2), (6, 1), (6, 2), (6, 3), (7, 0), (7, 1)]
2763,4,5,5,1,[(5, 3), (6, 2), (6, 3), (6, 4), (7, 1), (7, 2)]
2764,4,5,5,2,[(5, 4), (6, 3), (6, 4), (6, 5), (7, 2), (7, 3)]
2765,4,5,5,3,[(5, 5), (6, 4), (6, 5), (6, 6), (7, 3), (7, 4)]
2766,4,5,5,4,[(5, 6), (6, 5), (6, 6), (6, 7), (7, 4), (7, 5)]
2767,4,5,5,5,[(5, 7), (6, 6), (6, 7), (6, 8), (7, 5), (7, 6)]
2768,4,5,5,6,[(5, 8), (6, 7), (6, 8), (6, 9), (7, 6), (7, 7)]
2769,4,5,5,7,[(5, 9), (6, 8), (6, 9), (6, 10), (7, 7), (7, 8)]
2770,4,5,5,8,[(5, 10), (6, 9), (6, 10), (6, 11), (7, 8), (7, 9)]
2771,4,5,5,9,[(5, 11), (6, 10), (6, 11), (6, 12), (7, 9), (7, 10)]
2772,4,5,5,10,[(5, 12), (6, 11), (6, 12), (6, 13), (7, 10), (7, 11)]
2773,4,5,5,11,[(5, 13), (6, 12), (6, 13), (6, 14), (7, 11), (7, 12)]
2774,4,5,6,0,[(6, 2), (7, 1), (7, 2), (7, 3), (8, 0), (8, 1)]
2775,4,5,6,1,[(6, 3), (7, 2), (7, 3), (7, 4), (8, 1), (8, 2)]
2776,4,5,6,2,[(6, 4), (7, 3), (7, 4), (7, 5), (8, 2), (8, 3)]
2777,4,5,6,3,[(6, 5), (7, 4), (7, 5), (7, 6), (8, 3), (8, 4)]
2778,4,5,6,4,[(6, 6), (7, 5), (7, 6), (7, 7), (8, 4), (8, 5)]
2779,4,5,6,5,[(6, 7), (7, 6), (7, 7), (7, 8), (8, 5), (8, 6)]
2780,4,5,6,6,[(6, 8), (7, 7), (7, 8), (7, 9), (8, 6), (8, 7)]
2781,4,5,6,7,[(6, 9), (7, 8), (7, 9), (7, 10), (8, 7), (8, 8)]
2782,4,5,6,8,[(6, 10), (7, 9), (7, 10), (7, 11), (8, 8), (8, 9)]
2783,4,5,6,9,[(6, 11), (7, 10), (7, 11), (7, 12), (8, 9), (8, 10)]
2784,4,5,6,10,[(6, 12), (7, 11), (7, 12), (7, 13), (8, 10), (8, 11)]
2785,4,5,6,11,[(6, 13), (7, 12), (7, 13), (7, 14), (8, 11), (8, 12)]
2786,4,5,7,0,[(7, 2), (8, 1), (8, 2), (8, 3), (9, 0), (9, 1)]
2787,4,5,7,1,[(7, 3), (8, 2), (8, 3), (8, 4), (9, 1), (9, 2)]
2788,4,5,7,2,[(7, 4), (8, 3), (8, 4), (8, 5), (9, 2), (9, 3)]
2789,4,5,7,3,[(7, 5), (8, 4), (8, 5), (8, 6), (9, 3), (9, 4)]
2790,4,5,7,4,[(7, 6), (8, 5), (8, 6), (8, 7), (9, 4), (9, 5)]
2791,4,5,7,5,[(7, 7), (8, 6), (8, 7), (8, 8), (9, 5), (9, 6)]
2792,4,5,7,6,[(7, 8), (8, 7), (8, 8), (8, 9), (9, 6), (9, 7)]
2793,4,5,7,7,[(7, 9), (8, 8), (8, 9), (8, 10), (9, 7), (9, 8)]
2794,4,5,7,8,[(7, 10), (8, 9), (8, 10), (8, 11), (9, 8), (9, 9)]
2795,4,5,7,9,[(7, 11), (8, 10), (8, 11), (8, 12), (9, 9), (9, 10)]
2796,4,5,7,10,[(7, 12), (8, 11), (8, 12), (8, 13), (9, 10), (9, 11)]
2797,4,5,7,11,[(7, 13), (8, 12), (8, 13), (8, 14), (9, 11), (9, 12)]
2798,4,6,0,0,[(0, 2), (1, 1), (1, 2), (2, 0), (2, 1), (3, 1)]
2799,4,6,0,1,[(0, 3), (1, 2), (1, 3), (2, 1), (2, 2), (3, 2)]
2800,4,6,0,2,[(0, 4), (1, 3), (1, 4), (2, 2), (2, 3), (3, 3)]
2801,4,6,0,3,[(0, 5), (1, 4), (1, 5), (2, 3), (2, 4), (3, 4)]
2802,4,6,0,4,[(0, 6), (1, 5), (1, 6), (2, 4), (2, 5), (3, 5)]
2803,4,6,0,5,[(0, 7), (1, 6), (1, 7), (2, 5), (2, 6), (3, 6)]
2804,4,6,0,6,[(0, 8), (1, 7), (1, 8), (2, 6), (2, 7), (3, 7)]
2805,4,6,0,7,[(0, 9), (1, 8), (1, 9), (2, 7), (2, 8), (3, 8)]
2806,4,6,0,8,[(0, 10), (1, 9), (1, 10), (2, 8), (2, 9), (3, 9)]
2807,4,6,0,9,[(0, 11), (1, 10), (1, 11), (2, 9), (2, 10), (3, 10)]
2808,4,6,0,10,[(0, 12), (1, 11), (1, 12), (2, 10), (2, 11), (3, 11)]
2809,4,6,0,11,[(0, 13), (1, 12), (1, 13), (2, 11), (2, 12), (3, 12)]
2810,4,6,0,12,[(0, 14), (1, 13), (1, 14), (2, 12), (2, 13), (3, 13)]
2811,4,6,1,0,[(1, 2), (2, 1), (2, 2), (3, 0), (3, 1), (4, 1)]
2812,4,6,1,1,[(1, 3), (2, 2), (2, 3), (3, 1), (3, 2), (4, 2)]
2813,4,6,1,2,[(1, 4), (2, 3), (2, 4), (3, 2), (3, 3), (4, 3)]
2814,4,6,1,3,[(1, 5), (2, 4), (2, 5), (3, 3), (3, 4), (4, 4)]
2815,4,6,1,4,[(1, 6), (2, 5), (2, 6), (3, 4), (3, 5), (4, 5)]
2816,4,6,1,5,[(1, 7), (2, 6), (2, 7), (3, 5), (3, 6), (4, 6)]
2817,4,6,1,6,[(1, 8), (2, 7), (2, 8), (3, 6), (3, 7), (4, 7)]
2818,4,6,1,7,[(1, 9), (2, 8), (2, 9), (3, 7), (3, 8), (4, 8)]
2819,4,6,1,8,[(1, 10), (2, 9), (2, 10), (3, 8), (3, 9), (4, 9)]
2820,4,6,1,9,[(1, 11), (2, 10), (2, 11), (3, 9), (3, 10), (4, 10)]
2821,4,6,1,10,[(1, 12), (2, 11), (2, 12), (3, 10), (3, 11), (4, 11)]
2822,4,6,1,11,[(1, 13), (2, 12), (2, 13), (3, 11), (3, 12), (4, 12)]
2823,4,6,1,12,[(1, 14), (2, 13), (2, 14), (3, 12), (3, 13), (4, 13)]
2824,4,6,2,0,[(2, 2), (3, 1), (3, 2), (4, 0), (4, 1), (5, 1)]
2825,4,6,2,1,[(2, 3), (3, 2), (3, 3), (4, 1), (4, 2), (5, 2)]
2826,4,6,2,2,[(2, 4), (3, 3), (3, 4), (4, 2), (4, 3), (5, 3)]
2827,4,6,2,3,[(2, 5), (3, 4), (3, 5), (4, 3), (4, 4), (5, 4)]
2828,4,6,2,4,[(2, 6), (3, 5), (3, 6), (4, 4), (4, 5), (5, 5)]
2829,4,6,2,5,[(2, 7), (3, 6), (3, 7), (4, 5), (4, 6), (5, 6)]
2830,4,6,2,6,[(2, 8), (3, 7), (3, 8), (4, 6), (4, 7), (5, 7)]
2831,4,6,2,7,[(2, 9), (3, 8), (3, 9), (4, 7), (4, 8), (5, 8)]
2832,4,6,2,8,[(2, 10), (3, 9), (3, 10), (4, 8), (4, 9), (5, 9)]
2833,4,6,2,9,[(2, 11), (3, 10), (3, 11), (4, 9), (4, 10), (5, 10)]
2834,4,6,2,10,[(2, 12), (3, 11), (3, 12), (4, 10), (4, 11), (5, 11)]
2835,4,6,2,11,[(2, 13), (3, 12), (3, 13), (4, 11), (4, 12), (5, 12)]
2836,4,6,2,12,[(2, 14), (3, 13), (3, 14), (4, 12), (4, 13), (5, 13)]
2837,4,6,3,0,[(3, 2), (4, 1), (4, 2), (5, 0), (5, 1), (6, 1)]
2838,4,6,3,1,[(3, 3), (4, 2), (4, 3), (5, 1), (5, 2), (6, 2)]
2839,4,6,3,2,[(3, 4), (4, 3), (4, 4), (5, 2), (5, 3), (6, 3)]
2840,4,6,3,3,[(3, 5), (4, 4), (4, 5), (5, 3), (5, 4), (6, 4)]
2841,4,6,3,4,[(3, 6), (4, 5), (4, 6), (5, 4), (5, 5), (6, 5)]
2842,4,6,3,5,[(3, 7), (4, 6), (4, 7), (5, 5), (5, 6), (6, 6)]
2843,4,6,3,6,[(3, 8), (4, 7), (4, 8), (5, 6), (5, 7), (6, 7)]
2844,4,6,3,7,[(3, 9), (4, 8), (4, 9), (5, 7), (5, 8), (6, 8)]
2845,4,6,3,8,[(3, 10), (4, 9), (4, 10), (5, 8), (5, 9), (6, 9)]
2846,4,6,3,9,[(3, 11), (4, 10), (4, 11), (5, 9), (5, 10), (6, 10)]
2847,4,6,3,10,[(3, 12), (4, 11), (4, 12), (5, 10), (5, 11), (6, 11)]
2848,4,6,3,11,[(3, 13), (4, 12), (4, 13), (5, 11), (5, 12), (6, 12)]
2849,4,6,3,12,[(3, 14), (4, 13), (4, 14), (5, 12), (5, 13), (6, 13)]
2850,4,6,4,0,[(4, 2), (5, 1), (5, 2), (6, 0), (6, 1), (7, 1)]
2851,4,6,4,1,[(4, 3), (5, 2), (5, 3), (6, 1), (6, 2), (7, 2)]
2852,4,6,4,2,[(4, 4), (5, 3), (5, 4), (6, 2), (6, 3), (7, 3)]
2853,4,6,4,3,[(4, 5), (5, 4), (5, 5), (6, 3), (6, 4), (7, 4)]
2854,4,6,4,4,[(4, 6), (5, 5), (5, 6), (6, 4), (6, 5), (7, 5)]
2855,4,6,4,5,[(4, 7), (5, 6), (5, 7), (6, 5), (6, 6), (7, 6)]
2856,4,6,4,6,[(4, 8), (5, 7), (5, 8), (6, 6), (6, 7), (7, 7)]
2857,4,6,4,7,[(4, 9), (5, 8), (5, 9), (6, 7), (6, 8), (7, 8)]
2858,4,6,4,8,[(4, 10), (5, 9), (5, 10), (6, 8), (6, 9), (7, 9)]
2859,4,6,4,9,[(4, 11), (5, 10), (5, 11), (6, 9), (6, 10), (7, 10)]
2860,4,6,4,10,[(4, 12), (5, 11), (5, 12), (6, 10), (6, 11), (7, 11)]
2861,4,6,4,11,[(4, 13), (5, 12), (5, 13), (6, 11), (6, 12), (7, 12)]
2862,4,6,4,12,[(4, 14), (5, 13), (5, 14), (6, 12), (6, 13), (7, 13)]
2863,4,6,5,0,[(5, 2), (6, 1), (6, 2), (7, 0), (7, 1), (8, 1)]
2864,4,6,5,1,[(5, 3), (6, 2), (6, 3), (7, 1), (7, 2), (8, 2)]
2865,4,6,5,2,[(5, 4), (6, 3), (6, 4), (7, 2), (7, 3), (8, 3)]
2866,4,6,5,3,[(5, 5), (6, 4), (6, 5), (7, 3), (7, 4), (8, 4)]
2867,4,6,5,4,[(5, 6), (6, 5), (6, 6), (7, 4), (7, 5), (8, 5)]
2868,4,6,5,5,[(5, 7), (6, 6), (6, 7), (7, 5), (7, 6), (8, 6)]
2869,4,6,5,6,[(5, 8), (6, 7), (6, 8), (7, 6), (7, 7), (8, 7)]
2870,4,6,5,7,[(5, 9), (6, 8), (6, 9), (7, 7), (7, 8), (8, 8)]
2871,4,6,5,8,[(5, 10), (6, 9), (6, 10), (7, 8), (7, 9), (8, 9)]
2872,4,6,5,9,[(5, 11), (6, 10), (6, 11), (7, 9), (7, 10), (8, 10)]
2873,4,6,5,10,[(5, 12), (6, 11), (6, 12), (7, 10), (7, 11), (8, 11)]
2874,4,6,5,11,[(5, 13), (6, 12), (6, 13), (7, 11), (7, 12), (8, 12)]
2875,4,6,5,12,[(5, 14), (6, 13), (6, 14), (7, 12), (7, 13), (8, 13)]
2876,4,6,6,0,[(6, 2), (7, 1), (7, 2), (8, 0), (8, 1), (9, 1)]
2877,4,6,6,1,[(6, 3), (7, 2), (7, 3), (8, 1), (8, 2), (9, 2)]
2878,4,6,6,2,[(6, 4), (7, 3), (7, 4), (8, 2), (8, 3), (9, 3)]
2879,4,6,6,3,[(6, 5), (7, 4), (7, 5), (8, 3), (8, 4), (9, 4)]
2880,4,6,6,4,[(6, 6), (7, 5), (7, 6), (8, 4), (8, 5), (9, 5)]
2881,4,6,6,5,[(6, 7), (7, 6), (7, 7), (8, 5), (8, 6), (9, 6)]
2882,4,6,6,6,[(6, 8), (7, 7), (7, 8), (8, 6), (8, 7), (9, 7)]
2883,4,6,6,7,[(6, 9), (7, 8), (7, 9), (8, 7), (8, 8), (9, 8)]
2884,4,6,6,8,[(6, 10), (7, 9), (7, 10), (8, 8), (8, 9), (9, 9)]
2885,4,6,6,9,[(6, 11), (7, 10), (7, 11), (8, 9), (8, 10), (9, 10)]
2886,4,6,6,10,[(6, 12), (7, 11), (7, 12), (8, 10), (8, 11), (9, 11)]
2887,4,6,6,11,[(6, 13), (7, 12), (7, 13), (8, 11), (8, 12), (9, 12)]
2888,4,6,6,12,[(6, 14), (7, 13), (7, 14), (8, 12), (8, 13), (9, 13)]
2889,4,7,0,0,[(0, 1), (1, 0), (1, 1), (1, 2), (2, 2), (2, 3)]
2890,4,7,0,1,[(0, 2), (1, 1), (1, 2), (1, 3), (2, 3), (2, 4)]
2891,4,7,0,2,[(0, 3), (1, 2), (1, 3), (1, 4), (2, 4), (2, 5)]
2892,4,7,0,3,[(0, 4), (1, 3), (1, 4), (1, 5), (2, 5), (2, 6)]
2893,4,7,0,4,[(0, 5), (1, 4), (1, 5), (1, 6), (2, 6), (2, 7)]
2894,4,7,0,5,[(0, 6), (1, 5), (1, 6), (1, 7), (2, 7), (2, 8)]
2895,4,7,0,6,[(0, 7), (1, 6), (1, 7), (1, 8), (2, 8), (2, 9)]
2896,4,7,0,7,[(0, 8), (1, 7), (1, 8), (1, 9), (2, 9), (2, 10)]
2897,4,7,0,8,[(0, 9), (1, 8), (1, 9), (1, 10), (2, 10), (2, 11)]
2898,4,7,0,9,[(0, 10), (1, 9), (1, 10), (1, 11), (2, 11), (2, 12)]
2899,4,7,0,10,[(0, 11), (1, 10), (1, 11), (1, 12), (2, 12), (2, 13)]
2900,4,7,0,11,[(0, 12), (1, 11), (1, 12), (1, 13), (2, 13), (2, 14)]
2901,4,7,1,0,[(1, 1), (2, 0), (2, 1), (2, 2), (3, 2), (3, 3)]
2902,4,7,1,1,[(1, 2), (2, 1), (2, 2), (2, 3), (3, 3), (3, 4)]
2903,4,7,1,2,[(1, 3), (2, 2), (2, 3), (2, 4), (3, 4), (3, 5)]
2904,4,7,1,3,[(1, 4), (2, 3), (2, 4), (2, 5), (3, 5), (3, 6)]
2905,4,7,1,4,[(1, 5), (2, 4), (2, 5), (2, 6), (3, 6), (3, 7)]
2906,4,7,1,5,[(1, 6), (2, 5), (2, 6), (2, 7), (3, 7), (3, 8)]
2907,4,7,1,6,[(1, 7), (2, 6), (2, 7), (2, 8), (3, 8), (3, 9)]
2908,4,7,1,7,[(1, 8), (2, 7), (2, 8), (2, 9), (3, 9), (3, 10)]
2909,4,7,1,8,[(1, 9), (2, 8), (2, 9), (2, 10), (3, 10), (3, 11)]
2910,4,7,1,9,[(1, 10), (2, 9), (2, 10), (2, 11), (3, 11), (3, 12)]
2911,4,7,1,10,[(1, 11), (2, 10), (2, 11), (2, 12), (3, 12), (3, 13)]
2912,4,7,1,11,[(1, 12), (2, 11), (2, 12), (2, 13), (3, 13), (3, 14)]
2913,4,7,2,0,[(2, 1), (3, 0), (3, 1), (3, 2), (4, 2), (4, 3)]
2914,4,7,2,1,[(2, 2), (3, 1), (3, 2), (3, 3), (4, 3), (4, 4)]
2915,4,7,2,2,[(2, 3), (3, 2), (3, 3), (3, 4), (4, 4), (4, 5)]
2916,4,7,2,3,[(2, 4), (3, 3), (3, 4), (3, 5), (4, 5), (4, 6)]
2917,4,7,2,4,[(2, 5), (3, 4), (3, 5), (3, 6), (4, 6), (4, 7)]
2918,4,7,2,5,[(2, 6), (3, 5), (3, 6), (3, 7), (4, 7), (4, 8)]
2919,4,7,2,6,[(2, 7), (3, 6), (3, 7), (3, 8), (4, 8), (4, 9)]
2920,4,7,2,7,[(2, 8), (3, 7), (3, 8), (3, 9), (4, 9), (4, 10)]
2921,4,7,2,8,[(2, 9), (3, 8), (3, 9), (3, 10), (4, 10), (4, 11)]
2922,4,7,2,9,[(2, 10), (3, 9), (3, 10), (3, 11), (4, 11), (4, 12)]
2923,4,7,2,10,[(2, 11), (3, 10), (3, 11), (3, 12), (4, 12), (4, 13)]
2924,4,7,2,11,[(2, 12), (3, 11), (3, 12), (3, 13), (4, 13), (4, 14)]
2925,4,7,3,0,[(3, 1), (4, 0), (4, 1), (4, 2), (5, 2), (5, 3)]
2926,4,7,3,1,[(3, 2), (4, 1), (4, 2), (4, 3), (5, 3), (5, 4)]
2927,4,7,3,2,[(3, 3), (4, 2), (4, 3), (4, 4), (5, 4), (5, 5)]
2928,4,7,3,3,[(3, 4), (4, 3), (4, 4), (4, 5), (5, 5), (5, 6)]
2929,4,7,3,4,[(3, 5), (4, 4), (4, 5), (4, 6), (5, 6), (5, 7)]
2930,4,7,3,5,[(3, 6), (4, 5), (4, 6), (4, 7), (5, 7), (5, 8)]
2931,4,7,3,6,[(3, 7), (4, 6), (4, 7), (4, 8), (5, 8), (5, 9)]
2932,4,7,3,7,[(3, 8), (4, 7), (4, 8), (4, 9), (5, 9), (5, 10)]
2933,4,7,3,8,[(3, 9), (4, 8), (4, 9), (4, 10), (5, 10), (5, 11)]
2934,4,7,3,9,[(3, 10), (4, 9), (4, 10), (4, 11), (5, 11), (5, 12)]
2935,4,7,3,10,[(3, 11), (4, 10), (4, 11), (4, 12), (5, 12), (5, 13)]
2936,4,7,3,11,[(3, 12), (4, 11), (4, 12), (4, 13), (5, 13), (5, 14)]
2937,4,7,4,0,[(4, 1), (5, 0), (5, 1), (5, 2), (6, 2), (6, 3)]
2938,4,7,4,1,[(4, 2), (5, 1), (5, 2), (5, 3), (6, 3), (6, 4)]
2939,4,7,4,2,[(4, 3), (5, 2), (5, 3), (5, 4), (6, 4), (6, 5)]
2940,4,7,4,3,[(4, 4), (5, 3), (5, 4), (5, 5), (6, 5), (6, 6)]
2941,4,7,4,4,[(4, 5), (5, 4), (5, 5), (5, 6), (6, 6), (6, 7)]
2942,4,7,4,5,[(4, 6), (5, 5), (5, 6), (5, 7), (6, 7), (6, 8)]
2943,4,7,4,6,[(4, 7), (5, 6), (5, 7), (5, 8), (6, 8), (6, 9)]
2944,4,7,4,7,[(4, 8), (5, 7), (5, 8), (5, 9), (6, 9), (6, 10)]
2945,4,7,4,8,[(4, 9), (5, 8), (5, 9), (5, 10), (6, 10), (6, 11)]
2946,4,7,4,9,[(4, 10), (5, 9), (5, 10), (5, 11), (6, 11), (6, 12)]
2947,4,7,4,10,[(4, 11), (5, 10), (5, 11), (5, 12), (6, 12), (6, 13)]
2948,4,7,4,11,[(4, 12), (5, 11), (5, 12), (5, 13), (6, 13), (6, 14)]
2949,4,7,5,0,[(5, 1), (6, 0), (6, 1), (6, 2), (7, 2), (7, 3)]
2950,4,7,5,1,[(5, 2), (6, 1), (6, 2), (6, 3), (7, 3), (7, 4)]
2951,4,7,5,2,[(5, 3), (6, 2), (6, 3), (6, 4), (7, 4), (7, 5)]
2952,4,7,5,3,[(5, 4), (6, 3), (6, 4), (6, 5), (7, 5), (7, 6)]
2953,4,7,5,4,[(5, 5), (6, 4), (6, 5), (6, 6), (7, 6), (7, 7)]
2954,4,7,5,5,[(5, 6), (6, 5), (6, 6), (6, 7), (7, 7), (7, 8)]
2955,4,7,5,6,[(5, 7), (6, 6), (6, 7), (6, 8), (7, 8), (7, 9)]
2956,4,7,5,7,[(5, 8), (6, 7), (6, 8), (6, 9), (7, 9), (7, 10)]
2957,4,7,5,8,[(5, 9), (6, 8), (6, 9), (6, 10), (7, 10), (7, 11)]
2958,4,7,5,9,[(5, 10), (6, 9), (6, 10), (6, 11), (7, 11), (7, 12)]
2959,4,7,5,10,[(5, 11), (6, 10), (6, 11), (6, 12), (7, 12), (7, 13)]
2960,4,7,5,11,[(5, 12), (6, 11), (6, 12), (6, 13), (7, 13), (7, 14)]
2961,4,7,6,0,[(6, 1), (7, 0), (7, 1), (7, 2), (8, 2), (8, 3)]
2962,4,7,6,1,[(6, 2), (7, 1), (7, 2), (7, 3), (8, 3), (8, 4)]
2963,4,7,6,2,[(6, 3), (7, 2), (7, 3), (7, 4), (8, 4), (8, 5)]
2964,4,7,6,3,[(6, 4), (7, 3), (7, 4), (7, 5), (8, 5), (8, 6)]
2965,4,7,6,4,[(6, 5), (7, 4), (7, 5), (7, 6), (8, 6), (8, 7)]
2966,4,7,6,5,[(6, 6), (7, 5), (7, 6), (7, 7), (8, 7), (8, 8)]
2967,4,7,6,6,[(6, 7), (7, 6), (7, 7), (7, 8), (8, 8), (8, 9)]
2968,4,7,6,7,[(6, 8), (7, 7), (7, 8), (7, 9), (8, 9), (8, 10)]
2969,4,7,6,8,[(6, 9), (7, 8), (7, 9), (7, 10), (8, 10), (8, 11)]
2970,4,7,6,9,[(6, 10), (7, 9), (7, 10), (7, 11), (8, 11), (8, 12)]
2971,4,7,6,10,[(6, 11), (7, 10), (7, 11), (7, 12), (8, 12), (8, 13)]
2972,4,7,6,11,[(6, 12), (7, 11), (7, 12), (7, 13), (8, 13), (8, 14)]
2973,4,7,7,0,[(7, 1), (8, 0), (8, 1), (8, 2), (9, 2), (9, 3)]
2974,4,7,7,1,[(7, 2), (8, 1), (8, 2), (8, 3), (9, 3), (9, 4)]
2975,4,7,7,2,[(7, 3), (8, 2), (8, 3), (8, 4), (9, 4), (9, 5)]
2976,4,7,7,3,[(7, 4), (8, 3), (8, 4), (8, 5), (9, 5), (9, 6)]
2977,4,7,7,4,[(7, 5), (8, 4), (8, 5), (8, 6), (9, 6), (9, 7)]
2978,4,7,7,5,[(7, 6), (8, 5), (8, 6), (8, 7), (9, 7), (9, 8)]
2979,4,7,7,6,[(7, 7), (8, 6), (8, 7), (8, 8), (9, 8), (9, 9)]
2980,4,7,7,7,[(7, 8), (8, 7), (8, 8), (8, 9), (9, 9), (9, 10)]
2981,4,7,7,8,[(7, 9), (8, 8), (8, 9), (8, 10), (9, 10), (9, 11)]
2982,4,7,7,9,[(7, 10), (8, 9), (8, 10), (8, 11), (9, 11), (9, 12)]
2983,4,7,7,10,[(7, 11), (8, 10), (8, 11), (8, 12), (9, 12), (9, 13)]
2984,4,7,7,11,[(7, 12), (8, 11), (8, 12), (8, 13), (9, 13), (9, 14)]
2985,5,0,0,0,[(0, 2), (1, 1), (1, 2), (2, 0), (2, 1), (3, 0)]
2986,5,0,0,1,[(0, 3), (1, 2), (1, 3), (2, 1), (2, 2), (3, 1)]
2987,5,0,0,2,[(0, 4), (1, 3), (1, 4), (2, 2), (2, 3), (3, 2)]
2988,5,0,0,3,[(0, 5), (1, 4), (1, 5), (2, 3), (2, 4), (3, 3)]
2989,5,0,0,4,[(0, 6), (1, 5), (1, 6), (2, 4), (2, 5), (3, 4)]
2990,5,0,0,5,[(0, 7), (1, 6), (1, 7), (2, 5), (2, 6), (3, 5)]
2991,5,0,0,6,[(0, 8), (1, 7), (1, 8), (2, 6), (2, 7), (3, 6)]
2992,5,0,0,7,[(0, 9), (1, 8), (1, 9), (2, 7), (2, 8), (3, 7)]
2993,5,0,0,8,[(0, 10), (1, 9), (1, 10), (2, 8), (2, 9), (3, 8)]
2994,5,0,0,9,[(0, 11), (1, 10), (1, 11), (2, 9), (2, 10), (3, 9)]
2995,5,0,0,10,[(0, 12), (1, 11), (1, 12), (2, 10), (2, 11), (3, 10)]
2996,5,0,0,11,[(0, 13), (1, 12), (1, 13), (2, 11), (2, 12), (3, 11)]
2997,5,0,0,12,[(0, 14), (1, 13), (1, 14), (2, 12), (2, 13), (3, 12)]
2998,5,0,1,0,[(1, 2), (2, 1), (2, 2), (3, 0), (3, 1), (4, 0)]
2999,5,0,1,1,[(1, 3), (2, 2), (2, 3), (3, 1), (3, 2), (4, 1)]
3000,5,0,1,2,[(1, 4), (2, 3), (2, 4), (3, 2), (3, 3), (4, 2)]
3001,5,0,1,3,[(1, 5), (2, 4), (2, 5), (3, 3), (3, 4), (4, 3)]
3002,5,0,1,4,[(1, 6), (2, 5), (2, 6), (3, 4), (3, 5), (4, 4)]
3003,5,0,1,5,[(1, 7), (2, 6), (2, 7), (3, 5), (3, 6), (4, 5)]
3004,5,0,1,6,[(1, 8), (2, 7), (2, 8), (3, 6), (3, 7), (4, 6)]
3005,5,0,1,7,[(1, 9), (2, 8), (2, 9), (3, 7), (3, 8), (4, 7)]
3006,5,0,1,8,[(1, 10), (2, 9), (2, 10), (3, 8), (3, 9), (4, 8)]
3007,5,0,1,9,[(1, 11), (2, 10), (2, 11), (3, 9), (3, 10), (4, 9)]
3008,5,0,1,10,[(1, 12), (2, 11), (2, 12), (3, 10), (3, 11), (4, 10)]
3009,5,0,1,11,[(1, 13), (2, 12), (2, 13), (3, 11), (3, 12), (4, 11)]
3010,5,0,1,12,[(1, 14), (2, 13), (2, 14), (3, 12), (3, 13), (4, 12)]
3011,5,0,2,0,[(2, 2), (3, 1), (3, 2), (4, 0), (4, 1), (5, 0)]
3012,5,0,2,1,[(2, 3), (3, 2), (3, 3), (4, 1), (4, 2), (5, 1)]
3013,5,0,2,2,[(2, 4), (3, 3), (3, 4), (4, 2), (4, 3), (5, 2)]
3014,5,0,2,3,[(2, 5), (3, 4), (3, 5), (4, 3), (4, 4), (5, 3)]
3015,5,0,2,4,[(2, 6), (3, 5), (3, 6), (4, 4), (4, 5), (5, 4)]
3016,5,0,2,5,[(2, 7), (3, 6), (3, 7), (4, 5), (4, 6), (5, 5)]
3017,5,0,2,6,[(2, 8), (3, 7), (3, 8), (4, 6), (4, 7), (5, 6)]
3018,5,0,2,7,[(2, 9), (3, 8), (3, 9), (4, 7), (4, 8), (5, 7)]
3019,5,0,2,8,[(2, 10), (3, 9), (3, 10), (4, 8), (4, 9), (5, 8)]
3020,5,0,2,9,[(2, 11), (3, 10), (3, 11), (4, 9), (4, 10), (5, 9)]
3021,5,0,2,10,[(2, 12), (3, 11), (3, 12), (4, 10), (4, 11), (5, 10)]
3022,5,0,2,11,[(2, 13), (3, 12), (3, 13), (4, 11), (4, 12), (5, 11)]
3023,5,0,2,12,[(2, 14), (3, 13), (3, 14), (4, 12), (4, 13), (5, 12)]
3024,5,0,3,0,[(3, 2), (4, 1), (4, 2), (5, 0), (5, 1), (6, 0)]
3025,5,0,3,1,[(3, 3), (4, 2), (4, 3), (5, 1), (5, 2), (6, 1)]
3026,5,0,3,2,[(3, 4), (4, 3), (4, 4), (5, 2), (5, 3), (6, 2)]
3027,5,0,3,3,[(3, 5), (4, 4), (4, 5), (5, 3), (5, 4), (6, 3)]
3028,5,0,3,4,[(3, 6), (4, 5), (4, 6), (5, 4), (5, 5), (6, 4)]
3029,5,0,3,5,[(3, 7), (4, 6), (4, 7), (5, 5), (5, 6), (6, 5)]
3030,5,0,3,6,[(3, 8), (4, 7), (4, 8), (5, 6), (5, 7), (6, 6)]
3031,5,0,3,7,[(3, 9), (4, 8), (4, 9), (5, 7), (5, 8), (6, 7)]
3032,5,0,3,8,[(3, 10), (4, 9), (4, 10), (5, 8), (5, 9), (6, 8)]
3033,5,0,3,9,[(3, 11), (4, 10), (4, 11), (5, 9), (5, 10), (6, 9)]
3034,5,0,3,10,[(3, 12), (4, 11), (4, 12), (5, 10), (5, 11), (6, 10)]
3035,5,0,3,11,[(3, 13), (4, 12), (4, 13), (5, 11), (5, 12), (6, 11)]
3036,5,0,3,12,[(3, 14), (4, 13), (4, 14), (5, 12), (5, 13), (6, 12)]
3037,5,0,4,0,[(4, 2), (5, 1), (5, 2), (6, 0), (6, 1), (7, 0)]
3038,5,0,4,1,[(4, 3), (5, 2), (5, 3), (6, 1), (6, 2), (7, 1)]
3039,5,0,4,2,[(4, 4), (5, 3), (5, 4), (6, 2), (6, 3), (7, 2)]
3040,5,0,4,3,[(4, 5), (5, 4), (5, 5), (6, 3), (6, 4), (7, 3)]
3041,5,0,4,4,[(4, 6), (5, 5), (5, 6), (6, 4), (6, 5), (7, 4)]
3042,5,0,4,5,[(4, 7), (5, 6), (5, 7), (6, 5), (6, 6), (7, 5)]
3043,5,0,4,6,[(4, 8), (5, 7), (5, 8), (6, 6), (6, 7), (7, 6)]
3044,5,0,4,7,[(4, 9), (5, 8), (5, 9), (6, 7), (6, 8), (7, 7)]
3045,5,0,4,8,[(4, 10), (5, 9), (5, 10), (6, 8), (6, 9), (7, 8)]
3046,5,0,4,9,[(4, 11), (5, 10), (5, 11), (6, 9), (6, 10), (7, 9)]
3047,5,0,4,10,[(4, 12), (5, 11), (5, 12), (6, 10), (6, 11), (7, 10)]
3048,5,0,4,11,[(4, 13), (5, 12), (5, 13), (6, 11), (6, 12), (7, 11)]
3049,5,0,4,12,[(4, 14), (5, 13), (5, 14), (6, 12), (6, 13), (7, 12)]
3050,5,0,5,0,[(5, 2), (6, 1), (6, 2), (7, 0), (7, 1), (8, 0)]
3051,5,0,5,1,[(5, 3), (6, 2), (6, 3), (7, 1), (7, 2), (8, 1)]
3052,5,0,5,2,[(5, 4), (6, 3), (6, 4), (7, 2), (7, 3), (8, 2)]
3053,5,0,5,3,[(5, 5), (6, 4), (6, 5), (7, 3), (7, 4), (8, 3)]
3054,5,0,5,4,[(5, 6), (6, 5), (6, 6), (7, 4), (7, 5), (8, 4)]
3055,5,0,5,5,[(5, 7), (6, 6), (6, 7), (7, 5), (7, 6), (8, 5)]
3056,5,0,5,6,[(5, 8), (6, 7), (6, 8), (7, 6), (7, 7), (8, 6)]
3057,5,0,5,7,[(5, 9), (6, 8), (6, 9), (7, 7), (7, 8), (8, 7)]
3058,5,0,5,8,[(5, 10), (6, 9), (6, 10), (7, 8), (7, 9), (8, 8)]
3059,5,0,5,9,[(5, 11), (6, 10), (6, 11), (7, 9), (7, 10), (8, 9)]
3060,5,0,5,10,[(5, 12), (6, 11), (6, 12), (7, 10), (7, 11), (8, 10)]
3061,5,0,5,11,[(5, 13), (6, 12), (6, 13), (7, 11), (7, 12), (8, 11)]
3062,5,0,5,12,[(5, 14), (6, 13), (6, 14), (7, 12), (7, 13), (8, 12)]
3063,5,0,6,0,[(6, 2), (7, 1), (7, 2), (8, 0), (8, 1), (9, 0)]
3064,5,0,6,1,[(6, 3), (7, 2), (7, 3), (8, 1), (8, 2), (9, 1)]
3065,5,0,6,2,[(6, 4), (7, 3), (7, 4), (8, 2), (8, 3), (9, 2)]
3066,5,0,6,3,[(6, 5), (7, 4), (7, 5), (8, 3), (8, 4), (9, 3)]
3067,5,0,6,4,[(6, 6), (7, 5), (7, 6), (8, 4), (8, 5), (9, 4)]
3068,5,0,6,5,[(6, 7), (7, 6), (7, 7), (8, 5), (8, 6), (9, 5)]
3069,5,0,6,6,[(6, 8), (7, 7), (7, 8), (8, 6), (8, 7), (9, 6)]
3070,5,0,6,7,[(6, 9), (7, 8), (7, 9), (8, 7), (8, 8), (9, 7)]
3071,5,0,6,8,[(6, 10), (7, 9), (7, 10), (8, 8), (8, 9), (9, 8)]
3072,5,0,6,9,[(6, 11), (7, 10), (7, 11), (8, 9), (8, 10), (9, 9)]
3073,5,0,6,10,[(6, 12), (7, 11), (7, 12), (8, 10), (8, 11), (9, 10)]
3074,5,0,6,11,[(6, 13), (7, 12), (7, 13), (8, 11), (8, 12), (9, 11)]
3075,5,0,6,12,[(6, 14), (7, 13), (7, 14), (8, 12), (8, 13), (9, 12)]
3076,5,1,0,0,[(0, 0), (1, 0), (1, 1), (2, 1), (2, 2), (3, 2)]
3077,5,1,0,1,[(0, 1), (1, 1), (1, 2), (2, 2), (2, 3), (3, 3)]
3078,5,1,0,2,[(0, 2), (1, 2), (1, 3), (2, 3), (2, 4), (3, 4)]
3079,5,1,0,3,[(0, 3), (1, 3), (1, 4), (2, 4), (2, 5), (3, 5)]
3080,5,1,0,4,[(0, 4), (1, 4), (1, 5), (2, 5), (2, 6), (3, 6)]
3081,5,1,0,5,[(0, 5), (1, 5), (1, 6), (2, 6), (2, 7), (3, 7)]
3082,5,1,0,6,[(0, 6), (1, 6), (1, 7), (2, 7), (2, 8), (3, 8)]
3083,5,1,0,7,[(0, 7), (1, 7), (1, 8), (2, 8), (2, 9), (3, 9)]
3084,5,1,0,8,[(0, 8), (1, 8), (1, 9), (2, 9), (2, 10), (3, 10)]
3085,5,1,0,9,[(0, 9), (1, 9), (1, 10), (2, 10), (2, 11), (3, 11)]
3086,5,1,0,10,[(0, 10), (1, 10), (1, 11), (2, 11), (2, 12), (3, 12)]
3087,5,1,0,11,[(0, 11), (1, 11), (1, 12), (2, 12), (2, 13), (3, 13)]
3088,5,1,0,12,[(0, 12), (1, 12), (1, 13), (2, 13), (2, 14), (3, 14)]
3089,5,1,1,0,[(1, 0), (2, 0), (2, 1), (3, 1), (3, 2), (4, 2)]
3090,5,1,1,1,[(1, 1), (2, 1), (2, 2), (3, 2), (3, 3), (4, 3)]
3091,5,1,1,2,[(1, 2), (2, 2), (2, 3), (3, 3), (3, 4), (4, 4)]
3092,5,1,1,3,[(1, 3), (2, 3), (2, 4), (3, 4), (3, 5), (4, 5)]
3093,5,1,1,4,[(1, 4), (2, 4), (2, 5), (3, 5), (3, 6), (4, 6)]
3094,5,1,1,5,[(1, 5), (2, 5), (2, 6), (3, 6), (3, 7), (4, 7)]
3095,5,1,1,6,[(1, 6), (2, 6), (2, 7), (3, 7), (3, 8), (4, 8)]
3096,5,1,1,7,[(1, 7), (2, 7), (2, 8), (3, 8), (3, 9), (4, 9)]
3097,5,1,1,8,[(1, 8), (2, 8), (2, 9), (3, 9), (3, 10), (4, 10)]
3098,5,1,1,9,[(1, 9), (2, 9), (2, 10), (3, 10), (3, 11), (4, 11)]
3099,5,1,1,10,[(1, 10), (2, 10), (2, 11), (3, 11), (3, 12), (4, 12)]
3100,5,1,1,11,[(1, 11), (2, 11), (2, 12), (3, 12), (3, 13), (4, 13)]
3101,5,1,1,12,[(1, 12), (2, 12), (2, 13), (3, 13), (3, 14), (4, 14)]
3102,5,1,2,0,[(2, 0), (3, 0), (3, 1), (4, 1), (4, 2), (5, 2)]
3103,5,1,2,1,[(2, 1), (3, 1), (3, 2), (4, 2), (4, 3), (5, 3)]
3104,5,1,2,2,[(2, 2), (3, 2), (3, 3), (4, 3), (4, 4), (5, 4)]
3105,5,1,2,3,[(2, 3), (3, 3), (3, 4), (4, 4), (4, 5), (5, 5)]
3106,5,1,2,4,[(2, 4), (3, 4), (3, 5), (4, 5), (4, 6), (5, 6)]
3107,5,1,2,5,[(2, 5), (3, 5), (3, 6), (4, 6), (4, 7), (5, 7)]
3108,5,1,2,6,[(2, 6), (3, 6), (3, 7), (4, 7), (4, 8), (5, 8)]
3109,5,1,2,7,[(2, 7), (3, 7), (3, 8), (4, 8), (4, 9), (5, 9)]
3110,5,1,2,8,[(2, 8), (3, 8), (3, 9), (4, 9), (4, 10), (5, 10)]
3111,5,1,2,9,[(2, 9), (3, 9), (3, 10), (4, 10), (4, 11), (5, 11)]
3112,5,1,2,10,[(2, 10), (3, 10), (3, 11), (4, 11), (4, 12), (5, 12)]
3113,5,1,2,11,[(2, 11), (3, 11), (3, 12), (4, 12), (4, 13), (5, 13)]
3114,5,1,2,12,[(2, 12), (3, 12), (3, 13), (4, 13), (4, 14), (5, 14)]
3115,5,1,3,0,[(3, 0), (4, 0), (4, 1), (5, 1), (5, 2), (6, 2)]
3116,5,1,3,1,[(3, 1), (4, 1), (4, 2), (5, 2), (5, 3), (6, 3)]
3117,5,1,3,2,[(3, 2), (4, 2), (4, 3), (5, 3), (5, 4), (6, 4)]
3118,5,1,3,3,[(3, 3), (4, 3), (4, 4), (5, 4), (5, 5), (6, 5)]
3119,5,1,3,4,[(3, 4), (4, 4), (4, 5), (5, 5), (5, 6), (6, 6)]
3120,5,1,3,5,[(3, 5), (4, 5), (4, 6), (5, 6), (5, 7), (6, 7)]
3121,5,1,3,6,[(3, 6), (4, 6), (4, 7), (5, 7), (5, 8), (6, 8)]
3122,5,1,3,7,[(3, 7), (4, 7), (4, 8), (5, 8), (5, 9), (6, 9)]
3123,5,1,3,8,[(3, 8), (4, 8), (4, 9), (5, 9), (5, 10), (6, 10)]
3124,5,1,3,9,[(3, 9), (4, 9), (4, 10), (5, 10), (5, 11), (6, 11)]
3125,5,1,3,10,[(3, 10), (4, 10), (4, 11), (5, 11), (5, 12), (6, 12)]
3126,5,1,3,11,[(3, 11), (4, 11), (4, 12), (5, 12), (5, 13), (6, 13)]
3127,5,1,3,12,[(3, 12), (4, 12), (4, 13), (5, 13), (5, 14), (6, 14)]
3128,5,1,4,0,[(4, 0), (5, 0), (5, 1), (6, 1), (6, 2), (7, 2)]
3129,5,1,4,1,[(4, 1), (5, 1), (5, 2), (6, 2), (6, 3), (7, 3)]
3130,5,1,4,2,[(4, 2), (5, 2), (5, 3), (6, 3), (6, 4), (7, 4)]
3131,5,1,4,3,[(4, 3), (5, 3), (5, 4), (6, 4), (6, 5), (7, 5)]
3132,5,1,4,4,[(4, 4), (5, 4), (5, 5), (6, 5), (6, 6), (7, 6)]
3133,5,1,4,5,[(4, 5), (5, 5), (5, 6), (6, 6), (6, 7), (7, 7)]
3134,5,1,4,6,[(4, 6), (5, 6), (5, 7), (6, 7), (6, 8), (7, 8)]
3135,5,1,4,7,[(4, 7), (5, 7), (5, 8), (6, 8), (6, 9), (7, 9)]
3136,5,1,4,8,[(4, 8), (5, 8), (5, 9), (6, 9), (6, 10), (7, 10)]
3137,5,1,4,9,[(4, 9), (5, 9), (5, 10), (6, 10), (6, 11), (7, 11)]
3138,5,1,4,10,[(4, 10), (5, 10), (5, 11), (6, 11), (6, 12), (7, 12)]
3139,5,1,4,11,[(4, 11), (5, 11), (5, 12), (6, 12), (6, 13), (7, 13)]
3140,5,1,4,12,[(4, 12), (5, 12), (5, 13), (6, 13), (6, 14), (7, 14)]
3141,5,1,5,0,[(5, 0), (6, 0), (6, 1), (7, 1), (7, 2), (8, 2)]
3142,5,1,5,1,[(5, 1), (6, 1), (6, 2), (7, 2), (7, 3), (8, 3)]
3143,5,1,5,2,[(5, 2), (6, 2), (6, 3), (7, 3), (7, 4), (8, 4)]
3144,5,1,5,3,[(5, 3), (6, 3), (6, 4), (7, 4), (7, 5), (8, 5)]
3145,5,1,5,4,[(5, 4), (6, 4), (6, 5), (7, 5), (7, 6), (8, 6)]
3146,5,1,5,5,[(5, 5), (6, 5), (6, 6), (7, 6), (7, 7), (8, 7)]
3147,5,1,5,6,[(5, 6), (6, 6), (6, 7), (7, 7), (7, 8), (8, 8)]
3148,5,1,5,7,[(5, 7), (6, 7), (6, 8), (7, 8), (7, 9), (8, 9)]
3149,5,1,5,8,[(5, 8), (6, 8), (6, 9), (7, 9), (7, 10), (8, 10)]
3150,5,1,5,9,[(5, 9), (6, 9), (6, 10), (7, 10), (7, 11), (8, 11)]
3151,5,1,5,10,[(5, 10), (6, 10), (6, 11), (7, 11), (7, 12), (8, 12)]
3152,5,1,5,11,[(5, 11), (6, 11), (6, 12), (7, 12), (7, 13), (8, 13)]
3153,5,1,5,12,[(5, 12), (6, 12), (6, 13), (7, 13), (7, 14), (8, 14)]
3154,5,1,6,0,[(6, 0), (7, 0), (7, 1), (8, 1), (8, 2), (9, 2)]
3155,5,1,6,1,[(6, 1), (7, 1), (7, 2), (8, 2), (8, 3), (9, 3)]
3156,5,1,6,2,[(6, 2), (7, 2), (7, 3), (8, 3), (8, 4), (9, 4)]
3157,5,1,6,3,[(6, 3), (7, 3), (7, 4), (8, 4), (8, 5), (9, 5)]
3158,5,1,6,4,[(6, 4), (7, 4), (7, 5), (8, 5), (8, 6), (9, 6)]
3159,5,1,6,5,[(6, 5), (7, 5), (7, 6), (8, 6), (8, 7), (9, 7)]
3160,5,1,6,6,[(6, 6), (7, 6), (7, 7), (8, 7), (8, 8), (9, 8)]
3161,5,1,6,7,[(6, 7), (7, 7), (7, 8), (8, 8), (8, 9), (9, 9)]
3162,5,1,6,8,[(6, 8), (7, 8), (7, 9), (8, 9), (8, 10), (9, 10)]
3163,5,1,6,9,[(6, 9), (7, 9), (7, 10), (8, 10), (8, 11), (9, 11)]
3164,5,1,6,10,[(6, 10), (7, 10), (7, 11), (8, 11), (8, 12), (9, 12)]
3165,5,1,6,11,[(6, 11), (7, 11), (7, 12), (8, 12), (8, 13), (9, 13)]
3166,5,1,6,12,[(6, 12), (7, 12), (7, 13), (8, 13), (8, 14), (9, 14)]
3167,5,2,0,0,[(0, 0), (0, 1), (1, 1), (1, 2), (2, 2), (2, 3)]
3168,5,2,0,1,[(0, 1), (0, 2), (1, 2), (1, 3), (2, 3), (2, 4)]
3169,5,2,0,2,[(0, 2), (0, 3), (1, 3), (1, 4), (2, 4), (2, 5)]
3170,5,2,0,3,[(0, 3), (0, 4), (1, 4), (1, 5), (2, 5), (2, 6)]
3171,5,2,0,4,[(0, 4), (0, 5), (1, 5), (1, 6), (2, 6), (2, 7)]
3172,5,2,0,5,[(0, 5), (0, 6), (1, 6), (1, 7), (2, 7), (2, 8)]
3173,5,2,0,6,[(0, 6), (0, 7), (1, 7), (1, 8), (2, 8), (2, 9)]
3174,5,2,0,7,[(0, 7), (0, 8), (1, 8), (1, 9), (2, 9), (2, 10)]
3175,5,2,0,8,[(0, 8), (0, 9), (1, 9), (1, 10), (2, 10), (2, 11)]
3176,5,2,0,9,[(0, 9), (0, 10), (1, 10), (1, 11), (2, 11), (2, 12)]
3177,5,2,0,10,[(0, 10), (0, 11), (1, 11), (1, 12), (2, 12), (2, 13)]
3178,5,2,0,11,[(0, 11), (0, 12), (1, 12), (1, 13), (2, 13), (2, 14)]
3179,5,2,1,0,[(1, 0), (1, 1), (2, 1), (2, 2), (3, 2), (3, 3)]
3180,5,2,1,1,[(1, 1), (1, 2), (2, 2), (2, 3), (3, 3), (3, 4)]
3181,5,2,1,2,[(1, 2), (1, 3), (2, 3), (2, 4), (3, 4), (3, 5)]
3182,5,2,1,3,[(1, 3), (1, 4), (2, 4), (2, 5), (3, 5), (3, 6)]
3183,5,2,1,4,[(1, 4), (1, 5), (2, 5), (2, 6), (3, 6), (3, 7)]
3184,5,2,1,5,[(1, 5), (1, 6), (2, 6), (2, 7), (3, 7), (3, 8)]
3185,5,2,1,6,[(1, 6), (1, 7), (2, 7), (2, 8), (3, 8), (3, 9)]
3186,5,2,1,7,[(1, 7), (1, 8), (2, 8), (2, 9), (3, 9), (3, 10)]
3187,5,2,1,8,[(1, 8), (1, 9), (2, 9), (2, 10), (3, 10), (3, 11)]
3188,5,2,1,9,[(1, 9), (1, 10), (2, 10), (2, 11), (3, 11), (3, 12)]
3189,5,2,1,10,[(1, 10), (1, 11), (2, 11), (2, 12), (3, 12), (3, 13)]
3190,5,2,1,11,[(1, 11), (1, 12), (2, 12), (2, 13), (3, 13), (3, 14)]
3191,5,2,2,0,[(2, 0), (2, 1), (3, 1), (3, 2), (4, 2), (4, 3)]
3192,5,2,2,1,[(2, 1), (2, 2), (3, 2), (3, 3), (4, 3), (4, 4)]
3193,5,2,2,2,[(2, 2), (2, 3), (3, 3), (3, 4), (4, 4), (4, 5)]
3194,5,2,2,3,[(2, 3), (2, 4), (3, 4), (3, 5), (4, 5), (4, 6)]
3195,5,2,2,4,[(2, 4), (2, 5), (3, 5), (3, 6), (4, 6), (4, 7)]
3196,5,2,2,5,[(2, 5), (2, 6), (3, 6), (3, 7), (4, 7), (4, 8)]
3197,5,2,2,6,[(2, 6), (2, 7), (3, 7), (3, 8), (4, 8), (4, 9)]
3198,5,2,2,7,[(2, 7), (2, 8), (3, 8), (3, 9), (4, 9), (4, 10)]
3199,5,2,2,8,[(2, 8), (2, 9), (3, 9), (3, 10), (4, 10), (4, 11)]
3200,5,2,2,9,[(2, 9), (2, 10), (3, 10), (3, 11), (4, 11), (4, 12)]
3201,5,2,2,10,[(2, 10), (2, 11), (3, 11), (3, 12), (4, 12), (4, 13)]
3202,5,2,2,11,[(2, 11), (2, 12), (3, 12), (3, 13), (4, 13), (4, 14)]
3203,5,2,3,0,[(3, 0), (3, 1), (4, 1), (4, 2), (5, 2), (5, 3)]
3204,5,2,3,1,[(3, 1), (3, 2), (4, 2), (4, 3), (5, 3), (5, 4)]
3205,5,2,3,2,[(3, 2), (3, 3), (4, 3), (4, 4), (5, 4), (5, 5)]
3206,5,2,3,3,[(3, 3), (3, 4), (4, 4), (4, 5), (5, 5), (5, 6)]
3207,5,2,3,4,[(3, 4), (3, 5), (4, 5), (4, 6), (5, 6), (5, 7)]
3208,5,2,3,5,[(3, 5), (3, 6), (4, 6), (4, 7), (5, 7), (5, 8)]
3209,5,2,3,6,[(3, 6), (3, 7), (4, 7), (4, 8), (5, 8), (5, 9)]
3210,5,2,3,7,[(3, 7), (3, 8), (4, 8), (4, 9), (5, 9), (5, 10)]
3211,5,2,3,8,[(3, 8), (3, 9), (4, 9), (4, 10), (5, 10), (5, 11)]
3212,5,2,3,9,[(3, 9), (3, 10), (4, 10), (4, 11), (5, 11), (5, 12)]
3213,5,2,3,10,[(3, 10), (3, 11), (4, 11), (4, 12), (5, 12), (5, 13)]
3214,5,2,3,11,[(3, 11), (3, 12), (4, 12), (4, 13), (5, 13), (5, 14)]
3215,5,2,4,0,[(4, 0), (4, 1), (5, 1), (5, 2), (6, 2), (6, 3)]
3216,5,2,4,1,[(4, 1), (4, 2), (5, 2), (5, 3), (6, 3), (6, 4)]
3217,5,2,4,2,[(4, 2), (4, 3), (5, 3), (5, 4), (6, 4), (6, 5)]
3218,5,2,4,3,[(4, 3), (4, 4), (5, 4), (5, 5), (6, 5), (6, 6)]
3219,5,2,4,4,[(4, 4), (4, 5), (5, 5), (5, 6), (6, 6), (6, 7)]
3220,5,2,4,5,[(4, 5), (4, 6), (5, 6), (5, 7), (6, 7), (6, 8)]
3221,5,2,4,6,[(4, 6), (4, 7), (5, 7), (5, 8), (6, 8), (6, 9)]
3222,5,2,4,7,[(4, 7), (4, 8), (5, 8), (5, 9), (6, 9), (6, 10)]
3223,5,2,4,8,[(4, 8), (4, 9), (5, 9), (5, 10), (6, 10), (6, 11)]
3224,5,2,4,9,[(4, 9), (4, 10), (5, 10), (5, 11), (6, 11), (6, 12)]
3225,5,2,4,10,[(4, 10), (4, 11), (5, 11), (5, 12), (6, 12), (6, 13)]
3226,5,2,4,11,[(4, 11), (4, 12), (5, 12), (5, 13), (6, 13), (6, 14)]
3227,5,2,5,0,[(5, 0), (5, 1), (6, 1), (6, 2), (7, 2), (7, 3)]
3228,5,2,5,1,[(5, 1), (5, 2), (6, 2), (6, 3), (7, 3), (7, 4)]
3229,5,2,5,2,[(5, 2), (5, 3), (6, 3), (6, 4), (7, 4), (7, 5)]
3230,5,2,5,3,[(5, 3), (5, 4), (6, 4), (6, 5), (7, 5), (7, 6)]
3231,5,2,5,4,[(5, 4), (5, 5), (6, 5), (6, 6), (7, 6), (7, 7)]
3232,5,2,5,5,[(5, 5), (5, 6), (6, 6), (6, 7), (7, 7), (7, 8)]
3233,5,2,5,6,[(5, 6), (5, 7), (6, 7), (6, 8), (7, 8), (7, 9)]
3234,5,2,5,7,[(5, 7), (5, 8), (6, 8), (6, 9), (7, 9), (7, 10)]
3235,5,2,5,8,[(5, 8), (5, 9), (6, 9), (6, 10), (7, 10), (7, 11)]
3236,5,2,5,9,[(5, 9), (5, 10), (6, 10), (6, 11), (7, 11), (7, 12)]
3237,5,2,5,10,[(5, 10), (5, 11), (6, 11), (6, 12), (7, 12), (7, 13)]
3238,5,2,5,11,[(5, 11), (5, 12), (6, 12), (6, 13), (7, 13), (7, 14)]
3239,5,2,6,0,[(6, 0), (6, 1), (7, 1), (7, 2), (8, 2), (8, 3)]
3240,5,2,6,1,[(6, 1), (6, 2), (7, 2), (7, 3), (8, 3), (8, 4)]
3241,5,2,6,2,[(6, 2), (6, 3), (7, 3), (7, 4), (8, 4), (8, 5)]
3242,5,2,6,3,[(6, 3), (6, 4), (7, 4), (7, 5), (8, 5), (8, 6)]
3243,5,2,6,4,[(6, 4), (6, 5), (7, 5), (7, 6), (8, 6), (8, 7)]
3244,5,2,6,5,[(6, 5), (6, 6), (7, 6), (7, 7), (8, 7), (8, 8)]
3245,5,2,6,6,[(6, 6), (6, 7), (7, 7), (7, 8), (8, 8), (8, 9)]
3246,5,2,6,7,[(6, 7), (6, 8), (7, 8), (7, 9), (8, 9), (8, 10)]
3247,5,2,6,8,[(6, 8), (6, 9), (7, 9), (7, 10), (8, 10), (8, 11)]
3248,5,2,6,9,[(6, 9), (6, 10), (7, 10), (7, 11), (8, 11), (8, 12)]
3249,5,2,6,10,[(6, 10), (6, 11), (7, 11), (7, 12), (8, 12), (8, 13)]
3250,5,2,6,11,[(6, 11), (6, 12), (7, 12), (7, 13), (8, 13), (8, 14)]
3251,5,2,7,0,[(7, 0), (7, 1), (8, 1), (8, 2), (9, 2), (9, 3)]
3252,5,2,7,1,[(7, 1), (7, 2), (8, 2), (8, 3), (9, 3), (9, 4)]
3253,5,2,7,2,[(7, 2), (7, 3), (8, 3), (8, 4), (9, 4), (9, 5)]
3254,5,2,7,3,[(7, 3), (7, 4), (8, 4), (8, 5), (9, 5), (9, 6)]
3255,5,2,7,4,[(7, 4), (7, 5), (8, 5), (8, 6), (9, 6), (9, 7)]
3256,5,2,7,5,[(7, 5), (7, 6), (8, 6), (8, 7), (9, 7), (9, 8)]
3257,5,2,7,6,[(7, 6), (7, 7), (8, 7), (8, 8), (9, 8), (9, 9)]
3258,5,2,7,7,[(7, 7), (7, 8), (8, 8), (8, 9), (9, 9), (9, 10)]
3259,5,2,7,8,[(7, 8), (7, 9), (8, 9), (8, 10), (9, 10), (9, 11)]
3260,5,2,7,9,[(7, 9), (7, 10), (8, 10), (8, 11), (9, 11), (9, 12)]
3261,5,2,7,10,[(7, 10), (7, 11), (8, 11), (8, 12), (9, 12), (9, 13)]
3262,5,2,7,11,[(7, 11), (7, 12), (8, 12), (8, 13), (9, 13), (9, 14)]
3263,5,3,0,0,[(0, 2), (0, 3), (1, 1), (1, 2), (2, 0), (2, 1)]
3264,5,3,0,1,[(0, 3), (0, 4), (1, 2), (1, 3), (2, 1), (2, 2)]
3265,5,3,0,2,[(0, 4), (0, 5), (1, 3), (1, 4), (2, 2), (2, 3)]
3266,5,3,0,3,[(0, 5), (0, 6), (1, 4), (1, 5), (2, 3), (2, 4)]
3267,5,3,0,4,[(0, 6), (0, 7), (1, 5), (1, 6), (2, 4), (2, 5)]
3268,5,3,0,5,[(0, 7), (0, 8), (1, 6), (1, 7), (2, 5), (2, 6)]
3269,5,3,0,6,[(0, 8), (0, 9), (1, 7), (1, 8), (2, 6), (2, 7)]
3270,5,3,0,7,[(0, 9), (0, 10), (1, 8), (1, 9), (2, 7), (2, 8)]
3271,5,3,0,8,[(0, 10), (0, 11), (1, 9), (1, 10), (2, 8), (2, 9)]
3272,5,3,0,9,[(0, 11), (0, 12), (1, 10), (1, 11), (2, 9), (2, 10)]
3273,5,3,0,10,[(0, 12), (0, 13), (1, 11), (1, 12), (2, 10), (2, 11)]
3274,5,3,0,11,[(0, 13), (0, 14), (1, 12), (1, 13), (2, 11), (2, 12)]
3275,5,3,1,0,[(1, 2), (1, 3), (2, 1), (2, 2), (3, 0), (3, 1)]
3276,5,3,1,1,[(1, 3), (1, 4), (2, 2), (2, 3), (3, 1), (3, 2)]
3277,5,3,1,2,[(1, 4), (1, 5), (2, 3), (2, 4), (3, 2), (3, 3)]
3278,5,3,1,3,[(1, 5), (1, 6), (2, 4), (2, 5), (3, 3), (3, 4)]
3279,5,3,1,4,[(1, 6), (1, 7), (2, 5), (2, 6), (3, 4), (3, 5)]
3280,5,3,1,5,[(1, 7), (1, 8), (2, 6), (2, 7), (3, 5), (3, 6)]
3281,5,3,1,6,[(1, 8), (1, 9), (2, 7), (2, 8), (3, 6), (3, 7)]
3282,5,3,1,7,[(1, 9), (1, 10), (2, 8), (2, 9), (3, 7), (3, 8)]
3283,5,3,1,8,[(1, 10), (1, 11), (2, 9), (2, 10), (3, 8), (3, 9)]
3284,5,3,1,9,[(1, 11), (1, 12), (2, 10), (2, 11), (3, 9), (3, 10)]
3285,5,3,1,10,[(1, 12), (1, 13), (2, 11), (2, 12), (3, 10), (3, 11)]
3286,5,3,1,11,[(1, 13), (1, 14), (2, 12), (2, 13), (3, 11), (3, 12)]
3287,5,3,2,0,[(2, 2), (2, 3), (3, 1), (3, 2), (4, 0), (4, 1)]
3288,5,3,2,1,[(2, 3), (2, 4), (3, 2), (3, 3), (4, 1), (4, 2)]
3289,5,3,2,2,[(2, 4), (2, 5), (3, 3), (3, 4), (4, 2), (4, 3)]
3290,5,3,2,3,[(2, 5), (2, 6), (3, 4), (3, 5), (4, 3), (4, 4)]
3291,5,3,2,4,[(2, 6), (2, 7), (3, 5), (3, 6), (4, 4), (4, 5)]
3292,5,3,2,5,[(2, 7), (2, 8), (3, 6), (3, 7), (4, 5), (4, 6)]
3293,5,3,2,6,[(2, 8), (2, 9), (3, 7), (3, 8), (4, 6), (4, 7)]
3294,5,3,2,7,[(2, 9), (2, 10), (3, 8), (3, 9), (4, 7), (4, 8)]
3295,5,3,2,8,[(2, 10), (2, 11), (3, 9), (3, 10), (4, 8), (4, 9)]
3296,5,3,2,9,[(2, 11), (2, 12), (3, 10), (3, 11), (4, 9), (4, 10)]
3297,5,3,2,10,[(2, 12), (2, 13), (3, 11), (3, 12), (4, 10), (4, 11)]
3298,5,3,2,11,[(2, 13), (2, 14), (3, 12), (3, 13), (4, 11), (4, 12)]
3299,5,3,3,0,[(3, 2), (3, 3), (4, 1), (4, 2), (5, 0), (5, 1)]
3300,5,3,3,1,[(3, 3), (3, 4), (4, 2), (4, 3), (5, 1), (5, 2)]
3301,5,3,3,2,[(3, 4), (3, 5), (4, 3), (4, 4), (5, 2), (5, 3)]
3302,5,3,3,3,[(3, 5), (3, 6), (4, 4), (4, 5), (5, 3), (5, 4)]
3303,5,3,3,4,[(3, 6), (3, 7), (4, 5), (4, 6), (5, 4), (5, 5)]
3304,5,3,3,5,[(3, 7), (3, 8), (4, 6), (4, 7), (5, 5), (5, 6)]
3305,5,3,3,6,[(3, 8), (3, 9), (4, 7), (4, 8), (5, 6), (5, 7)]
3306,5,3,3,7,[(3, 9), (3, 10), (4, 8), (4, 9), (5, 7), (5, 8)]
3307,5,3,3,8,[(3, 10), (3, 11), (4, 9), (4, 10), (5, 8), (5, 9)]
3308,5,3,3,9,[(3, 11), (3, 12), (4, 10), (4, 11), (5, 9), (5, 10)]
3309,5,3,3,10,[(3, 12), (3, 13), (4, 11), (4, 12), (5, 10), (5, 11)]
3310,5,3,3,11,[(3, 13), (3, 14), (4, 12), (4, 13), (5, 11), (5, 12)]
3311,5,3,4,0,[(4, 2), (4, 3), (5, 1), (5, 2), (6, 0), (6, 1)]
3312,5,3,4,1,[(4, 3), (4, 4), (5, 2), (5, 3), (6, 1), (6, 2)]
3313,5,3,4,2,[(4, 4), (4, 5), (5, 3), (5, 4), (6, 2), (6, 3)]
3314,5,3,4,3,[(4, 5), (4, 6), (5, 4), (5, 5), (6, 3), (6, 4)]
3315,5,3,4,4,[(4, 6), (4, 7), (5, 5), (5, 6), (6, 4), (6, 5)]
3316,5,3,4,5,[(4, 7), (4, 8), (5, 6), (5, 7), (6, 5), (6, 6)]
3317,5,3,4,6,[(4, 8), (4, 9), (5, 7), (5, 8), (6, 6), (6, 7)]
3318,5,3,4,7,[(4, 9), (4, 10), (5, 8), (5, 9), (6, 7), (6, 8)]
3319,5,3,4,8,[(4, 10), (4, 11), (5, 9), (5, 10), (6, 8), (6, 9)]
3320,5,3,4,9,[(4, 11), (4, 12), (5, 10), (5, 11), (6, 9), (6, 10)]
3321,5,3,4,10,[(4, 12), (4, 13), (5, 11), (5, 12), (6, 10), (6, 11)]
3322,5,3,4,11,[(4, 13), (4, 14), (5, 12), (5, 13), (6, 11), (6, 12)]
3323,5,3,5,0,[(5, 2), (5, 3), (6, 1), (6, 2), (7, 0), (7, 1)]
3324,5,3,5,1,[(5, 3), (5, 4), (6, 2), (6, 3), (7, 1), (7, 2)]
3325,5,3,5,2,[(5, 4), (5, 5), (6, 3), (6, 4), (7, 2), (7, 3)]
3326,5,3,5,3,[(5, 5), (5, 6), (6, 4), (6, 5), (7, 3), (7, 4)]
3327,5,3,5,4,[(5, 6), (5, 7), (6, 5), (6, 6), (7, 4), (7, 5)]
3328,5,3,5,5,[(5, 7), (5, 8), (6, 6), (6, 7), (7, 5), (7, 6)]
3329,5,3,5,6,[(5, 8), (5, 9), (6, 7), (6, 8), (7, 6), (7, 7)]
3330,5,3,5,7,[(5, 9), (5, 10), (6, 8), (6, 9), (7, 7), (7, 8)]
3331,5,3,5,8,[(5, 10), (5, 11), (6, 9), (6, 10), (7, 8), (7, 9)]
3332,5,3,5,9,[(5, 11), (5, 12), (6, 10), (6, 11), (7, 9), (7, 10)]
3333,5,3,5,10,[(5, 12), (5, 13), (6, 11), (6, 12), (7, 10), (7, 11)]
3334,5,3,5,11,[(5, 13), (5, 14), (6, 12), (6, 13), (7, 11), (7, 12)]
3335,5,3,6,0,[(6, 2), (6, 3), (7, 1), (7, 2), (8, 0), (8, 1)]
3336,5,3,6,1,[(6, 3), (6, 4), (7, 2), (7, 3), (8, 1), (8, 2)]
3337,5,3,6,2,[(6, 4), (6, 5), (7, 3), (7, 4), (8, 2), (8, 3)]
3338,5,3,6,3,[(6, 5), (6, 6), (7, 4), (7, 5), (8, 3), (8, 4)]
3339,5,3,6,4,[(6, 6), (6, 7), (7, 5), (7, 6), (8, 4), (8, 5)]
3340,5,3,6,5,[(6, 7), (6, 8), (7, 6), (7, 7), (8, 5), (8, 6)]
3341,5,3,6,6,[(6, 8), (6, 9), (7, 7), (7, 8), (8, 6), (8, 7)]
3342,5,3,6,7,[(6, 9), (6, 10), (7, 8), (7, 9), (8, 7), (8, 8)]
3343,5,3,6,8,[(6, 10), (6, 11), (7, 9), (7, 10), (8, 8), (8, 9)]
3344,5,3,6,9,[(6, 11), (6, 12), (7, 10), (7, 11), (8, 9), (8, 10)]
3345,5,3,6,10,[(6, 12), (6, 13), (7, 11), (7, 12), (8, 10), (8, 11)]
3346,5,3,6,11,[(6, 13), (6, 14), (7, 12), (7, 13), (8, 11), (8, 12)]
3347,5,3,7,0,[(7, 2), (7, 3), (8, 1), (8, 2), (9, 0), (9, 1)]
3348,5,3,7,1,[(7, 3), (7, 4), (8, 2), (8, 3), (9, 1), (9, 2)]
3349,5,3,7,2,[(7, 4), (7, 5), (8, 3), (8, 4), (9, 2), (9, 3)]
3350,5,3,7,3,[(7, 5), (7, 6), (8, 4), (8, 5), (9, 3), (9, 4)]
3351,5,3,7,4,[(7, 6), (7, 7), (8, 5), (8, 6), (9, 4), (9, 5)]
3352,5,3,7,5,[(7, 7), (7, 8), (8, 6), (8, 7), (9, 5), (9, 6)]
3353,5,3,7,6,[(7, 8), (7, 9), (8, 7), (8, 8), (9, 6), (9, 7)]
3354,5,3,7,7,[(7, 9), (7, 10), (8, 8), (8, 9), (9, 7), (9, 8)]
3355,5,3,7,8,[(7, 10), (7, 11), (8, 9), (8, 10), (9, 8), (9, 9)]
3356,5,3,7,9,[(7, 11), (7, 12), (8, 10), (8, 11), (9, 9), (9, 10)]
3357,5,3,7,10,[(7, 12), (7, 13), (8, 11), (8, 12), (9, 10), (9, 11)]
3358,5,3,7,11,[(7, 13), (7, 14), (8, 12), (8, 13), (9, 11), (9, 12)]
3359,6,0,0,0,[(0, 1), (1, 1), (1, 2), (2, 0), (2, 1), (3, 1)]
3360,6,0,0,1,[(0, 2), (1, 2), (1, 3), (2, 1), (2, 2), (3, 2)]
3361,6,0,0,2,[(0, 3), (1, 3), (1, 4), (2, 2), (2, 3), (3, 3)]
3362,6,0,0,3,[(0, 4), (1, 4), (1, 5), (2, 3), (2, 4), (3, 4)]
3363,6,0,0,4,[(0, 5), (1, 5), (1, 6), (2, 4), (2, 5), (3, 5)]
3364,6,0,0,5,[(0, 6), (1, 6), (1, 7), (2, 5), (2, 6), (3, 6)]
3365,6,0,0,6,[(0, 7), (1, 7), (1, 8), (2, 6), (2, 7), (3, 7)]
3366,6,0,0,7,[(0, 8), (1, 8), (1, 9), (2, 7), (2, 8), (3, 8)]
3367,6,0,0,8,[(0, 9), (1, 9), (1, 10), (2, 8), (2, 9), (3, 9)]
3368,6,0,0,9,[(0, 10), (1, 10), (1, 11), (2, 9), (2, 10), (3, 10)]
3369,6,0,0,10,[(0, 11), (1, 11), (1, 12), (2, 10), (2, 11), (3, 11)]
3370,6,0,0,11,[(0, 12), (1, 12), (1, 13), (2, 11), (2, 12), (3, 12)]
3371,6,0,0,12,[(0, 13), (1, 13), (1, 14), (2, 12), (2, 13), (3, 13)]
3372,6,0,1,0,[(1, 1), (2, 1), (2, 2), (3, 0), (3, 1), (4, 1)]
3373,6,0,1,1,[(1, 2), (2, 2), (2, 3), (3, 1), (3, 2), (4, 2)]
3374,6,0,1,2,[(1, 3), (2, 3), (2, 4), (3, 2), (3, 3), (4, 3)]
3375,6,0,1,3,[(1, 4), (2, 4), (2, 5), (3, 3), (3, 4), (4, 4)]
3376,6,0,1,4,[(1, 5), (2, 5), (2, 6), (3, 4), (3, 5), (4, 5)]
3377,6,0,1,5,[(1, 6), (2, 6), (2, 7), (3, 5), (3, 6), (4, 6)]
3378,6,0,1,6,[(1, 7), (2, 7), (2, 8), (3, 6), (3, 7), (4, 7)]
3379,6,0,1,7,[(1, 8), (2, 8), (2, 9), (3, 7), (3, 8), (4, 8)]
3380,6,0,1,8,[(1, 9), (2, 9), (2, 10), (3, 8), (3, 9), (4, 9)]
3381,6,0,1,9,[(1, 10), (2, 10), (2, 11), (3, 9), (3, 10), (4, 10)]
3382,6,0,1,10,[(1, 11), (2, 11), (2, 12), (3, 10), (3, 11), (4, 11)]
3383,6,0,1,11,[(1, 12), (2, 12), (2, 13), (3, 11), (3, 12), (4, 12)]
3384,6,0,1,12,[(1, 13), (2, 13), (2, 14), (3, 12), (3, 13), (4, 13)]
3385,6,0,2,0,[(2, 1), (3, 1), (3, 2), (4, 0), (4, 1), (5, 1)]
3386,6,0,2,1,[(2, 2), (3, 2), (3, 3), (4, 1), (4, 2), (5, 2)]
3387,6,0,2,2,[(2, 3), (3, 3), (3, 4), (4, 2), (4, 3), (5, 3)]
3388,6,0,2,3,[(2, 4), (3, 4), (3, 5), (4, 3), (4, 4), (5, 4)]
3389,6,0,2,4,[(2, 5), (3, 5), (3, 6), (4, 4), (4, 5), (5, 5)]
3390,6,0,2,5,[(2, 6), (3, 6), (3, 7), (4, 5), (4, 6), (5, 6)]
3391,6,0,2,6,[(2, 7), (3, 7), (3, 8), (4, 6), (4, 7), (5, 7)]
3392,6,0,2,7,[(2, 8), (3, 8), (3, 9), (4, 7), (4, 8), (5, 8)]
3393,6,0,2,8,[(2, 9), (3, 9), (3, 10), (4, 8), (4, 9), (5, 9)]
3394,6,0,2,9,[(2, 10), (3, 10), (3, 11), (4, 9), (4, 10), (5, 10)]
3395,6,0,2,10,[(2, 11), (3, 11), (3, 12), (4, 10), (4, 11), (5, 11)]
3396,6,0,2,11,[(2, 12), (3, 12), (3, 13), (4, 11), (4, 12), (5, 12)]
3397,6,0,2,12,[(2, 13), (3, 13), (3, 14), (4, 12), (4, 13), (5, 13)]
3398,6,0,3,0,[(3, 1), (4, 1), (4, 2), (5, 0), (5, 1), (6, 1)]
3399,6,0,3,1,[(3, 2), (4, 2), (4, 3), (5, 1), (5, 2), (6, 2)]
3400,6,0,3,2,[(3, 3), (4, 3), (4, 4), (5, 2), (5, 3), (6, 3)]
3401,6,0,3,3,[(3, 4), (4, 4), (4, 5), (5, 3), (5, 4), (6, 4)]
3402,6,0,3,4,[(3, 5), (4, 5), (4, 6), (5, 4), (5, 5), (6, 5)]
3403,6,0,3,5,[(3, 6), (4, 6), (4, 7), (5, 5), (5, 6), (6, 6)]
3404,6,0,3,6,[(3, 7), (4, 7), (4, 8), (5, 6), (5, 7), (6, 7)]
3405,6,0,3,7,[(3, 8), (4, 8), (4, 9), (5, 7), (5, 8), (6, 8)]
3406,6,0,3,8,[(3, 9), (4, 9), (4, 10), (5, 8), (5, 9), (6, 9)]
3407,6,0,3,9,[(3, 10), (4, 10), (4, 11), (5, 9), (5, 10), (6, 10)]
3408,6,0,3,10,[(3, 11), (4, 11), (4, 12), (5, 10), (5, 11), (6, 11)]
3409,6,0,3,11,[(3, 12), (4, 12), (4, 13), (5, 11), (5, 12), (6, 12)]
3410,6,0,3,12,[(3, 13), (4, 13), (4, 14), (5, 12), (5, 13), (6, 13)]
3411,6,0,4,0,[(4, 1), (5, 1), (5, 2), (6, 0), (6, 1), (7, 1)]
3412,6,0,4,1,[(4, 2), (5, 2), (5, 3), (6, 1), (6, 2), (7, 2)]
3413,6,0,4,2,[(4, 3), (5, 3), (5, 4), (6, 2), (6, 3), (7, 3)]
3414,6,0,4,3,[(4, 4), (5, 4), (5, 5), (6, 3), (6, 4), (7, 4)]
3415,6,0,4,4,[(4, 5), (5, 5), (5, 6), (6, 4), (6, 5), (7, 5)]
3416,6,0,4,5,[(4, 6), (5, 6), (5, 7), (6, 5), (6, 6), (7, 6)]
3417,6,0,4,6,[(4, 7), (5, 7), (5, 8), (6, 6), (6, 7), (7, 7)]
3418,6,0,4,7,[(4, 8), (5, 8), (5, 9), (6, 7), (6, 8), (7, 8)]
3419,6,0,4,8,[(4, 9), (5, 9), (5, 10), (6, 8), (6, 9), (7, 9)]
3420,6,0,4,9,[(4, 10), (5, 10), (5, 11), (6, 9), (6, 10), (7, 10)]
3421,6,0,4,10,[(4, 11), (5, 11), (5, 12), (6, 10), (6, 11), (7, 11)]
3422,6,0,4,11,[(4, 12), (5, 12), (5, 13), (6, 11), (6, 12), (7, 12)]
3423,6,0,4,12,[(4, 13), (5, 13), (5, 14), (6, 12), (6, 13), (7, 13)]
3424,6,0,5,0,[(5, 1), (6, 1), (6, 2), (7, 0), (7, 1), (8, 1)]
3425,6,0,5,1,[(5, 2), (6, 2), (6, 3), (7, 1), (7, 2), (8, 2)]
3426,6,0,5,2,[(5, 3), (6, 3), (6, 4), (7, 2), (7, 3), (8, 3)]
3427,6,0,5,3,[(5, 4), (6, 4), (6, 5), (7, 3), (7, 4), (8, 4)]
3428,6,0,5,4,[(5, 5), (6, 5), (6, 6), (7, 4), (7, 5), (8, 5)]
3429,6,0,5,5,[(5, 6), (6, 6), (6, 7), (7, 5), (7, 6), (8, 6)]
3430,6,0,5,6,[(5, 7), (6, 7), (6, 8), (7, 6), (7, 7), (8, 7)]
3431,6,0,5,7,[(5, 8), (6, 8), (6, 9), (7, 7), (7, 8), (8, 8)]
3432,6,0,5,8,[(5, 9), (6, 9), (6, 10), (7, 8), (7, 9), (8, 9)]
3433,6,0,5,9,[(5, 10), (6, 10), (6, 11), (7, 9), (7, 10), (8, 10)]
3434,6,0,5,10,[(5, 11), (6, 11), (6, 12), (7, 10), (7, 11), (8, 11)]
3435,6,0,5,11,[(5, 12), (6, 12), (6, 13), (7, 11), (7, 12), (8, 12)]
3436,6,0,5,12,[(5, 13), (6, 13), (6, 14), (7, 12), (7, 13), (8, 13)]
3437,6,0,6,0,[(6, 1), (7, 1), (7, 2), (8, 0), (8, 1), (9, 1)]
3438,6,0,6,1,[(6, 2), (7, 2), (7, 3), (8, 1), (8, 2), (9, 2)]
3439,6,0,6,2,[(6, 3), (7, 3), (7, 4), (8, 2), (8, 3), (9, 3)]
3440,6,0,6,3,[(6, 4), (7, 4), (7, 5), (8, 3), (8, 4), (9, 4)]
3441,6,0,6,4,[(6, 5), (7, 5), (7, 6), (8, 4), (8, 5), (9, 5)]
3442,6,0,6,5,[(6, 6), (7, 6), (7, 7), (8, 5), (8, 6), (9, 6)]
3443,6,0,6,6,[(6, 7), (7, 7), (7, 8), (8, 6), (8, 7), (9, 7)]
3444,6,0,6,7,[(6, 8), (7, 8), (7, 9), (8, 7), (8, 8), (9, 8)]
3445,6,0,6,8,[(6, 9), (7, 9), (7, 10), (8, 8), (8, 9), (9, 9)]
3446,6,0,6,9,[(6, 10), (7, 10), (7, 11), (8, 9), (8, 10), (9, 10)]
3447,6,0,6,10,[(6, 11), (7, 11), (7, 12), (8, 10), (8, 11), (9, 11)]
3448,6,0,6,11,[(6, 12), (7, 12), (7, 13), (8, 11), (8, 12), (9, 12)]
3449,6,0,6,12,[(6, 13), (7, 13), (7, 14), (8, 12), (8, 13), (9, 13)]
3450,6,1,0,0,[(0, 1), (1, 0), (1, 1), (2, 1), (2, 2), (3, 1)]
3451,6,1,0,1,[(0, 2), (1, 1), (1, 2), (2, 2), (2, 3), (3, 2)]
3452,6,1,0,2,[(0, 3), (1, 2), (1, 3), (2, 3), (2, 4), (3, 3)]
3453,6,1,0,3,[(0, 4), (1, 3), (1, 4), (2, 4), (2, 5), (3, 4)]
3454,6,1,0,4,[(0, 5), (1, 4), (1, 5), (2, 5), (2, 6), (3, 5)]
3455,6,1,0,5,[(0, 6), (1, 5), (1, 6), (2, 6), (2, 7), (3, 6)]
3456,6,1,0,6,[(0, 7), (1, 6), (1, 7), (2, 7), (2, 8), (3, 7)]
3457,6,1,0,7,[(0, 8), (1, 7), (1, 8), (2, 8), (2, 9), (3, 8)]
3458,6,1,0,8,[(0, 9), (1, 8), (1, 9), (2, 9), (2, 10), (3, 9)]
3459,6,1,0,9,[(0, 10), (1, 9), (1, 10), (2, 10), (2, 11), (3, 10)]
3460,6,1,0,10,[(0, 11), (1, 10), (1, 11), (2, 11), (2, 12), (3, 11)]
3461,6,1,0,11,[(0, 12), (1, 11), (1, 12), (2, 12), (2, 13), (3, 12)]
3462,6,1,0,12,[(0, 13), (1, 12), (1, 13), (2, 13), (2, 14), (3, 13)]
3463,6,1,1,0,[(1, 1), (2, 0), (2, 1), (3, 1), (3, 2), (4, 1)]
3464,6,1,1,1,[(1, 2), (2, 1), (2, 2), (3, 2), (3, 3), (4, 2)]
3465,6,1,1,2,[(1, 3), (2, 2), (2, 3), (3, 3), (3, 4), (4, 3)]
3466,6,1,1,3,[(1, 4), (2, 3), (2, 4), (3, 4), (3, 5), (4, 4)]
3467,6,1,1,4,[(1, 5), (2, 4), (2, 5), (3, 5), (3, 6), (4, 5)]
3468,6,1,1,5,[(1, 6), (2, 5), (2, 6), (3, 6), (3, 7), (4, 6)]
3469,6,1,1,6,[(1, 7), (2, 6), (2, 7), (3, 7), (3, 8), (4, 7)]
3470,6,1,1,7,[(1, 8), (2, 7), (2, 8), (3, 8), (3, 9), (4, 8)]
3471,6,1,1,8,[(1, 9), (2, 8), (2, 9), (3, 9), (3, 10), (4, 9)]
3472,6,1,1,9,[(1, 10), (2, 9), (2, 10), (3, 10), (3, 11), (4, 10)]
3473,6,1,1,10,[(1, 11), (2, 10), (2, 11), (3, 11), (3, 12), (4, 11)]
3474,6,1,1,11,[(1, 12), (2, 11), (2, 12), (3, 12), (3, 13), (4, 12)]
3475,6,1,1,12,[(1, 13), (2, 12), (2, 13), (3, 13), (3, 14), (4, 13)]
3476,6,1,2,0,[(2, 1), (3, 0), (3, 1), (4, 1), (4, 2), (5, 1)]
3477,6,1,2,1,[(2, 2), (3, 1), (3, 2), (4, 2), (4, 3), (5, 2)]
3478,6,1,2,2,[(2, 3), (3, 2), (3, 3), (4, 3), (4, 4), (5, 3)]
3479,6,1,2,3,[(2, 4), (3, 3), (3, 4), (4, 4), (4, 5), (5, 4)]
3480,6,1,2,4,[(2, 5), (3, 4), (3, 5), (4, 5), (4, 6), (5, 5)]
3481,6,1,2,5,[(2, 6), (3, 5), (3, 6), (4, 6), (4, 7), (5, 6)]
3482,6,1,2,6,[(2, 7), (3, 6), (3, 7), (4, 7), (4, 8), (5, 7)]
3483,6,1,2,7,[(2, 8), (3, 7), (3, 8), (4, 8), (4, 9), (5, 8)]
3484,6,1,2,8,[(2, 9), (3, 8), (3, 9), (4, 9), (4, 10), (5, 9)]
3485,6,1,2,9,[(2, 10), (3, 9), (3, 10), (4, 10), (4, 11), (5, 10)]
3486,6,1,2,10,[(2, 11), (3, 10), (3, 11), (4, 11), (4, 12), (5, 11)]
3487,6,1,2,11,[(2, 12), (3, 11), (3, 12), (4, 12), (4, 13), (5, 12)]
3488,6,1,2,12,[(2, 13), (3, 12), (3, 13), (4, 13), (4, 14), (5, 13)]
3489,6,1,3,0,[(3, 1), (4, 0), (4, 1), (5, 1), (5, 2), (6, 1)]
3490,6,1,3,1,[(3, 2), (4, 1), (4, 2), (5, 2), (5, 3), (6, 2)]
3491,6,1,3,2,[(3, 3), (4, 2), (4, 3), (5, 3), (5, 4), (6, 3)]
3492,6,1,3,3,[(3, 4), (4, 3), (4, 4), (5, 4), (5, 5), (6, 4)]
3493,6,1,3,4,[(3, 5), (4, 4), (4, 5), (5, 5), (5, 6), (6, 5)]
3494,6,1,3,5,[(3, 6), (4, 5), (4, 6), (5, 6), (5, 7), (6, 6)]
3495,6,1,3,6,[(3, 7), (4, 6), (4, 7), (5, 7), (5, 8), (6, 7)]
3496,6,1,3,7,[(3, 8), (4, 7), (4, 8), (5, 8), (5, 9), (6, 8)]
3497,6,1,3,8,[(3, 9), (4, 8), (4, 9), (5, 9), (5, 10), (6, 9)]
3498,6,1,3,9,[(3, 10), (4, 9), (4, 10), (5, 10), (5, 11), (6, 10)]
3499,6,1,3,10,[(3, 11), (4, 10), (4, 11), (5, 11), (5, 12), (6, 11)]
3500,6,1,3,11,[(3, 12), (4, 11), (4, 12), (5, 12), (5, 13), (6, 12)]
3501,6,1,3,12,[(3, 13), (4, 12), (4, 13), (5, 13), (5, 14), (6, 13)]
3502,6,1,4,0,[(4, 1), (5, 0), (5, 1), (6, 1), (6, 2), (7, 1)]
3503,6,1,4,1,[(4, 2), (5, 1), (5, 2), (6, 2), (6, 3), (7, 2)]
3504,6,1,4,2,[(4, 3), (5, 2), (5, 3), (6, 3), (6, 4), (7, 3)]
3505,6,1,4,3,[(4, 4), (5, 3), (5, 4), (6, 4), (6, 5), (7, 4)]
3506,6,1,4,4,[(4, 5), (5, 4), (5, 5), (6, 5), (6, 6), (7, 5)]
3507,6,1,4,5,[(4, 6), (5, 5), (5, 6), (6, 6), (6, 7), (7, 6)]
3508,6,1,4,6,[(4, 7), (5, 6), (5, 7), (6, 7), (6, 8), (7, 7)]
3509,6,1,4,7,[(4, 8), (5, 7), (5, 8), (6, 8), (6, 9), (7, 8)]
3510,6,1,4,8,[(4, 9), (5, 8), (5, 9), (6, 9), (6, 10), (7, 9)]
3511,6,1,4,9,[(4, 10), (5, 9), (5, 10), (6, 10), (6, 11), (7, 10)]
3512,6,1,4,10,[(4, 11), (5, 10), (5, 11), (6, 11), (6, 12), (7, 11)]
3513,6,1,4,11,[(4, 12), (5, 11), (5, 12), (6, 12), (6, 13), (7, 12)]
3514,6,1,4,12,[(4, 13), (5, 12), (5, 13), (6, 13), (6, 14), (7, 13)]
3515,6,1,5,0,[(5, 1), (6, 0), (6, 1), (7, 1), (7, 2), (8, 1)]
3516,6,1,5,1,[(5, 2), (6, 1), (6, 2), (7, 2), (7, 3), (8, 2)]
3517,6,1,5,2,[(5, 3), (6, 2), (6, 3), (7, 3), (7, 4), (8, 3)]
3518,6,1,5,3,[(5, 4), (6, 3), (6, 4), (7, 4), (7, 5), (8, 4)]
3519,6,1,5,4,[(5, 5), (6, 4), (6, 5), (7, 5), (7, 6), (8, 5)]
3520,6,1,5,5,[(5, 6), (6, 5), (6, 6), (7, 6), (7, 7), (8, 6)]
3521,6,1,5,6,[(5, 7), (6, 6), (6, 7), (7, 7), (7, 8), (8, 7)]
3522,6,1,5,7,[(5, 8), (6, 7), (6, 8), (7, 8), (7, 9), (8, 8)]
3523,6,1,5,8,[(5, 9), (6, 8), (6, 9), (7, 9), (7, 10), (8, 9)]
3524,6,1,5,9,[(5, 10), (6, 9), (6, 10), (7, 10), (7, 11), (8, 10)]
3525,6,1,5,10,[(5, 11), (6, 10), (6, 11), (7, 11), (7, 12), (8, 11)]
3526,6,1,5,11,[(5, 12), (6, 11), (6, 12), (7, 12), (7, 13), (8, 12)]
3527,6,1,5,12,[(5, 13), (6, 12), (6, 13), (7, 13), (7, 14), (8, 13)]
3528,6,1,6,0,[(6, 1), (7, 0), (7, 1), (8, 1), (8, 2), (9, 1)]
3529,6,1,6,1,[(6, 2), (7, 1), (7, 2), (8, 2), (8, 3), (9, 2)]
3530,6,1,6,2,[(6, 3), (7, 2), (7, 3), (8, 3), (8, 4), (9, 3)]
3531,6,1,6,3,[(6, 4), (7, 3), (7, 4), (8, 4), (8, 5), (9, 4)]
3532,6,1,6,4,[(6, 5), (7, 4), (7, 5), (8, 5), (8, 6), (9, 5)]
3533,6,1,6,5,[(6, 6), (7, 5), (7, 6), (8, 6), (8, 7), (9, 6)]
3534,6,1,6,6,[(6, 7), (7, 6), (7, 7), (8, 7), (8, 8), (9, 7)]
3535,6,1,6,7,[(6, 8), (7, 7), (7, 8), (8, 8), (8, 9), (9, 8)]
3536,6,1,6,8,[(6, 9), (7, 8), (7, 9), (8, 9), (8, 10), (9, 9)]
3537,6,1,6,9,[(6, 10), (7, 9), (7, 10), (8, 10), (8, 11), (9, 10)]
3538,6,1,6,10,[(6, 11), (7, 10), (7, 11), (8, 11), (8, 12), (9, 11)]
3539,6,1,6,11,[(6, 12), (7, 11), (7, 12), (8, 12), (8, 13), (9, 12)]
3540,6,1,6,12,[(6, 13), (7, 12), (7, 13), (8, 13), (8, 14), (9, 13)]
3541,6,2,0,0,[(0, 1), (1, 0), (1, 1), (1, 2), (1, 3), (2, 2)]
3542,6,2,0,1,[(0, 2), (1, 1), (1, 2), (1, 3), (1, 4), (2, 3)]
3543,6,2,0,2,[(0, 3), (1, 2), (1, 3), (1, 4), (1, 5), (2, 4)]
3544,6,2,0,3,[(0, 4), (1, 3), (1, 4), (1, 5), (1, 6), (2, 5)]
3545,6,2,0,4,[(0, 5), (1, 4), (1, 5), (1, 6), (1, 7), (2, 6)]
3546,6,2,0,5,[(0, 6), (1, 5), (1, 6), (1, 7), (1, 8), (2, 7)]
3547,6,2,0,6,[(0, 7), (1, 6), (1, 7), (1, 8), (1, 9), (2, 8)]
3548,6,2,0,7,[(0, 8), (1, 7), (1, 8), (1, 9), (1, 10), (2, 9)]
3549,6,2,0,8,[(0, 9), (1, 8), (1, 9), (1, 10), (1, 11), (2, 10)]
3550,6,2,0,9,[(0, 10), (1, 9), (1, 10), (1, 11), (1, 12), (2, 11)]
3551,6,2,0,10,[(0, 11), (1, 10), (1, 11), (1, 12), (1, 13), (2, 12)]
3552,6,2,0,11,[(0, 12), (1, 11), (1, 12), (1, 13), (1, 14), (2, 13)]
3553,6,2,1,0,[(1, 1), (2, 0), (2, 1), (2, 2), (2, 3), (3, 2)]
3554,6,2,1,1,[(1, 2), (2, 1), (2, 2), (2, 3), (2, 4), (3, 3)]
3555,6,2,1,2,[(1, 3), (2, 2), (2, 3), (2, 4), (2, 5), (3, 4)]
3556,6,2,1,3,[(1, 4), (2, 3), (2, 4), (2, 5), (2, 6), (3, 5)]
3557,6,2,1,4,[(1, 5), (2, 4), (2, 5), (2, 6), (2, 7), (3, 6)]
3558,6,2,1,5,[(1, 6), (2, 5), (2, 6), (2, 7), (2, 8), (3, 7)]
3559,6,2,1,6,[(1, 7), (2, 6), (2, 7), (2, 8), (2, 9), (3, 8)]
3560,6,2,1,7,[(1, 8), (2, 7), (2, 8), (2, 9), (2, 10), (3, 9)]
3561,6,2,1,8,[(1, 9), (2, 8), (2, 9), (2, 10), (2, 11), (3, 10)]
3562,6,2,1,9,[(1, 10), (2, 9), (2, 10), (2, 11), (2, 12), (3, 11)]
3563,6,2,1,10,[(1, 11), (2, 10), (2, 11), (2, 12), (2, 13), (3, 12)]
3564,6,2,1,11,[(1, 12), (2, 11), (2, 12), (2, 13), (2, 14), (3, 13)]
3565,6,2,2,0,[(2, 1), (3, 0), (3, 1), (3, 2), (3, 3), (4, 2)]
3566,6,2,2,1,[(2, 2), (3, 1), (3, 2), (3, 3), (3, 4), (4, 3)]
3567,6,2,2,2,[(2, 3), (3, 2), (3, 3), (3, 4), (3, 5), (4, 4)]
3568,6,2,2,3,[(2, 4), (3, 3), (3, 4), (3, 5), (3, 6), (4, 5)]
3569,6,2,2,4,[(2, 5), (3, 4), (3, 5), (3, 6), (3, 7), (4, 6)]
3570,6,2,2,5,[(2, 6), (3, 5), (3, 6), (3, 7), (3, 8), (4, 7)]
3571,6,2,2,6,[(2, 7), (3, 6), (3, 7), (3, 8), (3, 9), (4, 8)]
3572,6,2,2,7,[(2, 8), (3, 7), (3, 8), (3, 9), (3, 10), (4, 9)]
3573,6,2,2,8,[(2, 9), (3, 8), (3, 9), (3, 10), (3, 11), (4, 10)]
3574,6,2,2,9,[(2, 10), (3, 9), (3, 10), (3, 11), (3, 12), (4, 11)]
3575,6,2,2,10,[(2, 11), (3, 10), (3, 11), (3, 12), (3, 13), (4, 12)]
3576,6,2,2,11,[(2, 12), (3, 11), (3, 12), (3, 13), (3, 14), (4, 13)]
3577,6,2,3,0,[(3, 1), (4, 0), (4, 1), (4, 2), (4, 3), (5, 2)]
3578,6,2,3,1,[(3, 2), (4, 1), (4, 2), (4, 3), (4, 4), (5, 3)]
3579,6,2,3,2,[(3, 3), (4, 2), (4, 3), (4, 4), (4, 5), (5, 4)]
3580,6,2,3,3,[(3, 4), (4, 3), (4, 4), (4, 5), (4, 6), (5, 5)]
3581,6,2,3,4,[(3, 5), (4, 4), (4, 5), (4, 6), (4, 7), (5, 6)]
3582,6,2,3,5,[(3, 6), (4, 5), (4, 6), (4, 7), (4, 8), (5, 7)]
3583,6,2,3,6,[(3, 7), (4, 6), (4, 7), (4, 8), (4, 9), (5, 8)]
3584,6,2,3,7,[(3, 8), (4, 7), (4, 8), (4, 9), (4, 10), (5, 9)]
3585,6,2,3,8,[(3, 9), (4, 8), (4, 9), (4, 10), (4, 11), (5, 10)]
3586,6,2,3,9,[(3, 10), (4, 9), (4, 10), (4, 11), (4, 12), (5, 11)]
3587,6,2,3,10,[(3, 11), (4, 10), (4, 11), (4, 12), (4, 13), (5, 12)]
3588,6,2,3,11,[(3, 12), (4, 11), (4, 12), (4, 13), (4, 14), (5, 13)]
3589,6,2,4,0,[(4, 1), (5, 0), (5, 1), (5, 2), (5, 3), (6, 2)]
3590,6,2,4,1,[(4, 2), (5, 1), (5, 2), (5, 3), (5, 4), (6, 3)]
3591,6,2,4,2,[(4, 3), (5, 2), (5, 3), (5, 4), (5, 5), (6, 4)]
3592,6,2,4,3,[(4, 4), (5, 3), (5, 4), (5, 5), (5, 6), (6, 5)]
3593,6,2,4,4,[(4, 5), (5, 4), (5, 5), (5, 6), (5, 7), (6, 6)]
3594,6,2,4,5,[(4, 6), (5, 5), (5, 6), (5, 7), (5, 8), (6, 7)]
3595,6,2,4,6,[(4, 7), (5, 6), (5, 7), (5, 8), (5, 9), (6, 8)]
3596,6,2,4,7,[(4, 8), (5, 7), (5, 8), (5, 9), (5, 10), (6, 9)]
3597,6,2,4,8,[(4, 9), (5, 8), (5, 9), (5, 10), (5, 11), (6, 10)]
3598,6,2,4,9,[(4, 10), (5, 9), (5, 10), (5, 11), (5, 12), (6, 11)]
3599,6,2,4,10,[(4, 11), (5, 10), (5, 11), (5, 12), (5, 13), (6, 12)]
3600,6,2,4,11,[(4, 12), (5, 11), (5, 12), (5, 13), (5, 14), (6, 13)]
3601,6,2,5,0,[(5, 1), (6, 0), (6, 1), (6, 2), (6, 3), (7, 2)]
3602,6,2,5,1,[(5, 2), (6, 1), (6, 2), (6, 3), (6, 4), (7, 3)]
3603,6,2,5,2,[(5, 3), (6, 2), (6, 3), (6, 4), (6, 5), (7, 4)]
3604,6,2,5,3,[(5, 4), (6, 3), (6, 4), (6, 5), (6, 6), (7, 5)]
3605,6,2,5,4,[(5, 5), (6, 4), (6, 5), (6, 6), (6, 7), (7, 6)]
3606,6,2,5,5,[(5, 6), (6, 5), (6, 6), (6, 7), (6, 8), (7, 7)]
3607,6,2,5,6,[(5, 7), (6, 6), (6, 7), (6, 8), (6, 9), (7, 8)]
3608,6,2,5,7,[(5, 8), (6, 7), (6, 8), (6, 9), (6, 10), (7, 9)]
3609,6,2,5,8,[(5, 9), (6, 8), (6, 9), (6, 10), (6, 11), (7, 10)]
3610,6,2,5,9,[(5, 10), (6, 9), (6, 10), (6, 11), (6, 12), (7, 11)]
3611,6,2,5,10,[(5, 11), (6, 10), (6, 11), (6, 12), (6, 13), (7, 12)]
3612,6,2,5,11,[(5, 12), (6, 11), (6, 12), (6, 13), (6, 14), (7, 13)]
3613,6,2,6,0,[(6, 1), (7, 0), (7, 1), (7, 2), (7, 3), (8, 2)]
3614,6,2,6,1,[(6, 2), (7, 1), (7, 2), (7, 3), (7, 4), (8, 3)]
3615,6,2,6,2,[(6, 3), (7, 2), (7, 3), (7, 4), (7, 5), (8, 4)]
3616,6,2,6,3,[(6, 4), (7, 3), (7, 4), (7, 5), (7, 6), (8, 5)]
3617,6,2,6,4,[(6, 5), (7, 4), (7, 5), (7, 6), (7, 7), (8, 6)]
3618,6,2,6,5,[(6, 6), (7, 5), (7, 6), (7, 7), (7, 8), (8, 7)]
3619,6,2,6,6,[(6, 7), (7, 6), (7, 7), (7, 8), (7, 9), (8, 8)]
3620,6,2,6,7,[(6, 8), (7, 7), (7, 8), (7, 9), (7, 10), (8, 9)]
3621,6,2,6,8,[(6, 9), (7, 8), (7, 9), (7, 10), (7, 11), (8, 10)]
3622,6,2,6,9,[(6, 10), (7, 9), (7, 10), (7, 11), (7, 12), (8, 11)]
3623,6,2,6,10,[(6, 11), (7, 10), (7, 11), (7, 12), (7, 13), (8, 12)]
3624,6,2,6,11,[(6, 12), (7, 11), (7, 12), (7, 13), (7, 14), (8, 13)]
3625,6,2,7,0,[(7, 1), (8, 0), (8, 1), (8, 2), (8, 3), (9, 2)]
3626,6,2,7,1,[(7, 2), (8, 1), (8, 2), (8, 3), (8, 4), (9, 3)]
3627,6,2,7,2,[(7, 3), (8, 2), (8, 3), (8, 4), (8, 5), (9, 4)]
3628,6,2,7,3,[(7, 4), (8, 3), (8, 4), (8, 5), (8, 6), (9, 5)]
3629,6,2,7,4,[(7, 5), (8, 4), (8, 5), (8, 6), (8, 7), (9, 6)]
3630,6,2,7,5,[(7, 6), (8, 5), (8, 6), (8, 7), (8, 8), (9, 7)]
3631,6,2,7,6,[(7, 7), (8, 6), (8, 7), (8, 8), (8, 9), (9, 8)]
3632,6,2,7,7,[(7, 8), (8, 7), (8, 8), (8, 9), (8, 10), (9, 9)]
3633,6,2,7,8,[(7, 9), (8, 8), (8, 9), (8, 10), (8, 11), (9, 10)]
3634,6,2,7,9,[(7, 10), (8, 9), (8, 10), (8, 11), (8, 12), (9, 11)]
3635,6,2,7,10,[(7, 11), (8, 10), (8, 11), (8, 12), (8, 13), (9, 12)]
3636,6,2,7,11,[(7, 12), (8, 11), (8, 12), (8, 13), (8, 14), (9, 13)]
3637,6,3,0,0,[(0, 2), (1, 0), (1, 1), (1, 2), (1, 3), (2, 1)]
3638,6,3,0,1,[(0, 3), (1, 1), (1, 2), (1, 3), (1, 4), (2, 2)]
3639,6,3,0,2,[(0, 4), (1, 2), (1, 3), (1, 4), (1, 5), (2, 3)]
3640,6,3,0,3,[(0, 5), (1, 3), (1, 4), (1, 5), (1, 6), (2, 4)]
3641,6,3,0,4,[(0, 6), (1, 4), (1, 5), (1, 6), (1, 7), (2, 5)]
3642,6,3,0,5,[(0, 7), (1, 5), (1, 6), (1, 7), (1, 8), (2, 6)]
3643,6,3,0,6,[(0, 8), (1, 6), (1, 7), (1, 8), (1, 9), (2, 7)]
3644,6,3,0,7,[(0, 9), (1, 7), (1, 8), (1, 9), (1, 10), (2, 8)]
3645,6,3,0,8,[(0, 10), (1, 8), (1, 9), (1, 10), (1, 11), (2, 9)]
3646,6,3,0,9,[(0, 11), (1, 9), (1, 10), (1, 11), (1, 12), (2, 10)]
3647,6,3,0,10,[(0, 12), (1, 10), (1, 11), (1, 12), (1, 13), (2, 11)]
3648,6,3,0,11,[(0, 13), (1, 11), (1, 12), (1, 13), (1, 14), (2, 12)]
3649,6,3,1,0,[(1, 2), (2, 0), (2, 1), (2, 2), (2, 3), (3, 1)]
3650,6,3,1,1,[(1, 3), (2, 1), (2, 2), (2, 3), (2, 4), (3, 2)]
3651,6,3,1,2,[(1, 4), (2, 2), (2, 3), (2, 4), (2, 5), (3, 3)]
3652,6,3,1,3,[(1, 5), (2, 3), (2, 4), (2, 5), (2, 6), (3, 4)]
3653,6,3,1,4,[(1, 6), (2, 4), (2, 5), (2, 6), (2, 7), (3, 5)]
3654,6,3,1,5,[(1, 7), (2, 5), (2, 6), (2, 7), (2, 8), (3, 6)]
3655,6,3,1,6,[(1, 8), (2, 6), (2, 7), (2, 8), (2, 9), (3, 7)]
3656,6,3,1,7,[(1, 9), (2, 7), (2, 8), (2, 9), (2, 10), (3, 8)]
3657,6,3,1,8,[(1, 10), (2, 8), (2, 9), (2, 10), (2, 11), (3, 9)]
3658,6,3,1,9,[(1, 11), (2, 9), (2, 10), (2, 11), (2, 12), (3, 10)]
3659,6,3,1,10,[(1, 12), (2, 10), (2, 11), (2, 12), (2, 13), (3, 11)]
3660,6,3,1,11,[(1, 13), (2, 11), (2, 12), (2, 13), (2, 14), (3, 12)]
3661,6,3,2,0,[(2, 2), (3, 0), (3, 1), (3, 2), (3, 3), (4, 1)]
3662,6,3,2,1,[(2, 3), (3, 1), (3, 2), (3, 3), (3, 4), (4, 2)]
3663,6,3,2,2,[(2, 4), (3, 2), (3, 3), (3, 4), (3, 5), (4, 3)]
3664,6,3,2,3,[(2, 5), (3, 3), (3, 4), (3, 5), (3, 6), (4, 4)]
3665,6,3,2,4,[(2, 6), (3, 4), (3, 5), (3, 6), (3, 7), (4, 5)]
3666,6,3,2,5,[(2, 7), (3, 5), (3, 6), (3, 7), (3, 8), (4, 6)]
3667,6,3,2,6,[(2, 8), (3, 6), (3, 7), (3, 8), (3, 9), (4, 7)]
3668,6,3,2,7,[(2, 9), (3, 7), (3, 8), (3, 9), (3, 10), (4, 8)]
3669,6,3,2,8,[(2, 10), (3, 8), (3, 9), (3, 10), (3, 11), (4, 9)]
3670,6,3,2,9,[(2, 11), (3, 9), (3, 10), (3, 11), (3, 12), (4, 10)]
3671,6,3,2,10,[(2, 12), (3, 10), (3, 11), (3, 12), (3, 13), (4, 11)]
3672,6,3,2,11,[(2, 13), (3, 11), (3, 12), (3, 13), (3, 14), (4, 12)]
3673,6,3,3,0,[(3, 2), (4, 0), (4, 1), (4, 2), (4, 3), (5, 1)]
3674,6,3,3,1,[(3, 3), (4, 1), (4, 2), (4, 3), (4, 4), (5, 2)]
3675,6,3,3,2,[(3, 4), (4, 2), (4, 3), (4, 4), (4, 5), (5, 3)]
3676,6,3,3,3,[(3, 5), (4, 3), (4, 4), (4, 5), (4, 6), (5, 4)]
3677,6,3,3,4,[(3, 6), (4, 4), (4, 5), (4, 6), (4, 7), (5, 5)]
3678,6,3,3,5,[(3, 7), (4, 5), (4, 6), (4, 7), (4, 8), (5, 6)]
3679,6,3,3,6,[(3, 8), (4, 6), (4, 7), (4, 8), (4, 9), (5, 7)]
3680,6,3,3,7,[(3, 9), (4, 7), (4, 8), (4, 9), (4, 10), (5, 8)]
3681,6,3,3,8,[(3, 10), (4, 8), (4, 9), (4, 10), (4, 11), (5, 9)]
3682,6,3,3,9,[(3, 11), (4, 9), (4, 10), (4, 11), (4, 12), (5, 10)]
3683,6,3,3,10,[(3, 12), (4, 10), (4, 11), (4, 12), (4, 13), (5, 11)]
3684,6,3,3,11,[(3, 13), (4, 11), (4, 12), (4, 13), (4, 14), (5, 12)]
3685,6,3,4,0,[(4, 2), (5, 0), (5, 1), (5, 2), (5, 3), (6, 1)]
3686,6,3,4,1,[(4, 3), (5, 1), (5, 2), (5, 3), (5, 4), (6, 2)]
3687,6,3,4,2,[(4, 4), (5, 2), (5, 3), (5, 4), (5, 5), (6, 3)]
3688,6,3,4,3,[(4, 5), (5, 3), (5, 4), (5, 5), (5, 6), (6, 4)]
3689,6,3,4,4,[(4, 6), (5, 4), (5, 5), (5, 6), (5, 7), (6, 5)]
3690,6,3,4,5,[(4, 7), (5, 5), (5, 6), (5, 7), (5, 8), (6, 6)]
3691,6,3,4,6,[(4, 8), (5, 6), (5, 7), (5, 8), (5, 9), (6, 7)]
3692,6,3,4,7,[(4, 9), (5, 7), (5, 8), (5, 9), (5, 10), (6, 8)]
3693,6,3,4,8,[(4, 10), (5, 8), (5, 9), (5, 10), (5, 11), (6, 9)]
3694,6,3,4,9,[(4, 11), (5, 9), (5, 10), (5, 11), (5, 12), (6, 10)]
3695,6,3,4,10,[(4, 12), (5, 10), (5, 11), (5, 12), (5, 13), (6, 11)]
3696,6,3,4,11,[(4, 13), (5, 11), (5, 12), (5, 13), (5, 14), (6, 12)]
3697,6,3,5,0,[(5, 2), (6, 0), (6, 1), (6, 2), (6, 3), (7, 1)]
3698,6,3,5,1,[(5, 3), (6, 1), (6, 2), (6, 3), (6, 4), (7, 2)]
3699,6,3,5,2,[(5, 4), (6, 2), (6, 3), (6, 4), (6, 5), (7, 3)]
3700,6,3,5,3,[(5, 5), (6, 3), (6, 4), (6, 5), (6, 6), (7, 4)]
3701,6,3,5,4,[(5, 6), (6, 4), (6, 5), (6, 6), (6, 7), (7, 5)]
3702,6,3,5,5,[(5, 7), (6, 5), (6, 6), (6, 7), (6, 8), (7, 6)]
3703,6,3,5,6,[(5, 8), (6, 6), (6, 7), (6, 8), (6, 9), (7, 7)]
3704,6,3,5,7,[(5, 9), (6, 7), (6, 8), (6, 9), (6, 10), (7, 8)]
3705,6,3,5,8,[(5, 10), (6, 8), (6, 9), (6, 10), (6, 11), (7, 9)]
3706,6,3,5,9,[(5, 11), (6, 9), (6, 10), (6, 11), (6, 12), (7, 10)]
3707,6,3,5,10,[(5, 12), (6, 10), (6, 11), (6, 12), (6, 13), (7, 11)]
3708,6,3,5,11,[(5, 13), (6, 11), (6, 12), (6, 13), (6, 14), (7, 12)]
3709,6,3,6,0,[(6, 2), (7, 0), (7, 1), (7, 2), (7, 3), (8, 1)]
3710,6,3,6,1,[(6, 3), (7, 1), (7, 2), (7, 3), (7, 4), (8, 2)]
3711,6,3,6,2,[(6, 4), (7, 2), (7, 3), (7, 4), (7, 5), (8, 3)]
3712,6,3,6,3,[(6, 5), (7, 3), (7, 4), (7, 5), (7, 6), (8, 4)]
3713,6,3,6,4,[(6, 6), (7, 4), (7, 5), (7, 6), (7, 7), (8, 5)]
3714,6,3,6,5,[(6, 7), (7, 5), (7, 6), (7, 7), (7, 8), (8, 6)]
3715,6,3,6,6,[(6, 8), (7, 6), (7, 7), (7, 8), (7, 9), (8, 7)]
3716,6,3,6,7,[(6, 9), (7, 7), (7, 8), (7, 9), (7, 10), (8, 8)]
3717,6,3,6,8,[(6, 10), (7, 8), (7, 9), (7, 10), (7, 11), (8, 9)]
3718,6,3,6,9,[(6, 11), (7, 9), (7, 10), (7, 11), (7, 12), (8, 10)]
3719,6,3,6,10,[(6, 12), (7, 10), (7, 11), (7, 12), (7, 13), (8, 11)]
3720,6,3,6,11,[(6, 13), (7, 11), (7, 12), (7, 13), (7, 14), (8, 12)]
3721,6,3,7,0,[(7, 2), (8, 0), (8, 1), (8, 2), (8, 3), (9, 1)]
3722,6,3,7,1,[(7, 3), (8, 1), (8, 2), (8, 3), (8, 4), (9, 2)]
3723,6,3,7,2,[(7, 4), (8, 2), (8, 3), (8, 4), (8, 5), (9, 3)]
3724,6,3,7,3,[(7, 5), (8, 3), (8, 4), (8, 5), (8, 6), (9, 4)]
3725,6,3,7,4,[(7, 6), (8, 4), (8, 5), (8, 6), (8, 7), (9, 5)]
3726,6,3,7,5,[(7, 7), (8, 5), (8, 6), (8, 7), (8, 8), (9, 6)]
3727,6,3,7,6,[(7, 8), (8, 6), (8, 7), (8, 8), (8, 9), (9, 7)]
3728,6,3,7,7,[(7, 9), (8, 7), (8, 8), (8, 9), (8, 10), (9, 8)]
3729,6,3,7,8,[(7, 10), (8, 8), (8, 9), (8, 10), (8, 11), (9, 9)]
3730,6,3,7,9,[(7, 11), (8, 9), (8, 10), (8, 11), (8, 12), (9, 10)]
3731,6,3,7,10,[(7, 12), (8, 10), (8, 11), (8, 12), (8, 13), (9, 11)]
3732,6,3,7,11,[(7, 13), (8, 11), (8, 12), (8, 13), (8, 14), (9, 12)]
3733,7,0,0,0,[(0, 0), (0, 1), (1, 1), (2, 1), (2, 2), (3, 2)]
3734,7,0,0,1,[(0, 1), (0, 2), (1, 2), (2, 2), (2, 3), (3, 3)]
3735,7,0,0,2,[(0, 2), (0, 3), (1, 3), (2, 3), (2, 4), (3, 4)]
3736,7,0,0,3,[(0, 3), (0, 4), (1, 4), (2, 4), (2, 5), (3, 5)]
3737,7,0,0,4,[(0, 4), (0, 5), (1, 5), (2, 5), (2, 6), (3, 6)]
3738,7,0,0,5,[(0, 5), (0, 6), (1, 6), (2, 6), (2, 7), (3, 7)]
3739,7,0,0,6,[(0, 6), (0, 7), (1, 7), (2, 7), (2, 8), (3, 8)]
3740,7,0,0,7,[(0, 7), (0, 8), (1, 8), (2, 8), (2, 9), (3, 9)]
3741,7,0,0,8,[(0, 8), (0, 9), (1, 9), (2, 9), (2, 10), (3, 10)]
3742,7,0,0,9,[(0, 9), (0, 10), (1, 10), (2, 10), (2, 11), (3, 11)]
3743,7,0,0,10,[(0, 10), (0, 11), (1, 11), (2, 11), (2, 12), (3, 12)]
3744,7,0,0,11,[(0, 11), (0, 12), (1, 12), (2, 12), (2, 13), (3, 13)]
3745,7,0,0,12,[(0, 12), (0, 13), (1, 13), (2, 13), (2, 14), (3, 14)]
3746,7,0,1,0,[(1, 0), (1, 1), (2, 1), (3, 1), (3, 2), (4, 2)]
3747,7,0,1,1,[(1, 1), (1, 2), (2, 2), (3, 2), (3, 3), (4, 3)]
3748,7,0,1,2,[(1, 2), (1, 3), (2, 3), (3, 3), (3, 4), (4, 4)]
3749,7,0,1,3,[(1, 3), (1, 4), (2, 4), (3, 4), (3, 5), (4, 5)]
3750,7,0,1,4,[(1, 4), (1, 5), (2, 5), (3, 5), (3, 6), (4, 6)]
3751,7,0,1,5,[(1, 5), (1, 6), (2, 6), (3, 6), (3, 7), (4, 7)]
3752,7,0,1,6,[(1, 6), (1, 7), (2, 7), (3, 7), (3, 8), (4, 8)]
3753,7,0,1,7,[(1, 7), (1, 8), (2, 8), (3, 8), (3, 9), (4, 9)]
3754,7,0,1,8,[(1, 8), (1, 9), (2, 9), (3, 9), (3, 10), (4, 10)]
3755,7,0,1,9,[(1, 9), (1, 10), (2, 10), (3, 10), (3, 11), (4, 11)]
3756,7,0,1,10,[(1, 10), (1, 11), (2, 11), (3, 11), (3, 12), (4, 12)]
3757,7,0,1,11,[(1, 11), (1, 12), (2, 12), (3, 12), (3, 13), (4, 13)]
3758,7,0,1,12,[(1, 12), (1, 13), (2, 13), (3, 13), (3, 14), (4, 14)]
3759,7,0,2,0,[(2, 0), (2, 1), (3, 1), (4, 1), (4, 2), (5, 2)]
3760,7,0,2,1,[(2, 1), (2, 2), (3, 2), (4, 2), (4, 3), (5, 3)]
3761,7,0,2,2,[(2, 2), (2, 3), (3, 3), (4, 3), (4, 4), (5, 4)]
3762,7,0,2,3,[(2, 3), (2, 4), (3, 4), (4, 4), (4, 5), (5, 5)]
3763,7,0,2,4,[(2, 4), (2, 5), (3, 5), (4, 5), (4, 6), (5, 6)]
3764,7,0,2,5,[(2, 5), (2, 6), (3, 6), (4, 6), (4, 7), (5, 7)]
3765,7,0,2,6,[(2, 6), (2, 7), (3, 7), (4, 7), (4, 8), (5, 8)]
3766,7,0,2,7,[(2, 7), (2, 8), (3, 8), (4, 8), (4, 9), (5, 9)]
3767,7,0,2,8,[(2, 8), (2, 9), (3, 9), (4, 9), (4, 10), (5, 10)]
3768,7,0,2,9,[(2, 9), (2, 10), (3, 10), (4, 10), (4, 11), (5, 11)]
3769,7,0,2,10,[(2, 10), (2, 11), (3, 11), (4, 11), (4, 12), (5, 12)]
3770,7,0,2,11,[(2, 11), (2, 12), (3, 12), (4, 12), (4, 13), (5, 13)]
3771,7,0,2,12,[(2, 12), (2, 13), (3, 13), (4, 13), (4, 14), (5, 14)]
3772,7,0,3,0,[(3, 0), (3, 1), (4, 1), (5, 1), (5, 2), (6, 2)]
3773,7,0,3,1,[(3, 1), (3, 2), (4, 2), (5, 2), (5, 3), (6, 3)]
3774,7,0,3,2,[(3, 2), (3, 3), (4, 3), (5, 3), (5, 4), (6, 4)]
3775,7,0,3,3,[(3, 3), (3, 4), (4, 4), (5, 4), (5, 5), (6, 5)]
3776,7,0,3,4,[(3, 4), (3, 5), (4, 5), (5, 5), (5, 6), (6, 6)]
3777,7,0,3,5,[(3, 5), (3, 6), (4, 6), (5, 6), (5, 7), (6, 7)]
3778,7,0,3,6,[(3, 6), (3, 7), (4, 7), (5, 7), (5, 8), (6, 8)]
3779,7,0,3,7,[(3, 7), (3, 8), (4, 8), (5, 8), (5, 9), (6, 9)]
3780,7,0,3,8,[(3, 8), (3, 9), (4, 9), (5, 9), (5, 10), (6, 10)]
3781,7,0,3,9,[(3, 9), (3, 10), (4, 10), (5, 10), (5, 11), (6, 11)]
3782,7,0,3,10,[(3, 10), (3, 11), (4, 11), (5, 11), (5, 12), (6, 12)]
3783,7,0,3,11,[(3, 11), (3, 12), (4, 12), (5, 12), (5, 13), (6, 13)]
3784,7,0,3,12,[(3, 12), (3, 13), (4, 13), (5, 13), (5, 14), (6, 14)]
3785,7,0,4,0,[(4, 0), (4, 1), (5, 1), (6, 1), (6, 2), (7, 2)]
3786,7,0,4,1,[(4, 1), (4, 2), (5, 2), (6, 2), (6, 3), (7, 3)]
3787,7,0,4,2,[(4, 2), (4, 3), (5, 3), (6, 3), (6, 4), (7, 4)]
3788,7,0,4,3,[(4, 3), (4, 4), (5, 4), (6, 4), (6, 5), (7, 5)]
3789,7,0,4,4,[(4, 4), (4, 5), (5, 5), (6, 5), (6, 6), (7, 6)]
3790,7,0,4,5,[(4, 5), (4, 6), (5, 6), (6, 6), (6, 7), (7, 7)]
3791,7,0,4,6,[(4, 6), (4, 7), (5, 7), (6, 7), (6, 8), (7, 8)]
3792,7,0,4,7,[(4, 7), (4, 8), (5, 8), (6, 8), (6, 9), (7, 9)]
3793,7,0,4,8,[(4, 8), (4, 9), (5, 9), (6, 9), (6, 10), (7, 10)]
3794,7,0,4,9,[(4, 9), (4, 10), (5, 10), (6, 10), (6, 11), (7, 11)]
3795,7,0,4,10,[(4, 10), (4, 11), (5, 11), (6, 11), (6, 12), (7, 12)]
3796,7,0,4,11,[(4, 11), (4, 12), (5, 12), (6, 12), (6, 13), (7, 13)]
3797,7,0,4,12,[(4, 12), (4, 13), (5, 13), (6, 13), (6, 14), (7, 14)]
3798,7,0,5,0,[(5, 0), (5, 1), (6, 1), (7, 1), (7, 2), (8, 2)]
3799,7,0,5,1,[(5, 1), (5, 2), (6, 2), (7, 2), (7, 3), (8, 3)]
3800,7,0,5,2,[(5, 2), (5, 3), (6, 3), (7, 3), (7, 4), (8, 4)]
3801,7,0,5,3,[(5, 3), (5, 4), (6, 4), (7, 4), (7, 5), (8, 5)]
3802,7,0,5,4,[(5, 4), (5, 5), (6, 5), (7, 5), (7, 6), (8, 6)]
3803,7,0,5,5,[(5, 5), (5, 6), (6, 6), (7, 6), (7, 7), (8, 7)]
3804,7,0,5,6,[(5, 6), (5, 7), (6, 7), (7, 7), (7, 8), (8, 8)]
3805,7,0,5,7,[(5, 7), (5, 8), (6, 8), (7, 8), (7, 9), (8, 9)]
3806,7,0,5,8,[(5, 8), (5, 9), (6, 9), (7, 9), (7, 10), (8, 10)]
3807,7,0,5,9,[(5, 9), (5, 10), (6, 10), (7, 10), (7, 11), (8, 11)]
3808,7,0,5,10,[(5, 10), (5, 11), (6, 11), (7, 11), (7, 12), (8, 12)]
3809,7,0,5,11,[(5, 11), (5, 12), (6, 12), (7, 12), (7, 13), (8, 13)]
3810,7,0,5,12,[(5, 12), (5, 13), (6, 13), (7, 13), (7, 14), (8, 14)]
3811,7,0,6,0,[(6, 0), (6, 1), (7, 1), (8, 1), (8, 2), (9, 2)]
3812,7,0,6,1,[(6, 1), (6, 2), (7, 2), (8, 2), (8, 3), (9, 3)]
3813,7,0,6,2,[(6, 2), (6, 3), (7, 3), (8, 3), (8, 4), (9, 4)]
3814,7,0,6,3,[(6, 3), (6, 4), (7, 4), (8, 4), (8, 5), (9, 5)]
3815,7,0,6,4,[(6, 4), (6, 5), (7, 5), (8, 5), (8, 6), (9, 6)]
3816,7,0,6,5,[(6, 5), (6, 6), (7, 6), (8, 6), (8, 7), (9, 7)]
3817,7,0,6,6,[(6, 6), (6, 7), (7, 7), (8, 7), (8, 8), (9, 8)]
3818,7,0,6,7,[(6, 7), (6, 8), (7, 8), (8, 8), (8, 9), (9, 9)]
3819,7,0,6,8,[(6, 8), (6, 9), (7, 9), (8, 9), (8, 10), (9, 10)]
3820,7,0,6,9,[(6, 9), (6, 10), (7, 10), (8, 10), (8, 11), (9, 11)]
3821,7,0,6,10,[(6, 10), (6, 11), (7, 11), (8, 11), (8, 12), (9, 12)]
3822,7,0,6,11,[(6, 11), (6, 12), (7, 12), (8, 12), (8, 13), (9, 13)]
3823,7,0,6,12,[(6, 12), (6, 13), (7, 13), (8, 13), (8, 14), (9, 14)]
3824,7,1,0,0,[(0, 1), (0, 2), (1, 1), (2, 0), (2, 1), (3, 0)]
3825,7,1,0,1,[(0, 2), (0, 3), (1, 2), (2, 1), (2, 2), (3, 1)]
3826,7,1,0,2,[(0, 3), (0, 4), (1, 3), (2, 2), (2, 3), (3, 2)]
3827,7,1,0,3,[(0, 4), (0, 5), (1, 4), (2, 3), (2, 4), (3, 3)]
3828,7,1,0,4,[(0, 5), (0, 6), (1, 5), (2, 4), (2, 5), (3, 4)]
3829,7,1,0,5,[(0, 6), (0, 7), (1, 6), (2, 5), (2, 6), (3, 5)]
3830,7,1,0,6,[(0, 7), (0, 8), (1, 7), (2, 6), (2, 7), (3, 6)]
3831,7,1,0,7,[(0, 8), (0, 9), (1, 8), (2, 7), (2, 8), (3, 7)]
3832,7,1,0,8,[(0, 9), (0, 10), (1, 9), (2, 8), (2, 9), (3, 8)]
3833,7,1,0,9,[(0, 10), (0, 11), (1, 10), (2, 9), (2, 10), (3, 9)]
3834,7,1,0,10,[(0, 11), (0, 12), (1, 11), (2, 10), (2, 11), (3, 10)]
3835,7,1,0,11,[(0, 12), (0, 13), (1, 12), (2, 11), (2, 12), (3, 11)]
3836,7,1,0,12,[(0, 13), (0, 14), (1, 13), (2, 12), (2, 13), (3, 12)]
3837,7,1,1,0,[(1, 1), (1, 2), (2, 1), (3, 0), (3, 1), (4, 0)]
3838,7,1,1,1,[(1, 2), (1, 3), (2, 2), (3, 1), (3, 2), (4, 1)]
3839,7,1,1,2,[(1, 3), (1, 4), (2, 3), (3, 2), (3, 3), (4, 2)]
3840,7,1,1,3,[(1, 4), (1, 5), (2, 4), (3, 3), (3, 4), (4, 3)]
3841,7,1,1,4,[(1, 5), (1, 6), (2, 5), (3, 4), (3, 5), (4, 4)]
3842,7,1,1,5,[(1, 6), (1, 7), (2, 6), (3, 5), (3, 6), (4, 5)]
3843,7,1,1,6,[(1, 7), (1, 8), (2, 7), (3, 6), (3, 7), (4, 6)]
3844,7,1,1,7,[(1, 8), (1, 9), (2, 8), (3, 7), (3, 8), (4, 7)]
3845,7,1,1,8,[(1, 9), (1, 10), (2, 9), (3, 8), (3, 9), (4, 8)]
3846,7,1,1,9,[(1, 10), (1, 11), (2, 10), (3, 9), (3, 10), (4, 9)]
3847,7,1,1,10,[(1, 11), (1, 12), (2, 11), (3, 10), (3, 11), (4, 10)]
3848,7,1,1,11,[(1, 12), (1, 13), (2, 12), (3, 11), (3, 12), (4, 11)]
3849,7,1,1,12,[(1, 13), (1, 14), (2, 13), (3, 12), (3, 13), (4, 12)]
3850,7,1,2,0,[(2, 1), (2, 2), (3, 1), (4, 0), (4, 1), (5, 0)]
3851,7,1,2,1,[(2, 2), (2, 3), (3, 2), (4, 1), (4, 2), (5, 1)]
3852,7,1,2,2,[(2, 3), (2, 4), (3, 3), (4, 2), (4, 3), (5, 2)]
3853,7,1,2,3,[(2, 4), (2, 5), (3, 4), (4, 3), (4, 4), (5, 3)]
3854,7,1,2,4,[(2, 5), (2, 6), (3, 5), (4, 4), (4, 5), (5, 4)]
3855,7,1,2,5,[(2, 6), (2, 7), (3, 6), (4, 5), (4, 6), (5, 5)]
3856,7,1,2,6,[(2, 7), (2, 8), (3, 7), (4, 6), (4, 7), (5, 6)]
3857,7,1,2,7,[(2, 8), (2, 9), (3, 8), (4, 7), (4, 8), (5, 7)]
3858,7,1,2,8,[(2, 9), (2, 10), (3, 9), (4, 8), (4, 9), (5, 8)]
3859,7,1,2,9,[(2, 10), (2, 11), (3, 10), (4, 9), (4, 10), (5, 9)]
3860,7,1,2,10,[(2, 11), (2, 12), (3, 11), (4, 10), (4, 11), (5, 10)]
3861,7,1,2,11,[(2, 12), (2, 13), (3, 12), (4, 11), (4, 12), (5, 11)]
3862,7,1,2,12,[(2, 13), (2, 14), (3, 13), (4, 12), (4, 13), (5, 12)]
3863,7,1,3,0,[(3, 1), (3, 2), (4, 1), (5, 0), (5, 1), (6, 0)]
3864,7,1,3,1,[(3, 2), (3, 3), (4, 2), (5, 1), (5, 2), (6, 1)]
3865,7,1,3,2,[(3, 3), (3, 4), (4, 3), (5, 2), (5, 3), (6, 2)]
3866,7,1,3,3,[(3, 4), (3, 5), (4, 4), (5, 3), (5, 4), (6, 3)]
3867,7,1,3,4,[(3, 5), (3, 6), (4, 5), (5, 4), (5, 5), (6, 4)]
3868,7,1,3,5,[(3, 6), (3, 7), (4, 6), (5, 5), (5, 6), (6, 5)]
3869,7,1,3,6,[(3, 7), (3, 8), (4, 7), (5, 6), (5, 7), (6, 6)]
3870,7,1,3,7,[(3, 8), (3, 9), (4, 8), (5, 7), (5, 8), (6, 7)]
3871,7,1,3,8,[(3, 9), (3, 10), (4, 9), (5, 8), (5, 9), (6, 8)]
3872,7,1,3,9,[(3, 10), (3, 11), (4, 10), (5, 9), (5, 10), (6, 9)]
3873,7,1,3,10,[(3, 11), (3, 12), (4, 11), (5, 10), (5, 11), (6, 10)]
3874,7,1,3,11,[(3, 12), (3, 13), (4, 12), (5, 11), (5, 12), (6, 11)]
3875,7,1,3,12,[(3, 13), (3, 14), (4, 13), (5, 12), (5, 13), (6, 12)]
3876,7,1,4,0,[(4, 1), (4, 2), (5, 1), (6, 0), (6, 1), (7, 0)]
3877,7,1,4,1,[(4, 2), (4, 3), (5, 2), (6, 1), (6, 2), (7, 1)]
3878,7,1,4,2,[(4, 3), (4, 4), (5, 3), (6, 2), (6, 3), (7, 2)]
3879,7,1,4,3,[(4, 4), (4, 5), (5, 4), (6, 3), (6, 4), (7, 3)]
3880,7,1,4,4,[(4, 5), (4, 6), (5, 5), (6, 4), (6, 5), (7, 4)]
3881,7,1,4,5,[(4, 6), (4, 7), (5, 6), (6, 5), (6, 6), (7, 5)]
3882,7,1,4,6,[(4, 7), (4, 8), (5, 7), (6, 6), (6, 7), (7, 6)]
3883,7,1,4,7,[(4, 8), (4, 9), (5, 8), (6, 7), (6, 8), (7, 7)]
3884,7,1,4,8,[(4, 9), (4, 10), (5, 9), (6, 8), (6, 9), (7, 8)]
3885,7,1,4,9,[(4, 10), (4, 11), (5, 10), (6, 9), (6, 10), (7, 9)]
3886,7,1,4,10,[(4, 11), (4, 12), (5, 11), (6, 10), (6, 11), (7, 10)]
3887,7,1,4,11,[(4, 12), (4, 13), (5, 12), (6, 11), (6, 12), (7, 11)]
3888,7,1,4,12,[(4, 13), (4, 14), (5, 13), (6, 12), (6, 13), (7, 12)]
3889,7,1,5,0,[(5, 1), (5, 2), (6, 1), (7, 0), (7, 1), (8, 0)]
3890,7,1,5,1,[(5, 2), (5, 3), (6, 2), (7, 1), (7, 2), (8, 1)]
3891,7,1,5,2,[(5, 3), (5, 4), (6, 3), (7, 2), (7, 3), (8, 2)]
3892,7,1,5,3,[(5, 4), (5, 5), (6, 4), (7, 3), (7, 4), (8, 3)]
3893,7,1,5,4,[(5, 5), (5, 6), (6, 5), (7, 4), (7, 5), (8, 4)]
3894,7,1,5,5,[(5, 6), (5, 7), (6, 6), (7, 5), (7, 6), (8, 5)]
3895,7,1,5,6,[(5, 7), (5, 8), (6, 7), (7, 6), (7, 7), (8, 6)]
3896,7,1,5,7,[(5, 8), (5, 9), (6, 8), (7, 7), (7, 8), (8, 7)]
3897,7,1,5,8,[(5, 9), (5, 10), (6, 9), (7, 8), (7, 9), (8, 8)]
3898,7,1,5,9,[(5, 10), (5, 11), (6, 10), (7, 9), (7, 10), (8, 9)]
3899,7,1,5,10,[(5, 11), (5, 12), (6, 11), (7, 10), (7, 11), (8, 10)]
3900,7,1,5,11,[(5, 12), (5, 13), (6, 12), (7, 11), (7, 12), (8, 11)]
3901,7,1,5,12,[(5, 13), (5, 14), (6, 13), (7, 12), (7, 13), (8, 12)]
3902,7,1,6,0,[(6, 1), (6, 2), (7, 1), (8, 0), (8, 1), (9, 0)]
3903,7,1,6,1,[(6, 2), (6, 3), (7, 2), (8, 1), (8, 2), (9, 1)]
3904,7,1,6,2,[(6, 3), (6, 4), (7, 3), (8, 2), (8, 3), (9, 2)]
3905,7,1,6,3,[(6, 4), (6, 5), (7, 4), (8, 3), (8, 4), (9, 3)]
3906,7,1,6,4,[(6, 5), (6, 6), (7, 5), (8, 4), (8, 5), (9, 4)]
3907,7,1,6,5,[(6, 6), (6, 7), (7, 6), (8, 5), (8, 6), (9, 5)]
3908,7,1,6,6,[(6, 7), (6, 8), (7, 7), (8, 6), (8, 7), (9, 6)]
3909,7,1,6,7,[(6, 8), (6, 9), (7, 8), (8, 7), (8, 8), (9, 7)]
3910,7,1,6,8,[(6, 9), (6, 10), (7, 9), (8, 8), (8, 9), (9, 8)]
3911,7,1,6,9,[(6, 10), (6, 11), (7, 10), (8, 9), (8, 10), (9, 9)]
3912,7,1,6,10,[(6, 11), (6, 12), (7, 11), (8, 10), (8, 11), (9, 10)]
3913,7,1,6,11,[(6, 12), (6, 13), (7, 12), (8, 11), (8, 12), (9, 11)]
3914,7,1,6,12,[(6, 13), (6, 14), (7, 13), (8, 12), (8, 13), (9, 12)]
3915,7,2,0,0,[(0, 2), (1, 1), (1, 2), (2, 1), (3, 0), (3, 1)]
3916,7,2,0,1,[(0, 3), (1, 2), (1, 3), (2, 2), (3, 1), (3, 2)]
3917,7,2,0,2,[(0, 4), (1, 3), (1, 4), (2, 3), (3, 2), (3, 3)]
3918,7,2,0,3,[(0, 5), (1, 4), (1, 5), (2, 4), (3, 3), (3, 4)]
3919,7,2,0,4,[(0, 6), (1, 5), (1, 6), (2, 5), (3, 4), (3, 5)]
3920,7,2,0,5,[(0, 7), (1, 6), (1, 7), (2, 6), (3, 5), (3, 6)]
3921,7,2,0,6,[(0, 8), (1, 7), (1, 8), (2, 7), (3, 6), (3, 7)]
3922,7,2,0,7,[(0, 9), (1, 8), (1, 9), (2, 8), (3, 7), (3, 8)]
3923,7,2,0,8,[(0, 10), (1, 9), (1, 10), (2, 9), (3, 8), (3, 9)]
3924,7,2,0,9,[(0, 11), (1, 10), (1, 11), (2, 10), (3, 9), (3, 10)]
3925,7,2,0,10,[(0, 12), (1, 11), (1, 12), (2, 11), (3, 10), (3, 11)]
3926,7,2,0,11,[(0, 13), (1, 12), (1, 13), (2, 12), (3, 11), (3, 12)]
3927,7,2,0,12,[(0, 14), (1, 13), (1, 14), (2, 13), (3, 12), (3, 13)]
3928,7,2,1,0,[(1, 2), (2, 1), (2, 2), (3, 1), (4, 0), (4, 1)]
3929,7,2,1,1,[(1, 3), (2, 2), (2, 3), (3, 2), (4, 1), (4, 2)]
3930,7,2,1,2,[(1, 4), (2, 3), (2, 4), (3, 3), (4, 2), (4, 3)]
3931,7,2,1,3,[(1, 5), (2, 4), (2, 5), (3, 4), (4, 3), (4, 4)]
3932,7,2,1,4,[(1, 6), (2, 5), (2, 6), (3, 5), (4, 4), (4, 5)]
3933,7,2,1,5,[(1, 7), (2, 6), (2, 7), (3, 6), (4, 5), (4, 6)]
3934,7,2,1,6,[(1, 8), (2, 7), (2, 8), (3, 7), (4, 6), (4, 7)]
3935,7,2,1,7,[(1, 9), (2, 8), (2, 9), (3, 8), (4, 7), (4, 8)]
3936,7,2,1,8,[(1, 10), (2, 9), (2, 10), (3, 9), (4, 8), (4, 9)]
3937,7,2,1,9,[(1, 11), (2, 10), (2, 11), (3, 10), (4, 9), (4, 10)]
3938,7,2,1,10,[(1, 12), (2, 11), (2, 12), (3, 11), (4, 10), (4, 11)]
3939,7,2,1,11,[(1, 13), (2, 12), (2, 13), (3, 12), (4, 11), (4, 12)]
3940,7,2,1,12,[(1, 14), (2, 13), (2, 14), (3, 13), (4, 12), (4, 13)]
3941,7,2,2,0,[(2, 2), (3, 1), (3, 2), (4, 1), (5, 0), (5, 1)]
3942,7,2,2,1,[(2, 3), (3, 2), (3, 3), (4, 2), (5, 1), (5, 2)]
3943,7,2,2,2,[(2, 4), (3, 3), (3, 4), (4, 3), (5, 2), (5, 3)]
3944,7,2,2,3,[(2, 5), (3, 4), (3, 5), (4, 4), (5, 3), (5, 4)]
3945,7,2,2,4,[(2, 6), (3, 5), (3, 6), (4, 5), (5, 4), (5, 5)]
3946,7,2,2,5,[(2, 7), (3, 6), (3, 7), (4, 6), (5, 5), (5, 6)]
3947,7,2,2,6,[(2, 8), (3, 7), (3, 8), (4, 7), (5, 6), (5, 7)]
3948,7,2,2,7,[(2, 9), (3, 8), (3, 9), (4, 8), (5, 7), (5, 8)]
3949,7,2,2,8,[(2, 10), (3, 9), (3, 10), (4, 9), (5, 8), (5, 9)]
3950,7,2,2,9,[(2, 11), (3, 10), (3, 11), (4, 10), (5, 9), (5, 10)]
3951,7,2,2,10,[(2, 12), (3, 11), (3, 12), (4, 11), (5, 10), (5, 11)]
3952,7,2,2,11,[(2, 13), (3, 12), (3, 13), (4, 12), (5, 11), (5, 12)]
3953,7,2,2,12,[(2, 14), (3, 13), (3, 14), (4, 13), (5, 12), (5, 13)]
3954,7,2,3,0,[(3, 2), (4, 1), (4, 2), (5, 1), (6, 0), (6, 1)]
3955,7,2,3,1,[(3, 3), (4, 2), (4, 3), (5, 2), (6, 1), (6, 2)]
3956,7,2,3,2,[(3, 4), (4, 3), (4, 4), (5, 3), (6, 2), (6, 3)]
3957,7,2,3,3,[(3, 5), (4, 4), (4, 5), (5, 4), (6, 3), (6, 4)]
3958,7,2,3,4,[(3, 6), (4, 5), (4, 6), (5, 5), (6, 4), (6, 5)]
3959,7,2,3,5,[(3, 7), (4, 6), (4, 7), (5, 6), (6, 5), (6, 6)]
3960,7,2,3,6,[(3, 8), (4, 7), (4, 8), (5, 7), (6, 6), (6, 7)]
3961,7,2,3,7,[(3, 9), (4, 8), (4, 9), (5, 8), (6, 7), (6, 8)]
3962,7,2,3,8,[(3, 10), (4, 9), (4, 10), (5, 9), (6, 8), (6, 9)]
3963,7,2,3,9,[(3, 11), (4, 10), (4, 11), (5, 10), (6, 9), (6, 10)]
3964,7,2,3,10,[(3, 12), (4, 11), (4, 12), (5, 11), (6, 10), (6, 11)]
3965,7,2,3,11,[(3, 13), (4, 12), (4, 13), (5, 12), (6, 11), (6, 12)]
3966,7,2,3,12,[(3, 14), (4, 13), (4, 14), (5, 13), (6, 12), (6, 13)]
3967,7,2,4,0,[(4, 2), (5, 1), (5, 2), (6, 1), (7, 0), (7, 1)]
3968,7,2,4,1,[(4, 3), (5, 2), (5, 3), (6, 2), (7, 1), (7, 2)]
3969,7,2,4,2,[(4, 4), (5, 3), (5, 4), (6, 3), (7, 2), (7, 3)]
3970,7,2,4,3,[(4, 5), (5, 4), (5, 5), (6, 4), (7, 3), (7, 4)]
3971,7,2,4,4,[(4, 6), (5, 5), (5, 6), (6, 5), (7, 4), (7, 5)]
3972,7,2,4,5,[(4, 7), (5, 6), (5, 7), (6, 6), (7, 5), (7, 6)]
3973,7,2,4,6,[(4, 8), (5, 7), (5, 8), (6, 7), (7, 6), (7, 7)]
3974,7,2,4,7,[(4, 9), (5, 8), (5, 9), (6, 8), (7, 7), (7, 8)]
3975,7,2,4,8,[(4, 10), (5, 9), (5, 10), (6, 9), (7, 8), (7, 9)]
3976,7,2,4,9,[(4, 11), (5, 10), (5, 11), (6, 10), (7, 9), (7, 10)]
3977,7,2,4,10,[(4, 12), (5, 11), (5, 12), (6, 11), (7, 10), (7, 11)]
3978,7,2,4,11,[(4, 13), (5, 12), (5, 13), (6, 12), (7, 11), (7, 12)]
3979,7,2,4,12,[(4, 14), (5, 13), (5, 14), (6, 13), (7, 12), (7, 13)]
3980,7,2,5,0,[(5, 2), (6, 1), (6, 2), (7, 1), (8, 0), (8, 1)]
3981,7,2,5,1,[(5, 3), (6, 2), (6, 3), (7, 2), (8, 1), (8, 2)]
3982,7,2,5,2,[(5, 4), (6, 3), (6, 4), (7, 3), (8, 2), (8, 3)]
3983,7,2,5,3,[(5, 5), (6, 4), (6, 5), (7, 4), (8, 3), (8, 4)]
3984,7,2,5,4,[(5, 6), (6, 5), (6, 6), (7, 5), (8, 4), (8, 5)]
3985,7,2,5,5,[(5, 7), (6, 6), (6, 7), (7, 6), (8, 5), (8, 6)]
3986,7,2,5,6,[(5, 8), (6, 7), (6, 8), (7, 7), (8, 6), (8, 7)]
3987,7,2,5,7,[(5, 9), (6, 8), (6, 9), (7, 8), (8, 7), (8, 8)]
3988,7,2,5,8,[(5, 10), (6, 9), (6, 10), (7, 9), (8, 8), (8, 9)]
3989,7,2,5,9,[(5, 11), (6, 10), (6, 11), (7, 10), (8, 9), (8, 10)]
3990,7,2,5,10,[(5, 12), (6, 11), (6, 12), (7, 11), (8, 10), (8, 11)]
3991,7,2,5,11,[(5, 13), (6, 12), (6, 13), (7, 12), (8, 11), (8, 12)]
3992,7,2,5,12,[(5, 14), (6, 13), (6, 14), (7, 13), (8, 12), (8, 13)]
3993,7,2,6,0,[(6, 2), (7, 1), (7, 2), (8, 1), (9, 0), (9, 1)]
3994,7,2,6,1,[(6, 3), (7, 2), (7, 3), (8, 2), (9, 1), (9, 2)]
3995,7,2,6,2,[(6, 4), (7, 3), (7, 4), (8, 3), (9, 2), (9, 3)]
3996,7,2,6,3,[(6, 5), (7, 4), (7, 5), (8, 4), (9, 3), (9, 4)]
3997,7,2,6,4,[(6, 6), (7, 5), (7, 6), (8, 5), (9, 4), (9, 5)]
3998,7,2,6,5,[(6, 7), (7, 6), (7, 7), (8, 6), (9, 5), (9, 6)]
3999,7,2,6,6,[(6, 8), (7, 7), (7, 8), (8, 7), (9, 6), (9, 7)]
4000,7,2,6,7,[(6, 9), (7, 8), (7, 9), (8, 8), (9, 7), (9, 8)]
4001,7,2,6,8,[(6, 10), (7, 9), (7, 10), (8, 9), (9, 8), (9, 9)]
4002,7,2,6,9,[(6, 11), (7, 10), (7, 11), (8, 10), (9, 9), (9, 10)]
4003,7,2,6,10,[(6, 12), (7, 11), (7, 12), (8, 11), (9, 10), (9, 11)]
4004,7,2,6,11,[(6, 13), (7, 12), (7, 13), (8, 12), (9, 11), (9, 12)]
4005,7,2,6,12,[(6, 14), (7, 13), (7, 14), (8, 13), (9, 12), (9, 13)]
4006,7,3,0,0,[(0, 3), (1, 1), (1, 2), (1, 3), (2, 0), (2, 1)]
4007,7,3,0,1,[(0, 4), (1, 2), (1, 3), (1, 4), (2, 1), (2, 2)]
4008,7,3,0,2,[(0, 5), (1, 3), (1, 4), (1, 5), (2, 2), (2, 3)]
4009,7,3,0,3,[(0, 6), (1, 4), (1, 5), (1, 6), (2, 3), (2, 4)]
4010,7,3,0,4,[(0, 7), (1, 5), (1, 6), (1, 7), (2, 4), (2, 5)]
4011,7,3,0,5,[(0, 8), (1, 6), (1, 7), (1, 8), (2, 5), (2, 6)]
4012,7,3,0,6,[(0, 9), (1, 7), (1, 8), (1, 9), (2, 6), (2, 7)]
4013,7,3,0,7,[(0, 10), (1, 8), (1, 9), (1, 10), (2, 7), (2, 8)]
4014,7,3,0,8,[(0, 11), (1, 9), (1, 10), (1, 11), (2, 8), (2, 9)]
4015,7,3,0,9,[(0, 12), (1, 10), (1, 11), (1, 12), (2, 9), (2, 10)]
4016,7,3,0,10,[(0, 13), (1, 11), (1, 12), (1, 13), (2, 10), (2, 11)]
4017,7,3,0,11,[(0, 14), (1, 12), (1, 13), (1, 14), (2, 11), (2, 12)]
4018,7,3,1,0,[(1, 3), (2, 1), (2, 2), (2, 3), (3, 0), (3, 1)]
4019,7,3,1,1,[(1, 4), (2, 2), (2, 3), (2, 4), (3, 1), (3, 2)]
4020,7,3,1,2,[(1, 5), (2, 3), (2, 4), (2, 5), (3, 2), (3, 3)]
4021,7,3,1,3,[(1, 6), (2, 4), (2, 5), (2, 6), (3, 3), (3, 4)]
4022,7,3,1,4,[(1, 7), (2, 5), (2, 6), (2, 7), (3, 4), (3, 5)]
4023,7,3,1,5,[(1, 8), (2, 6), (2, 7), (2, 8), (3, 5), (3, 6)]
4024,7,3,1,6,[(1, 9), (2, 7), (2, 8), (2, 9), (3, 6), (3, 7)]
4025,7,3,1,7,[(1, 10), (2, 8), (2, 9), (2, 10), (3, 7), (3, 8)]
4026,7,3,1,8,[(1, 11), (2, 9), (2, 10), (2, 11), (3, 8), (3, 9)]
4027,7,3,1,9,[(1, 12), (2, 10), (2, 11), (2, 12), (3, 9), (3, 10)]
4028,7,3,1,10,[(1, 13), (2, 11), (2, 12), (2, 13), (3, 10), (3, 11)]
4029,7,3,1,11,[(1, 14), (2, 12), (2, 13), (2, 14), (3, 11), (3, 12)]
4030,7,3,2,0,[(2, 3), (3, 1), (3, 2), (3, 3), (4, 0), (4, 1)]
4031,7,3,2,1,[(2, 4), (3, 2), (3, 3), (3, 4), (4, 1), (4, 2)]
4032,7,3,2,2,[(2, 5), (3, 3), (3, 4), (3, 5), (4, 2), (4, 3)]
4033,7,3,2,3,[(2, 6), (3, 4), (3, 5), (3, 6), (4, 3), (4, 4)]
4034,7,3,2,4,[(2, 7), (3, 5), (3, 6), (3, 7), (4, 4), (4, 5)]
4035,7,3,2,5,[(2, 8), (3, 6), (3, 7), (3, 8), (4, 5), (4, 6)]
4036,7,3,2,6,[(2, 9), (3, 7), (3, 8), (3, 9), (4, 6), (4, 7)]
4037,7,3,2,7,[(2, 10), (3, 8), (3, 9), (3, 10), (4, 7), (4, 8)]
4038,7,3,2,8,[(2, 11), (3, 9), (3, 10), (3, 11), (4, 8), (4, 9)]
4039,7,3,2,9,[(2, 12), (3, 10), (3, 11), (3, 12), (4, 9), (4, 10)]
4040,7,3,2,10,[(2, 13), (3, 11), (3, 12), (3, 13), (4, 10), (4, 11)]
4041,7,3,2,11,[(2, 14), (3, 12), (3, 13), (3, 14), (4, 11), (4, 12)]
4042,7,3,3,0,[(3, 3), (4, 1), (4, 2), (4, 3), (5, 0), (5, 1)]
4043,7,3,3,1,[(3, 4), (4, 2), (4, 3), (4, 4), (5, 1), (5, 2)]
4044,7,3,3,2,[(3, 5), (4, 3), (4, 4), (4, 5), (5, 2), (5, 3)]
4045,7,3,3,3,[(3, 6), (4, 4), (4, 5), (4, 6), (5, 3), (5, 4)]
4046,7,3,3,4,[(3, 7), (4, 5), (4, 6), (4, 7), (5, 4), (5, 5)]
4047,7,3,3,5,[(3, 8), (4, 6), (4, 7), (4, 8), (5, 5), (5, 6)]
4048,7,3,3,6,[(3, 9), (4, 7), (4, 8), (4, 9), (5, 6), (5, 7)]
4049,7,3,3,7,[(3, 10), (4, 8), (4, 9), (4, 10), (5, 7), (5, 8)]
4050,7,3,3,8,[(3, 11), (4, 9), (4, 10), (4, 11), (5, 8), (5, 9)]
4051,7,3,3,9,[(3, 12), (4, 10), (4, 11), (4, 12), (5, 9), (5, 10)]
4052,7,3,3,10,[(3, 13), (4, 11), (4, 12), (4, 13), (5, 10), (5, 11)]
4053,7,3,3,11,[(3, 14), (4, 12), (4, 13), (4, 14), (5, 11), (5, 12)]
4054,7,3,4,0,[(4, 3), (5, 1), (5, 2), (5, 3), (6, 0), (6, 1)]
4055,7,3,4,1,[(4, 4), (5, 2), (5, 3), (5, 4), (6, 1), (6, 2)]
4056,7,3,4,2,[(4, 5), (5, 3), (5, 4), (5, 5), (6, 2), (6, 3)]
4057,7,3,4,3,[(4, 6), (5, 4), (5, 5), (5, 6), (6, 3), (6, 4)]
4058,7,3,4,4,[(4, 7), (5, 5), (5, 6), (5, 7), (6, 4), (6, 5)]
4059,7,3,4,5,[(4, 8), (5, 6), (5, 7), (5, 8), (6, 5), (6, 6)]
4060,7,3,4,6,[(4, 9), (5, 7), (5, 8), (5, 9), (6, 6), (6, 7)]
4061,7,3,4,7,[(4, 10), (5, 8), (5, 9), (5, 10), (6, 7), (6, 8)]
4062,7,3,4,8,[(4, 11), (5, 9), (5, 10), (5, 11), (6, 8), (6, 9)]
4063,7,3,4,9,[(4, 12), (5, 10), (5, 11), (5, 12), (6, 9), (6, 10)]
4064,7,3,4,10,[(4, 13), (5, 11), (5, 12), (5, 13), (6, 10), (6, 11)]
4065,7,3,4,11,[(4, 14), (5, 12), (5, 13), (5, 14), (6, 11), (6, 12)]
4066,7,3,5,0,[(5, 3), (6, 1), (6, 2), (6, 3), (7, 0), (7, 1)]
4067,7,3,5,1,[(5, 4), (6, 2), (6, 3), (6, 4), (7, 1), (7, 2)]
4068,7,3,5,2,[(5, 5), (6, 3), (6, 4), (6, 5), (7, 2), (7, 3)]
4069,7,3,5,3,[(5, 6), (6, 4), (6, 5), (6, 6), (7, 3), (7, 4)]
4070,7,3,5,4,[(5, 7), (6, 5), (6, 6), (6, 7), (7, 4), (7, 5)]
4071,7,3,5,5,[(5, 8), (6, 6), (6, 7), (6, 8), (7, 5), (7, 6)]
4072,7,3,5,6,[(5, 9), (6, 7), (6, 8), (6, 9), (7, 6), (7, 7)]
4073,7,3,5,7,[(5, 10), (6, 8), (6, 9), (6, 10), (7, 7), (7, 8)]
4074,7,3,5,8,[(5, 11), (6, 9), (6, 10), (6, 11), (7, 8), (7, 9)]
4075,7,3,5,9,[(5, 12), (6, 10), (6, 11), (6, 12), (7, 9), (7, 10)]
4076,7,3,5,10,[(5, 13), (6, 11), (6, 12), (6, 13), (7, 10), (7, 11)]
4077,7,3,5,11,[(5, 14), (6, 12), (6, 13), (6, 14), (7, 11), (7, 12)]
4078,7,3,6,0,[(6, 3), (7, 1), (7, 2), (7, 3), (8, 0), (8, 1)]
4079,7,3,6,1,[(6, 4), (7, 2), (7, 3), (7, 4), (8, 1), (8, 2)]
4080,7,3,6,2,[(6, 5), (7, 3), (7, 4), (7, 5), (8, 2), (8, 3)]
4081,7,3,6,3,[(6, 6), (7, 4), (7, 5), (7, 6), (8, 3), (8, 4)]
4082,7,3,6,4,[(6, 7), (7, 5), (7, 6), (7, 7), (8, 4), (8, 5)]
4083,7,3,6,5,[(6, 8), (7, 6), (7, 7), (7, 8), (8, 5), (8, 6)]
4084,7,3,6,6,[(6, 9), (7, 7), (7, 8), (7, 9), (8, 6), (8, 7)]
4085,7,3,6,7,[(6, 10), (7, 8), (7, 9), (7, 10), (8, 7), (8, 8)]
4086,7,3,6,8,[(6, 11), (7, 9), (7, 10), (7, 11), (8, 8), (8, 9)]
4087,7,3,6,9,[(6, 12), (7, 10), (7, 11), (7, 12), (8, 9), (8, 10)]
4088,7,3,6,10,[(6, 13), (7, 11), (7, 12), (7, 13), (8, 10), (8, 11)]
4089,7,3,6,11,[(6, 14), (7, 12), (7, 13), (7, 14), (8, 11), (8, 12)]
4090,7,3,7,0,[(7, 3), (8, 1), (8, 2), (8, 3), (9, 0), (9, 1)]
4091,7,3,7,1,[(7, 4), (8, 2), (8, 3), (8, 4), (9, 1), (9, 2)]
4092,7,3,7,2,[(7, 5), (8, 3), (8, 4), (8, 5), (9, 2), (9, 3)]
4093,7,3,7,3,[(7, 6), (8, 4), (8, 5), (8, 6), (9, 3), (9, 4)]
4094,7,3,7,4,[(7, 7), (8, 5), (8, 6), (8, 7), (9, 4), (9, 5)]
4095,7,3,7,5,[(7, 8), (8, 6), (8, 7), (8, 8), (9, 5), (9, 6)]
4096,7,3,7,6,[(7, 9), (8, 7), (8, 8), (8, 9), (9, 6), (9, 7)]
4097,7,3,7,7,[(7, 10), (8, 8), (8, 9), (8, 10), (9, 7), (9, 8)]
4098,7,3,7,8,[(7, 11), (8, 9), (8, 10), (8, 11), (9, 8), (9, 9)]
4099,7,3,7,9,[(7, 12), (8, 10), (8, 11), (8, 12), (9, 9), (9, 10)]
4100,7,3,7,10,[(7, 13), (8, 11), (8, 12), (8, 13), (9, 10), (9, 11)]
4101,7,3,7,11,[(7, 14), (8, 12), (8, 13), (8, 14), (9, 11), (9, 12)]
4102,7,4,0,0,[(0, 0), (1, 0), (1, 1), (1, 2), (2, 2), (2, 3)]
4103,7,4,0,1,[(0, 1), (1, 1), (1, 2), (1, 3), (2, 3), (2, 4)]
4104,7,4,0,2,[(0, 2), (1, 2), (1, 3), (1, 4), (2, 4), (2, 5)]
4105,7,4,0,3,[(0, 3), (1, 3), (1, 4), (1, 5), (2, 5), (2, 6)]
4106,7,4,0,4,[(0, 4), (1, 4), (1, 5), (1, 6), (2, 6), (2, 7)]
4107,7,4,0,5,[(0, 5), (1, 5), (1, 6), (1, 7), (2, 7), (2, 8)]
4108,7,4,0,6,[(0, 6), (1, 6), (1, 7), (1, 8), (2, 8), (2, 9)]
4109,7,4,0,7,[(0, 7), (1, 7), (1, 8), (1, 9), (2, 9), (2, 10)]
4110,7,4,0,8,[(0, 8), (1, 8), (1, 9), (1, 10), (2, 10), (2, 11)]
4111,7,4,0,9,[(0, 9), (1, 9), (1, 10), (1, 11), (2, 11), (2, 12)]
4112,7,4,0,10,[(0, 10), (1, 10), (1, 11), (1, 12), (2, 12), (2, 13)]
4113,7,4,0,11,[(0, 11), (1, 11), (1, 12), (1, 13), (2, 13), (2, 14)]
4114,7,4,1,0,[(1, 0), (2, 0), (2, 1), (2, 2), (3, 2), (3, 3)]
4115,7,4,1,1,[(1, 1), (2, 1), (2, 2), (2, 3), (3, 3), (3, 4)]
4116,7,4,1,2,[(1, 2), (2, 2), (2, 3), (2, 4), (3, 4), (3, 5)]
4117,7,4,1,3,[(1, 3), (2, 3), (2, 4), (2, 5), (3, 5), (3, 6)]
4118,7,4,1,4,[(1, 4), (2, 4), (2, 5), (2, 6), (3, 6), (3, 7)]
4119,7,4,1,5,[(1, 5), (2, 5), (2, 6), (2, 7), (3, 7), (3, 8)]
4120,7,4,1,6,[(1, 6), (2, 6), (2, 7), (2, 8), (3, 8), (3, 9)]
4121,7,4,1,7,[(1, 7), (2, 7), (2, 8), (2, 9), (3, 9), (3, 10)]
4122,7,4,1,8,[(1, 8), (2, 8), (2, 9), (2, 10), (3, 10), (3, 11)]
4123,7,4,1,9,[(1, 9), (2, 9), (2, 10), (2, 11), (3, 11), (3, 12)]
4124,7,4,1,10,[(1, 10), (2, 10), (2, 11), (2, 12), (3, 12), (3, 13)]
4125,7,4,1,11,[(1, 11), (2, 11), (2, 12), (2, 13), (3, 13), (3, 14)]
4126,7,4,2,0,[(2, 0), (3, 0), (3, 1), (3, 2), (4, 2), (4, 3)]
4127,7,4,2,1,[(2, 1), (3, 1), (3, 2), (3, 3), (4, 3), (4, 4)]
4128,7,4,2,2,[(2, 2), (3, 2), (3, 3), (3, 4), (4, 4), (4, 5)]
4129,7,4,2,3,[(2, 3), (3, 3), (3, 4), (3, 5), (4, 5), (4, 6)]
4130,7,4,2,4,[(2, 4), (3, 4), (3, 5), (3, 6), (4, 6), (4, 7)]
4131,7,4,2,5,[(2, 5), (3, 5), (3, 6), (3, 7), (4, 7), (4, 8)]
4132,7,4,2,6,[(2, 6), (3, 6), (3, 7), (3, 8), (4, 8), (4, 9)]
4133,7,4,2,7,[(2, 7), (3, 7), (3, 8), (3, 9), (4, 9), (4, 10)]
4134,7,4,2,8,[(2, 8), (3, 8), (3, 9), (3, 10), (4, 10), (4, 11)]
4135,7,4,2,9,[(2, 9), (3, 9), (3, 10), (3, 11), (4, 11), (4, 12)]
4136,7,4,2,10,[(2, 10), (3, 10), (3, 11), (3, 12), (4, 12), (4, 13)]
4137,7,4,2,11,[(2, 11), (3, 11), (3, 12), (3, 13), (4, 13), (4, 14)]
4138,7,4,3,0,[(3, 0), (4, 0), (4, 1), (4, 2), (5, 2), (5, 3)]
4139,7,4,3,1,[(3, 1), (4, 1), (4, 2), (4, 3), (5, 3), (5, 4)]
4140,7,4,3,2,[(3, 2), (4, 2), (4, 3), (4, 4), (5, 4), (5, 5)]
4141,7,4,3,3,[(3, 3), (4, 3), (4, 4), (4, 5), (5, 5), (5, 6)]
4142,7,4,3,4,[(3, 4), (4, 4), (4, 5), (4, 6), (5, 6), (5, 7)]
4143,7,4,3,5,[(3, 5), (4, 5), (4, 6), (4, 7), (5, 7), (5, 8)]
4144,7,4,3,6,[(3, 6), (4, 6), (4, 7), (4, 8), (5, 8), (5, 9)]
4145,7,4,3,7,[(3, 7), (4, 7), (4, 8), (4, 9), (5, 9), (5, 10)]
4146,7,4,3,8,[(3, 8), (4, 8), (4, 9), (4, 10), (5, 10), (5, 11)]
4147,7,4,3,9,[(3, 9), (4, 9), (4, 10), (4, 11), (5, 11), (5, 12)]
4148,7,4,3,10,[(3, 10), (4, 10), (4, 11), (4, 12), (5, 12), (5, 13)]
4149,7,4,3,11,[(3, 11), (4, 11), (4, 12), (4, 13), (5, 13), (5, 14)]
4150,7,4,4,0,[(4, 0), (5, 0), (5, 1), (5, 2), (6, 2), (6, 3)]
4151,7,4,4,1,[(4, 1), (5, 1), (5, 2), (5, 3), (6, 3), (6, 4)]
4152,7,4,4,2,[(4, 2), (5, 2), (5, 3), (5, 4), (6, 4), (6, 5)]
4153,7,4,4,3,[(4, 3), (5, 3), (5, 4), (5, 5), (6, 5), (6, 6)]
4154,7,4,4,4,[(4, 4), (5, 4), (5, 5), (5, 6), (6, 6), (6, 7)]
4155,7,4,4,5,[(4, 5), (5, 5), (5, 6), (5, 7), (6, 7), (6, 8)]
4156,7,4,4,6,[(4, 6), (5, 6), (5, 7), (5, 8), (6, 8), (6, 9)]
4157,7,4,4,7,[(4, 7), (5, 7), (5, 8), (5, 9), (6, 9), (6, 10)]
4158,7,4,4,8,[(4, 8), (5, 8), (5, 9), (5, 10), (6, 10), (6, 11)]
4159,7,4,4,9,[(4, 9), (5, 9), (5, 10), (5, 11), (6, 11), (6, 12)]
4160,7,4,4,10,[(4, 10), (5, 10), (5, 11), (5, 12), (6, 12), (6, 13)]
4161,7,4,4,11,[(4, 11), (5, 11), (5, 12), (5, 13), (6, 13), (6, 14)]
4162,7,4,5,0,[(5, 0), (6, 0), (6, 1), (6, 2), (7, 2), (7, 3)]
4163,7,4,5,1,[(5, 1), (6, 1), (6, 2), (6, 3), (7, 3), (7, 4)]
4164,7,4,5,2,[(5, 2), (6, 2), (6, 3), (6, 4), (7, 4), (7, 5)]
4165,7,4,5,3,[(5, 3), (6, 3), (6, 4), (6, 5), (7, 5), (7, 6)]
4166,7,4,5,4,[(5, 4), (6, 4), (6, 5), (6, 6), (7, 6), (7, 7)]
4167,7,4,5,5,[(5, 5), (6, 5), (6, 6), (6, 7), (7, 7), (7, 8)]
4168,7,4,5,6,[(5, 6), (6, 6), (6, 7), (6, 8), (7, 8), (7, 9)]
4169,7,4,5,7,[(5, 7), (6, 7), (6, 8), (6, 9), (7, 9), (7, 10)]
4170,7,4,5,8,[(5, 8), (6, 8), (6, 9), (6, 10), (7, 10), (7, 11)]
4171,7,4,5,9,[(5, 9), (6, 9), (6, 10), (6, 11), (7, 11), (7, 12)]
4172,7,4,5,10,[(5, 10), (6, 10), (6, 11), (6, 12), (7, 12), (7, 13)]
4173,7,4,5,11,[(5, 11), (6, 11), (6, 12), (6, 13), (7, 13), (7, 14)]
4174,7,4,6,0,[(6, 0), (7, 0), (7, 1), (7, 2), (8, 2), (8, 3)]
4175,7,4,6,1,[(6, 1), (7, 1), (7, 2), (7, 3), (8, 3), (8, 4)]
4176,7,4,6,2,[(6, 2), (7, 2), (7, 3), (7, 4), (8, 4), (8, 5)]
4177,7,4,6,3,[(6, 3), (7, 3), (7, 4), (7, 5), (8, 5), (8, 6)]
4178,7,4,6,4,[(6, 4), (7, 4), (7, 5), (7, 6), (8, 6), (8, 7)]
4179,7,4,6,5,[(6, 5), (7, 5), (7, 6), (7, 7), (8, 7), (8, 8)]
4180,7,4,6,6,[(6, 6), (7, 6), (7, 7), (7, 8), (8, 8), (8, 9)]
4181,7,4,6,7,[(6, 7), (7, 7), (7, 8), (7, 9), (8, 9), (8, 10)]
4182,7,4,6,8,[(6, 8), (7, 8), (7, 9), (7, 10), (8, 10), (8, 11)]
4183,7,4,6,9,[(6, 9), (7, 9), (7, 10), (7, 11), (8, 11), (8, 12)]
4184,7,4,6,10,[(6, 10), (7, 10), (7, 11), (7, 12), (8, 12), (8, 13)]
4185,7,4,6,11,[(6, 11), (7, 11), (7, 12), (7, 13), (8, 13), (8, 14)]
4186,7,4,7,0,[(7, 0), (8, 0), (8, 1), (8, 2), (9, 2), (9, 3)]
4187,7,4,7,1,[(7, 1), (8, 1), (8, 2), (8, 3), (9, 3), (9, 4)]
4188,7,4,7,2,[(7, 2), (8, 2), (8, 3), (8, 4), (9, 4), (9, 5)]
4189,7,4,7,3,[(7, 3), (8, 3), (8, 4), (8, 5), (9, 5), (9, 6)]
4190,7,4,7,4,[(7, 4), (8, 4), (8, 5), (8, 6), (9, 6), (9, 7)]
4191,7,4,7,5,[(7, 5), (8, 5), (8, 6), (8, 7), (9, 7), (9, 8)]
4192,7,4,7,6,[(7, 6), (8, 6), (8, 7), (8, 8), (9, 8), (9, 9)]
4193,7,4,7,7,[(7, 7), (8, 7), (8, 8), (8, 9), (9, 9), (9, 10)]
4194,7,4,7,8,[(7, 8), (8, 8), (8, 9), (8, 10), (9, 10), (9, 11)]
4195,7,4,7,9,[(7, 9), (8, 9), (8, 10), (8, 11), (9, 11), (9, 12)]
4196,7,4,7,10,[(7, 10), (8, 10), (8, 11), (8, 12), (9, 12), (9, 13)]
4197,7,4,7,11,[(7, 11), (8, 11), (8, 12), (8, 13), (9, 13), (9, 14)]
4198,7,5,0,0,[(0, 0), (0, 1), (1, 1), (1, 2), (1, 3), (2, 3)]
4199,7,5,0,1,[(0, 1), (0, 2), (1, 2), (1, 3), (1, 4), (2, 4)]
4200,7,5,0,2,[(0, 2), (0, 3), (1, 3), (1, 4), (1, 5), (2, 5)]
4201,7,5,0,3,[(0, 3), (0, 4), (1, 4), (1, 5), (1, 6), (2, 6)]
4202,7,5,0,4,[(0, 4), (0, 5), (1, 5), (1, 6), (1, 7), (2, 7)]
4203,7,5,0,5,[(0, 5), (0, 6), (1, 6), (1, 7), (1, 8), (2, 8)]
4204,7,5,0,6,[(0, 6), (0, 7), (1, 7), (1, 8), (1, 9), (2, 9)]
4205,7,5,0,7,[(0, 7), (0, 8), (1, 8), (1, 9), (1, 10), (2, 10)]
4206,7,5,0,8,[(0, 8), (0, 9), (1, 9), (1, 10), (1, 11), (2, 11)]
4207,7,5,0,9,[(0, 9), (0, 10), (1, 10), (1, 11), (1, 12), (2, 12)]
4208,7,5,0,10,[(0, 10), (0, 11), (1, 11), (1, 12), (1, 13), (2, 13)]
4209,7,5,0,11,[(0, 11), (0, 12), (1, 12), (1, 13), (1, 14), (2, 14)]
4210,7,5,1,0,[(1, 0), (1, 1), (2, 1), (2, 2), (2, 3), (3, 3)]
4211,7,5,1,1,[(1, 1), (1, 2), (2, 2), (2, 3), (2, 4), (3, 4)]
4212,7,5,1,2,[(1, 2), (1, 3), (2, 3), (2, 4), (2, 5), (3, 5)]
4213,7,5,1,3,[(1, 3), (1, 4), (2, 4), (2, 5), (2, 6), (3, 6)]
4214,7,5,1,4,[(1, 4), (1, 5), (2, 5), (2, 6), (2, 7), (3, 7)]
4215,7,5,1,5,[(1, 5), (1, 6), (2, 6), (2, 7), (2, 8), (3, 8)]
4216,7,5,1,6,[(1, 6), (1, 7), (2, 7), (2, 8), (2, 9), (3, 9)]
4217,7,5,1,7,[(1, 7), (1, 8), (2, 8), (2, 9), (2, 10), (3, 10)]
4218,7,5,1,8,[(1, 8), (1, 9), (2, 9), (2, 10), (2, 11), (3, 11)]
4219,7,5,1,9,[(1, 9), (1, 10), (2, 10), (2, 11), (2, 12), (3, 12)]
4220,7,5,1,10,[(1, 10), (1, 11), (2, 11), (2, 12), (2, 13), (3, 13)]
4221,7,5,1,11,[(1, 11), (1, 12), (2, 12), (2, 13), (2, 14), (3, 14)]
4222,7,5,2,0,[(2, 0), (2, 1), (3, 1), (3, 2), (3, 3), (4, 3)]
4223,7,5,2,1,[(2, 1), (2, 2), (3, 2), (3, 3), (3, 4), (4, 4)]
4224,7,5,2,2,[(2, 2), (2, 3), (3, 3), (3, 4), (3, 5), (4, 5)]
4225,7,5,2,3,[(2, 3), (2, 4), (3, 4), (3, 5), (3, 6), (4, 6)]
4226,7,5,2,4,[(2, 4), (2, 5), (3, 5), (3, 6), (3, 7), (4, 7)]
4227,7,5,2,5,[(2, 5), (2, 6), (3, 6), (3, 7), (3, 8), (4, 8)]
4228,7,5,2,6,[(2, 6), (2, 7), (3, 7), (3, 8), (3, 9), (4, 9)]
4229,7,5,2,7,[(2, 7), (2, 8), (3, 8), (3, 9), (3, 10), (4, 10)]
4230,7,5,2,8,[(2, 8), (2, 9), (3, 9), (3, 10), (3, 11), (4, 11)]
4231,7,5,2,9,[(2, 9), (2, 10), (3, 10), (3, 11), (3, 12), (4, 12)]
4232,7,5,2,10,[(2, 10), (2, 11), (3, 11), (3, 12), (3, 13), (4, 13)]
4233,7,5,2,11,[(2, 11), (2, 12), (3, 12), (3, 13), (3, 14), (4, 14)]
4234,7,5,3,0,[(3, 0), (3, 1), (4, 1), (4, 2), (4, 3), (5, 3)]
4235,7,5,3,1,[(3, 1), (3, 2), (4, 2), (4, 3), (4, 4), (5, 4)]
4236,7,5,3,2,[(3, 2), (3, 3), (4, 3), (4, 4), (4, 5), (5, 5)]
4237,7,5,3,3,[(3, 3), (3, 4), (4, 4), (4, 5), (4, 6), (5, 6)]
4238,7,5,3,4,[(3, 4), (3, 5), (4, 5), (4, 6), (4, 7), (5, 7)]
4239,7,5,3,5,[(3, 5), (3, 6), (4, 6), (4, 7), (4, 8), (5, 8)]
4240,7,5,3,6,[(3, 6), (3, 7), (4, 7), (4, 8), (4, 9), (5, 9)]
4241,7,5,3,7,[(3, 7), (3, 8), (4, 8), (4, 9), (4, 10), (5, 10)]
4242,7,5,3,8,[(3, 8), (3, 9), (4, 9), (4, 10), (4, 11), (5, 11)]
4243,7,5,3,9,[(3, 9), (3, 10), (4, 10), (4, 11), (4, 12), (5, 12)]
4244,7,5,3,10,[(3, 10), (3, 11), (4, 11), (4, 12), (4, 13), (5, 13)]
4245,7,5,3,11,[(3, 11), (3, 12), (4, 12), (4, 13), (4, 14), (5, 14)]
4246,7,5,4,0,[(4, 0), (4, 1), (5, 1), (5, 2), (5, 3), (6, 3)]
4247,7,5,4,1,[(4, 1), (4, 2), (5, 2), (5, 3), (5, 4), (6, 4)]
4248,7,5,4,2,[(4, 2), (4, 3), (5, 3), (5, 4), (5, 5), (6, 5)]
4249,7,5,4,3,[(4, 3), (4, 4), (5, 4), (5, 5), (5, 6), (6, 6)]
4250,7,5,4,4,[(4, 4), (4, 5), (5, 5), (5, 6), (5, 7), (6, 7)]
4251,7,5,4,5,[(4, 5), (4, 6), (5, 6), (5, 7), (5, 8), (6, 8)]
4252,7,5,4,6,[(4, 6), (4, 7), (5, 7), (5, 8), (5, 9), (6, 9)]
4253,7,5,4,7,[(4, 7), (4, 8), (5, 8), (5, 9), (5, 10), (6, 10)]
4254,7,5,4,8,[(4, 8), (4, 9), (5, 9), (5, 10), (5, 11), (6, 11)]
4255,7,5,4,9,[(4, 9), (4, 10), (5, 10), (5, 11), (5, 12), (6, 12)]
4256,7,5,4,10,[(4, 10), (4, 11), (5, 11), (5, 12), (5, 13), (6, 13)]
4257,7,5,4,11,[(4, 11), (4, 12), (5, 12), (5, 13), (5, 14), (6, 14)]
4258,7,5,5,0,[(5, 0), (5, 1), (6, 1), (6, 2), (6, 3), (7, 3)]
4259,7,5,5,1,[(5, 1), (5, 2), (6, 2), (6, 3), (6, 4), (7, 4)]
4260,7,5,5,2,[(5, 2), (5, 3), (6, 3), (6, 4), (6, 5), (7, 5)]
4261,7,5,5,3,[(5, 3), (5, 4), (6, 4), (6, 5), (6, 6), (7, 6)]
4262,7,5,5,4,[(5, 4), (5, 5), (6, 5), (6, 6), (6, 7), (7, 7)]
4263,7,5,5,5,[(5, 5), (5, 6), (6, 6), (6, 7), (6, 8), (7, 8)]
4264,7,5,5,6,[(5, 6), (5, 7), (6, 7), (6, 8), (6, 9), (7, 9)]
4265,7,5,5,7,[(5, 7), (5, 8), (6, 8), (6, 9), (6, 10), (7, 10)]
4266,7,5,5,8,[(5, 8), (5, 9), (6, 9), (6, 10), (6, 11), (7, 11)]
4267,7,5,5,9,[(5, 9), (5, 10), (6, 10), (6, 11), (6, 12), (7, 12)]
4268,7,5,5,10,[(5, 10), (5, 11), (6, 11), (6, 12), (6, 13), (7, 13)]
4269,7,5,5,11,[(5, 11), (5, 12), (6, 12), (6, 13), (6, 14), (7, 14)]
4270,7,5,6,0,[(6, 0), (6, 1), (7, 1), (7, 2), (7, 3), (8, 3)]
4271,7,5,6,1,[(6, 1), (6, 2), (7, 2), (7, 3), (7, 4), (8, 4)]
4272,7,5,6,2,[(6, 2), (6, 3), (7, 3), (7, 4), (7, 5), (8, 5)]
4273,7,5,6,3,[(6, 3), (6, 4), (7, 4), (7, 5), (7, 6), (8, 6)]
4274,7,5,6,4,[(6, 4), (6, 5), (7, 5), (7, 6), (7, 7), (8, 7)]
4275,7,5,6,5,[(6, 5), (6, 6), (7, 6), (7, 7), (7, 8), (8, 8)]
4276,7,5,6,6,[(6, 6), (6, 7), (7, 7), (7, 8), (7, 9), (8, 9)]
4277,7,5,6,7,[(6, 7), (6, 8), (7, 8), (7, 9), (7, 10), (8, 10)]
4278,7,5,6,8,[(6, 8), (6, 9), (7, 9), (7, 10), (7, 11), (8, 11)]
4279,7,5,6,9,[(6, 9), (6, 10), (7, 10), (7, 11), (7, 12), (8, 12)]
4280,7,5,6,10,[(6, 10), (6, 11), (7, 11), (7, 12), (7, 13), (8, 13)]
4281,7,5,6,11,[(6, 11), (6, 12), (7, 12), (7, 13), (7, 14), (8, 14)]
4282,7,5,7,0,[(7, 0), (7, 1), (8, 1), (8, 2), (8, 3), (9, 3)]
4283,7,5,7,1,[(7, 1), (7, 2), (8, 2), (8, 3), (8, 4), (9, 4)]
4284,7,5,7,2,[(7, 2), (7, 3), (8, 3), (8, 4), (8, 5), (9, 5)]
4285,7,5,7,3,[(7, 3), (7, 4), (8, 4), (8, 5), (8, 6), (9, 6)]
4286,7,5,7,4,[(7, 4), (7, 5), (8, 5), (8, 6), (8, 7), (9, 7)]
4287,7,5,7,5,[(7, 5), (7, 6), (8, 6), (8, 7), (8, 8), (9, 8)]
4288,7,5,7,6,[(7, 6), (7, 7), (8, 7), (8, 8), (8, 9), (9, 9)]
4289,7,5,7,7,[(7, 7), (7, 8), (8, 8), (8, 9), (8, 10), (9, 10)]
4290,7,5,7,8,[(7, 8), (7, 9), (8, 9), (8, 10), (8, 11), (9, 11)]
4291,7,5,7,9,[(7, 9), (7, 10), (8, 10), (8, 11), (8, 12), (9, 12)]
4292,7,5,7,10,[(7, 10), (7, 11), (8, 11), (8, 12), (8, 13), (9, 13)]
4293,7,5,7,11,[(7, 11), (7, 12), (8, 12), (8, 13), (8, 14), (9, 14)]
4294,7,6,0,0,[(0, 0), (1, 0), (1, 1), (2, 1), (3, 1), (3, 2)]
4295,7,6,0,1,[(0, 1), (1, 1), (1, 2), (2, 2), (3, 2), (3, 3)]
4296,7,6,0,2,[(0, 2), (1, 2), (1, 3), (2, 3), (3, 3), (3, 4)]
4297,7,6,0,3,[(0, 3), (1, 3), (1, 4), (2, 4), (3, 4), (3, 5)]
4298,7,6,0,4,[(0, 4), (1, 4), (1, 5), (2, 5), (3, 5), (3, 6)]
4299,7,6,0,5,[(0, 5), (1, 5), (1, 6), (2, 6), (3, 6), (3, 7)]
4300,7,6,0,6,[(0, 6), (1, 6), (1, 7), (2, 7), (3, 7), (3, 8)]
4301,7,6,0,7,[(0, 7), (1, 7), (1, 8), (2, 8), (3, 8), (3, 9)]
4302,7,6,0,8,[(0, 8), (1, 8), (1, 9), (2, 9), (3, 9), (3, 10)]
4303,7,6,0,9,[(0, 9), (1, 9), (1, 10), (2, 10), (3, 10), (3, 11)]
4304,7,6,0,10,[(0, 10), (1, 10), (1, 11), (2, 11), (3, 11), (3, 12)]
4305,7,6,0,11,[(0, 11), (1, 11), (1, 12), (2, 12), (3, 12), (3, 13)]
4306,7,6,0,12,[(0, 12), (1, 12), (1, 13), (2, 13), (3, 13), (3, 14)]
4307,7,6,1,0,[(1, 0), (2, 0), (2, 1), (3, 1), (4, 1), (4, 2)]
4308,7,6,1,1,[(1, 1), (2, 1), (2, 2), (3, 2), (4, 2), (4, 3)]
4309,7,6,1,2,[(1, 2), (2, 2), (2, 3), (3, 3), (4, 3), (4, 4)]
4310,7,6,1,3,[(1, 3), (2, 3), (2, 4), (3, 4), (4, 4), (4, 5)]
4311,7,6,1,4,[(1, 4), (2, 4), (2, 5), (3, 5), (4, 5), (4, 6)]
4312,7,6,1,5,[(1, 5), (2, 5), (2, 6), (3, 6), (4, 6), (4, 7)]
4313,7,6,1,6,[(1, 6), (2, 6), (2, 7), (3, 7), (4, 7), (4, 8)]
4314,7,6,1,7,[(1, 7), (2, 7), (2, 8), (3, 8), (4, 8), (4, 9)]
4315,7,6,1,8,[(1, 8), (2, 8), (2, 9), (3, 9), (4, 9), (4, 10)]
4316,7,6,1,9,[(1, 9), (2, 9), (2, 10), (3, 10), (4, 10), (4, 11)]
4317,7,6,1,10,[(1, 10), (2, 10), (2, 11), (3, 11), (4, 11), (4, 12)]
4318,7,6,1,11,[(1, 11), (2, 11), (2, 12), (3, 12), (4, 12), (4, 13)]
4319,7,6,1,12,[(1, 12), (2, 12), (2, 13), (3, 13), (4, 13), (4, 14)]
4320,7,6,2,0,[(2, 0), (3, 0), (3, 1), (4, 1), (5, 1), (5, 2)]
4321,7,6,2,1,[(2, 1), (3, 1), (3, 2), (4, 2), (5, 2), (5, 3)]
4322,7,6,2,2,[(2, 2), (3, 2), (3, 3), (4, 3), (5, 3), (5, 4)]
4323,7,6,2,3,[(2, 3), (3, 3), (3, 4), (4, 4), (5, 4), (5, 5)]
4324,7,6,2,4,[(2, 4), (3, 4), (3, 5), (4, 5), (5, 5), (5, 6)]
4325,7,6,2,5,[(2, 5), (3, 5), (3, 6), (4, 6), (5, 6), (5, 7)]
4326,7,6,2,6,[(2, 6), (3, 6), (3, 7), (4, 7), (5, 7), (5, 8)]
4327,7,6,2,7,[(2, 7), (3, 7), (3, 8), (4, 8), (5, 8), (5, 9)]
4328,7,6,2,8,[(2, 8), (3, 8), (3, 9), (4, 9), (5, 9), (5, 10)]
4329,7,6,2,9,[(2, 9), (3, 9), (3, 10), (4, 10), (5, 10), (5, 11)]
4330,7,6,2,10,[(2, 10), (3, 10), (3, 11), (4, 11), (5, 11), (5, 12)]
4331,7,6,2,11,[(2, 11), (3, 11), (3, 12), (4, 12), (5, 12), (5, 13)]
4332,7,6,2,12,[(2, 12), (3, 12), (3, 13), (4, 13), (5, 13), (5, 14)]
4333,7,6,3,0,[(3, 0), (4, 0), (4, 1), (5, 1), (6, 1), (6, 2)]
4334,7,6,3,1,[(3, 1), (4, 1), (4, 2), (5, 2), (6, 2), (6, 3)]
4335,7,6,3,2,[(3, 2), (4, 2), (4, 3), (5, 3), (6, 3), (6, 4)]
4336,7,6,3,3,[(3, 3), (4, 3), (4, 4), (5, 4), (6, 4), (6, 5)]
4337,7,6,3,4,[(3, 4), (4, 4), (4, 5), (5, 5), (6, 5), (6, 6)]
4338,7,6,3,5,[(3, 5), (4, 5), (4, 6), (5, 6), (6, 6), (6, 7)]
4339,7,6,3,6,[(3, 6), (4, 6), (4, 7), (5, 7), (6, 7), (6, 8)]
4340,7,6,3,7,[(3, 7), (4, 7), (4, 8), (5, 8), (6, 8), (6, 9)]
4341,7,6,3,8,[(3, 8), (4, 8), (4, 9), (5, 9), (6, 9), (6, 10)]
4342,7,6,3,9,[(3, 9), (4, 9), (4, 10), (5, 10), (6, 10), (6, 11)]
4343,7,6,3,10,[(3, 10), (4, 10), (4, 11), (5, 11), (6, 11), (6, 12)]
4344,7,6,3,11,[(3, 11), (4, 11), (4, 12), (5, 12), (6, 12), (6, 13)]
4345,7,6,3,12,[(3, 12), (4, 12), (4, 13), (5, 13), (6, 13), (6, 14)]
4346,7,6,4,0,[(4, 0), (5, 0), (5, 1), (6, 1), (7, 1), (7, 2)]
4347,7,6,4,1,[(4, 1), (5, 1), (5, 2), (6, 2), (7, 2), (7, 3)]
4348,7,6,4,2,[(4, 2), (5, 2), (5, 3), (6, 3), (7, 3), (7, 4)]
4349,7,6,4,3,[(4, 3), (5, 3), (5, 4), (6, 4), (7, 4), (7, 5)]
4350,7,6,4,4,[(4, 4), (5, 4), (5, 5), (6, 5), (7, 5), (7, 6)]
4351,7,6,4,5,[(4, 5), (5, 5), (5, 6), (6, 6), (7, 6), (7, 7)]
4352,7,6,4,6,[(4, 6), (5, 6), (5, 7), (6, 7), (7, 7), (7, 8)]
4353,7,6,4,7,[(4, 7), (5, 7), (5, 8), (6, 8), (7, 8), (7, 9)]
4354,7,6,4,8,[(4, 8), (5, 8), (5, 9), (6, 9), (7, 9), (7, 10)]
4355,7,6,4,9,[(4, 9), (5, 9), (5, 10), (6, 10), (7, 10), (7, 11)]
4356,7,6,4,10,[(4, 10), (5, 10), (5, 11), (6, 11), (7, 11), (7, 12)]
4357,7,6,4,11,[(4, 11), (5, 11), (5, 12), (6, 12), (7, 12), (7, 13)]
4358,7,6,4,12,[(4, 12), (5, 12), (5, 13), (6, 13), (7, 13), (7, 14)]
4359,7,6,5,0,[(5, 0), (6, 0), (6, 1), (7, 1), (8, 1), (8, 2)]
4360,7,6,5,1,[(5, 1), (6, 1), (6, 2), (7, 2), (8, 2), (8, 3)]
4361,7,6,5,2,[(5, 2), (6, 2), (6, 3), (7, 3), (8, 3), (8, 4)]
4362,7,6,5,3,[(5, 3), (6, 3), (6, 4), (7, 4), (8, 4), (8, 5)]
4363,7,6,5,4,[(5, 4), (6, 4), (6, 5), (7, 5), (8, 5), (8, 6)]
4364,7,6,5,5,[(5, 5), (6, 5), (6, 6), (7, 6), (8, 6), (8, 7)]
4365,7,6,5,6,[(5, 6), (6, 6), (6, 7), (7, 7), (8, 7), (8, 8)]
4366,7,6,5,7,[(5, 7), (6, 7), (6, 8), (7, 8), (8, 8), (8, 9)]
4367,7,6,5,8,[(5, 8), (6, 8), (6, 9), (7, 9), (8, 9), (8, 10)]
4368,7,6,5,9,[(5, 9), (6, 9), (6, 10), (7, 10), (8, 10), (8, 11)]
4369,7,6,5,10,[(5, 10), (6, 10), (6, 11), (7, 11), (8, 11), (8, 12)]
4370,7,6,5,11,[(5, 11), (6, 11), (6, 12), (7, 12), (8, 12), (8, 13)]
4371,7,6,5,12,[(5, 12), (6, 12), (6, 13), (7, 13), (8, 13), (8, 14)]
4372,7,6,6,0,[(6, 0), (7, 0), (7, 1), (8, 1), (9, 1), (9, 2)]
4373,7,6,6,1,[(6, 1), (7, 1), (7, 2), (8, 2), (9, 2), (9, 3)]
4374,7,6,6,2,[(6, 2), (7, 2), (7, 3), (8, 3), (9, 3), (9, 4)]
4375,7,6,6,3,[(6, 3), (7, 3), (7, 4), (8, 4), (9, 4), (9, 5)]
4376,7,6,6,4,[(6, 4), (7, 4), (7, 5), (8, 5), (9, 5), (9, 6)]
4377,7,6,6,5,[(6, 5), (7, 5), (7, 6), (8, 6), (9, 6), (9, 7)]
4378,7,6,6,6,[(6, 6), (7, 6), (7, 7), (8, 7), (9, 7), (9, 8)]
4379,7,6,6,7,[(6, 7), (7, 7), (7, 8), (8, 8), (9, 8), (9, 9)]
4380,7,6,6,8,[(6, 8), (7, 8), (7, 9), (8, 9), (9, 9), (9, 10)]
4381,7,6,6,9,[(6, 9), (7, 9), (7, 10), (8, 10), (9, 10), (9, 11)]
4382,7,6,6,10,[(6, 10), (7, 10), (7, 11), (8, 11), (9, 11), (9, 12)]
4383,7,6,6,11,[(6, 11), (7, 11), (7, 12), (8, 12), (9, 12), (9, 13)]
4384,7,6,6,12,[(6, 12), (7, 12), (7, 13), (8, 13), (9, 13), (9, 14)]
4385,7,7,0,0,[(0, 2), (0, 3), (1, 0), (1, 1), (1, 2), (2, 0)]
4386,7,7,0,1,[(0, 3), (0, 4), (1, 1), (1, 2), (1, 3), (2, 1)]
4387,7,7,0,2,[(0, 4), (0, 5), (1, 2), (1, 3), (1, 4), (2, 2)]
4388,7,7,0,3,[(0, 5), (0, 6), (1, 3), (1, 4), (1, 5), (2, 3)]
4389,7,7,0,4,[(0, 6), (0, 7), (1, 4), (1, 5), (1, 6), (2, 4)]
4390,7,7,0,5,[(0, 7), (0, 8), (1, 5), (1, 6), (1, 7), (2, 5)]
4391,7,7,0,6,[(0, 8), (0, 9), (1, 6), (1, 7), (1, 8), (2, 6)]
4392,7,7,0,7,[(0, 9), (0, 10), (1, 7), (1, 8), (1, 9), (2, 7)]
4393,7,7,0,8,[(0, 10), (0, 11), (1, 8), (1, 9), (1, 10), (2, 8)]
4394,7,7,0,9,[(0, 11), (0, 12), (1, 9), (1, 10), (1, 11), (2, 9)]
4395,7,7,0,10,[(0, 12), (0, 13), (1, 10), (1, 11), (1, 12), (2, 10)]
4396,7,7,0,11,[(0, 13), (0, 14), (1, 11), (1, 12), (1, 13), (2, 11)]
4397,7,7,1,0,[(1, 2), (1, 3), (2, 0), (2, 1), (2, 2), (3, 0)]
4398,7,7,1,1,[(1, 3), (1, 4), (2, 1), (2, 2), (2, 3), (3, 1)]
4399,7,7,1,2,[(1, 4), (1, 5), (2, 2), (2, 3), (2, 4), (3, 2)]
4400,7,7,1,3,[(1, 5), (1, 6), (2, 3), (2, 4), (2, 5), (3, 3)]
4401,7,7,1,4,[(1, 6), (1, 7), (2, 4), (2, 5), (2, 6), (3, 4)]
4402,7,7,1,5,[(1, 7), (1, 8), (2, 5), (2, 6), (2, 7), (3, 5)]
4403,7,7,1,6,[(1, 8), (1, 9), (2, 6), (2, 7), (2, 8), (3, 6)]
4404,7,7,1,7,[(1, 9), (1, 10), (2, 7), (2, 8), (2, 9), (3, 7)]
4405,7,7,1,8,[(1, 10), (1, 11), (2, 8), (2, 9), (2, 10), (3, 8)]
4406,7,7,1,9,[(1, 11), (1, 12), (2, 9), (2, 10), (2, 11), (3, 9)]
4407,7,7,1,10,[(1, 12), (1, 13), (2, 10), (2, 11), (2, 12), (3, 10)]
4408,7,7,1,11,[(1, 13), (1, 14), (2, 11), (2, 12), (2, 13), (3, 11)]
4409,7,7,2,0,[(2, 2), (2, 3), (3, 0), (3, 1), (3, 2), (4, 0)]
4410,7,7,2,1,[(2, 3), (2, 4), (3, 1), (3, 2), (3, 3), (4, 1)]
4411,7,7,2,2,[(2, 4), (2, 5), (3, 2), (3, 3), (3, 4), (4, 2)]
4412,7,7,2,3,[(2, 5), (2, 6), (3, 3), (3, 4), (3, 5), (4, 3)]
4413,7,7,2,4,[(2, 6), (2, 7), (3, 4), (3, 5), (3, 6), (4, 4)]
4414,7,7,2,5,[(2, 7), (2, 8), (3, 5), (3, 6), (3, 7), (4, 5)]
4415,7,7,2,6,[(2, 8), (2, 9), (3, 6), (3, 7), (3, 8), (4, 6)]
4416,7,7,2,7,[(2, 9), (2, 10), (3, 7), (3, 8), (3, 9), (4, 7)]
4417,7,7,2,8,[(2, 10), (2, 11), (3, 8), (3, 9), (3, 10), (4, 8)]
4418,7,7,2,9,[(2, 11), (2, 12), (3, 9), (3, 10), (3, 11), (4, 9)]
4419,7,7,2,10,[(2, 12), (2, 13), (3, 10), (3, 11), (3, 12), (4, 10)]
4420,7,7,2,11,[(2, 13), (2, 14), (3, 11), (3, 12), (3, 13), (4, 11)]
4421,7,7,3,0,[(3, 2), (3, 3), (4, 0), (4, 1), (4, 2), (5, 0)]
4422,7,7,3,1,[(3, 3), (3, 4), (4, 1), (4, 2), (4, 3), (5, 1)]
4423,7,7,3,2,[(3, 4), (3, 5), (4, 2), (4, 3), (4, 4), (5, 2)]
4424,7,7,3,3,[(3, 5), (3, 6), (4, 3), (4, 4), (4, 5), (5, 3)]
4425,7,7,3,4,[(3, 6), (3, 7), (4, 4), (4, 5), (4, 6), (5, 4)]
4426,7,7,3,5,[(3, 7), (3, 8), (4, 5), (4, 6), (4, 7), (5, 5)]
4427,7,7,3,6,[(3, 8), (3, 9), (4, 6), (4, 7), (4, 8), (5, 6)]
4428,7,7,3,7,[(3, 9), (3, 10), (4, 7), (4, 8), (4, 9), (5, 7)]
4429,7,7,3,8,[(3, 10), (3, 11), (4, 8), (4, 9), (4, 10), (5, 8)]
4430,7,7,3,9,[(3, 11), (3, 12), (4, 9), (4, 10), (4, 11), (5, 9)]
4431,7,7,3,10,[(3, 12), (3, 13), (4, 10), (4, 11), (4, 12), (5, 10)]
4432,7,7,3,11,[(3, 13), (3, 14), (4, 11), (4, 12), (4, 13), (5, 11)]
4433,7,7,4,0,[(4, 2), (4, 3), (5, 0), (5, 1), (5, 2), (6, 0)]
4434,7,7,4,1,[(4, 3), (4, 4), (5, 1), (5, 2), (5, 3), (6, 1)]
4435,7,7,4,2,[(4, 4), (4, 5), (5, 2), (5, 3), (5, 4), (6, 2)]
4436,7,7,4,3,[(4, 5), (4, 6), (5, 3), (5, 4), (5, 5), (6, 3)]
4437,7,7,4,4,[(4, 6), (4, 7), (5, 4), (5, 5), (5, 6), (6, 4)]
4438,7,7,4,5,[(4, 7), (4, 8), (5, 5), (5, 6), (5, 7), (6, 5)]
4439,7,7,4,6,[(4, 8), (4, 9), (5, 6), (5, 7), (5, 8), (6, 6)]
4440,7,7,4,7,[(4, 9), (4, 10), (5, 7), (5, 8), (5, 9), (6, 7)]
4441,7,7,4,8,[(4, 10), (4, 11), (5, 8), (5, 9), (5, 10), (6, 8)]
4442,7,7,4,9,[(4, 11), (4, 12), (5, 9), (5, 10), (5, 11), (6, 9)]
4443,7,7,4,10,[(4, 12), (4, 13), (5, 10), (5, 11), (5, 12), (6, 10)]
4444,7,7,4,11,[(4, 13), (4, 14), (5, 11), (5, 12), (5, 13), (6, 11)]
4445,7,7,5,0,[(5, 2), (5, 3), (6, 0), (6, 1), (6, 2), (7, 0)]
4446,7,7,5,1,[(5, 3), (5, 4), (6, 1), (6, 2), (6, 3), (7, 1)]
4447,7,7,5,2,[(5, 4), (5, 5), (6, 2), (6, 3), (6, 4), (7, 2)]
4448,7,7,5,3,[(5, 5), (5, 6), (6, 3), (6, 4), (6, 5), (7, 3)]
4449,7,7,5,4,[(5, 6), (5, 7), (6, 4), (6, 5), (6, 6), (7, 4)]
4450,7,7,5,5,[(5, 7), (5, 8), (6, 5), (6, 6), (6, 7), (7, 5)]
4451,7,7,5,6,[(5, 8), (5, 9), (6, 6), (6, 7), (6, 8), (7, 6)]
4452,7,7,5,7,[(5, 9), (5, 10), (6, 7), (6, 8), (6, 9), (7, 7)]
4453,7,7,5,8,[(5, 10), (5, 11), (6, 8), (6, 9), (6, 10), (7, 8)]
4454,7,7,5,9,[(5, 11), (5, 12), (6, 9), (6, 10), (6, 11), (7, 9)]
4455,7,7,5,10,[(5, 12), (5, 13), (6, 10), (6, 11), (6, 12), (7, 10)]
4456,7,7,5,11,[(5, 13), (5, 14), (6, 11), (6, 12), (6, 13), (7, 11)]
4457,7,7,6,0,[(6, 2), (6, 3), (7, 0), (7, 1), (7, 2), (8, 0)]
4458,7,7,6,1,[(6, 3), (6, 4), (7, 1), (7, 2), (7, 3), (8, 1)]
4459,7,7,6,2,[(6, 4), (6, 5), (7, 2), (7, 3), (7, 4), (8, 2)]
4460,7,7,6,3,[(6, 5), (6, 6), (7, 3), (7, 4), (7, 5), (8, 3)]
4461,7,7,6,4,[(6, 6), (6, 7), (7, 4), (7, 5), (7, 6), (8, 4)]
4462,7,7,6,5,[(6, 7), (6, 8), (7, 5), (7, 6), (7, 7), (8, 5)]
4463,7,7,6,6,[(6, 8), (6, 9), (7, 6), (7, 7), (7, 8), (8, 6)]
4464,7,7,6,7,[(6, 9), (6, 10), (7, 7), (7, 8), (7, 9), (8, 7)]
4465,7,7,6,8,[(6, 10), (6, 11), (7, 8), (7, 9), (7, 10), (8, 8)]
4466,7,7,6,9,[(6, 11), (6, 12), (7, 9), (7, 10), (7, 11), (8, 9)]
4467,7,7,6,10,[(6, 12), (6, 13), (7, 10), (7, 11), (7, 12), (8, 10)]
4468,7,7,6,11,[(6, 13), (6, 14), (7, 11), (7, 12), (7, 13), (8, 11)]
4469,7,7,7,0,[(7, 2), (7, 3), (8, 0), (8, 1), (8, 2), (9, 0)]
4470,7,7,7,1,[(7, 3), (7, 4), (8, 1), (8, 2), (8, 3), (9, 1)]
4471,7,7,7,2,[(7, 4), (7, 5), (8, 2), (8, 3), (8, 4), (9, 2)]
4472,7,7,7,3,[(7, 5), (7, 6), (8, 3), (8, 4), (8, 5), (9, 3)]
4473,7,7,7,4,[(7, 6), (7, 7), (8, 4), (8, 5), (8, 6), (9, 4)]
4474,7,7,7,5,[(7, 7), (7, 8), (8, 5), (8, 6), (8, 7), (9, 5)]
4475,7,7,7,6,[(7, 8), (7, 9), (8, 6), (8, 7), (8, 8), (9, 6)]
4476,7,7,7,7,[(7, 9), (7, 10), (8, 7), (8, 8), (8, 9), (9, 7)]
4477,7,7,7,8,[(7, 10), (7, 11), (8, 8), (8, 9), (8, 10), (9, 8)]
4478,7,7,7,9,[(7, 11), (7, 12), (8, 9), (8, 10), (8, 11), (9, 9)]
4479,7,7,7,10,[(7, 12), (7, 13), (8, 10), (8, 11), (8, 12), (9, 10)]
4480,7,7,7,11,[(7, 13), (7, 14), (8, 11), (8, 12), (8, 13), (9, 11)]
4481,8,0,0,0,[(0, 3), (1, 0), (1, 1), (1, 2), (1, 3), (2, 2)]
4482,8,0,0,1,[(0, 4), (1, 1), (1, 2), (1, 3), (1, 4), (2, 3)]
4483,8,0,0,2,[(0, 5), (1, 2), (1, 3), (1, 4), (1, 5), (2, 4)]
4484,8,0,0,3,[(0, 6), (1, 3), (1, 4), (1, 5), (1, 6), (2, 5)]
4485,8,0,0,4,[(0, 7), (1, 4), (1, 5), (1, 6), (1, 7), (2, 6)]
4486,8,0,0,5,[(0, 8), (1, 5), (1, 6), (1, 7), (1, 8), (2, 7)]
4487,8,0,0,6,[(0, 9), (1, 6), (1, 7), (1, 8), (1, 9), (2, 8)]
4488,8,0,0,7,[(0, 10), (1, 7), (1, 8), (1, 9), (1, 10), (2, 9)]
4489,8,0,0,8,[(0, 11), (1, 8), (1, 9), (1, 10), (1, 11), (2, 10)]
4490,8,0,0,9,[(0, 12), (1, 9), (1, 10), (1, 11), (1, 12), (2, 11)]
4491,8,0,0,10,[(0, 13), (1, 10), (1, 11), (1, 12), (1, 13), (2, 12)]
4492,8,0,0,11,[(0, 14), (1, 11), (1, 12), (1, 13), (1, 14), (2, 13)]
4493,8,0,1,0,[(1, 3), (2, 0), (2, 1), (2, 2), (2, 3), (3, 2)]
4494,8,0,1,1,[(1, 4), (2, 1), (2, 2), (2, 3), (2, 4), (3, 3)]
4495,8,0,1,2,[(1, 5), (2, 2), (2, 3), (2, 4), (2, 5), (3, 4)]
4496,8,0,1,3,[(1, 6), (2, 3), (2, 4), (2, 5), (2, 6), (3, 5)]
4497,8,0,1,4,[(1, 7), (2, 4), (2, 5), (2, 6), (2, 7), (3, 6)]
4498,8,0,1,5,[(1, 8), (2, 5), (2, 6), (2, 7), (2, 8), (3, 7)]
4499,8,0,1,6,[(1, 9), (2, 6), (2, 7), (2, 8), (2, 9), (3, 8)]
4500,8,0,1,7,[(1, 10), (2, 7), (2, 8), (2, 9), (2, 10), (3, 9)]
4501,8,0,1,8,[(1, 11), (2, 8), (2, 9), (2, 10), (2, 11), (3, 10)]
4502,8,0,1,9,[(1, 12), (2, 9), (2, 10), (2, 11), (2, 12), (3, 11)]
4503,8,0,1,10,[(1, 13), (2, 10), (2, 11), (2, 12), (2, 13), (3, 12)]
4504,8,0,1,11,[(1, 14), (2, 11), (2, 12), (2, 13), (2, 14), (3, 13)]
4505,8,0,2,0,[(2, 3), (3, 0), (3, 1), (3, 2), (3, 3), (4, 2)]
4506,8,0,2,1,[(2, 4), (3, 1), (3, 2), (3, 3), (3, 4), (4, 3)]
4507,8,0,2,2,[(2, 5), (3, 2), (3, 3), (3, 4), (3, 5), (4, 4)]
4508,8,0,2,3,[(2, 6), (3, 3), (3, 4), (3, 5), (3, 6), (4, 5)]
4509,8,0,2,4,[(2, 7), (3, 4), (3, 5), (3, 6), (3, 7), (4, 6)]
4510,8,0,2,5,[(2, 8), (3, 5), (3, 6), (3, 7), (3, 8), (4, 7)]
4511,8,0,2,6,[(2, 9), (3, 6), (3, 7), (3, 8), (3, 9), (4, 8)]
4512,8,0,2,7,[(2, 10), (3, 7), (3, 8), (3, 9), (3, 10), (4, 9)]
4513,8,0,2,8,[(2, 11), (3, 8), (3, 9), (3, 10), (3, 11), (4, 10)]
4514,8,0,2,9,[(2, 12), (3, 9), (3, 10), (3, 11), (3, 12), (4, 11)]
4515,8,0,2,10,[(2, 13), (3, 10), (3, 11), (3, 12), (3, 13), (4, 12)]
4516,8,0,2,11,[(2, 14), (3, 11), (3, 12), (3, 13), (3, 14), (4, 13)]
4517,8,0,3,0,[(3, 3), (4, 0), (4, 1), (4, 2), (4, 3), (5, 2)]
4518,8,0,3,1,[(3, 4), (4, 1), (4, 2), (4, 3), (4, 4), (5, 3)]
4519,8,0,3,2,[(3, 5), (4, 2), (4, 3), (4, 4), (4, 5), (5, 4)]
4520,8,0,3,3,[(3, 6), (4, 3), (4, 4), (4, 5), (4, 6), (5, 5)]
4521,8,0,3,4,[(3, 7), (4, 4), (4, 5), (4, 6), (4, 7), (5, 6)]
4522,8,0,3,5,[(3, 8), (4, 5), (4, 6), (4, 7), (4, 8), (5, 7)]
4523,8,0,3,6,[(3, 9), (4, 6), (4, 7), (4, 8), (4, 9), (5, 8)]
4524,8,0,3,7,[(3, 10), (4, 7), (4, 8), (4, 9), (4, 10), (5, 9)]
4525,8,0,3,8,[(3, 11), (4, 8), (4, 9), (4, 10), (4, 11), (5, 10)]
4526,8,0,3,9,[(3, 12), (4, 9), (4, 10), (4, 11), (4, 12), (5, 11)]
4527,8,0,3,10,[(3, 13), (4, 10), (4, 11), (4, 12), (4, 13), (5, 12)]
4528,8,0,3,11,[(3, 14), (4, 11), (4, 12), (4, 13), (4, 14), (5, 13)]
4529,8,0,4,0,[(4, 3), (5, 0), (5, 1), (5, 2), (5, 3), (6, 2)]
4530,8,0,4,1,[(4, 4), (5, 1), (5, 2), (5, 3), (5, 4), (6, 3)]
4531,8,0,4,2,[(4, 5), (5, 2), (5, 3), (5, 4), (5, 5), (6, 4)]
4532,8,0,4,3,[(4, 6), (5, 3), (5, 4), (5, 5), (5, 6), (6, 5)]
4533,8,0,4,4,[(4, 7), (5, 4), (5, 5), (5, 6), (5, 7), (6, 6)]
4534,8,0,4,5,[(4, 8), (5, 5), (5, 6), (5, 7), (5, 8), (6, 7)]
4535,8,0,4,6,[(4, 9), (5, 6), (5, 7), (5, 8), (5, 9), (6, 8)]
4536,8,0,4,7,[(4, 10), (5, 7), (5, 8), (5, 9), (5, 10), (6, 9)]
4537,8,0,4,8,[(4, 11), (5, 8), (5, 9), (5, 10), (5, 11), (6, 10)]
4538,8,0,4,9,[(4, 12), (5, 9), (5, 10), (5, 11), (5, 12), (6, 11)]
4539,8,0,4,10,[(4, 13), (5, 10), (5, 11), (5, 12), (5, 13), (6, 12)]
4540,8,0,4,11,[(4, 14), (5, 11), (5, 12), (5, 13), (5, 14), (6, 13)]
4541,8,0,5,0,[(5, 3), (6, 0), (6, 1), (6, 2), (6, 3), (7, 2)]
4542,8,0,5,1,[(5, 4), (6, 1), (6, 2), (6, 3), (6, 4), (7, 3)]
4543,8,0,5,2,[(5, 5), (6, 2), (6, 3), (6, 4), (6, 5), (7, 4)]
4544,8,0,5,3,[(5, 6), (6, 3), (6, 4), (6, 5), (6, 6), (7, 5)]
4545,8,0,5,4,[(5, 7), (6, 4), (6, 5), (6, 6), (6, 7), (7, 6)]
4546,8,0,5,5,[(5, 8), (6, 5), (6, 6), (6, 7), (6, 8), (7, 7)]
4547,8,0,5,6,[(5, 9), (6, 6), (6, 7), (6, 8), (6, 9), (7, 8)]
4548,8,0,5,7,[(5, 10), (6, 7), (6, 8), (6, 9), (6, 10), (7, 9)]
4549,8,0,5,8,[(5, 11), (6, 8), (6, 9), (6, 10), (6, 11), (7, 10)]
4550,8,0,5,9,[(5, 12), (6, 9), (6, 10), (6, 11), (6, 12), (7, 11)]
4551,8,0,5,10,[(5, 13), (6, 10), (6, 11), (6, 12), (6, 13), (7, 12)]
4552,8,0,5,11,[(5, 14), (6, 11), (6, 12), (6, 13), (6, 14), (7, 13)]
4553,8,0,6,0,[(6, 3), (7, 0), (7, 1), (7, 2), (7, 3), (8, 2)]
4554,8,0,6,1,[(6, 4), (7, 1), (7, 2), (7, 3), (7, 4), (8, 3)]
4555,8,0,6,2,[(6, 5), (7, 2), (7, 3), (7, 4), (7, 5), (8, 4)]
4556,8,0,6,3,[(6, 6), (7, 3), (7, 4), (7, 5), (7, 6), (8, 5)]
4557,8,0,6,4,[(6, 7), (7, 4), (7, 5), (7, 6), (7, 7), (8, 6)]
4558,8,0,6,5,[(6, 8), (7, 5), (7, 6), (7, 7), (7, 8), (8, 7)]
4559,8,0,6,6,[(6, 9), (7, 6), (7, 7), (7, 8), (7, 9), (8, 8)]
4560,8,0,6,7,[(6, 10), (7, 7), (7, 8), (7, 9), (7, 10), (8, 9)]
4561,8,0,6,8,[(6, 11), (7, 8), (7, 9), (7, 10), (7, 11), (8, 10)]
4562,8,0,6,9,[(6, 12), (7, 9), (7, 10), (7, 11), (7, 12), (8, 11)]
4563,8,0,6,10,[(6, 13), (7, 10), (7, 11), (7, 12), (7, 13), (8, 12)]
4564,8,0,6,11,[(6, 14), (7, 11), (7, 12), (7, 13), (7, 14), (8, 13)]
4565,8,0,7,0,[(7, 3), (8, 0), (8, 1), (8, 2), (8, 3), (9, 2)]
4566,8,0,7,1,[(7, 4), (8, 1), (8, 2), (8, 3), (8, 4), (9, 3)]
4567,8,0,7,2,[(7, 5), (8, 2), (8, 3), (8, 4), (8, 5), (9, 4)]
4568,8,0,7,3,[(7, 6), (8, 3), (8, 4), (8, 5), (8, 6), (9, 5)]
4569,8,0,7,4,[(7, 7), (8, 4), (8, 5), (8, 6), (8, 7), (9, 6)]
4570,8,0,7,5,[(7, 8), (8, 5), (8, 6), (8, 7), (8, 8), (9, 7)]
4571,8,0,7,6,[(7, 9), (8, 6), (8, 7), (8, 8), (8, 9), (9, 8)]
4572,8,0,7,7,[(7, 10), (8, 7), (8, 8), (8, 9), (8, 10), (9, 9)]
4573,8,0,7,8,[(7, 11), (8, 8), (8, 9), (8, 10), (8, 11), (9, 10)]
4574,8,0,7,9,[(7, 12), (8, 9), (8, 10), (8, 11), (8, 12), (9, 11)]
4575,8,0,7,10,[(7, 13), (8, 10), (8, 11), (8, 12), (8, 13), (9, 12)]
4576,8,0,7,11,[(7, 14), (8, 11), (8, 12), (8, 13), (8, 14), (9, 13)]
4577,8,1,0,0,[(0, 0), (1, 0), (1, 1), (1, 2), (1, 3), (2, 1)]
4578,8,1,0,1,[(0, 1), (1, 1), (1, 2), (1, 3), (1, 4), (2, 2)]
4579,8,1,0,2,[(0, 2), (1, 2), (1, 3), (1, 4), (1, 5), (2, 3)]
4580,8,1,0,3,[(0, 3), (1, 3), (1, 4), (1, 5), (1, 6), (2, 4)]
4581,8,1,0,4,[(0, 4), (1, 4), (1, 5), (1, 6), (1, 7), (2, 5)]
4582,8,1,0,5,[(0, 5), (1, 5), (1, 6), (1, 7), (1, 8), (2, 6)]
4583,8,1,0,6,[(0, 6), (1, 6), (1, 7), (1, 8), (1, 9), (2, 7)]
4584,8,1,0,7,[(0, 7), (1, 7), (1, 8), (1, 9), (1, 10), (2, 8)]
4585,8,1,0,8,[(0, 8), (1, 8), (1, 9), (1, 10), (1, 11), (2, 9)]
4586,8,1,0,9,[(0, 9), (1, 9), (1, 10), (1, 11), (1, 12), (2, 10)]
4587,8,1,0,10,[(0, 10), (1, 10), (1, 11), (1, 12), (1, 13), (2, 11)]
4588,8,1,0,11,[(0, 11), (1, 11), (1, 12), (1, 13), (1, 14), (2, 12)]
4589,8,1,1,0,[(1, 0), (2, 0), (2, 1), (2, 2), (2, 3), (3, 1)]
4590,8,1,1,1,[(1, 1), (2, 1), (2, 2), (2, 3), (2, 4), (3, 2)]
4591,8,1,1,2,[(1, 2), (2, 2), (2, 3), (2, 4), (2, 5), (3, 3)]
4592,8,1,1,3,[(1, 3), (2, 3), (2, 4), (2, 5), (2, 6), (3, 4)]
4593,8,1,1,4,[(1, 4), (2, 4), (2, 5), (2, 6), (2, 7), (3, 5)]
4594,8,1,1,5,[(1, 5), (2, 5), (2, 6), (2, 7), (2, 8), (3, 6)]
4595,8,1,1,6,[(1, 6), (2, 6), (2, 7), (2, 8), (2, 9), (3, 7)]
4596,8,1,1,7,[(1, 7), (2, 7), (2, 8), (2, 9), (2, 10), (3, 8)]
4597,8,1,1,8,[(1, 8), (2, 8), (2, 9), (2, 10), (2, 11), (3, 9)]
4598,8,1,1,9,[(1, 9), (2, 9), (2, 10), (2, 11), (2, 12), (3, 10)]
4599,8,1,1,10,[(1, 10), (2, 10), (2, 11), (2, 12), (2, 13), (3, 11)]
4600,8,1,1,11,[(1, 11), (2, 11), (2, 12), (2, 13), (2, 14), (3, 12)]
4601,8,1,2,0,[(2, 0), (3, 0), (3, 1), (3, 2), (3, 3), (4, 1)]
4602,8,1,2,1,[(2, 1), (3, 1), (3, 2), (3, 3), (3, 4), (4, 2)]
4603,8,1,2,2,[(2, 2), (3, 2), (3, 3), (3, 4), (3, 5), (4, 3)]
4604,8,1,2,3,[(2, 3), (3, 3), (3, 4), (3, 5), (3, 6), (4, 4)]
4605,8,1,2,4,[(2, 4), (3, 4), (3, 5), (3, 6), (3, 7), (4, 5)]
4606,8,1,2,5,[(2, 5), (3, 5), (3, 6), (3, 7), (3, 8), (4, 6)]
4607,8,1,2,6,[(2, 6), (3, 6), (3, 7), (3, 8), (3, 9), (4, 7)]
4608,8,1,2,7,[(2, 7), (3, 7), (3, 8), (3, 9), (3, 10), (4, 8)]
4609,8,1,2,8,[(2, 8), (3, 8), (3, 9), (3, 10), (3, 11), (4, 9)]
4610,8,1,2,9,[(2, 9), (3, 9), (3, 10), (3, 11), (3, 12), (4, 10)]
4611,8,1,2,10,[(2, 10), (3, 10), (3, 11), (3, 12), (3, 13), (4, 11)]
4612,8,1,2,11,[(2, 11), (3, 11), (3, 12), (3, 13), (3, 14), (4, 12)]
4613,8,1,3,0,[(3, 0), (4, 0), (4, 1), (4, 2), (4, 3), (5, 1)]
4614,8,1,3,1,[(3, 1), (4, 1), (4, 2), (4, 3), (4, 4), (5, 2)]
4615,8,1,3,2,[(3, 2), (4, 2), (4, 3), (4, 4), (4, 5), (5, 3)]
4616,8,1,3,3,[(3, 3), (4, 3), (4, 4), (4, 5), (4, 6), (5, 4)]
4617,8,1,3,4,[(3, 4), (4, 4), (4, 5), (4, 6), (4, 7), (5, 5)]
4618,8,1,3,5,[(3, 5), (4, 5), (4, 6), (4, 7), (4, 8), (5, 6)]
4619,8,1,3,6,[(3, 6), (4, 6), (4, 7), (4, 8), (4, 9), (5, 7)]
4620,8,1,3,7,[(3, 7), (4, 7), (4, 8), (4, 9), (4, 10), (5, 8)]
4621,8,1,3,8,[(3, 8), (4, 8), (4, 9), (4, 10), (4, 11), (5, 9)]
4622,8,1,3,9,[(3, 9), (4, 9), (4, 10), (4, 11), (4, 12), (5, 10)]
4623,8,1,3,10,[(3, 10), (4, 10), (4, 11), (4, 12), (4, 13), (5, 11)]
4624,8,1,3,11,[(3, 11), (4, 11), (4, 12), (4, 13), (4, 14), (5, 12)]
4625,8,1,4,0,[(4, 0), (5, 0), (5, 1), (5, 2), (5, 3), (6, 1)]
4626,8,1,4,1,[(4, 1), (5, 1), (5, 2), (5, 3), (5, 4), (6, 2)]
4627,8,1,4,2,[(4, 2), (5, 2), (5, 3), (5, 4), (5, 5), (6, 3)]
4628,8,1,4,3,[(4, 3), (5, 3), (5, 4), (5, 5), (5, 6), (6, 4)]
4629,8,1,4,4,[(4, 4), (5, 4), (5, 5), (5, 6), (5, 7), (6, 5)]
4630,8,1,4,5,[(4, 5), (5, 5), (5, 6), (5, 7), (5, 8), (6, 6)]
4631,8,1,4,6,[(4, 6), (5, 6), (5, 7), (5, 8), (5, 9), (6, 7)]
4632,8,1,4,7,[(4, 7), (5, 7), (5, 8), (5, 9), (5, 10), (6, 8)]
4633,8,1,4,8,[(4, 8), (5, 8), (5, 9), (5, 10), (5, 11), (6, 9)]
4634,8,1,4,9,[(4, 9), (5, 9), (5, 10), (5, 11), (5, 12), (6, 10)]
4635,8,1,4,10,[(4, 10), (5, 10), (5, 11), (5, 12), (5, 13), (6, 11)]
4636,8,1,4,11,[(4, 11), (5, 11), (5, 12), (5, 13), (5, 14), (6, 12)]
4637,8,1,5,0,[(5, 0), (6, 0), (6, 1), (6, 2), (6, 3), (7, 1)]
4638,8,1,5,1,[(5, 1), (6, 1), (6, 2), (6, 3), (6, 4), (7, 2)]
4639,8,1,5,2,[(5, 2), (6, 2), (6, 3), (6, 4), (6, 5), (7, 3)]
4640,8,1,5,3,[(5, 3), (6, 3), (6, 4), (6, 5), (6, 6), (7, 4)]
4641,8,1,5,4,[(5, 4), (6, 4), (6, 5), (6, 6), (6, 7), (7, 5)]
4642,8,1,5,5,[(5, 5), (6, 5), (6, 6), (6, 7), (6, 8), (7, 6)]
4643,8,1,5,6,[(5, 6), (6, 6), (6, 7), (6, 8), (6, 9), (7, 7)]
4644,8,1,5,7,[(5, 7), (6, 7), (6, 8), (6, 9), (6, 10), (7, 8)]
4645,8,1,5,8,[(5, 8), (6, 8), (6, 9), (6, 10), (6, 11), (7, 9)]
4646,8,1,5,9,[(5, 9), (6, 9), (6, 10), (6, 11), (6, 12), (7, 10)]
4647,8,1,5,10,[(5, 10), (6, 10), (6, 11), (6, 12), (6, 13), (7, 11)]
4648,8,1,5,11,[(5, 11), (6, 11), (6, 12), (6, 13), (6, 14), (7, 12)]
4649,8,1,6,0,[(6, 0), (7, 0), (7, 1), (7, 2), (7, 3), (8, 1)]
4650,8,1,6,1,[(6, 1), (7, 1), (7, 2), (7, 3), (7, 4), (8, 2)]
4651,8,1,6,2,[(6, 2), (7, 2), (7, 3), (7, 4), (7, 5), (8, 3)]
4652,8,1,6,3,[(6, 3), (7, 3), (7, 4), (7, 5), (7, 6), (8, 4)]
4653,8,1,6,4,[(6, 4), (7, 4), (7, 5), (7, 6), (7, 7), (8, 5)]
4654,8,1,6,5,[(6, 5), (7, 5), (7, 6), (7, 7), (7, 8), (8, 6)]
4655,8,1,6,6,[(6, 6), (7, 6), (7, 7), (7, 8), (7, 9), (8, 7)]
4656,8,1,6,7,[(6, 7), (7, 7), (7, 8), (7, 9), (7, 10), (8, 8)]
4657,8,1,6,8,[(6, 8), (7, 8), (7, 9), (7, 10), (7, 11), (8, 9)]
4658,8,1,6,9,[(6, 9), (7, 9), (7, 10), (7, 11), (7, 12), (8, 10)]
4659,8,1,6,10,[(6, 10), (7, 10), (7, 11), (7, 12), (7, 13), (8, 11)]
4660,8,1,6,11,[(6, 11), (7, 11), (7, 12), (7, 13), (7, 14), (8, 12)]
4661,8,1,7,0,[(7, 0), (8, 0), (8, 1), (8, 2), (8, 3), (9, 1)]
4662,8,1,7,1,[(7, 1), (8, 1), (8, 2), (8, 3), (8, 4), (9, 2)]
4663,8,1,7,2,[(7, 2), (8, 2), (8, 3), (8, 4), (8, 5), (9, 3)]
4664,8,1,7,3,[(7, 3), (8, 3), (8, 4), (8, 5), (8, 6), (9, 4)]
4665,8,1,7,4,[(7, 4), (8, 4), (8, 5), (8, 6), (8, 7), (9, 5)]
4666,8,1,7,5,[(7, 5), (8, 5), (8, 6), (8, 7), (8, 8), (9, 6)]
4667,8,1,7,6,[(7, 6), (8, 6), (8, 7), (8, 8), (8, 9), (9, 7)]
4668,8,1,7,7,[(7, 7), (8, 7), (8, 8), (8, 9), (8, 10), (9, 8)]
4669,8,1,7,8,[(7, 8), (8, 8), (8, 9), (8, 10), (8, 11), (9, 9)]
4670,8,1,7,9,[(7, 9), (8, 9), (8, 10), (8, 11), (8, 12), (9, 10)]
4671,8,1,7,10,[(7, 10), (8, 10), (8, 11), (8, 12), (8, 13), (9, 11)]
4672,8,1,7,11,[(7, 11), (8, 11), (8, 12), (8, 13), (8, 14), (9, 12)]
4673,8,2,0,0,[(0, 2), (1, 0), (1, 1), (1, 2), (1, 3), (2, 3)]
4674,8,2,0,1,[(0, 3), (1, 1), (1, 2), (1, 3), (1, 4), (2, 4)]
4675,8,2,0,2,[(0, 4), (1, 2), (1, 3), (1, 4), (1, 5), (2, 5)]
4676,8,2,0,3,[(0, 5), (1, 3), (1, 4), (1, 5), (1, 6), (2, 6)]
4677,8,2,0,4,[(0, 6), (1, 4), (1, 5), (1, 6), (1, 7), (2, 7)]
4678,8,2,0,5,[(0, 7), (1, 5), (1, 6), (1, 7), (1, 8), (2, 8)]
4679,8,2,0,6,[(0, 8), (1, 6), (1, 7), (1, 8), (1, 9), (2, 9)]
4680,8,2,0,7,[(0, 9), (1, 7), (1, 8), (1, 9), (1, 10), (2, 10)]
4681,8,2,0,8,[(0, 10), (1, 8), (1, 9), (1, 10), (1, 11), (2, 11)]
4682,8,2,0,9,[(0, 11), (1, 9), (1, 10), (1, 11), (1, 12), (2, 12)]
4683,8,2,0,10,[(0, 12), (1, 10), (1, 11), (1, 12), (1, 13), (2, 13)]
4684,8,2,0,11,[(0, 13), (1, 11), (1, 12), (1, 13), (1, 14), (2, 14)]
4685,8,2,1,0,[(1, 2), (2, 0), (2, 1), (2, 2), (2, 3), (3, 3)]
4686,8,2,1,1,[(1, 3), (2, 1), (2, 2), (2, 3), (2, 4), (3, 4)]
4687,8,2,1,2,[(1, 4), (2, 2), (2, 3), (2, 4), (2, 5), (3, 5)]
4688,8,2,1,3,[(1, 5), (2, 3), (2, 4), (2, 5), (2, 6), (3, 6)]
4689,8,2,1,4,[(1, 6), (2, 4), (2, 5), (2, 6), (2, 7), (3, 7)]
4690,8,2,1,5,[(1, 7), (2, 5), (2, 6), (2, 7), (2, 8), (3, 8)]
4691,8,2,1,6,[(1, 8), (2, 6), (2, 7), (2, 8), (2, 9), (3, 9)]
4692,8,2,1,7,[(1, 9), (2, 7), (2, 8), (2, 9), (2, 10), (3, 10)]
4693,8,2,1,8,[(1, 10), (2, 8), (2, 9), (2, 10), (2, 11), (3, 11)]
4694,8,2,1,9,[(1, 11), (2, 9), (2, 10), (2, 11), (2, 12), (3, 12)]
4695,8,2,1,10,[(1, 12), (2, 10), (2, 11), (2, 12), (2, 13), (3, 13)]
4696,8,2,1,11,[(1, 13), (2, 11), (2, 12), (2, 13), (2, 14), (3, 14)]
4697,8,2,2,0,[(2, 2), (3, 0), (3, 1), (3, 2), (3, 3), (4, 3)]
4698,8,2,2,1,[(2, 3), (3, 1), (3, 2), (3, 3), (3, 4), (4, 4)]
4699,8,2,2,2,[(2, 4), (3, 2), (3, 3), (3, 4), (3, 5), (4, 5)]
4700,8,2,2,3,[(2, 5), (3, 3), (3, 4), (3, 5), (3, 6), (4, 6)]
4701,8,2,2,4,[(2, 6), (3, 4), (3, 5), (3, 6), (3, 7), (4, 7)]
4702,8,2,2,5,[(2, 7), (3, 5), (3, 6), (3, 7), (3, 8), (4, 8)]
4703,8,2,2,6,[(2, 8), (3, 6), (3, 7), (3, 8), (3, 9), (4, 9)]
4704,8,2,2,7,[(2, 9), (3, 7), (3, 8), (3, 9), (3, 10), (4, 10)]
4705,8,2,2,8,[(2, 10), (3, 8), (3, 9), (3, 10), (3, 11), (4, 11)]
4706,8,2,2,9,[(2, 11), (3, 9), (3, 10), (3, 11), (3, 12), (4, 12)]
4707,8,2,2,10,[(2, 12), (3, 10), (3, 11), (3, 12), (3, 13), (4, 13)]
4708,8,2,2,11,[(2, 13), (3, 11), (3, 12), (3, 13), (3, 14), (4, 14)]
4709,8,2,3,0,[(3, 2), (4, 0), (4, 1), (4, 2), (4, 3), (5, 3)]
4710,8,2,3,1,[(3, 3), (4, 1), (4, 2), (4, 3), (4, 4), (5, 4)]
4711,8,2,3,2,[(3, 4), (4, 2), (4, 3), (4, 4), (4, 5), (5, 5)]
4712,8,2,3,3,[(3, 5), (4, 3), (4, 4), (4, 5), (4, 6), (5, 6)]
4713,8,2,3,4,[(3, 6), (4, 4), (4, 5), (4, 6), (4, 7), (5, 7)]
4714,8,2,3,5,[(3, 7), (4, 5), (4, 6), (4, 7), (4, 8), (5, 8)]
4715,8,2,3,6,[(3, 8), (4, 6), (4, 7), (4, 8), (4, 9), (5, 9)]
4716,8,2,3,7,[(3, 9), (4, 7), (4, 8), (4, 9), (4, 10), (5, 10)]
4717,8,2,3,8,[(3, 10), (4, 8), (4, 9), (4, 10), (4, 11), (5, 11)]
4718,8,2,3,9,[(3, 11), (4, 9), (4, 10), (4, 11), (4, 12), (5, 12)]
4719,8,2,3,10,[(3, 12), (4, 10), (4, 11), (4, 12), (4, 13), (5, 13)]
4720,8,2,3,11,[(3, 13), (4, 11), (4, 12), (4, 13), (4, 14), (5, 14)]
4721,8,2,4,0,[(4, 2), (5, 0), (5, 1), (5, 2), (5, 3), (6, 3)]
4722,8,2,4,1,[(4, 3), (5, 1), (5, 2), (5, 3), (5, 4), (6, 4)]
4723,8,2,4,2,[(4, 4), (5, 2), (5, 3), (5, 4), (5, 5), (6, 5)]
4724,8,2,4,3,[(4, 5), (5, 3), (5, 4), (5, 5), (5, 6), (6, 6)]
4725,8,2,4,4,[(4, 6), (5, 4), (5, 5), (5, 6), (5, 7), (6, 7)]
4726,8,2,4,5,[(4, 7), (5, 5), (5, 6), (5, 7), (5, 8), (6, 8)]
4727,8,2,4,6,[(4, 8), (5, 6), (5, 7), (5, 8), (5, 9), (6, 9)]
4728,8,2,4,7,[(4, 9), (5, 7), (5, 8), (5, 9), (5, 10), (6, 10)]
4729,8,2,4,8,[(4, 10), (5, 8), (5, 9), (5, 10), (5, 11), (6, 11)]
4730,8,2,4,9,[(4, 11), (5, 9), (5, 10), (5, 11), (5, 12), (6, 12)]
4731,8,2,4,10,[(4, 12), (5, 10), (5, 11), (5, 12), (5, 13), (6, 13)]
4732,8,2,4,11,[(4, 13), (5, 11), (5, 12), (5, 13), (5, 14), (6, 14)]
4733,8,2,5,0,[(5, 2), (6, 0), (6, 1), (6, 2), (6, 3), (7, 3)]
4734,8,2,5,1,[(5, 3), (6, 1), (6, 2), (6, 3), (6, 4), (7, 4)]
4735,8,2,5,2,[(5, 4), (6, 2), (6, 3), (6, 4), (6, 5), (7, 5)]
4736,8,2,5,3,[(5, 5), (6, 3), (6, 4), (6, 5), (6, 6), (7, 6)]
4737,8,2,5,4,[(5, 6), (6, 4), (6, 5), (6, 6), (6, 7), (7, 7)]
4738,8,2,5,5,[(5, 7), (6, 5), (6, 6), (6, 7), (6, 8), (7, 8)]
4739,8,2,5,6,[(5, 8), (6, 6), (6, 7), (6, 8), (6, 9), (7, 9)]
4740,8,2,5,7,[(5, 9), (6, 7), (6, 8), (6, 9), (6, 10), (7, 10)]
4741,8,2,5,8,[(5, 10), (6, 8), (6, 9), (6, 10), (6, 11), (7, 11)]
4742,8,2,5,9,[(5, 11), (6, 9), (6, 10), (6, 11), (6, 12), (7, 12)]
4743,8,2,5,10,[(5, 12), (6, 10), (6, 11), (6, 12), (6, 13), (7, 13)]
4744,8,2,5,11,[(5, 13), (6, 11), (6, 12), (6, 13), (6, 14), (7, 14)]
4745,8,2,6,0,[(6, 2), (7, 0), (7, 1), (7, 2), (7, 3), (8, 3)]
4746,8,2,6,1,[(6, 3), (7, 1), (7, 2), (7, 3), (7, 4), (8, 4)]
4747,8,2,6,2,[(6, 4), (7, 2), (7, 3), (7, 4), (7, 5), (8, 5)]
4748,8,2,6,3,[(6, 5), (7, 3), (7, 4), (7, 5), (7, 6), (8, 6)]
4749,8,2,6,4,[(6, 6), (7, 4), (7, 5), (7, 6), (7, 7), (8, 7)]
4750,8,2,6,5,[(6, 7), (7, 5), (7, 6), (7, 7), (7, 8), (8, 8)]
4751,8,2,6,6,[(6, 8), (7, 6), (7, 7), (7, 8), (7, 9), (8, 9)]
4752,8,2,6,7,[(6, 9), (7, 7), (7, 8), (7, 9), (7, 10), (8, 10)]
4753,8,2,6,8,[(6, 10), (7, 8), (7, 9), (7, 10), (7, 11), (8, 11)]
4754,8,2,6,9,[(6, 11), (7, 9), (7, 10), (7, 11), (7, 12), (8, 12)]
4755,8,2,6,10,[(6, 12), (7, 10), (7, 11), (7, 12), (7, 13), (8, 13)]
4756,8,2,6,11,[(6, 13), (7, 11), (7, 12), (7, 13), (7, 14), (8, 14)]
4757,8,2,7,0,[(7, 2), (8, 0), (8, 1), (8, 2), (8, 3), (9, 3)]
4758,8,2,7,1,[(7, 3), (8, 1), (8, 2), (8, 3), (8, 4), (9, 4)]
4759,8,2,7,2,[(7, 4), (8, 2), (8, 3), (8, 4), (8, 5), (9, 5)]
4760,8,2,7,3,[(7, 5), (8, 3), (8, 4), (8, 5), (8, 6), (9, 6)]
4761,8,2,7,4,[(7, 6), (8, 4), (8, 5), (8, 6), (8, 7), (9, 7)]
4762,8,2,7,5,[(7, 7), (8, 5), (8, 6), (8, 7), (8, 8), (9, 8)]
4763,8,2,7,6,[(7, 8), (8, 6), (8, 7), (8, 8), (8, 9), (9, 9)]
4764,8,2,7,7,[(7, 9), (8, 7), (8, 8), (8, 9), (8, 10), (9, 10)]
4765,8,2,7,8,[(7, 10), (8, 8), (8, 9), (8, 10), (8, 11), (9, 11)]
4766,8,2,7,9,[(7, 11), (8, 9), (8, 10), (8, 11), (8, 12), (9, 12)]
4767,8,2,7,10,[(7, 12), (8, 10), (8, 11), (8, 12), (8, 13), (9, 13)]
4768,8,2,7,11,[(7, 13), (8, 11), (8, 12), (8, 13), (8, 14), (9, 14)]
4769,8,3,0,0,[(0, 1), (1, 1), (2, 0), (2, 1), (3, 1), (3, 2)]
4770,8,3,0,1,[(0, 2), (1, 2), (2, 1), (2, 2), (3, 2), (3, 3)]
4771,8,3,0,2,[(0, 3), (1, 3), (2, 2), (2, 3), (3, 3), (3, 4)]
4772,8,3,0,3,[(0, 4), (1, 4), (2, 3), (2, 4), (3, 4), (3, 5)]
4773,8,3,0,4,[(0, 5), (1, 5), (2, 4), (2, 5), (3, 5), (3, 6)]
4774,8,3,0,5,[(0, 6), (1, 6), (2, 5), (2, 6), (3, 6), (3, 7)]
4775,8,3,0,6,[(0, 7), (1, 7), (2, 6), (2, 7), (3, 7), (3, 8)]
4776,8,3,0,7,[(0, 8), (1, 8), (2, 7), (2, 8), (3, 8), (3, 9)]
4777,8,3,0,8,[(0, 9), (1, 9), (2, 8), (2, 9), (3, 9), (3, 10)]
4778,8,3,0,9,[(0, 10), (1, 10), (2, 9), (2, 10), (3, 10), (3, 11)]
4779,8,3,0,10,[(0, 11), (1, 11), (2, 10), (2, 11), (3, 11), (3, 12)]
4780,8,3,0,11,[(0, 12), (1, 12), (2, 11), (2, 12), (3, 12), (3, 13)]
4781,8,3,0,12,[(0, 13), (1, 13), (2, 12), (2, 13), (3, 13), (3, 14)]
4782,8,3,1,0,[(1, 1), (2, 1), (3, 0), (3, 1), (4, 1), (4, 2)]
4783,8,3,1,1,[(1, 2), (2, 2), (3, 1), (3, 2), (4, 2), (4, 3)]
4784,8,3,1,2,[(1, 3), (2, 3), (3, 2), (3, 3), (4, 3), (4, 4)]
4785,8,3,1,3,[(1, 4), (2, 4), (3, 3), (3, 4), (4, 4), (4, 5)]
4786,8,3,1,4,[(1, 5), (2, 5), (3, 4), (3, 5), (4, 5), (4, 6)]
4787,8,3,1,5,[(1, 6), (2, 6), (3, 5), (3, 6), (4, 6), (4, 7)]
4788,8,3,1,6,[(1, 7), (2, 7), (3, 6), (3, 7), (4, 7), (4, 8)]
4789,8,3,1,7,[(1, 8), (2, 8), (3, 7), (3, 8), (4, 8), (4, 9)]
4790,8,3,1,8,[(1, 9), (2, 9), (3, 8), (3, 9), (4, 9), (4, 10)]
4791,8,3,1,9,[(1, 10), (2, 10), (3, 9), (3, 10), (4, 10), (4, 11)]
4792,8,3,1,10,[(1, 11), (2, 11), (3, 10), (3, 11), (4, 11), (4, 12)]
4793,8,3,1,11,[(1, 12), (2, 12), (3, 11), (3, 12), (4, 12), (4, 13)]
4794,8,3,1,12,[(1, 13), (2, 13), (3, 12), (3, 13), (4, 13), (4, 14)]
4795,8,3,2,0,[(2, 1), (3, 1), (4, 0), (4, 1), (5, 1), (5, 2)]
4796,8,3,2,1,[(2, 2), (3, 2), (4, 1), (4, 2), (5, 2), (5, 3)]
4797,8,3,2,2,[(2, 3), (3, 3), (4, 2), (4, 3), (5, 3), (5, 4)]
4798,8,3,2,3,[(2, 4), (3, 4), (4, 3), (4, 4), (5, 4), (5, 5)]
4799,8,3,2,4,[(2, 5), (3, 5), (4, 4), (4, 5), (5, 5), (5, 6)]
4800,8,3,2,5,[(2, 6), (3, 6), (4, 5), (4, 6), (5, 6), (5, 7)]
4801,8,3,2,6,[(2, 7), (3, 7), (4, 6), (4, 7), (5, 7), (5, 8)]
4802,8,3,2,7,[(2, 8), (3, 8), (4, 7), (4, 8), (5, 8), (5, 9)]
4803,8,3,2,8,[(2, 9), (3, 9), (4, 8), (4, 9), (5, 9), (5, 10)]
4804,8,3,2,9,[(2, 10), (3, 10), (4, 9), (4, 10), (5, 10), (5, 11)]
4805,8,3,2,10,[(2, 11), (3, 11), (4, 10), (4, 11), (5, 11), (5, 12)]
4806,8,3,2,11,[(2, 12), (3, 12), (4, 11), (4, 12), (5, 12), (5, 13)]
4807,8,3,2,12,[(2, 13), (3, 13), (4, 12), (4, 13), (5, 13), (5, 14)]
4808,8,3,3,0,[(3, 1), (4, 1), (5, 0), (5, 1), (6, 1), (6, 2)]
4809,8,3,3,1,[(3, 2), (4, 2), (5, 1), (5, 2), (6, 2), (6, 3)]
4810,8,3,3,2,[(3, 3), (4, 3), (5, 2), (5, 3), (6, 3), (6, 4)]
4811,8,3,3,3,[(3, 4), (4, 4), (5, 3), (5, 4), (6, 4), (6, 5)]
4812,8,3,3,4,[(3, 5), (4, 5), (5, 4), (5, 5), (6, 5), (6, 6)]
4813,8,3,3,5,[(3, 6), (4, 6), (5, 5), (5, 6), (6, 6), (6, 7)]
4814,8,3,3,6,[(3, 7), (4, 7), (5, 6), (5, 7), (6, 7), (6, 8)]
4815,8,3,3,7,[(3, 8), (4, 8), (5, 7), (5, 8), (6, 8), (6, 9)]
4816,8,3,3,8,[(3, 9), (4, 9), (5, 8), (5, 9), (6, 9), (6, 10)]
4817,8,3,3,9,[(3, 10), (4, 10), (5, 9), (5, 10), (6, 10), (6, 11)]
4818,8,3,3,10,[(3, 11), (4, 11), (5, 10), (5, 11), (6, 11), (6, 12)]
4819,8,3,3,11,[(3, 12), (4, 12), (5, 11), (5, 12), (6, 12), (6, 13)]
4820,8,3,3,12,[(3, 13), (4, 13), (5, 12), (5, 13), (6, 13), (6, 14)]
4821,8,3,4,0,[(4, 1), (5, 1), (6, 0), (6, 1), (7, 1), (7, 2)]
4822,8,3,4,1,[(4, 2), (5, 2), (6, 1), (6, 2), (7, 2), (7, 3)]
4823,8,3,4,2,[(4, 3), (5, 3), (6, 2), (6, 3), (7, 3), (7, 4)]
4824,8,3,4,3,[(4, 4), (5, 4), (6, 3), (6, 4), (7, 4), (7, 5)]
4825,8,3,4,4,[(4, 5), (5, 5), (6, 4), (6, 5), (7, 5), (7, 6)]
4826,8,3,4,5,[(4, 6), (5, 6), (6, 5), (6, 6), (7, 6), (7, 7)]
4827,8,3,4,6,[(4, 7), (5, 7), (6, 6), (6, 7), (7, 7), (7, 8)]
4828,8,3,4,7,[(4, 8), (5, 8), (6, 7), (6, 8), (7, 8), (7, 9)]
4829,8,3,4,8,[(4, 9), (5, 9), (6, 8), (6, 9), (7, 9), (7, 10)]
4830,8,3,4,9,[(4, 10), (5, 10), (6, 9), (6, 10), (7, 10), (7, 11)]
4831,8,3,4,10,[(4, 11), (5, 11), (6, 10), (6, 11), (7, 11), (7, 12)]
4832,8,3,4,11,[(4, 12), (5, 12), (6, 11), (6, 12), (7, 12), (7, 13)]
4833,8,3,4,12,[(4, 13), (5, 13), (6, 12), (6, 13), (7, 13), (7, 14)]
4834,8,3,5,0,[(5, 1), (6, 1), (7, 0), (7, 1), (8, 1), (8, 2)]
4835,8,3,5,1,[(5, 2), (6, 2), (7, 1), (7, 2), (8, 2), (8, 3)]
4836,8,3,5,2,[(5, 3), (6, 3), (7, 2), (7, 3), (8, 3), (8, 4)]
4837,8,3,5,3,[(5, 4), (6, 4), (7, 3), (7, 4), (8, 4), (8, 5)]
4838,8,3,5,4,[(5, 5), (6, 5), (7, 4), (7, 5), (8, 5), (8, 6)]
4839,8,3,5,5,[(5, 6), (6, 6), (7, 5), (7, 6), (8, 6), (8, 7)]
4840,8,3,5,6,[(5, 7), (6, 7), (7, 6), (7, 7), (8, 7), (8, 8)]
4841,8,3,5,7,[(5, 8), (6, 8), (7, 7), (7, 8), (8, 8), (8, 9)]
4842,8,3,5,8,[(5, 9), (6, 9), (7, 8), (7, 9), (8, 9), (8, 10)]
4843,8,3,5,9,[(5, 10), (6, 10), (7, 9), (7, 10), (8, 10), (8, 11)]
4844,8,3,5,10,[(5, 11), (6, 11), (7, 10), (7, 11), (8, 11), (8, 12)]
4845,8,3,5,11,[(5, 12), (6, 12), (7, 11), (7, 12), (8, 12), (8, 13)]
4846,8,3,5,12,[(5, 13), (6, 13), (7, 12), (7, 13), (8, 13), (8, 14)]
4847,8,3,6,0,[(6, 1), (7, 1), (8, 0), (8, 1), (9, 1), (9, 2)]
4848,8,3,6,1,[(6, 2), (7, 2), (8, 1), (8, 2), (9, 2), (9, 3)]
4849,8,3,6,2,[(6, 3), (7, 3), (8, 2), (8, 3), (9, 3), (9, 4)]
4850,8,3,6,3,[(6, 4), (7, 4), (8, 3), (8, 4), (9, 4), (9, 5)]
4851,8,3,6,4,[(6, 5), (7, 5), (8, 4), (8, 5), (9, 5), (9, 6)]
4852,8,3,6,5,[(6, 6), (7, 6), (8, 5), (8, 6), (9, 6), (9, 7)]
4853,8,3,6,6,[(6, 7), (7, 7), (8, 6), (8, 7), (9, 7), (9, 8)]
4854,8,3,6,7,[(6, 8), (7, 8), (8, 7), (8, 8), (9, 8), (9, 9)]
4855,8,3,6,8,[(6, 9), (7, 9), (8, 8), (8, 9), (9, 9), (9, 10)]
4856,8,3,6,9,[(6, 10), (7, 10), (8, 9), (8, 10), (9, 10), (9, 11)]
4857,8,3,6,10,[(6, 11), (7, 11), (8, 10), (8, 11), (9, 11), (9, 12)]
4858,8,3,6,11,[(6, 12), (7, 12), (8, 11), (8, 12), (9, 12), (9, 13)]
4859,8,3,6,12,[(6, 13), (7, 13), (8, 12), (8, 13), (9, 13), (9, 14)]
4860,8,4,0,0,[(0, 1), (1, 1), (2, 1), (2, 2), (3, 0), (3, 1)]
4861,8,4,0,1,[(0, 2), (1, 2), (2, 2), (2, 3), (3, 1), (3, 2)]
4862,8,4,0,2,[(0, 3), (1, 3), (2, 3), (2, 4), (3, 2), (3, 3)]
4863,8,4,0,3,[(0, 4), (1, 4), (2, 4), (2, 5), (3, 3), (3, 4)]
4864,8,4,0,4,[(0, 5), (1, 5), (2, 5), (2, 6), (3, 4), (3, 5)]
4865,8,4,0,5,[(0, 6), (1, 6), (2, 6), (2, 7), (3, 5), (3, 6)]
4866,8,4,0,6,[(0, 7), (1, 7), (2, 7), (2, 8), (3, 6), (3, 7)]
4867,8,4,0,7,[(0, 8), (1, 8), (2, 8), (2, 9), (3, 7), (3, 8)]
4868,8,4,0,8,[(0, 9), (1, 9), (2, 9), (2, 10), (3, 8), (3, 9)]
4869,8,4,0,9,[(0, 10), (1, 10), (2, 10), (2, 11), (3, 9), (3, 10)]
4870,8,4,0,10,[(0, 11), (1, 11), (2, 11), (2, 12), (3, 10), (3, 11)]
4871,8,4,0,11,[(0, 12), (1, 12), (2, 12), (2, 13), (3, 11), (3, 12)]
4872,8,4,0,12,[(0, 13), (1, 13), (2, 13), (2, 14), (3, 12), (3, 13)]
4873,8,4,1,0,[(1, 1), (2, 1), (3, 1), (3, 2), (4, 0), (4, 1)]
4874,8,4,1,1,[(1, 2), (2, 2), (3, 2), (3, 3), (4, 1), (4, 2)]
4875,8,4,1,2,[(1, 3), (2, 3), (3, 3), (3, 4), (4, 2), (4, 3)]
4876,8,4,1,3,[(1, 4), (2, 4), (3, 4), (3, 5), (4, 3), (4, 4)]
4877,8,4,1,4,[(1, 5), (2, 5), (3, 5), (3, 6), (4, 4), (4, 5)]
4878,8,4,1,5,[(1, 6), (2, 6), (3, 6), (3, 7), (4, 5), (4, 6)]
4879,8,4,1,6,[(1, 7), (2, 7), (3, 7), (3, 8), (4, 6), (4, 7)]
4880,8,4,1,7,[(1, 8), (2, 8), (3, 8), (3, 9), (4, 7), (4, 8)]
4881,8,4,1,8,[(1, 9), (2, 9), (3, 9), (3, 10), (4, 8), (4, 9)]
4882,8,4,1,9,[(1, 10), (2, 10), (3, 10), (3, 11), (4, 9), (4, 10)]
4883,8,4,1,10,[(1, 11), (2, 11), (3, 11), (3, 12), (4, 10), (4, 11)]
4884,8,4,1,11,[(1, 12), (2, 12), (3, 12), (3, 13), (4, 11), (4, 12)]
4885,8,4,1,12,[(1, 13), (2, 13), (3, 13), (3, 14), (4, 12), (4, 13)]
4886,8,4,2,0,[(2, 1), (3, 1), (4, 1), (4, 2), (5, 0), (5, 1)]
4887,8,4,2,1,[(2, 2), (3, 2), (4, 2), (4, 3), (5, 1), (5, 2)]
4888,8,4,2,2,[(2, 3), (3, 3), (4, 3), (4, 4), (5, 2), (5, 3)]
4889,8,4,2,3,[(2, 4), (3, 4), (4, 4), (4, 5), (5, 3), (5, 4)]
4890,8,4,2,4,[(2, 5), (3, 5), (4, 5), (4, 6), (5, 4), (5, 5)]
4891,8,4,2,5,[(2, 6), (3, 6), (4, 6), (4, 7), (5, 5), (5, 6)]
4892,8,4,2,6,[(2, 7), (3, 7), (4, 7), (4, 8), (5, 6), (5, 7)]
4893,8,4,2,7,[(2, 8), (3, 8), (4, 8), (4, 9), (5, 7), (5, 8)]
4894,8,4,2,8,[(2, 9), (3, 9), (4, 9), (4, 10), (5, 8), (5, 9)]
4895,8,4,2,9,[(2, 10), (3, 10), (4, 10), (4, 11), (5, 9), (5, 10)]
4896,8,4,2,10,[(2, 11), (3, 11), (4, 11), (4, 12), (5, 10), (5, 11)]
4897,8,4,2,11,[(2, 12), (3, 12), (4, 12), (4, 13), (5, 11), (5, 12)]
4898,8,4,2,12,[(2, 13), (3, 13), (4, 13), (4, 14), (5, 12), (5, 13)]
4899,8,4,3,0,[(3, 1), (4, 1), (5, 1), (5, 2), (6, 0), (6, 1)]
4900,8,4,3,1,[(3, 2), (4, 2), (5, 2), (5, 3), (6, 1), (6, 2)]
4901,8,4,3,2,[(3, 3), (4, 3), (5, 3), (5, 4), (6, 2), (6, 3)]
4902,8,4,3,3,[(3, 4), (4, 4), (5, 4), (5, 5), (6, 3), (6, 4)]
4903,8,4,3,4,[(3, 5), (4, 5), (5, 5), (5, 6), (6, 4), (6, 5)]
4904,8,4,3,5,[(3, 6), (4, 6), (5, 6), (5, 7), (6, 5), (6, 6)]
4905,8,4,3,6,[(3, 7), (4, 7), (5, 7), (5, 8), (6, 6), (6, 7)]
4906,8,4,3,7,[(3, 8), (4, 8), (5, 8), (5, 9), (6, 7), (6, 8)]
4907,8,4,3,8,[(3, 9), (4, 9), (5, 9), (5, 10), (6, 8), (6, 9)]
4908,8,4,3,9,[(3, 10), (4, 10), (5, 10), (5, 11), (6, 9), (6, 10)]
4909,8,4,3,10,[(3, 11), (4, 11), (5, 11), (5, 12), (6, 10), (6, 11)]
4910,8,4,3,11,[(3, 12), (4, 12), (5, 12), (5, 13), (6, 11), (6, 12)]
4911,8,4,3,12,[(3, 13), (4, 13), (5, 13), (5, 14), (6, 12), (6, 13)]
4912,8,4,4,0,[(4, 1), (5, 1), (6, 1), (6, 2), (7, 0), (7, 1)]
4913,8,4,4,1,[(4, 2), (5, 2), (6, 2), (6, 3), (7, 1), (7, 2)]
4914,8,4,4,2,[(4, 3), (5, 3), (6, 3), (6, 4), (7, 2), (7, 3)]
4915,8,4,4,3,[(4, 4), (5, 4), (6, 4), (6, 5), (7, 3), (7, 4)]
4916,8,4,4,4,[(4, 5), (5, 5), (6, 5), (6, 6), (7, 4), (7, 5)]
4917,8,4,4,5,[(4, 6), (5, 6), (6, 6), (6, 7), (7, 5), (7, 6)]
4918,8,4,4,6,[(4, 7), (5, 7), (6, 7), (6, 8), (7, 6), (7, 7)]
4919,8,4,4,7,[(4, 8), (5, 8), (6, 8), (6, 9), (7, 7), (7, 8)]
4920,8,4,4,8,[(4, 9), (5, 9), (6, 9), (6, 10), (7, 8), (7, 9)]
4921,8,4,4,9,[(4, 10), (5, 10), (6, 10), (6, 11), (7, 9), (7, 10)]
4922,8,4,4,10,[(4, 11), (5, 11), (6, 11), (6, 12), (7, 10), (7, 11)]
4923,8,4,4,11,[(4, 12), (5, 12), (6, 12), (6, 13), (7, 11), (7, 12)]
4924,8,4,4,12,[(4, 13), (5, 13), (6, 13), (6, 14), (7, 12), (7, 13)]
4925,8,4,5,0,[(5, 1), (6, 1), (7, 1), (7, 2), (8, 0), (8, 1)]
4926,8,4,5,1,[(5, 2), (6, 2), (7, 2), (7, 3), (8, 1), (8, 2)]
4927,8,4,5,2,[(5, 3), (6, 3), (7, 3), (7, 4), (8, 2), (8, 3)]
4928,8,4,5,3,[(5, 4), (6, 4), (7, 4), (7, 5), (8, 3), (8, 4)]
4929,8,4,5,4,[(5, 5), (6, 5), (7, 5), (7, 6), (8, 4), (8, 5)]
4930,8,4,5,5,[(5, 6), (6, 6), (7, 6), (7, 7), (8, 5), (8, 6)]
4931,8,4,5,6,[(5, 7), (6, 7), (7, 7), (7, 8), (8, 6), (8, 7)]
4932,8,4,5,7,[(5, 8), (6, 8), (7, 8), (7, 9), (8, 7), (8, 8)]
4933,8,4,5,8,[(5, 9), (6, 9), (7, 9), (7, 10), (8, 8), (8, 9)]
4934,8,4,5,9,[(5, 10), (6, 10), (7, 10), (7, 11), (8, 9), (8, 10)]
4935,8,4,5,10,[(5, 11), (6, 11), (7, 11), (7, 12), (8, 10), (8, 11)]
4936,8,4,5,11,[(5, 12), (6, 12), (7, 12), (7, 13), (8, 11), (8, 12)]
4937,8,4,5,12,[(5, 13), (6, 13), (7, 13), (7, 14), (8, 12), (8, 13)]
4938,8,4,6,0,[(6, 1), (7, 1), (8, 1), (8, 2), (9, 0), (9, 1)]
4939,8,4,6,1,[(6, 2), (7, 2), (8, 2), (8, 3), (9, 1), (9, 2)]
4940,8,4,6,2,[(6, 3), (7, 3), (8, 3), (8, 4), (9, 2), (9, 3)]
4941,8,4,6,3,[(6, 4), (7, 4), (8, 4), (8, 5), (9, 3), (9, 4)]
4942,8,4,6,4,[(6, 5), (7, 5), (8, 5), (8, 6), (9, 4), (9, 5)]
4943,8,4,6,5,[(6, 6), (7, 6), (8, 6), (8, 7), (9, 5), (9, 6)]
4944,8,4,6,6,[(6, 7), (7, 7), (8, 7), (8, 8), (9, 6), (9, 7)]
4945,8,4,6,7,[(6, 8), (7, 8), (8, 8), (8, 9), (9, 7), (9, 8)]
4946,8,4,6,8,[(6, 9), (7, 9), (8, 9), (8, 10), (9, 8), (9, 9)]
4947,8,4,6,9,[(6, 10), (7, 10), (8, 10), (8, 11), (9, 9), (9, 10)]
4948,8,4,6,10,[(6, 11), (7, 11), (8, 11), (8, 12), (9, 10), (9, 11)]
4949,8,4,6,11,[(6, 12), (7, 12), (8, 12), (8, 13), (9, 11), (9, 12)]
4950,8,4,6,12,[(6, 13), (7, 13), (8, 13), (8, 14), (9, 12), (9, 13)]
4951,8,5,0,0,[(0, 1), (0, 2), (1, 0), (1, 1), (2, 1), (3, 1)]
4952,8,5,0,1,[(0, 2), (0, 3), (1, 1), (1, 2), (2, 2), (3, 2)]
4953,8,5,0,2,[(0, 3), (0, 4), (1, 2), (1, 3), (2, 3), (3, 3)]
4954,8,5,0,3,[(0, 4), (0, 5), (1, 3), (1, 4), (2, 4), (3, 4)]
4955,8,5,0,4,[(0, 5), (0, 6), (1, 4), (1, 5), (2, 5), (3, 5)]
4956,8,5,0,5,[(0, 6), (0, 7), (1, 5), (1, 6), (2, 6), (3, 6)]
4957,8,5,0,6,[(0, 7), (0, 8), (1, 6), (1, 7), (2, 7), (3, 7)]
4958,8,5,0,7,[(0, 8), (0, 9), (1, 7), (1, 8), (2, 8), (3, 8)]
4959,8,5,0,8,[(0, 9), (0, 10), (1, 8), (1, 9), (2, 9), (3, 9)]
4960,8,5,0,9,[(0, 10), (0, 11), (1, 9), (1, 10), (2, 10), (3, 10)]
4961,8,5,0,10,[(0, 11), (0, 12), (1, 10), (1, 11), (2, 11), (3, 11)]
4962,8,5,0,11,[(0, 12), (0, 13), (1, 11), (1, 12), (2, 12), (3, 12)]
4963,8,5,0,12,[(0, 13), (0, 14), (1, 12), (1, 13), (2, 13), (3, 13)]
4964,8,5,1,0,[(1, 1), (1, 2), (2, 0), (2, 1), (3, 1), (4, 1)]
4965,8,5,1,1,[(1, 2), (1, 3), (2, 1), (2, 2), (3, 2), (4, 2)]
4966,8,5,1,2,[(1, 3), (1, 4), (2, 2), (2, 3), (3, 3), (4, 3)]
4967,8,5,1,3,[(1, 4), (1, 5), (2, 3), (2, 4), (3, 4), (4, 4)]
4968,8,5,1,4,[(1, 5), (1, 6), (2, 4), (2, 5), (3, 5), (4, 5)]
4969,8,5,1,5,[(1, 6), (1, 7), (2, 5), (2, 6), (3, 6), (4, 6)]
4970,8,5,1,6,[(1, 7), (1, 8), (2, 6), (2, 7), (3, 7), (4, 7)]
4971,8,5,1,7,[(1, 8), (1, 9), (2, 7), (2, 8), (3, 8), (4, 8)]
4972,8,5,1,8,[(1, 9), (1, 10), (2, 8), (2, 9), (3, 9), (4, 9)]
4973,8,5,1,9,[(1, 10), (1, 11), (2, 9), (2, 10), (3, 10), (4, 10)]
4974,8,5,1,10,[(1, 11), (1, 12), (2, 10), (2, 11), (3, 11), (4, 11)]
4975,8,5,1,11,[(1, 12), (1, 13), (2, 11), (2, 12), (3, 12), (4, 12)]
4976,8,5,1,12,[(1, 13), (1, 14), (2, 12), (2, 13), (3, 13), (4, 13)]
4977,8,5,2,0,[(2, 1), (2, 2), (3, 0), (3, 1), (4, 1), (5, 1)]
4978,8,5,2,1,[(2, 2), (2, 3), (3, 1), (3, 2), (4, 2), (5, 2)]
4979,8,5,2,2,[(2, 3), (2, 4), (3, 2), (3, 3), (4, 3), (5, 3)]
4980,8,5,2,3,[(2, 4), (2, 5), (3, 3), (3, 4), (4, 4), (5, 4)]
4981,8,5,2,4,[(2, 5), (2, 6), (3, 4), (3, 5), (4, 5), (5, 5)]
4982,8,5,2,5,[(2, 6), (2, 7), (3, 5), (3, 6), (4, 6), (5, 6)]
4983,8,5,2,6,[(2, 7), (2, 8), (3, 6), (3, 7), (4, 7), (5, 7)]
4984,8,5,2,7,[(2, 8), (2, 9), (3, 7), (3, 8), (4, 8), (5, 8)]
4985,8,5,2,8,[(2, 9), (2, 10), (3, 8), (3, 9), (4, 9), (5, 9)]
4986,8,5,2,9,[(2, 10), (2, 11), (3, 9), (3, 10), (4, 10), (5, 10)]
4987,8,5,2,10,[(2, 11), (2, 12), (3, 10), (3, 11), (4, 11), (5, 11)]
4988,8,5,2,11,[(2, 12), (2, 13), (3, 11), (3, 12), (4, 12), (5, 12)]
4989,8,5,2,12,[(2, 13), (2, 14), (3, 12), (3, 13), (4, 13), (5, 13)]
4990,8,5,3,0,[(3, 1), (3, 2), (4, 0), (4, 1), (5, 1), (6, 1)]
4991,8,5,3,1,[(3, 2), (3, 3), (4, 1), (4, 2), (5, 2), (6, 2)]
4992,8,5,3,2,[(3, 3), (3, 4), (4, 2), (4, 3), (5, 3), (6, 3)]
4993,8,5,3,3,[(3, 4), (3, 5), (4, 3), (4, 4), (5, 4), (6, 4)]
4994,8,5,3,4,[(3, 5), (3, 6), (4, 4), (4, 5), (5, 5), (6, 5)]
4995,8,5,3,5,[(3, 6), (3, 7), (4, 5), (4, 6), (5, 6), (6, 6)]
4996,8,5,3,6,[(3, 7), (3, 8), (4, 6), (4, 7), (5, 7), (6, 7)]
4997,8,5,3,7,[(3, 8), (3, 9), (4, 7), (4, 8), (5, 8), (6, 8)]
4998,8,5,3,8,[(3, 9), (3, 10), (4, 8), (4, 9), (5, 9), (6, 9)]
4999,8,5,3,9,[(3, 10), (3, 11), (4, 9), (4, 10), (5, 10), (6, 10)]
5000,8,5,3,10,[(3, 11), (3, 12), (4, 10), (4, 11), (5, 11), (6, 11)]
5001,8,5,3,11,[(3, 12), (3, 13), (4, 11), (4, 12), (5, 12), (6, 12)]
5002,8,5,3,12,[(3, 13), (3, 14), (4, 12), (4, 13), (5, 13), (6, 13)]
5003,8,5,4,0,[(4, 1), (4, 2), (5, 0), (5, 1), (6, 1), (7, 1)]
5004,8,5,4,1,[(4, 2), (4, 3), (5, 1), (5, 2), (6, 2), (7, 2)]
5005,8,5,4,2,[(4, 3), (4, 4), (5, 2), (5, 3), (6, 3), (7, 3)]
5006,8,5,4,3,[(4, 4), (4, 5), (5, 3), (5, 4), (6, 4), (7, 4)]
5007,8,5,4,4,[(4, 5), (4, 6), (5, 4), (5, 5), (6, 5), (7, 5)]
5008,8,5,4,5,[(4, 6), (4, 7), (5, 5), (5, 6), (6, 6), (7, 6)]
5009,8,5,4,6,[(4, 7), (4, 8), (5, 6), (5, 7), (6, 7), (7, 7)]
5010,8,5,4,7,[(4, 8), (4, 9), (5, 7), (5, 8), (6, 8), (7, 8)]
5011,8,5,4,8,[(4, 9), (4, 10), (5, 8), (5, 9), (6, 9), (7, 9)]
5012,8,5,4,9,[(4, 10), (4, 11), (5, 9), (5, 10), (6, 10), (7, 10)]
5013,8,5,4,10,[(4, 11), (4, 12), (5, 10), (5, 11), (6, 11), (7, 11)]
5014,8,5,4,11,[(4, 12), (4, 13), (5, 11), (5, 12), (6, 12), (7, 12)]
5015,8,5,4,12,[(4, 13), (4, 14), (5, 12), (5, 13), (6, 13), (7, 13)]
5016,8,5,5,0,[(5, 1), (5, 2), (6, 0), (6, 1), (7, 1), (8, 1)]
5017,8,5,5,1,[(5, 2), (5, 3), (6, 1), (6, 2), (7, 2), (8, 2)]
5018,8,5,5,2,[(5, 3), (5, 4), (6, 2), (6, 3), (7, 3), (8, 3)]
5019,8,5,5,3,[(5, 4), (5, 5), (6, 3), (6, 4), (7, 4), (8, 4)]
5020,8,5,5,4,[(5, 5), (5, 6), (6, 4), (6, 5), (7, 5), (8, 5)]
5021,8,5,5,5,[(5, 6), (5, 7), (6, 5), (6, 6), (7, 6), (8, 6)]
5022,8,5,5,6,[(5, 7), (5, 8), (6, 6), (6, 7), (7, 7), (8, 7)]
5023,8,5,5,7,[(5, 8), (5, 9), (6, 7), (6, 8), (7, 8), (8, 8)]
5024,8,5,5,8,[(5, 9), (5, 10), (6, 8), (6, 9), (7, 9), (8, 9)]
5025,8,5,5,9,[(5, 10), (5, 11), (6, 9), (6, 10), (7, 10), (8, 10)]
5026,8,5,5,10,[(5, 11), (5, 12), (6, 10), (6, 11), (7, 11), (8, 11)]
5027,8,5,5,11,[(5, 12), (5, 13), (6, 11), (6, 12), (7, 12), (8, 12)]
5028,8,5,5,12,[(5, 13), (5, 14), (6, 12), (6, 13), (7, 13), (8, 13)]
5029,8,5,6,0,[(6, 1), (6, 2), (7, 0), (7, 1), (8, 1), (9, 1)]
5030,8,5,6,1,[(6, 2), (6, 3), (7, 1), (7, 2), (8, 2), (9, 2)]
5031,8,5,6,2,[(6, 3), (6, 4), (7, 2), (7, 3), (8, 3), (9, 3)]
5032,8,5,6,3,[(6, 4), (6, 5), (7, 3), (7, 4), (8, 4), (9, 4)]
5033,8,5,6,4,[(6, 5), (6, 6), (7, 4), (7, 5), (8, 5), (9, 5)]
5034,8,5,6,5,[(6, 6), (6, 7), (7, 5), (7, 6), (8, 6), (9, 6)]
5035,8,5,6,6,[(6, 7), (6, 8), (7, 6), (7, 7), (8, 7), (9, 7)]
5036,8,5,6,7,[(6, 8), (6, 9), (7, 7), (7, 8), (8, 8), (9, 8)]
5037,8,5,6,8,[(6, 9), (6, 10), (7, 8), (7, 9), (8, 9), (9, 9)]
5038,8,5,6,9,[(6, 10), (6, 11), (7, 9), (7, 10), (8, 10), (9, 10)]
5039,8,5,6,10,[(6, 11), (6, 12), (7, 10), (7, 11), (8, 11), (9, 11)]
5040,8,5,6,11,[(6, 12), (6, 13), (7, 11), (7, 12), (8, 12), (9, 12)]
5041,8,5,6,12,[(6, 13), (6, 14), (7, 12), (7, 13), (8, 13), (9, 13)]
5042,8,6,0,0,[(0, 1), (1, 0), (1, 1), (1, 2), (1, 3), (2, 0)]
5043,8,6,0,1,[(0, 2), (1, 1), (1, 2), (1, 3), (1, 4), (2, 1)]
5044,8,6,0,2,[(0, 3), (1, 2), (1, 3), (1, 4), (1, 5), (2, 2)]
5045,8,6,0,3,[(0, 4), (1, 3), (1, 4), (1, 5), (1, 6), (2, 3)]
5046,8,6,0,4,[(0, 5), (1, 4), (1, 5), (1, 6), (1, 7), (2, 4)]
5047,8,6,0,5,[(0, 6), (1, 5), (1, 6), (1, 7), (1, 8), (2, 5)]
5048,8,6,0,6,[(0, 7), (1, 6), (1, 7), (1, 8), (1, 9), (2, 6)]
5049,8,6,0,7,[(0, 8), (1, 7), (1, 8), (1, 9), (1, 10), (2, 7)]
5050,8,6,0,8,[(0, 9), (1, 8), (1, 9), (1, 10), (1, 11), (2, 8)]
5051,8,6,0,9,[(0, 10), (1, 9), (1, 10), (1, 11), (1, 12), (2, 9)]
5052,8,6,0,10,[(0, 11), (1, 10), (1, 11), (1, 12), (1, 13), (2, 10)]
5053,8,6,0,11,[(0, 12), (1, 11), (1, 12), (1, 13), (1, 14), (2, 11)]
5054,8,6,1,0,[(1, 1), (2, 0), (2, 1), (2, 2), (2, 3), (3, 0)]
5055,8,6,1,1,[(1, 2), (2, 1), (2, 2), (2, 3), (2, 4), (3, 1)]
5056,8,6,1,2,[(1, 3), (2, 2), (2, 3), (2, 4), (2, 5), (3, 2)]
5057,8,6,1,3,[(1, 4), (2, 3), (2, 4), (2, 5), (2, 6), (3, 3)]
5058,8,6,1,4,[(1, 5), (2, 4), (2, 5), (2, 6), (2, 7), (3, 4)]
5059,8,6,1,5,[(1, 6), (2, 5), (2, 6), (2, 7), (2, 8), (3, 5)]
5060,8,6,1,6,[(1, 7), (2, 6), (2, 7), (2, 8), (2, 9), (3, 6)]
5061,8,6,1,7,[(1, 8), (2, 7), (2, 8), (2, 9), (2, 10), (3, 7)]
5062,8,6,1,8,[(1, 9), (2, 8), (2, 9), (2, 10), (2, 11), (3, 8)]
5063,8,6,1,9,[(1, 10), (2, 9), (2, 10), (2, 11), (2, 12), (3, 9)]
5064,8,6,1,10,[(1, 11), (2, 10), (2, 11), (2, 12), (2, 13), (3, 10)]
5065,8,6,1,11,[(1, 12), (2, 11), (2, 12), (2, 13), (2, 14), (3, 11)]
5066,8,6,2,0,[(2, 1), (3, 0), (3, 1), (3, 2), (3, 3), (4, 0)]
5067,8,6,2,1,[(2, 2), (3, 1), (3, 2), (3, 3), (3, 4), (4, 1)]
5068,8,6,2,2,[(2, 3), (3, 2), (3, 3), (3, 4), (3, 5), (4, 2)]
5069,8,6,2,3,[(2, 4), (3, 3), (3, 4), (3, 5), (3, 6), (4, 3)]
5070,8,6,2,4,[(2, 5), (3, 4), (3, 5), (3, 6), (3, 7), (4, 4)]
5071,8,6,2,5,[(2, 6), (3, 5), (3, 6), (3, 7), (3, 8), (4, 5)]
5072,8,6,2,6,[(2, 7), (3, 6), (3, 7), (3, 8), (3, 9), (4, 6)]
5073,8,6,2,7,[(2, 8), (3, 7), (3, 8), (3, 9), (3, 10), (4, 7)]
5074,8,6,2,8,[(2, 9), (3, 8), (3, 9), (3, 10), (3, 11), (4, 8)]
5075,8,6,2,9,[(2, 10), (3, 9), (3, 10), (3, 11), (3, 12), (4, 9)]
5076,8,6,2,10,[(2, 11), (3, 10), (3, 11), (3, 12), (3, 13), (4, 10)]
5077,8,6,2,11,[(2, 12), (3, 11), (3, 12), (3, 13), (3, 14), (4, 11)]
5078,8,6,3,0,[(3, 1), (4, 0), (4, 1), (4, 2), (4, 3), (5, 0)]
5079,8,6,3,1,[(3, 2), (4, 1), (4, 2), (4, 3), (4, 4), (5, 1)]
5080,8,6,3,2,[(3, 3), (4, 2), (4, 3), (4, 4), (4, 5), (5, 2)]
5081,8,6,3,3,[(3, 4), (4, 3), (4, 4), (4, 5), (4, 6), (5, 3)]
5082,8,6,3,4,[(3, 5), (4, 4), (4, 5), (4, 6), (4, 7), (5, 4)]
5083,8,6,3,5,[(3, 6), (4, 5), (4, 6), (4, 7), (4, 8), (5, 5)]
5084,8,6,3,6,[(3, 7), (4, 6), (4, 7), (4, 8), (4, 9), (5, 6)]
5085,8,6,3,7,[(3, 8), (4, 7), (4, 8), (4, 9), (4, 10), (5, 7)]
5086,8,6,3,8,[(3, 9), (4, 8), (4, 9), (4, 10), (4, 11), (5, 8)]
5087,8,6,3,9,[(3, 10), (4, 9), (4, 10), (4, 11), (4, 12), (5, 9)]
5088,8,6,3,10,[(3, 11), (4, 10), (4, 11), (4, 12), (4, 13), (5, 10)]
5089,8,6,3,11,[(3, 12), (4, 11), (4, 12), (4, 13), (4, 14), (5, 11)]
5090,8,6,4,0,[(4, 1), (5, 0), (5, 1), (5, 2), (5, 3), (6, 0)]
5091,8,6,4,1,[(4, 2), (5, 1), (5, 2), (5, 3), (5, 4), (6, 1)]
5092,8,6,4,2,[(4, 3), (5, 2), (5, 3), (5, 4), (5, 5), (6, 2)]
5093,8,6,4,3,[(4, 4), (5, 3), (5, 4), (5, 5), (5, 6), (6, 3)]
5094,8,6,4,4,[(4, 5), (5, 4), (5, 5), (5, 6), (5, 7), (6, 4)]
5095,8,6,4,5,[(4, 6), (5, 5), (5, 6), (5, 7), (5, 8), (6, 5)]
5096,8,6,4,6,[(4, 7), (5, 6), (5, 7), (5, 8), (5, 9), (6, 6)]
5097,8,6,4,7,[(4, 8), (5, 7), (5, 8), (5, 9), (5, 10), (6, 7)]
5098,8,6,4,8,[(4, 9), (5, 8), (5, 9), (5, 10), (5, 11), (6, 8)]
5099,8,6,4,9,[(4, 10), (5, 9), (5, 10), (5, 11), (5, 12), (6, 9)]
5100,8,6,4,10,[(4, 11), (5, 10), (5, 11), (5, 12), (5, 13), (6, 10)]
5101,8,6,4,11,[(4, 12), (5, 11), (5, 12), (5, 13), (5, 14), (6, 11)]
5102,8,6,5,0,[(5, 1), (6, 0), (6, 1), (6, 2), (6, 3), (7, 0)]
5103,8,6,5,1,[(5, 2), (6, 1), (6, 2), (6, 3), (6, 4), (7, 1)]
5104,8,6,5,2,[(5, 3), (6, 2), (6, 3), (6, 4), (6, 5), (7, 2)]
5105,8,6,5,3,[(5, 4), (6, 3), (6, 4), (6, 5), (6, 6), (7, 3)]
5106,8,6,5,4,[(5, 5), (6, 4), (6, 5), (6, 6), (6, 7), (7, 4)]
5107,8,6,5,5,[(5, 6), (6, 5), (6, 6), (6, 7), (6, 8), (7, 5)]
5108,8,6,5,6,[(5, 7), (6, 6), (6, 7), (6, 8), (6, 9), (7, 6)]
5109,8,6,5,7,[(5, 8), (6, 7), (6, 8), (6, 9), (6, 10), (7, 7)]
5110,8,6,5,8,[(5, 9), (6, 8), (6, 9), (6, 10), (6, 11), (7, 8)]
5111,8,6,5,9,[(5, 10), (6, 9), (6, 10), (6, 11), (6, 12), (7, 9)]
5112,8,6,5,10,[(5, 11), (6, 10), (6, 11), (6, 12), (6, 13), (7, 10)]
5113,8,6,5,11,[(5, 12), (6, 11), (6, 12), (6, 13), (6, 14), (7, 11)]
5114,8,6,6,0,[(6, 1), (7, 0), (7, 1), (7, 2), (7, 3), (8, 0)]
5115,8,6,6,1,[(6, 2), (7, 1), (7, 2), (7, 3), (7, 4), (8, 1)]
5116,8,6,6,2,[(6, 3), (7, 2), (7, 3), (7, 4), (7, 5), (8, 2)]
5117,8,6,6,3,[(6, 4), (7, 3), (7, 4), (7, 5), (7, 6), (8, 3)]
5118,8,6,6,4,[(6, 5), (7, 4), (7, 5), (7, 6), (7, 7), (8, 4)]
5119,8,6,6,5,[(6, 6), (7, 5), (7, 6), (7, 7), (7, 8), (8, 5)]
5120,8,6,6,6,[(6, 7), (7, 6), (7, 7), (7, 8), (7, 9), (8, 6)]
5121,8,6,6,7,[(6, 8), (7, 7), (7, 8), (7, 9), (7, 10), (8, 7)]
5122,8,6,6,8,[(6, 9), (7, 8), (7, 9), (7, 10), (7, 11), (8, 8)]
5123,8,6,6,9,[(6, 10), (7, 9), (7, 10), (7, 11), (7, 12), (8, 9)]
5124,8,6,6,10,[(6, 11), (7, 10), (7, 11), (7, 12), (7, 13), (8, 10)]
5125,8,6,6,11,[(6, 12), (7, 11), (7, 12), (7, 13), (7, 14), (8, 11)]
5126,8,6,7,0,[(7, 1), (8, 0), (8, 1), (8, 2), (8, 3), (9, 0)]
5127,8,6,7,1,[(7, 2), (8, 1), (8, 2), (8, 3), (8, 4), (9, 1)]
5128,8,6,7,2,[(7, 3), (8, 2), (8, 3), (8, 4), (8, 5), (9, 2)]
5129,8,6,7,3,[(7, 4), (8, 3), (8, 4), (8, 5), (8, 6), (9, 3)]
5130,8,6,7,4,[(7, 5), (8, 4), (8, 5), (8, 6), (8, 7), (9, 4)]
5131,8,6,7,5,[(7, 6), (8, 5), (8, 6), (8, 7), (8, 8), (9, 5)]
5132,8,6,7,6,[(7, 7), (8, 6), (8, 7), (8, 8), (8, 9), (9, 6)]
5133,8,6,7,7,[(7, 8), (8, 7), (8, 8), (8, 9), (8, 10), (9, 7)]
5134,8,6,7,8,[(7, 9), (8, 8), (8, 9), (8, 10), (8, 11), (9, 8)]
5135,8,6,7,9,[(7, 10), (8, 9), (8, 10), (8, 11), (8, 12), (9, 9)]
5136,8,6,7,10,[(7, 11), (8, 10), (8, 11), (8, 12), (8, 13), (9, 10)]
5137,8,6,7,11,[(7, 12), (8, 11), (8, 12), (8, 13), (8, 14), (9, 11)]
5138,8,7,0,0,[(0, 0), (0, 1), (1, 1), (1, 2), (2, 1), (3, 1)]
5139,8,7,0,1,[(0, 1), (0, 2), (1, 2), (1, 3), (2, 2), (3, 2)]
5140,8,7,0,2,[(0, 2), (0, 3), (1, 3), (1, 4), (2, 3), (3, 3)]
5141,8,7,0,3,[(0, 3), (0, 4), (1, 4), (1, 5), (2, 4), (3, 4)]
5142,8,7,0,4,[(0, 4), (0, 5), (1, 5), (1, 6), (2, 5), (3, 5)]
5143,8,7,0,5,[(0, 5), (0, 6), (1, 6), (1, 7), (2, 6), (3, 6)]
5144,8,7,0,6,[(0, 6), (0, 7), (1, 7), (1, 8), (2, 7), (3, 7)]
5145,8,7,0,7,[(0, 7), (0, 8), (1, 8), (1, 9), (2, 8), (3, 8)]
5146,8,7,0,8,[(0, 8), (0, 9), (1, 9), (1, 10), (2, 9), (3, 9)]
5147,8,7,0,9,[(0, 9), (0, 10), (1, 10), (1, 11), (2, 10), (3, 10)]
5148,8,7,0,10,[(0, 10), (0, 11), (1, 11), (1, 12), (2, 11), (3, 11)]
5149,8,7,0,11,[(0, 11), (0, 12), (1, 12), (1, 13), (2, 12), (3, 12)]
5150,8,7,0,12,[(0, 12), (0, 13), (1, 13), (1, 14), (2, 13), (3, 13)]
5151,8,7,1,0,[(1, 0), (1, 1), (2, 1), (2, 2), (3, 1), (4, 1)]
5152,8,7,1,1,[(1, 1), (1, 2), (2, 2), (2, 3), (3, 2), (4, 2)]
5153,8,7,1,2,[(1, 2), (1, 3), (2, 3), (2, 4), (3, 3), (4, 3)]
5154,8,7,1,3,[(1, 3), (1, 4), (2, 4), (2, 5), (3, 4), (4, 4)]
5155,8,7,1,4,[(1, 4), (1, 5), (2, 5), (2, 6), (3, 5), (4, 5)]
5156,8,7,1,5,[(1, 5), (1, 6), (2, 6), (2, 7), (3, 6), (4, 6)]
5157,8,7,1,6,[(1, 6), (1, 7), (2, 7), (2, 8), (3, 7), (4, 7)]
5158,8,7,1,7,[(1, 7), (1, 8), (2, 8), (2, 9), (3, 8), (4, 8)]
5159,8,7,1,8,[(1, 8), (1, 9), (2, 9), (2, 10), (3, 9), (4, 9)]
5160,8,7,1,9,[(1, 9), (1, 10), (2, 10), (2, 11), (3, 10), (4, 10)]
5161,8,7,1,10,[(1, 10), (1, 11), (2, 11), (2, 12), (3, 11), (4, 11)]
5162,8,7,1,11,[(1, 11), (1, 12), (2, 12), (2, 13), (3, 12), (4, 12)]
5163,8,7,1,12,[(1, 12), (1, 13), (2, 13), (2, 14), (3, 13), (4, 13)]
5164,8,7,2,0,[(2, 0), (2, 1), (3, 1), (3, 2), (4, 1), (5, 1)]
5165,8,7,2,1,[(2, 1), (2, 2), (3, 2), (3, 3), (4, 2), (5, 2)]
5166,8,7,2,2,[(2, 2), (2, 3), (3, 3), (3, 4), (4, 3), (5, 3)]
5167,8,7,2,3,[(2, 3), (2, 4), (3, 4), (3, 5), (4, 4), (5, 4)]
5168,8,7,2,4,[(2, 4), (2, 5), (3, 5), (3, 6), (4, 5), (5, 5)]
5169,8,7,2,5,[(2, 5), (2, 6), (3, 6), (3, 7), (4, 6), (5, 6)]
5170,8,7,2,6,[(2, 6), (2, 7), (3, 7), (3, 8), (4, 7), (5, 7)]
5171,8,7,2,7,[(2, 7), (2, 8), (3, 8), (3, 9), (4, 8), (5, 8)]
5172,8,7,2,8,[(2, 8), (2, 9), (3, 9), (3, 10), (4, 9), (5, 9)]
5173,8,7,2,9,[(2, 9), (2, 10), (3, 10), (3, 11), (4, 10), (5, 10)]
5174,8,7,2,10,[(2, 10), (2, 11), (3, 11), (3, 12), (4, 11), (5, 11)]
5175,8,7,2,11,[(2, 11), (2, 12), (3, 12), (3, 13), (4, 12), (5, 12)]
5176,8,7,2,12,[(2, 12), (2, 13), (3, 13), (3, 14), (4, 13), (5, 13)]
5177,8,7,3,0,[(3, 0), (3, 1), (4, 1), (4, 2), (5, 1), (6, 1)]
5178,8,7,3,1,[(3, 1), (3, 2), (4, 2), (4, 3), (5, 2), (6, 2)]
5179,8,7,3,2,[(3, 2), (3, 3), (4, 3), (4, 4), (5, 3), (6, 3)]
5180,8,7,3,3,[(3, 3), (3, 4), (4, 4), (4, 5), (5, 4), (6, 4)]
5181,8,7,3,4,[(3, 4), (3, 5), (4, 5), (4, 6), (5, 5), (6, 5)]
5182,8,7,3,5,[(3, 5), (3, 6), (4, 6), (4, 7), (5, 6), (6, 6)]
5183,8,7,3,6,[(3, 6), (3, 7), (4, 7), (4, 8), (5, 7), (6, 7)]
5184,8,7,3,7,[(3, 7), (3, 8), (4, 8), (4, 9), (5, 8), (6, 8)]
5185,8,7,3,8,[(3, 8), (3, 9), (4, 9), (4, 10), (5, 9), (6, 9)]
5186,8,7,3,9,[(3, 9), (3, 10), (4, 10), (4, 11), (5, 10), (6, 10)]
5187,8,7,3,10,[(3, 10), (3, 11), (4, 11), (4, 12), (5, 11), (6, 11)]
5188,8,7,3,11,[(3, 11), (3, 12), (4, 12), (4, 13), (5, 12), (6, 12)]
5189,8,7,3,12,[(3, 12), (3, 13), (4, 13), (4, 14), (5, 13), (6, 13)]
5190,8,7,4,0,[(4, 0), (4, 1), (5, 1), (5, 2), (6, 1), (7, 1)]
5191,8,7,4,1,[(4, 1), (4, 2), (5, 2), (5, 3), (6, 2), (7, 2)]
5192,8,7,4,2,[(4, 2), (4, 3), (5, 3), (5, 4), (6, 3), (7, 3)]
5193,8,7,4,3,[(4, 3), (4, 4), (5, 4), (5, 5), (6, 4), (7, 4)]
5194,8,7,4,4,[(4, 4), (4, 5), (5, 5), (5, 6), (6, 5), (7, 5)]
5195,8,7,4,5,[(4, 5), (4, 6), (5, 6), (5, 7), (6, 6), (7, 6)]
5196,8,7,4,6,[(4, 6), (4, 7), (5, 7), (5, 8), (6, 7), (7, 7)]
5197,8,7,4,7,[(4, 7), (4, 8), (5, 8), (5, 9), (6, 8), (7, 8)]
5198,8,7,4,8,[(4, 8), (4, 9), (5, 9), (5, 10), (6, 9), (7, 9)]
5199,8,7,4,9,[(4, 9), (4, 10), (5, 10), (5, 11), (6, 10), (7, 10)]
5200,8,7,4,10,[(4, 10), (4, 11), (5, 11), (5, 12), (6, 11), (7, 11)]
5201,8,7,4,11,[(4, 11), (4, 12), (5, 12), (5, 13), (6, 12), (7, 12)]
5202,8,7,4,12,[(4, 12), (4, 13), (5, 13), (5, 14), (6, 13), (7, 13)]
5203,8,7,5,0,[(5, 0), (5, 1), (6, 1), (6, 2), (7, 1), (8, 1)]
5204,8,7,5,1,[(5, 1), (5, 2), (6, 2), (6, 3), (7, 2), (8, 2)]
5205,8,7,5,2,[(5, 2), (5, 3), (6, 3), (6, 4), (7, 3), (8, 3)]
5206,8,7,5,3,[(5, 3), (5, 4), (6, 4), (6, 5), (7, 4), (8, 4)]
5207,8,7,5,4,[(5, 4), (5, 5), (6, 5), (6, 6), (7, 5), (8, 5)]
5208,8,7,5,5,[(5, 5), (5, 6), (6, 6), (6, 7), (7, 6), (8, 6)]
5209,8,7,5,6,[(5, 6), (5, 7), (6, 7), (6, 8), (7, 7), (8, 7)]
5210,8,7,5,7,[(5, 7), (5, 8), (6, 8), (6, 9), (7, 8), (8, 8)]
5211,8,7,5,8,[(5, 8), (5, 9), (6, 9), (6, 10), (7, 9), (8, 9)]
5212,8,7,5,9,[(5, 9), (5, 10), (6, 10), (6, 11), (7, 10), (8, 10)]
5213,8,7,5,10,[(5, 10), (5, 11), (6, 11), (6, 12), (7, 11), (8, 11)]
5214,8,7,5,11,[(5, 11), (5, 12), (6, 12), (6, 13), (7, 12), (8, 12)]
5215,8,7,5,12,[(5, 12), (5, 13), (6, 13), (6, 14), (7, 13), (8, 13)]
5216,8,7,6,0,[(6, 0), (6, 1), (7, 1), (7, 2), (8, 1), (9, 1)]
5217,8,7,6,1,[(6, 1), (6, 2), (7, 2), (7, 3), (8, 2), (9, 2)]
5218,8,7,6,2,[(6, 2), (6, 3), (7, 3), (7, 4), (8, 3), (9, 3)]
5219,8,7,6,3,[(6, 3), (6, 4), (7, 4), (7, 5), (8, 4), (9, 4)]
5220,8,7,6,4,[(6, 4), (6, 5), (7, 5), (7, 6), (8, 5), (9, 5)]
5221,8,7,6,5,[(6, 5), (6, 6), (7, 6), (7, 7), (8, 6), (9, 6)]
5222,8,7,6,6,[(6, 6), (6, 7), (7, 7), (7, 8), (8, 7), (9, 7)]
5223,8,7,6,7,[(6, 7), (6, 8), (7, 8), (7, 9), (8, 8), (9, 8)]
5224,8,7,6,8,[(6, 8), (6, 9), (7, 9), (7, 10), (8, 9), (9, 9)]
5225,8,7,6,9,[(6, 9), (6, 10), (7, 10), (7, 11), (8, 10), (9, 10)]
5226,8,7,6,10,[(6, 10), (6, 11), (7, 11), (7, 12), (8, 11), (9, 11)]
5227,8,7,6,11,[(6, 11), (6, 12), (7, 12), (7, 13), (8, 12), (9, 12)]
5228,8,7,6,12,[(6, 12), (6, 13), (7, 13), (7, 14), (8, 13), (9, 13)]
5229,9,0,0,0,[(0, 2), (1, 0), (1, 1), (1, 2), (1, 3), (2, 2)]
5230,9,0,0,1,[(0, 3), (1, 1), (1, 2), (1, 3), (1, 4), (2, 3)]
5231,9,0,0,2,[(0, 4), (1, 2), (1, 3), (1, 4), (1, 5), (2, 4)]
5232,9,0,0,3,[(0, 5), (1, 3), (1, 4), (1, 5), (1, 6), (2, 5)]
5233,9,0,0,4,[(0, 6), (1, 4), (1, 5), (1, 6), (1, 7), (2, 6)]
5234,9,0,0,5,[(0, 7), (1, 5), (1, 6), (1, 7), (1, 8), (2, 7)]
5235,9,0,0,6,[(0, 8), (1, 6), (1, 7), (1, 8), (1, 9), (2, 8)]
5236,9,0,0,7,[(0, 9), (1, 7), (1, 8), (1, 9), (1, 10), (2, 9)]
5237,9,0,0,8,[(0, 10), (1, 8), (1, 9), (1, 10), (1, 11), (2, 10)]
5238,9,0,0,9,[(0, 11), (1, 9), (1, 10), (1, 11), (1, 12), (2, 11)]
5239,9,0,0,10,[(0, 12), (1, 10), (1, 11), (1, 12), (1, 13), (2, 12)]
5240,9,0,0,11,[(0, 13), (1, 11), (1, 12), (1, 13), (1, 14), (2, 13)]
5241,9,0,1,0,[(1, 2), (2, 0), (2, 1), (2, 2), (2, 3), (3, 2)]
5242,9,0,1,1,[(1, 3), (2, 1), (2, 2), (2, 3), (2, 4), (3, 3)]
5243,9,0,1,2,[(1, 4), (2, 2), (2, 3), (2, 4), (2, 5), (3, 4)]
5244,9,0,1,3,[(1, 5), (2, 3), (2, 4), (2, 5), (2, 6), (3, 5)]
5245,9,0,1,4,[(1, 6), (2, 4), (2, 5), (2, 6), (2, 7), (3, 6)]
5246,9,0,1,5,[(1, 7), (2, 5), (2, 6), (2, 7), (2, 8), (3, 7)]
5247,9,0,1,6,[(1, 8), (2, 6), (2, 7), (2, 8), (2, 9), (3, 8)]
5248,9,0,1,7,[(1, 9), (2, 7), (2, 8), (2, 9), (2, 10), (3, 9)]
5249,9,0,1,8,[(1, 10), (2, 8), (2, 9), (2, 10), (2, 11), (3, 10)]
5250,9,0,1,9,[(1, 11), (2, 9), (2, 10), (2, 11), (2, 12), (3, 11)]
5251,9,0,1,10,[(1, 12), (2, 10), (2, 11), (2, 12), (2, 13), (3, 12)]
5252,9,0,1,11,[(1, 13), (2, 11), (2, 12), (2, 13), (2, 14), (3, 13)]
5253,9,0,2,0,[(2, 2), (3, 0), (3, 1), (3, 2), (3, 3), (4, 2)]
5254,9,0,2,1,[(2, 3), (3, 1), (3, 2), (3, 3), (3, 4), (4, 3)]
5255,9,0,2,2,[(2, 4), (3, 2), (3, 3), (3, 4), (3, 5), (4, 4)]
5256,9,0,2,3,[(2, 5), (3, 3), (3, 4), (3, 5), (3, 6), (4, 5)]
5257,9,0,2,4,[(2, 6), (3, 4), (3, 5), (3, 6), (3, 7), (4, 6)]
5258,9,0,2,5,[(2, 7), (3, 5), (3, 6), (3, 7), (3, 8), (4, 7)]
5259,9,0,2,6,[(2, 8), (3, 6), (3, 7), (3, 8), (3, 9), (4, 8)]
5260,9,0,2,7,[(2, 9), (3, 7), (3, 8), (3, 9), (3, 10), (4, 9)]
5261,9,0,2,8,[(2, 10), (3, 8), (3, 9), (3, 10), (3, 11), (4, 10)]
5262,9,0,2,9,[(2, 11), (3, 9), (3, 10), (3, 11), (3, 12), (4, 11)]
5263,9,0,2,10,[(2, 12), (3, 10), (3, 11), (3, 12), (3, 13), (4, 12)]
5264,9,0,2,11,[(2, 13), (3, 11), (3, 12), (3, 13), (3, 14), (4, 13)]
5265,9,0,3,0,[(3, 2), (4, 0), (4, 1), (4, 2), (4, 3), (5, 2)]
5266,9,0,3,1,[(3, 3), (4, 1), (4, 2), (4, 3), (4, 4), (5, 3)]
5267,9,0,3,2,[(3, 4), (4, 2), (4, 3), (4, 4), (4, 5), (5, 4)]
5268,9,0,3,3,[(3, 5), (4, 3), (4, 4), (4, 5), (4, 6), (5, 5)]
5269,9,0,3,4,[(3, 6), (4, 4), (4, 5), (4, 6), (4, 7), (5, 6)]
5270,9,0,3,5,[(3, 7), (4, 5), (4, 6), (4, 7), (4, 8), (5, 7)]
5271,9,0,3,6,[(3, 8), (4, 6), (4, 7), (4, 8), (4, 9), (5, 8)]
5272,9,0,3,7,[(3, 9), (4, 7), (4, 8), (4, 9), (4, 10), (5, 9)]
5273,9,0,3,8,[(3, 10), (4, 8), (4, 9), (4, 10), (4, 11), (5, 10)]
5274,9,0,3,9,[(3, 11), (4, 9), (4, 10), (4, 11), (4, 12), (5, 11)]
5275,9,0,3,10,[(3, 12), (4, 10), (4, 11), (4, 12), (4, 13), (5, 12)]
5276,9,0,3,11,[(3, 13), (4, 11), (4, 12), (4, 13), (4, 14), (5, 13)]
5277,9,0,4,0,[(4, 2), (5, 0), (5, 1), (5, 2), (5, 3), (6, 2)]
5278,9,0,4,1,[(4, 3), (5, 1), (5, 2), (5, 3), (5, 4), (6, 3)]
5279,9,0,4,2,[(4, 4), (5, 2), (5, 3), (5, 4), (5, 5), (6, 4)]
5280,9,0,4,3,[(4, 5), (5, 3), (5, 4), (5, 5), (5, 6), (6, 5)]
5281,9,0,4,4,[(4, 6), (5, 4), (5, 5), (5, 6), (5, 7), (6, 6)]
5282,9,0,4,5,[(4, 7), (5, 5), (5, 6), (5, 7), (5, 8), (6, 7)]
5283,9,0,4,6,[(4, 8), (5, 6), (5, 7), (5, 8), (5, 9), (6, 8)]
5284,9,0,4,7,[(4, 9), (5, 7), (5, 8), (5, 9), (5, 10), (6, 9)]
5285,9,0,4,8,[(4, 10), (5, 8), (5, 9), (5, 10), (5, 11), (6, 10)]
5286,9,0,4,9,[(4, 11), (5, 9), (5, 10), (5, 11), (5, 12), (6, 11)]
5287,9,0,4,10,[(4, 12), (5, 10), (5, 11), (5, 12), (5, 13), (6, 12)]
5288,9,0,4,11,[(4, 13), (5, 11), (5, 12), (5, 13), (5, 14), (6, 13)]
5289,9,0,5,0,[(5, 2), (6, 0), (6, 1), (6, 2), (6, 3), (7, 2)]
5290,9,0,5,1,[(5, 3), (6, 1), (6, 2), (6, 3), (6, 4), (7, 3)]
5291,9,0,5,2,[(5, 4), (6, 2), (6, 3), (6, 4), (6, 5), (7, 4)]
5292,9,0,5,3,[(5, 5), (6, 3), (6, 4), (6, 5), (6, 6), (7, 5)]
5293,9,0,5,4,[(5, 6), (6, 4), (6, 5), (6, 6), (6, 7), (7, 6)]
5294,9,0,5,5,[(5, 7), (6, 5), (6, 6), (6, 7), (6, 8), (7, 7)]
5295,9,0,5,6,[(5, 8), (6, 6), (6, 7), (6, 8), (6, 9), (7, 8)]
5296,9,0,5,7,[(5, 9), (6, 7), (6, 8), (6, 9), (6, 10), (7, 9)]
5297,9,0,5,8,[(5, 10), (6, 8), (6, 9), (6, 10), (6, 11), (7, 10)]
5298,9,0,5,9,[(5, 11), (6, 9), (6, 10), (6, 11), (6, 12), (7, 11)]
5299,9,0,5,10,[(5, 12), (6, 10), (6, 11), (6, 12), (6, 13), (7, 12)]
5300,9,0,5,11,[(5, 13), (6, 11), (6, 12), (6, 13), (6, 14), (7, 13)]
5301,9,0,6,0,[(6, 2), (7, 0), (7, 1), (7, 2), (7, 3), (8, 2)]
5302,9,0,6,1,[(6, 3), (7, 1), (7, 2), (7, 3), (7, 4), (8, 3)]
5303,9,0,6,2,[(6, 4), (7, 2), (7, 3), (7, 4), (7, 5), (8, 4)]
5304,9,0,6,3,[(6, 5), (7, 3), (7, 4), (7, 5), (7, 6), (8, 5)]
5305,9,0,6,4,[(6, 6), (7, 4), (7, 5), (7, 6), (7, 7), (8, 6)]
5306,9,0,6,5,[(6, 7), (7, 5), (7, 6), (7, 7), (7, 8), (8, 7)]
5307,9,0,6,6,[(6, 8), (7, 6), (7, 7), (7, 8), (7, 9), (8, 8)]
5308,9,0,6,7,[(6, 9), (7, 7), (7, 8), (7, 9), (7, 10), (8, 9)]
5309,9,0,6,8,[(6, 10), (7, 8), (7, 9), (7, 10), (7, 11), (8, 10)]
5310,9,0,6,9,[(6, 11), (7, 9), (7, 10), (7, 11), (7, 12), (8, 11)]
5311,9,0,6,10,[(6, 12), (7, 10), (7, 11), (7, 12), (7, 13), (8, 12)]
5312,9,0,6,11,[(6, 13), (7, 11), (7, 12), (7, 13), (7, 14), (8, 13)]
5313,9,0,7,0,[(7, 2), (8, 0), (8, 1), (8, 2), (8, 3), (9, 2)]
5314,9,0,7,1,[(7, 3), (8, 1), (8, 2), (8, 3), (8, 4), (9, 3)]
5315,9,0,7,2,[(7, 4), (8, 2), (8, 3), (8, 4), (8, 5), (9, 4)]
5316,9,0,7,3,[(7, 5), (8, 3), (8, 4), (8, 5), (8, 6), (9, 5)]
5317,9,0,7,4,[(7, 6), (8, 4), (8, 5), (8, 6), (8, 7), (9, 6)]
5318,9,0,7,5,[(7, 7), (8, 5), (8, 6), (8, 7), (8, 8), (9, 7)]
5319,9,0,7,6,[(7, 8), (8, 6), (8, 7), (8, 8), (8, 9), (9, 8)]
5320,9,0,7,7,[(7, 9), (8, 7), (8, 8), (8, 9), (8, 10), (9, 9)]
5321,9,0,7,8,[(7, 10), (8, 8), (8, 9), (8, 10), (8, 11), (9, 10)]
5322,9,0,7,9,[(7, 11), (8, 9), (8, 10), (8, 11), (8, 12), (9, 11)]
5323,9,0,7,10,[(7, 12), (8, 10), (8, 11), (8, 12), (8, 13), (9, 12)]
5324,9,0,7,11,[(7, 13), (8, 11), (8, 12), (8, 13), (8, 14), (9, 13)]
5325,9,1,0,0,[(0, 1), (1, 0), (1, 1), (1, 2), (1, 3), (2, 1)]
5326,9,1,0,1,[(0, 2), (1, 1), (1, 2), (1, 3), (1, 4), (2, 2)]
5327,9,1,0,2,[(0, 3), (1, 2), (1, 3), (1, 4), (1, 5), (2, 3)]
5328,9,1,0,3,[(0, 4), (1, 3), (1, 4), (1, 5), (1, 6), (2, 4)]
5329,9,1,0,4,[(0, 5), (1, 4), (1, 5), (1, 6), (1, 7), (2, 5)]
5330,9,1,0,5,[(0, 6), (1, 5), (1, 6), (1, 7), (1, 8), (2, 6)]
5331,9,1,0,6,[(0, 7), (1, 6), (1, 7), (1, 8), (1, 9), (2, 7)]
5332,9,1,0,7,[(0, 8), (1, 7), (1, 8), (1, 9), (1, 10), (2, 8)]
5333,9,1,0,8,[(0, 9), (1, 8), (1, 9), (1, 10), (1, 11), (2, 9)]
5334,9,1,0,9,[(0, 10), (1, 9), (1, 10), (1, 11), (1, 12), (2, 10)]
5335,9,1,0,10,[(0, 11), (1, 10), (1, 11), (1, 12), (1, 13), (2, 11)]
5336,9,1,0,11,[(0, 12), (1, 11), (1, 12), (1, 13), (1, 14), (2, 12)]
5337,9,1,1,0,[(1, 1), (2, 0), (2, 1), (2, 2), (2, 3), (3, 1)]
5338,9,1,1,1,[(1, 2), (2, 1), (2, 2), (2, 3), (2, 4), (3, 2)]
5339,9,1,1,2,[(1, 3), (2, 2), (2, 3), (2, 4), (2, 5), (3, 3)]
5340,9,1,1,3,[(1, 4), (2, 3), (2, 4), (2, 5), (2, 6), (3, 4)]
5341,9,1,1,4,[(1, 5), (2, 4), (2, 5), (2, 6), (2, 7), (3, 5)]
5342,9,1,1,5,[(1, 6), (2, 5), (2, 6), (2, 7), (2, 8), (3, 6)]
5343,9,1,1,6,[(1, 7), (2, 6), (2, 7), (2, 8), (2, 9), (3, 7)]
5344,9,1,1,7,[(1, 8), (2, 7), (2, 8), (2, 9), (2, 10), (3, 8)]
5345,9,1,1,8,[(1, 9), (2, 8), (2, 9), (2, 10), (2, 11), (3, 9)]
5346,9,1,1,9,[(1, 10), (2, 9), (2, 10), (2, 11), (2, 12), (3, 10)]
5347,9,1,1,10,[(1, 11), (2, 10), (2, 11), (2, 12), (2, 13), (3, 11)]
5348,9,1,1,11,[(1, 12), (2, 11), (2, 12), (2, 13), (2, 14), (3, 12)]
5349,9,1,2,0,[(2, 1), (3, 0), (3, 1), (3, 2), (3, 3), (4, 1)]
5350,9,1,2,1,[(2, 2), (3, 1), (3, 2), (3, 3), (3, 4), (4, 2)]
5351,9,1,2,2,[(2, 3), (3, 2), (3, 3), (3, 4), (3, 5), (4, 3)]
5352,9,1,2,3,[(2, 4), (3, 3), (3, 4), (3, 5), (3, 6), (4, 4)]
5353,9,1,2,4,[(2, 5), (3, 4), (3, 5), (3, 6), (3, 7), (4, 5)]
5354,9,1,2,5,[(2, 6), (3, 5), (3, 6), (3, 7), (3, 8), (4, 6)]
5355,9,1,2,6,[(2, 7), (3, 6), (3, 7), (3, 8), (3, 9), (4, 7)]
5356,9,1,2,7,[(2, 8), (3, 7), (3, 8), (3, 9), (3, 10), (4, 8)]
5357,9,1,2,8,[(2, 9), (3, 8), (3, 9), (3, 10), (3, 11), (4, 9)]
5358,9,1,2,9,[(2, 10), (3, 9), (3, 10), (3, 11), (3, 12), (4, 10)]
5359,9,1,2,10,[(2, 11), (3, 10), (3, 11), (3, 12), (3, 13), (4, 11)]
5360,9,1,2,11,[(2, 12), (3, 11), (3, 12), (3, 13), (3, 14), (4, 12)]
5361,9,1,3,0,[(3, 1), (4, 0), (4, 1), (4, 2), (4, 3), (5, 1)]
5362,9,1,3,1,[(3, 2), (4, 1), (4, 2), (4, 3), (4, 4), (5, 2)]
5363,9,1,3,2,[(3, 3), (4, 2), (4, 3), (4, 4), (4, 5), (5, 3)]
5364,9,1,3,3,[(3, 4), (4, 3), (4, 4), (4, 5), (4, 6), (5, 4)]
5365,9,1,3,4,[(3, 5), (4, 4), (4, 5), (4, 6), (4, 7), (5, 5)]
5366,9,1,3,5,[(3, 6), (4, 5), (4, 6), (4, 7), (4, 8), (5, 6)]
5367,9,1,3,6,[(3, 7), (4, 6), (4, 7), (4, 8), (4, 9), (5, 7)]
5368,9,1,3,7,[(3, 8), (4, 7), (4, 8), (4, 9), (4, 10), (5, 8)]
5369,9,1,3,8,[(3, 9), (4, 8), (4, 9), (4, 10), (4, 11), (5, 9)]
5370,9,1,3,9,[(3, 10), (4, 9), (4, 10), (4, 11), (4, 12), (5, 10)]
5371,9,1,3,10,[(3, 11), (4, 10), (4, 11), (4, 12), (4, 13), (5, 11)]
5372,9,1,3,11,[(3, 12), (4, 11), (4, 12), (4, 13), (4, 14), (5, 12)]
5373,9,1,4,0,[(4, 1), (5, 0), (5, 1), (5, 2), (5, 3), (6, 1)]
5374,9,1,4,1,[(4, 2), (5, 1), (5, 2), (5, 3), (5, 4), (6, 2)]
5375,9,1,4,2,[(4, 3), (5, 2), (5, 3), (5, 4), (5, 5), (6, 3)]
5376,9,1,4,3,[(4, 4), (5, 3), (5, 4), (5, 5), (5, 6), (6, 4)]
5377,9,1,4,4,[(4, 5), (5, 4), (5, 5), (5, 6), (5, 7), (6, 5)]
5378,9,1,4,5,[(4, 6), (5, 5), (5, 6), (5, 7), (5, 8), (6, 6)]
5379,9,1,4,6,[(4, 7), (5, 6), (5, 7), (5, 8), (5, 9), (6, 7)]
5380,9,1,4,7,[(4, 8), (5, 7), (5, 8), (5, 9), (5, 10), (6, 8)]
5381,9,1,4,8,[(4, 9), (5, 8), (5, 9), (5, 10), (5, 11), (6, 9)]
5382,9,1,4,9,[(4, 10), (5, 9), (5, 10), (5, 11), (5, 12), (6, 10)]
5383,9,1,4,10,[(4, 11), (5, 10), (5, 11), (5, 12), (5, 13), (6, 11)]
5384,9,1,4,11,[(4, 12), (5, 11), (5, 12), (5, 13), (5, 14), (6, 12)]
5385,9,1,5,0,[(5, 1), (6, 0), (6, 1), (6, 2), (6, 3), (7, 1)]
5386,9,1,5,1,[(5, 2), (6, 1), (6, 2), (6, 3), (6, 4), (7, 2)]
5387,9,1,5,2,[(5, 3), (6, 2), (6, 3), (6, 4), (6, 5), (7, 3)]
5388,9,1,5,3,[(5, 4), (6, 3), (6, 4), (6, 5), (6, 6), (7, 4)]
5389,9,1,5,4,[(5, 5), (6, 4), (6, 5), (6, 6), (6, 7), (7, 5)]
5390,9,1,5,5,[(5, 6), (6, 5), (6, 6), (6, 7), (6, 8), (7, 6)]
5391,9,1,5,6,[(5, 7), (6, 6), (6, 7), (6, 8), (6, 9), (7, 7)]
5392,9,1,5,7,[(5, 8), (6, 7), (6, 8), (6, 9), (6, 10), (7, 8)]
5393,9,1,5,8,[(5, 9), (6, 8), (6, 9), (6, 10), (6, 11), (7, 9)]
5394,9,1,5,9,[(5, 10), (6, 9), (6, 10), (6, 11), (6, 12), (7, 10)]
5395,9,1,5,10,[(5, 11), (6, 10), (6, 11), (6, 12), (6, 13), (7, 11)]
5396,9,1,5,11,[(5, 12), (6, 11), (6, 12), (6, 13), (6, 14), (7, 12)]
5397,9,1,6,0,[(6, 1), (7, 0), (7, 1), (7, 2), (7, 3), (8, 1)]
5398,9,1,6,1,[(6, 2), (7, 1), (7, 2), (7, 3), (7, 4), (8, 2)]
5399,9,1,6,2,[(6, 3), (7, 2), (7, 3), (7, 4), (7, 5), (8, 3)]
5400,9,1,6,3,[(6, 4), (7, 3), (7, 4), (7, 5), (7, 6), (8, 4)]
5401,9,1,6,4,[(6, 5), (7, 4), (7, 5), (7, 6), (7, 7), (8, 5)]
5402,9,1,6,5,[(6, 6), (7, 5), (7, 6), (7, 7), (7, 8), (8, 6)]
5403,9,1,6,6,[(6, 7), (7, 6), (7, 7), (7, 8), (7, 9), (8, 7)]
5404,9,1,6,7,[(6, 8), (7, 7), (7, 8), (7, 9), (7, 10), (8, 8)]
5405,9,1,6,8,[(6, 9), (7, 8), (7, 9), (7, 10), (7, 11), (8, 9)]
5406,9,1,6,9,[(6, 10), (7, 9), (7, 10), (7, 11), (7, 12), (8, 10)]
5407,9,1,6,10,[(6, 11), (7, 10), (7, 11), (7, 12), (7, 13), (8, 11)]
5408,9,1,6,11,[(6, 12), (7, 11), (7, 12), (7, 13), (7, 14), (8, 12)]
5409,9,1,7,0,[(7, 1), (8, 0), (8, 1), (8, 2), (8, 3), (9, 1)]
5410,9,1,7,1,[(7, 2), (8, 1), (8, 2), (8, 3), (8, 4), (9, 2)]
5411,9,1,7,2,[(7, 3), (8, 2), (8, 3), (8, 4), (8, 5), (9, 3)]
5412,9,1,7,3,[(7, 4), (8, 3), (8, 4), (8, 5), (8, 6), (9, 4)]
5413,9,1,7,4,[(7, 5), (8, 4), (8, 5), (8, 6), (8, 7), (9, 5)]
5414,9,1,7,5,[(7, 6), (8, 5), (8, 6), (8, 7), (8, 8), (9, 6)]
5415,9,1,7,6,[(7, 7), (8, 6), (8, 7), (8, 8), (8, 9), (9, 7)]
5416,9,1,7,7,[(7, 8), (8, 7), (8, 8), (8, 9), (8, 10), (9, 8)]
5417,9,1,7,8,[(7, 9), (8, 8), (8, 9), (8, 10), (8, 11), (9, 9)]
5418,9,1,7,9,[(7, 10), (8, 9), (8, 10), (8, 11), (8, 12), (9, 10)]
5419,9,1,7,10,[(7, 11), (8, 10), (8, 11), (8, 12), (8, 13), (9, 11)]
5420,9,1,7,11,[(7, 12), (8, 11), (8, 12), (8, 13), (8, 14), (9, 12)]
5421,9,2,0,0,[(0, 1), (1, 1), (2, 0), (2, 1), (2, 2), (3, 1)]
5422,9,2,0,1,[(0, 2), (1, 2), (2, 1), (2, 2), (2, 3), (3, 2)]
5423,9,2,0,2,[(0, 3), (1, 3), (2, 2), (2, 3), (2, 4), (3, 3)]
5424,9,2,0,3,[(0, 4), (1, 4), (2, 3), (2, 4), (2, 5), (3, 4)]
5425,9,2,0,4,[(0, 5), (1, 5), (2, 4), (2, 5), (2, 6), (3, 5)]
5426,9,2,0,5,[(0, 6), (1, 6), (2, 5), (2, 6), (2, 7), (3, 6)]
5427,9,2,0,6,[(0, 7), (1, 7), (2, 6), (2, 7), (2, 8), (3, 7)]
5428,9,2,0,7,[(0, 8), (1, 8), (2, 7), (2, 8), (2, 9), (3, 8)]
5429,9,2,0,8,[(0, 9), (1, 9), (2, 8), (2, 9), (2, 10), (3, 9)]
5430,9,2,0,9,[(0, 10), (1, 10), (2, 9), (2, 10), (2, 11), (3, 10)]
5431,9,2,0,10,[(0, 11), (1, 11), (2, 10), (2, 11), (2, 12), (3, 11)]
5432,9,2,0,11,[(0, 12), (1, 12), (2, 11), (2, 12), (2, 13), (3, 12)]
5433,9,2,0,12,[(0, 13), (1, 13), (2, 12), (2, 13), (2, 14), (3, 13)]
5434,9,2,1,0,[(1, 1), (2, 1), (3, 0), (3, 1), (3, 2), (4, 1)]
5435,9,2,1,1,[(1, 2), (2, 2), (3, 1), (3, 2), (3, 3), (4, 2)]
5436,9,2,1,2,[(1, 3), (2, 3), (3, 2), (3, 3), (3, 4), (4, 3)]
5437,9,2,1,3,[(1, 4), (2, 4), (3, 3), (3, 4), (3, 5), (4, 4)]
5438,9,2,1,4,[(1, 5), (2, 5), (3, 4), (3, 5), (3, 6), (4, 5)]
5439,9,2,1,5,[(1, 6), (2, 6), (3, 5), (3, 6), (3, 7), (4, 6)]
5440,9,2,1,6,[(1, 7), (2, 7), (3, 6), (3, 7), (3, 8), (4, 7)]
5441,9,2,1,7,[(1, 8), (2, 8), (3, 7), (3, 8), (3, 9), (4, 8)]
5442,9,2,1,8,[(1, 9), (2, 9), (3, 8), (3, 9), (3, 10), (4, 9)]
5443,9,2,1,9,[(1, 10), (2, 10), (3, 9), (3, 10), (3, 11), (4, 10)]
5444,9,2,1,10,[(1, 11), (2, 11), (3, 10), (3, 11), (3, 12), (4, 11)]
5445,9,2,1,11,[(1, 12), (2, 12), (3, 11), (3, 12), (3, 13), (4, 12)]
5446,9,2,1,12,[(1, 13), (2, 13), (3, 12), (3, 13), (3, 14), (4, 13)]
5447,9,2,2,0,[(2, 1), (3, 1), (4, 0), (4, 1), (4, 2), (5, 1)]
5448,9,2,2,1,[(2, 2), (3, 2), (4, 1), (4, 2), (4, 3), (5, 2)]
5449,9,2,2,2,[(2, 3), (3, 3), (4, 2), (4, 3), (4, 4), (5, 3)]
5450,9,2,2,3,[(2, 4), (3, 4), (4, 3), (4, 4), (4, 5), (5, 4)]
5451,9,2,2,4,[(2, 5), (3, 5), (4, 4), (4, 5), (4, 6), (5, 5)]
5452,9,2,2,5,[(2, 6), (3, 6), (4, 5), (4, 6), (4, 7), (5, 6)]
5453,9,2,2,6,[(2, 7), (3, 7), (4, 6), (4, 7), (4, 8), (5, 7)]
5454,9,2,2,7,[(2, 8), (3, 8), (4, 7), (4, 8), (4, 9), (5, 8)]
5455,9,2,2,8,[(2, 9), (3, 9), (4, 8), (4, 9), (4, 10), (5, 9)]
5456,9,2,2,9,[(2, 10), (3, 10), (4, 9), (4, 10), (4, 11), (5, 10)]
5457,9,2,2,10,[(2, 11), (3, 11), (4, 10), (4, 11), (4, 12), (5, 11)]
5458,9,2,2,11,[(2, 12), (3, 12), (4, 11), (4, 12), (4, 13), (5, 12)]
5459,9,2,2,12,[(2, 13), (3, 13), (4, 12), (4, 13), (4, 14), (5, 13)]
5460,9,2,3,0,[(3, 1), (4, 1), (5, 0), (5, 1), (5, 2), (6, 1)]
5461,9,2,3,1,[(3, 2), (4, 2), (5, 1), (5, 2), (5, 3), (6, 2)]
5462,9,2,3,2,[(3, 3), (4, 3), (5, 2), (5, 3), (5, 4), (6, 3)]
5463,9,2,3,3,[(3, 4), (4, 4), (5, 3), (5, 4), (5, 5), (6, 4)]
5464,9,2,3,4,[(3, 5), (4, 5), (5, 4), (5, 5), (5, 6), (6, 5)]
5465,9,2,3,5,[(3, 6), (4, 6), (5, 5), (5, 6), (5, 7), (6, 6)]
5466,9,2,3,6,[(3, 7), (4, 7), (5, 6), (5, 7), (5, 8), (6, 7)]
5467,9,2,3,7,[(3, 8), (4, 8), (5, 7), (5, 8), (5, 9), (6, 8)]
5468,9,2,3,8,[(3, 9), (4, 9), (5, 8), (5, 9), (5, 10), (6, 9)]
5469,9,2,3,9,[(3, 10), (4, 10), (5, 9), (5, 10), (5, 11), (6, 10)]
5470,9,2,3,10,[(3, 11), (4, 11), (5, 10), (5, 11), (5, 12), (6, 11)]
5471,9,2,3,11,[(3, 12), (4, 12), (5, 11), (5, 12), (5, 13), (6, 12)]
5472,9,2,3,12,[(3, 13), (4, 13), (5, 12), (5, 13), (5, 14), (6, 13)]
5473,9,2,4,0,[(4, 1), (5, 1), (6, 0), (6, 1), (6, 2), (7, 1)]
5474,9,2,4,1,[(4, 2), (5, 2), (6, 1), (6, 2), (6, 3), (7, 2)]
5475,9,2,4,2,[(4, 3), (5, 3), (6, 2), (6, 3), (6, 4), (7, 3)]
5476,9,2,4,3,[(4, 4), (5, 4), (6, 3), (6, 4), (6, 5), (7, 4)]
5477,9,2,4,4,[(4, 5), (5, 5), (6, 4), (6, 5), (6, 6), (7, 5)]
5478,9,2,4,5,[(4, 6), (5, 6), (6, 5), (6, 6), (6, 7), (7, 6)]
5479,9,2,4,6,[(4, 7), (5, 7), (6, 6), (6, 7), (6, 8), (7, 7)]
5480,9,2,4,7,[(4, 8), (5, 8), (6, 7), (6, 8), (6, 9), (7, 8)]
5481,9,2,4,8,[(4, 9), (5, 9), (6, 8), (6, 9), (6, 10), (7, 9)]
5482,9,2,4,9,[(4, 10), (5, 10), (6, 9), (6, 10), (6, 11), (7, 10)]
5483,9,2,4,10,[(4, 11), (5, 11), (6, 10), (6, 11), (6, 12), (7, 11)]
5484,9,2,4,11,[(4, 12), (5, 12), (6, 11), (6, 12), (6, 13), (7, 12)]
5485,9,2,4,12,[(4, 13), (5, 13), (6, 12), (6, 13), (6, 14), (7, 13)]
5486,9,2,5,0,[(5, 1), (6, 1), (7, 0), (7, 1), (7, 2), (8, 1)]
5487,9,2,5,1,[(5, 2), (6, 2), (7, 1), (7, 2), (7, 3), (8, 2)]
5488,9,2,5,2,[(5, 3), (6, 3), (7, 2), (7, 3), (7, 4), (8, 3)]
5489,9,2,5,3,[(5, 4), (6, 4), (7, 3), (7, 4), (7, 5), (8, 4)]
5490,9,2,5,4,[(5, 5), (6, 5), (7, 4), (7, 5), (7, 6), (8, 5)]
5491,9,2,5,5,[(5, 6), (6, 6), (7, 5), (7, 6), (7, 7), (8, 6)]
5492,9,2,5,6,[(5, 7), (6, 7), (7, 6), (7, 7), (7, 8), (8, 7)]
5493,9,2,5,7,[(5, 8), (6, 8), (7, 7), (7, 8), (7, 9), (8, 8)]
5494,9,2,5,8,[(5, 9), (6, 9), (7, 8), (7, 9), (7, 10), (8, 9)]
5495,9,2,5,9,[(5, 10), (6, 10), (7, 9), (7, 10), (7, 11), (8, 10)]
5496,9,2,5,10,[(5, 11), (6, 11), (7, 10), (7, 11), (7, 12), (8, 11)]
5497,9,2,5,11,[(5, 12), (6, 12), (7, 11), (7, 12), (7, 13), (8, 12)]
5498,9,2,5,12,[(5, 13), (6, 13), (7, 12), (7, 13), (7, 14), (8, 13)]
5499,9,2,6,0,[(6, 1), (7, 1), (8, 0), (8, 1), (8, 2), (9, 1)]
5500,9,2,6,1,[(6, 2), (7, 2), (8, 1), (8, 2), (8, 3), (9, 2)]
5501,9,2,6,2,[(6, 3), (7, 3), (8, 2), (8, 3), (8, 4), (9, 3)]
5502,9,2,6,3,[(6, 4), (7, 4), (8, 3), (8, 4), (8, 5), (9, 4)]
5503,9,2,6,4,[(6, 5), (7, 5), (8, 4), (8, 5), (8, 6), (9, 5)]
5504,9,2,6,5,[(6, 6), (7, 6), (8, 5), (8, 6), (8, 7), (9, 6)]
5505,9,2,6,6,[(6, 7), (7, 7), (8, 6), (8, 7), (8, 8), (9, 7)]
5506,9,2,6,7,[(6, 8), (7, 8), (8, 7), (8, 8), (8, 9), (9, 8)]
5507,9,2,6,8,[(6, 9), (7, 9), (8, 8), (8, 9), (8, 10), (9, 9)]
5508,9,2,6,9,[(6, 10), (7, 10), (8, 9), (8, 10), (8, 11), (9, 10)]
5509,9,2,6,10,[(6, 11), (7, 11), (8, 10), (8, 11), (8, 12), (9, 11)]
5510,9,2,6,11,[(6, 12), (7, 12), (8, 11), (8, 12), (8, 13), (9, 12)]
5511,9,2,6,12,[(6, 13), (7, 13), (8, 12), (8, 13), (8, 14), (9, 13)]
5512,9,3,0,0,[(0, 1), (1, 0), (1, 1), (1, 2), (2, 1), (3, 1)]
5513,9,3,0,1,[(0, 2), (1, 1), (1, 2), (1, 3), (2, 2), (3, 2)]
5514,9,3,0,2,[(0, 3), (1, 2), (1, 3), (1, 4), (2, 3), (3, 3)]
5515,9,3,0,3,[(0, 4), (1, 3), (1, 4), (1, 5), (2, 4), (3, 4)]
5516,9,3,0,4,[(0, 5), (1, 4), (1, 5), (1, 6), (2, 5), (3, 5)]
5517,9,3,0,5,[(0, 6), (1, 5), (1, 6), (1, 7), (2, 6), (3, 6)]
5518,9,3,0,6,[(0, 7), (1, 6), (1, 7), (1, 8), (2, 7), (3, 7)]
5519,9,3,0,7,[(0, 8), (1, 7), (1, 8), (1, 9), (2, 8), (3, 8)]
5520,9,3,0,8,[(0, 9), (1, 8), (1, 9), (1, 10), (2, 9), (3, 9)]
5521,9,3,0,9,[(0, 10), (1, 9), (1, 10), (1, 11), (2, 10), (3, 10)]
5522,9,3,0,10,[(0, 11), (1, 10), (1, 11), (1, 12), (2, 11), (3, 11)]
5523,9,3,0,11,[(0, 12), (1, 11), (1, 12), (1, 13), (2, 12), (3, 12)]
5524,9,3,0,12,[(0, 13), (1, 12), (1, 13), (1, 14), (2, 13), (3, 13)]
5525,9,3,1,0,[(1, 1), (2, 0), (2, 1), (2, 2), (3, 1), (4, 1)]
5526,9,3,1,1,[(1, 2), (2, 1), (2, 2), (2, 3), (3, 2), (4, 2)]
5527,9,3,1,2,[(1, 3), (2, 2), (2, 3), (2, 4), (3, 3), (4, 3)]
5528,9,3,1,3,[(1, 4), (2, 3), (2, 4), (2, 5), (3, 4), (4, 4)]
5529,9,3,1,4,[(1, 5), (2, 4), (2, 5), (2, 6), (3, 5), (4, 5)]
5530,9,3,1,5,[(1, 6), (2, 5), (2, 6), (2, 7), (3, 6), (4, 6)]
5531,9,3,1,6,[(1, 7), (2, 6), (2, 7), (2, 8), (3, 7), (4, 7)]
5532,9,3,1,7,[(1, 8), (2, 7), (2, 8), (2, 9), (3, 8), (4, 8)]
5533,9,3,1,8,[(1, 9), (2, 8), (2, 9), (2, 10), (3, 9), (4, 9)]
5534,9,3,1,9,[(1, 10), (2, 9), (2, 10), (2, 11), (3, 10), (4, 10)]
5535,9,3,1,10,[(1, 11), (2, 10), (2, 11), (2, 12), (3, 11), (4, 11)]
5536,9,3,1,11,[(1, 12), (2, 11), (2, 12), (2, 13), (3, 12), (4, 12)]
5537,9,3,1,12,[(1, 13), (2, 12), (2, 13), (2, 14), (3, 13), (4, 13)]
5538,9,3,2,0,[(2, 1), (3, 0), (3, 1), (3, 2), (4, 1), (5, 1)]
5539,9,3,2,1,[(2, 2), (3, 1), (3, 2), (3, 3), (4, 2), (5, 2)]
5540,9,3,2,2,[(2, 3), (3, 2), (3, 3), (3, 4), (4, 3), (5, 3)]
5541,9,3,2,3,[(2, 4), (3, 3), (3, 4), (3, 5), (4, 4), (5, 4)]
5542,9,3,2,4,[(2, 5), (3, 4), (3, 5), (3, 6), (4, 5), (5, 5)]
5543,9,3,2,5,[(2, 6), (3, 5), (3, 6), (3, 7), (4, 6), (5, 6)]
5544,9,3,2,6,[(2, 7), (3, 6), (3, 7), (3, 8), (4, 7), (5, 7)]
5545,9,3,2,7,[(2, 8), (3, 7), (3, 8), (3, 9), (4, 8), (5, 8)]
5546,9,3,2,8,[(2, 9), (3, 8), (3, 9), (3, 10), (4, 9), (5, 9)]
5547,9,3,2,9,[(2, 10), (3, 9), (3, 10), (3, 11), (4, 10), (5, 10)]
5548,9,3,2,10,[(2, 11), (3, 10), (3, 11), (3, 12), (4, 11), (5, 11)]
5549,9,3,2,11,[(2, 12), (3, 11), (3, 12), (3, 13), (4, 12), (5, 12)]
5550,9,3,2,12,[(2, 13), (3, 12), (3, 13), (3, 14), (4, 13), (5, 13)]
5551,9,3,3,0,[(3, 1), (4, 0), (4, 1), (4, 2), (5, 1), (6, 1)]
5552,9,3,3,1,[(3, 2), (4, 1), (4, 2), (4, 3), (5, 2), (6, 2)]
5553,9,3,3,2,[(3, 3), (4, 2), (4, 3), (4, 4), (5, 3), (6, 3)]
5554,9,3,3,3,[(3, 4), (4, 3), (4, 4), (4, 5), (5, 4), (6, 4)]
5555,9,3,3,4,[(3, 5), (4, 4), (4, 5), (4, 6), (5, 5), (6, 5)]
5556,9,3,3,5,[(3, 6), (4, 5), (4, 6), (4, 7), (5, 6), (6, 6)]
5557,9,3,3,6,[(3, 7), (4, 6), (4, 7), (4, 8), (5, 7), (6, 7)]
5558,9,3,3,7,[(3, 8), (4, 7), (4, 8), (4, 9), (5, 8), (6, 8)]
5559,9,3,3,8,[(3, 9), (4, 8), (4, 9), (4, 10), (5, 9), (6, 9)]
5560,9,3,3,9,[(3, 10), (4, 9), (4, 10), (4, 11), (5, 10), (6, 10)]
5561,9,3,3,10,[(3, 11), (4, 10), (4, 11), (4, 12), (5, 11), (6, 11)]
5562,9,3,3,11,[(3, 12), (4, 11), (4, 12), (4, 13), (5, 12), (6, 12)]
5563,9,3,3,12,[(3, 13), (4, 12), (4, 13), (4, 14), (5, 13), (6, 13)]
5564,9,3,4,0,[(4, 1), (5, 0), (5, 1), (5, 2), (6, 1), (7, 1)]
5565,9,3,4,1,[(4, 2), (5, 1), (5, 2), (5, 3), (6, 2), (7, 2)]
5566,9,3,4,2,[(4, 3), (5, 2), (5, 3), (5, 4), (6, 3), (7, 3)]
5567,9,3,4,3,[(4, 4), (5, 3), (5, 4), (5, 5), (6, 4), (7, 4)]
5568,9,3,4,4,[(4, 5), (5, 4), (5, 5), (5, 6), (6, 5), (7, 5)]
5569,9,3,4,5,[(4, 6), (5, 5), (5, 6), (5, 7), (6, 6), (7, 6)]
5570,9,3,4,6,[(4, 7), (5, 6), (5, 7), (5, 8), (6, 7), (7, 7)]
5571,9,3,4,7,[(4, 8), (5, 7), (5, 8), (5, 9), (6, 8), (7, 8)]
5572,9,3,4,8,[(4, 9), (5, 8), (5, 9), (5, 10), (6, 9), (7, 9)]
5573,9,3,4,9,[(4, 10), (5, 9), (5, 10), (5, 11), (6, 10), (7, 10)]
5574,9,3,4,10,[(4, 11), (5, 10), (5, 11), (5, 12), (6, 11), (7, 11)]
5575,9,3,4,11,[(4, 12), (5, 11), (5, 12), (5, 13), (6, 12), (7, 12)]
5576,9,3,4,12,[(4, 13), (5, 12), (5, 13), (5, 14), (6, 13), (7, 13)]
5577,9,3,5,0,[(5, 1), (6, 0), (6, 1), (6, 2), (7, 1), (8, 1)]
5578,9,3,5,1,[(5, 2), (6, 1), (6, 2), (6, 3), (7, 2), (8, 2)]
5579,9,3,5,2,[(5, 3), (6, 2), (6, 3), (6, 4), (7, 3), (8, 3)]
5580,9,3,5,3,[(5, 4), (6, 3), (6, 4), (6, 5), (7, 4), (8, 4)]
5581,9,3,5,4,[(5, 5), (6, 4), (6, 5), (6, 6), (7, 5), (8, 5)]
5582,9,3,5,5,[(5, 6), (6, 5), (6, 6), (6, 7), (7, 6), (8, 6)]
5583,9,3,5,6,[(5, 7), (6, 6), (6, 7), (6, 8), (7, 7), (8, 7)]
5584,9,3,5,7,[(5, 8), (6, 7), (6, 8), (6, 9), (7, 8), (8, 8)]
5585,9,3,5,8,[(5, 9), (6, 8), (6, 9), (6, 10), (7, 9), (8, 9)]
5586,9,3,5,9,[(5, 10), (6, 9), (6, 10), (6, 11), (7, 10), (8, 10)]
5587,9,3,5,10,[(5, 11), (6, 10), (6, 11), (6, 12), (7, 11), (8, 11)]
5588,9,3,5,11,[(5, 12), (6, 11), (6, 12), (6, 13), (7, 12), (8, 12)]
5589,9,3,5,12,[(5, 13), (6, 12), (6, 13), (6, 14), (7, 13), (8, 13)]
5590,9,3,6,0,[(6, 1), (7, 0), (7, 1), (7, 2), (8, 1), (9, 1)]
5591,9,3,6,1,[(6, 2), (7, 1), (7, 2), (7, 3), (8, 2), (9, 2)]
5592,9,3,6,2,[(6, 3), (7, 2), (7, 3), (7, 4), (8, 3), (9, 3)]
5593,9,3,6,3,[(6, 4), (7, 3), (7, 4), (7, 5), (8, 4), (9, 4)]
5594,9,3,6,4,[(6, 5), (7, 4), (7, 5), (7, 6), (8, 5), (9, 5)]
5595,9,3,6,5,[(6, 6), (7, 5), (7, 6), (7, 7), (8, 6), (9, 6)]
5596,9,3,6,6,[(6, 7), (7, 6), (7, 7), (7, 8), (8, 7), (9, 7)]
5597,9,3,6,7,[(6, 8), (7, 7), (7, 8), (7, 9), (8, 8), (9, 8)]
5598,9,3,6,8,[(6, 9), (7, 8), (7, 9), (7, 10), (8, 9), (9, 9)]
5599,9,3,6,9,[(6, 10), (7, 9), (7, 10), (7, 11), (8, 10), (9, 10)]
5600,9,3,6,10,[(6, 11), (7, 10), (7, 11), (7, 12), (8, 11), (9, 11)]
5601,9,3,6,11,[(6, 12), (7, 11), (7, 12), (7, 13), (8, 12), (9, 12)]
5602,9,3,6,12,[(6, 13), (7, 12), (7, 13), (7, 14), (8, 13), (9, 13)]
5603,10,0,0,0,[(0, 0), (1, 0), (1, 1), (1, 2), (1, 3), (2, 3)]
5604,10,0,0,1,[(0, 1), (1, 1), (1, 2), (1, 3), (1, 4), (2, 4)]
5605,10,0,0,2,[(0, 2), (1, 2), (1, 3), (1, 4), (1, 5), (2, 5)]
5606,10,0,0,3,[(0, 3), (1, 3), (1, 4), (1, 5), (1, 6), (2, 6)]
5607,10,0,0,4,[(0, 4), (1, 4), (1, 5), (1, 6), (1, 7), (2, 7)]
5608,10,0,0,5,[(0, 5), (1, 5), (1, 6), (1, 7), (1, 8), (2, 8)]
5609,10,0,0,6,[(0, 6), (1, 6), (1, 7), (1, 8), (1, 9), (2, 9)]
5610,10,0,0,7,[(0, 7), (1, 7), (1, 8), (1, 9), (1, 10), (2, 10)]
5611,10,0,0,8,[(0, 8), (1, 8), (1, 9), (1, 10), (1, 11), (2, 11)]
5612,10,0,0,9,[(0, 9), (1, 9), (1, 10), (1, 11), (1, 12), (2, 12)]
5613,10,0,0,10,[(0, 10), (1, 10), (1, 11), (1, 12), (1, 13), (2, 13)]
5614,10,0,0,11,[(0, 11), (1, 11), (1, 12), (1, 13), (1, 14), (2, 14)]
5615,10,0,1,0,[(1, 0), (2, 0), (2, 1), (2, 2), (2, 3), (3, 3)]
5616,10,0,1,1,[(1, 1), (2, 1), (2, 2), (2, 3), (2, 4), (3, 4)]
5617,10,0,1,2,[(1, 2), (2, 2), (2, 3), (2, 4), (2, 5), (3, 5)]
5618,10,0,1,3,[(1, 3), (2, 3), (2, 4), (2, 5), (2, 6), (3, 6)]
5619,10,0,1,4,[(1, 4), (2, 4), (2, 5), (2, 6), (2, 7), (3, 7)]
5620,10,0,1,5,[(1, 5), (2, 5), (2, 6), (2, 7), (2, 8), (3, 8)]
5621,10,0,1,6,[(1, 6), (2, 6), (2, 7), (2, 8), (2, 9), (3, 9)]
5622,10,0,1,7,[(1, 7), (2, 7), (2, 8), (2, 9), (2, 10), (3, 10)]
5623,10,0,1,8,[(1, 8), (2, 8), (2, 9), (2, 10), (2, 11), (3, 11)]
5624,10,0,1,9,[(1, 9), (2, 9), (2, 10), (2, 11), (2, 12), (3, 12)]
5625,10,0,1,10,[(1, 10), (2, 10), (2, 11), (2, 12), (2, 13), (3, 13)]
5626,10,0,1,11,[(1, 11), (2, 11), (2, 12), (2, 13), (2, 14), (3, 14)]
5627,10,0,2,0,[(2, 0), (3, 0), (3, 1), (3, 2), (3, 3), (4, 3)]
5628,10,0,2,1,[(2, 1), (3, 1), (3, 2), (3, 3), (3, 4), (4, 4)]
5629,10,0,2,2,[(2, 2), (3, 2), (3, 3), (3, 4), (3, 5), (4, 5)]
5630,10,0,2,3,[(2, 3), (3, 3), (3, 4), (3, 5), (3, 6), (4, 6)]
5631,10,0,2,4,[(2, 4), (3, 4), (3, 5), (3, 6), (3, 7), (4, 7)]
5632,10,0,2,5,[(2, 5), (3, 5), (3, 6), (3, 7), (3, 8), (4, 8)]
5633,10,0,2,6,[(2, 6), (3, 6), (3, 7), (3, 8), (3, 9), (4, 9)]
5634,10,0,2,7,[(2, 7), (3, 7), (3, 8), (3, 9), (3, 10), (4, 10)]
5635,10,0,2,8,[(2, 8), (3, 8), (3, 9), (3, 10), (3, 11), (4, 11)]
5636,10,0,2,9,[(2, 9), (3, 9), (3, 10), (3, 11), (3, 12), (4, 12)]
5637,10,0,2,10,[(2, 10), (3, 10), (3, 11), (3, 12), (3, 13), (4, 13)]
5638,10,0,2,11,[(2, 11), (3, 11), (3, 12), (3, 13), (3, 14), (4, 14)]
5639,10,0,3,0,[(3, 0), (4, 0), (4, 1), (4, 2), (4, 3), (5, 3)]
5640,10,0,3,1,[(3, 1), (4, 1), (4, 2), (4, 3), (4, 4), (5, 4)]
5641,10,0,3,2,[(3, 2), (4, 2), (4, 3), (4, 4), (4, 5), (5, 5)]
5642,10,0,3,3,[(3, 3), (4, 3), (4, 4), (4, 5), (4, 6), (5, 6)]
5643,10,0,3,4,[(3, 4), (4, 4), (4, 5), (4, 6), (4, 7), (5, 7)]
5644,10,0,3,5,[(3, 5), (4, 5), (4, 6), (4, 7), (4, 8), (5, 8)]
5645,10,0,3,6,[(3, 6), (4, 6), (4, 7), (4, 8), (4, 9), (5, 9)]
5646,10,0,3,7,[(3, 7), (4, 7), (4, 8), (4, 9), (4, 10), (5, 10)]
5647,10,0,3,8,[(3, 8), (4, 8), (4, 9), (4, 10), (4, 11), (5, 11)]
5648,10,0,3,9,[(3, 9), (4, 9), (4, 10), (4, 11), (4, 12), (5, 12)]
5649,10,0,3,10,[(3, 10), (4, 10), (4, 11), (4, 12), (4, 13), (5, 13)]
5650,10,0,3,11,[(3, 11), (4, 11), (4, 12), (4, 13), (4, 14), (5, 14)]
5651,10,0,4,0,[(4, 0), (5, 0), (5, 1), (5, 2), (5, 3), (6, 3)]
5652,10,0,4,1,[(4, 1), (5, 1), (5, 2), (5, 3), (5, 4), (6, 4)]
5653,10,0,4,2,[(4, 2), (5, 2), (5, 3), (5, 4), (5, 5), (6, 5)]
5654,10,0,4,3,[(4, 3), (5, 3), (5, 4), (5, 5), (5, 6), (6, 6)]
5655,10,0,4,4,[(4, 4), (5, 4), (5, 5), (5, 6), (5, 7), (6, 7)]
5656,10,0,4,5,[(4, 5), (5, 5), (5, 6), (5, 7), (5, 8), (6, 8)]
5657,10,0,4,6,[(4, 6), (5, 6), (5, 7), (5, 8), (5, 9), (6, 9)]
5658,10,0,4,7,[(4, 7), (5, 7), (5, 8), (5, 9), (5, 10), (6, 10)]
5659,10,0,4,8,[(4, 8), (5, 8), (5, 9), (5, 10), (5, 11), (6, 11)]
5660,10,0,4,9,[(4, 9), (5, 9), (5, 10), (5, 11), (5, 12), (6, 12)]
5661,10,0,4,10,[(4, 10), (5, 10), (5, 11), (5, 12), (5, 13), (6, 13)]
5662,10,0,4,11,[(4, 11), (5, 11), (5, 12), (5, 13), (5, 14), (6, 14)]
5663,10,0,5,0,[(5, 0), (6, 0), (6, 1), (6, 2), (6, 3), (7, 3)]
5664,10,0,5,1,[(5, 1), (6, 1), (6, 2), (6, 3), (6, 4), (7, 4)]
5665,10,0,5,2,[(5, 2), (6, 2), (6, 3), (6, 4), (6, 5), (7, 5)]
5666,10,0,5,3,[(5, 3), (6, 3), (6, 4), (6, 5), (6, 6), (7, 6)]
5667,10,0,5,4,[(5, 4), (6, 4), (6, 5), (6, 6), (6, 7), (7, 7)]
5668,10,0,5,5,[(5, 5), (6, 5), (6, 6), (6, 7), (6, 8), (7, 8)]
5669,10,0,5,6,[(5, 6), (6, 6), (6, 7), (6, 8), (6, 9), (7, 9)]
5670,10,0,5,7,[(5, 7), (6, 7), (6, 8), (6, 9), (6, 10), (7, 10)]
5671,10,0,5,8,[(5, 8), (6, 8), (6, 9), (6, 10), (6, 11), (7, 11)]
5672,10,0,5,9,[(5, 9), (6, 9), (6, 10), (6, 11), (6, 12), (7, 12)]
5673,10,0,5,10,[(5, 10), (6, 10), (6, 11), (6, 12), (6, 13), (7, 13)]
5674,10,0,5,11,[(5, 11), (6, 11), (6, 12), (6, 13), (6, 14), (7, 14)]
5675,10,0,6,0,[(6, 0), (7, 0), (7, 1), (7, 2), (7, 3), (8, 3)]
5676,10,0,6,1,[(6, 1), (7, 1), (7, 2), (7, 3), (7, 4), (8, 4)]
5677,10,0,6,2,[(6, 2), (7, 2), (7, 3), (7, 4), (7, 5), (8, 5)]
5678,10,0,6,3,[(6, 3), (7, 3), (7, 4), (7, 5), (7, 6), (8, 6)]
5679,10,0,6,4,[(6, 4), (7, 4), (7, 5), (7, 6), (7, 7), (8, 7)]
5680,10,0,6,5,[(6, 5), (7, 5), (7, 6), (7, 7), (7, 8), (8, 8)]
5681,10,0,6,6,[(6, 6), (7, 6), (7, 7), (7, 8), (7, 9), (8, 9)]
5682,10,0,6,7,[(6, 7), (7, 7), (7, 8), (7, 9), (7, 10), (8, 10)]
5683,10,0,6,8,[(6, 8), (7, 8), (7, 9), (7, 10), (7, 11), (8, 11)]
5684,10,0,6,9,[(6, 9), (7, 9), (7, 10), (7, 11), (7, 12), (8, 12)]
5685,10,0,6,10,[(6, 10), (7, 10), (7, 11), (7, 12), (7, 13), (8, 13)]
5686,10,0,6,11,[(6, 11), (7, 11), (7, 12), (7, 13), (7, 14), (8, 14)]
5687,10,0,7,0,[(7, 0), (8, 0), (8, 1), (8, 2), (8, 3), (9, 3)]
5688,10,0,7,1,[(7, 1), (8, 1), (8, 2), (8, 3), (8, 4), (9, 4)]
5689,10,0,7,2,[(7, 2), (8, 2), (8, 3), (8, 4), (8, 5), (9, 5)]
5690,10,0,7,3,[(7, 3), (8, 3), (8, 4), (8, 5), (8, 6), (9, 6)]
5691,10,0,7,4,[(7, 4), (8, 4), (8, 5), (8, 6), (8, 7), (9, 7)]
5692,10,0,7,5,[(7, 5), (8, 5), (8, 6), (8, 7), (8, 8), (9, 8)]
5693,10,0,7,6,[(7, 6), (8, 6), (8, 7), (8, 8), (8, 9), (9, 9)]
5694,10,0,7,7,[(7, 7), (8, 7), (8, 8), (8, 9), (8, 10), (9, 10)]
5695,10,0,7,8,[(7, 8), (8, 8), (8, 9), (8, 10), (8, 11), (9, 11)]
5696,10,0,7,9,[(7, 9), (8, 9), (8, 10), (8, 11), (8, 12), (9, 12)]
5697,10,0,7,10,[(7, 10), (8, 10), (8, 11), (8, 12), (8, 13), (9, 13)]
5698,10,0,7,11,[(7, 11), (8, 11), (8, 12), (8, 13), (8, 14), (9, 14)]
5699,10,1,0,0,[(0, 3), (1, 0), (1, 1), (1, 2), (1, 3), (2, 0)]
5700,10,1,0,1,[(0, 4), (1, 1), (1, 2), (1, 3), (1, 4), (2, 1)]
5701,10,1,0,2,[(0, 5), (1, 2), (1, 3), (1, 4), (1, 5), (2, 2)]
5702,10,1,0,3,[(0, 6), (1, 3), (1, 4), (1, 5), (1, 6), (2, 3)]
5703,10,1,0,4,[(0, 7), (1, 4), (1, 5), (1, 6), (1, 7), (2, 4)]
5704,10,1,0,5,[(0, 8), (1, 5), (1, 6), (1, 7), (1, 8), (2, 5)]
5705,10,1,0,6,[(0, 9), (1, 6), (1, 7), (1, 8), (1, 9), (2, 6)]
5706,10,1,0,7,[(0, 10), (1, 7), (1, 8), (1, 9), (1, 10), (2, 7)]
5707,10,1,0,8,[(0, 11), (1, 8), (1, 9), (1, 10), (1, 11), (2, 8)]
5708,10,1,0,9,[(0, 12), (1, 9), (1, 10), (1, 11), (1, 12), (2, 9)]
5709,10,1,0,10,[(0, 13), (1, 10), (1, 11), (1, 12), (1, 13), (2, 10)]
5710,10,1,0,11,[(0, 14), (1, 11), (1, 12), (1, 13), (1, 14), (2, 11)]
5711,10,1,1,0,[(1, 3), (2, 0), (2, 1), (2, 2), (2, 3), (3, 0)]
5712,10,1,1,1,[(1, 4), (2, 1), (2, 2), (2, 3), (2, 4), (3, 1)]
5713,10,1,1,2,[(1, 5), (2, 2), (2, 3), (2, 4), (2, 5), (3, 2)]
5714,10,1,1,3,[(1, 6), (2, 3), (2, 4), (2, 5), (2, 6), (3, 3)]
5715,10,1,1,4,[(1, 7), (2, 4), (2, 5), (2, 6), (2, 7), (3, 4)]
5716,10,1,1,5,[(1, 8), (2, 5), (2, 6), (2, 7), (2, 8), (3, 5)]
5717,10,1,1,6,[(1, 9), (2, 6), (2, 7), (2, 8), (2, 9), (3, 6)]
5718,10,1,1,7,[(1, 10), (2, 7), (2, 8), (2, 9), (2, 10), (3, 7)]
5719,10,1,1,8,[(1, 11), (2, 8), (2, 9), (2, 10), (2, 11), (3, 8)]
5720,10,1,1,9,[(1, 12), (2, 9), (2, 10), (2, 11), (2, 12), (3, 9)]
5721,10,1,1,10,[(1, 13), (2, 10), (2, 11), (2, 12), (2, 13), (3, 10)]
5722,10,1,1,11,[(1, 14), (2, 11), (2, 12), (2, 13), (2, 14), (3, 11)]
5723,10,1,2,0,[(2, 3), (3, 0), (3, 1), (3, 2), (3, 3), (4, 0)]
5724,10,1,2,1,[(2, 4), (3, 1), (3, 2), (3, 3), (3, 4), (4, 1)]
5725,10,1,2,2,[(2, 5), (3, 2), (3, 3), (3, 4), (3, 5), (4, 2)]
5726,10,1,2,3,[(2, 6), (3, 3), (3, 4), (3, 5), (3, 6), (4, 3)]
5727,10,1,2,4,[(2, 7), (3, 4), (3, 5), (3, 6), (3, 7), (4, 4)]
5728,10,1,2,5,[(2, 8), (3, 5), (3, 6), (3, 7), (3, 8), (4, 5)]
5729,10,1,2,6,[(2, 9), (3, 6), (3, 7), (3, 8), (3, 9), (4, 6)]
5730,10,1,2,7,[(2, 10), (3, 7), (3, 8), (3, 9), (3, 10), (4, 7)]
5731,10,1,2,8,[(2, 11), (3, 8), (3, 9), (3, 10), (3, 11), (4, 8)]
5732,10,1,2,9,[(2, 12), (3, 9), (3, 10), (3, 11), (3, 12), (4, 9)]
5733,10,1,2,10,[(2, 13), (3, 10), (3, 11), (3, 12), (3, 13), (4, 10)]
5734,10,1,2,11,[(2, 14), (3, 11), (3, 12), (3, 13), (3, 14), (4, 11)]
5735,10,1,3,0,[(3, 3), (4, 0), (4, 1), (4, 2), (4, 3), (5, 0)]
5736,10,1,3,1,[(3, 4), (4, 1), (4, 2), (4, 3), (4, 4), (5, 1)]
5737,10,1,3,2,[(3, 5), (4, 2), (4, 3), (4, 4), (4, 5), (5, 2)]
5738,10,1,3,3,[(3, 6), (4, 3), (4, 4), (4, 5), (4, 6), (5, 3)]
5739,10,1,3,4,[(3, 7), (4, 4), (4, 5), (4, 6), (4, 7), (5, 4)]
5740,10,1,3,5,[(3, 8), (4, 5), (4, 6), (4, 7), (4, 8), (5, 5)]
5741,10,1,3,6,[(3, 9), (4, 6), (4, 7), (4, 8), (4, 9), (5, 6)]
5742,10,1,3,7,[(3, 10), (4, 7), (4, 8), (4, 9), (4, 10), (5, 7)]
5743,10,1,3,8,[(3, 11), (4, 8), (4, 9), (4, 10), (4, 11), (5, 8)]
5744,10,1,3,9,[(3, 12), (4, 9), (4, 10), (4, 11), (4, 12), (5, 9)]
5745,10,1,3,10,[(3, 13), (4, 10), (4, 11), (4, 12), (4, 13), (5, 10)]
5746,10,1,3,11,[(3, 14), (4, 11), (4, 12), (4, 13), (4, 14), (5, 11)]
5747,10,1,4,0,[(4, 3), (5, 0), (5, 1), (5, 2), (5, 3), (6, 0)]
5748,10,1,4,1,[(4, 4), (5, 1), (5, 2), (5, 3), (5, 4), (6, 1)]
5749,10,1,4,2,[(4, 5), (5, 2), (5, 3), (5, 4), (5, 5), (6, 2)]
5750,10,1,4,3,[(4, 6), (5, 3), (5, 4), (5, 5), (5, 6), (6, 3)]
5751,10,1,4,4,[(4, 7), (5, 4), (5, 5), (5, 6), (5, 7), (6, 4)]
5752,10,1,4,5,[(4, 8), (5, 5), (5, 6), (5, 7), (5, 8), (6, 5)]
5753,10,1,4,6,[(4, 9), (5, 6), (5, 7), (5, 8), (5, 9), (6, 6)]
5754,10,1,4,7,[(4, 10), (5, 7), (5, 8), (5, 9), (5, 10), (6, 7)]
5755,10,1,4,8,[(4, 11), (5, 8), (5, 9), (5, 10), (5, 11), (6, 8)]
5756,10,1,4,9,[(4, 12), (5, 9), (5, 10), (5, 11), (5, 12), (6, 9)]
5757,10,1,4,10,[(4, 13), (5, 10), (5, 11), (5, 12), (5, 13), (6, 10)]
5758,10,1,4,11,[(4, 14), (5, 11), (5, 12), (5, 13), (5, 14), (6, 11)]
5759,10,1,5,0,[(5, 3), (6, 0), (6, 1), (6, 2), (6, 3), (7, 0)]
5760,10,1,5,1,[(5, 4), (6, 1), (6, 2), (6, 3), (6, 4), (7, 1)]
5761,10,1,5,2,[(5, 5), (6, 2), (6, 3), (6, 4), (6, 5), (7, 2)]
5762,10,1,5,3,[(5, 6), (6, 3), (6, 4), (6, 5), (6, 6), (7, 3)]
5763,10,1,5,4,[(5, 7), (6, 4), (6, 5), (6, 6), (6, 7), (7, 4)]
5764,10,1,5,5,[(5, 8), (6, 5), (6, 6), (6, 7), (6, 8), (7, 5)]
5765,10,1,5,6,[(5, 9), (6, 6), (6, 7), (6, 8), (6, 9), (7, 6)]
5766,10,1,5,7,[(5, 10), (6, 7), (6, 8), (6, 9), (6, 10), (7, 7)]
5767,10,1,5,8,[(5, 11), (6, 8), (6, 9), (6, 10), (6, 11), (7, 8)]
5768,10,1,5,9,[(5, 12), (6, 9), (6, 10), (6, 11), (6, 12), (7, 9)]
5769,10,1,5,10,[(5, 13), (6, 10), (6, 11), (6, 12), (6, 13), (7, 10)]
5770,10,1,5,11,[(5, 14), (6, 11), (6, 12), (6, 13), (6, 14), (7, 11)]
5771,10,1,6,0,[(6, 3), (7, 0), (7, 1), (7, 2), (7, 3), (8, 0)]
5772,10,1,6,1,[(6, 4), (7, 1), (7, 2), (7, 3), (7, 4), (8, 1)]
5773,10,1,6,2,[(6, 5), (7, 2), (7, 3), (7, 4), (7, 5), (8, 2)]
5774,10,1,6,3,[(6, 6), (7, 3), (7, 4), (7, 5), (7, 6), (8, 3)]
5775,10,1,6,4,[(6, 7), (7, 4), (7, 5), (7, 6), (7, 7), (8, 4)]
5776,10,1,6,5,[(6, 8), (7, 5), (7, 6), (7, 7), (7, 8), (8, 5)]
5777,10,1,6,6,[(6, 9), (7, 6), (7, 7), (7, 8), (7, 9), (8, 6)]
5778,10,1,6,7,[(6, 10), (7, 7), (7, 8), (7, 9), (7, 10), (8, 7)]
5779,10,1,6,8,[(6, 11), (7, 8), (7, 9), (7, 10), (7, 11), (8, 8)]
5780,10,1,6,9,[(6, 12), (7, 9), (7, 10), (7, 11), (7, 12), (8, 9)]
5781,10,1,6,10,[(6, 13), (7, 10), (7, 11), (7, 12), (7, 13), (8, 10)]
5782,10,1,6,11,[(6, 14), (7, 11), (7, 12), (7, 13), (7, 14), (8, 11)]
5783,10,1,7,0,[(7, 3), (8, 0), (8, 1), (8, 2), (8, 3), (9, 0)]
5784,10,1,7,1,[(7, 4), (8, 1), (8, 2), (8, 3), (8, 4), (9, 1)]
5785,10,1,7,2,[(7, 5), (8, 2), (8, 3), (8, 4), (8, 5), (9, 2)]
5786,10,1,7,3,[(7, 6), (8, 3), (8, 4), (8, 5), (8, 6), (9, 3)]
5787,10,1,7,4,[(7, 7), (8, 4), (8, 5), (8, 6), (8, 7), (9, 4)]
5788,10,1,7,5,[(7, 8), (8, 5), (8, 6), (8, 7), (8, 8), (9, 5)]
5789,10,1,7,6,[(7, 9), (8, 6), (8, 7), (8, 8), (8, 9), (9, 6)]
5790,10,1,7,7,[(7, 10), (8, 7), (8, 8), (8, 9), (8, 10), (9, 7)]
5791,10,1,7,8,[(7, 11), (8, 8), (8, 9), (8, 10), (8, 11), (9, 8)]
5792,10,1,7,9,[(7, 12), (8, 9), (8, 10), (8, 11), (8, 12), (9, 9)]
5793,10,1,7,10,[(7, 13), (8, 10), (8, 11), (8, 12), (8, 13), (9, 10)]
5794,10,1,7,11,[(7, 14), (8, 11), (8, 12), (8, 13), (8, 14), (9, 11)]
5795,10,2,0,0,[(0, 1), (0, 2), (1, 1), (2, 1), (3, 0), (3, 1)]
5796,10,2,0,1,[(0, 2), (0, 3), (1, 2), (2, 2), (3, 1), (3, 2)]
5797,10,2,0,2,[(0, 3), (0, 4), (1, 3), (2, 3), (3, 2), (3, 3)]
5798,10,2,0,3,[(0, 4), (0, 5), (1, 4), (2, 4), (3, 3), (3, 4)]
5799,10,2,0,4,[(0, 5), (0, 6), (1, 5), (2, 5), (3, 4), (3, 5)]
5800,10,2,0,5,[(0, 6), (0, 7), (1, 6), (2, 6), (3, 5), (3, 6)]
5801,10,2,0,6,[(0, 7), (0, 8), (1, 7), (2, 7), (3, 6), (3, 7)]
5802,10,2,0,7,[(0, 8), (0, 9), (1, 8), (2, 8), (3, 7), (3, 8)]
5803,10,2,0,8,[(0, 9), (0, 10), (1, 9), (2, 9), (3, 8), (3, 9)]
5804,10,2,0,9,[(0, 10), (0, 11), (1, 10), (2, 10), (3, 9), (3, 10)]
5805,10,2,0,10,[(0, 11), (0, 12), (1, 11), (2, 11), (3, 10), (3, 11)]
5806,10,2,0,11,[(0, 12), (0, 13), (1, 12), (2, 12), (3, 11), (3, 12)]
5807,10,2,0,12,[(0, 13), (0, 14), (1, 13), (2, 13), (3, 12), (3, 13)]
5808,10,2,1,0,[(1, 1), (1, 2), (2, 1), (3, 1), (4, 0), (4, 1)]
5809,10,2,1,1,[(1, 2), (1, 3), (2, 2), (3, 2), (4, 1), (4, 2)]
5810,10,2,1,2,[(1, 3), (1, 4), (2, 3), (3, 3), (4, 2), (4, 3)]
5811,10,2,1,3,[(1, 4), (1, 5), (2, 4), (3, 4), (4, 3), (4, 4)]
5812,10,2,1,4,[(1, 5), (1, 6), (2, 5), (3, 5), (4, 4), (4, 5)]
5813,10,2,1,5,[(1, 6), (1, 7), (2, 6), (3, 6), (4, 5), (4, 6)]
5814,10,2,1,6,[(1, 7), (1, 8), (2, 7), (3, 7), (4, 6), (4, 7)]
5815,10,2,1,7,[(1, 8), (1, 9), (2, 8), (3, 8), (4, 7), (4, 8)]
5816,10,2,1,8,[(1, 9), (1, 10), (2, 9), (3, 9), (4, 8), (4, 9)]
5817,10,2,1,9,[(1, 10), (1, 11), (2, 10), (3, 10), (4, 9), (4, 10)]
5818,10,2,1,10,[(1, 11), (1, 12), (2, 11), (3, 11), (4, 10), (4, 11)]
5819,10,2,1,11,[(1, 12), (1, 13), (2, 12), (3, 12), (4, 11), (4, 12)]
5820,10,2,1,12,[(1, 13), (1, 14), (2, 13), (3, 13), (4, 12), (4, 13)]
5821,10,2,2,0,[(2, 1), (2, 2), (3, 1), (4, 1), (5, 0), (5, 1)]
5822,10,2,2,1,[(2, 2), (2, 3), (3, 2), (4, 2), (5, 1), (5, 2)]
5823,10,2,2,2,[(2, 3), (2, 4), (3, 3), (4, 3), (5, 2), (5, 3)]
5824,10,2,2,3,[(2, 4), (2, 5), (3, 4), (4, 4), (5, 3), (5, 4)]
5825,10,2,2,4,[(2, 5), (2, 6), (3, 5), (4, 5), (5, 4), (5, 5)]
5826,10,2,2,5,[(2, 6), (2, 7), (3, 6), (4, 6), (5, 5), (5, 6)]
5827,10,2,2,6,[(2, 7), (2, 8), (3, 7), (4, 7), (5, 6), (5, 7)]
5828,10,2,2,7,[(2, 8), (2, 9), (3, 8), (4, 8), (5, 7), (5, 8)]
5829,10,2,2,8,[(2, 9), (2, 10), (3, 9), (4, 9), (5, 8), (5, 9)]
5830,10,2,2,9,[(2, 10), (2, 11), (3, 10), (4, 10), (5, 9), (5, 10)]
5831,10,2,2,10,[(2, 11), (2, 12), (3, 11), (4, 11), (5, 10), (5, 11)]
5832,10,2,2,11,[(2, 12), (2, 13), (3, 12), (4, 12), (5, 11), (5, 12)]
5833,10,2,2,12,[(2, 13), (2, 14), (3, 13), (4, 13), (5, 12), (5, 13)]
5834,10,2,3,0,[(3, 1), (3, 2), (4, 1), (5, 1), (6, 0), (6, 1)]
5835,10,2,3,1,[(3, 2), (3, 3), (4, 2), (5, 2), (6, 1), (6, 2)]
5836,10,2,3,2,[(3, 3), (3, 4), (4, 3), (5, 3), (6, 2), (6, 3)]
5837,10,2,3,3,[(3, 4), (3, 5), (4, 4), (5, 4), (6, 3), (6, 4)]
5838,10,2,3,4,[(3, 5), (3, 6), (4, 5), (5, 5), (6, 4), (6, 5)]
5839,10,2,3,5,[(3, 6), (3, 7), (4, 6), (5, 6), (6, 5), (6, 6)]
5840,10,2,3,6,[(3, 7), (3, 8), (4, 7), (5, 7), (6, 6), (6, 7)]
5841,10,2,3,7,[(3, 8), (3, 9), (4, 8), (5, 8), (6, 7), (6, 8)]
5842,10,2,3,8,[(3, 9), (3, 10), (4, 9), (5, 9), (6, 8), (6, 9)]
5843,10,2,3,9,[(3, 10), (3, 11), (4, 10), (5, 10), (6, 9), (6, 10)]
5844,10,2,3,10,[(3, 11), (3, 12), (4, 11), (5, 11), (6, 10), (6, 11)]
5845,10,2,3,11,[(3, 12), (3, 13), (4, 12), (5, 12), (6, 11), (6, 12)]
5846,10,2,3,12,[(3, 13), (3, 14), (4, 13), (5, 13), (6, 12), (6, 13)]
5847,10,2,4,0,[(4, 1), (4, 2), (5, 1), (6, 1), (7, 0), (7, 1)]
5848,10,2,4,1,[(4, 2), (4, 3), (5, 2), (6, 2), (7, 1), (7, 2)]
5849,10,2,4,2,[(4, 3), (4, 4), (5, 3), (6, 3), (7, 2), (7, 3)]
5850,10,2,4,3,[(4, 4), (4, 5), (5, 4), (6, 4), (7, 3), (7, 4)]
5851,10,2,4,4,[(4, 5), (4, 6), (5, 5), (6, 5), (7, 4), (7, 5)]
5852,10,2,4,5,[(4, 6), (4, 7), (5, 6), (6, 6), (7, 5), (7, 6)]
5853,10,2,4,6,[(4, 7), (4, 8), (5, 7), (6, 7), (7, 6), (7, 7)]
5854,10,2,4,7,[(4, 8), (4, 9), (5, 8), (6, 8), (7, 7), (7, 8)]
5855,10,2,4,8,[(4, 9), (4, 10), (5, 9), (6, 9), (7, 8), (7, 9)]
5856,10,2,4,9,[(4, 10), (4, 11), (5, 10), (6, 10), (7, 9), (7, 10)]
5857,10,2,4,10,[(4, 11), (4, 12), (5, 11), (6, 11), (7, 10), (7, 11)]
5858,10,2,4,11,[(4, 12), (4, 13), (5, 12), (6, 12), (7, 11), (7, 12)]
5859,10,2,4,12,[(4, 13), (4, 14), (5, 13), (6, 13), (7, 12), (7, 13)]
5860,10,2,5,0,[(5, 1), (5, 2), (6, 1), (7, 1), (8, 0), (8, 1)]
5861,10,2,5,1,[(5, 2), (5, 3), (6, 2), (7, 2), (8, 1), (8, 2)]
5862,10,2,5,2,[(5, 3), (5, 4), (6, 3), (7, 3), (8, 2), (8, 3)]
5863,10,2,5,3,[(5, 4), (5, 5), (6, 4), (7, 4), (8, 3), (8, 4)]
5864,10,2,5,4,[(5, 5), (5, 6), (6, 5), (7, 5), (8, 4), (8, 5)]
5865,10,2,5,5,[(5, 6), (5, 7), (6, 6), (7, 6), (8, 5), (8, 6)]
5866,10,2,5,6,[(5, 7), (5, 8), (6, 7), (7, 7), (8, 6), (8, 7)]
5867,10,2,5,7,[(5, 8), (5, 9), (6, 8), (7, 8), (8, 7), (8, 8)]
5868,10,2,5,8,[(5, 9), (5, 10), (6, 9), (7, 9), (8, 8), (8, 9)]
5869,10,2,5,9,[(5, 10), (5, 11), (6, 10), (7, 10), (8, 9), (8, 10)]
5870,10,2,5,10,[(5, 11), (5, 12), (6, 11), (7, 11), (8, 10), (8, 11)]
5871,10,2,5,11,[(5, 12), (5, 13), (6, 12), (7, 12), (8, 11), (8, 12)]
5872,10,2,5,12,[(5, 13), (5, 14), (6, 13), (7, 13), (8, 12), (8, 13)]
5873,10,2,6,0,[(6, 1), (6, 2), (7, 1), (8, 1), (9, 0), (9, 1)]
5874,10,2,6,1,[(6, 2), (6, 3), (7, 2), (8, 2), (9, 1), (9, 2)]
5875,10,2,6,2,[(6, 3), (6, 4), (7, 3), (8, 3), (9, 2), (9, 3)]
5876,10,2,6,3,[(6, 4), (6, 5), (7, 4), (8, 4), (9, 3), (9, 4)]
5877,10,2,6,4,[(6, 5), (6, 6), (7, 5), (8, 5), (9, 4), (9, 5)]
5878,10,2,6,5,[(6, 6), (6, 7), (7, 6), (8, 6), (9, 5), (9, 6)]
5879,10,2,6,6,[(6, 7), (6, 8), (7, 7), (8, 7), (9, 6), (9, 7)]
5880,10,2,6,7,[(6, 8), (6, 9), (7, 8), (8, 8), (9, 7), (9, 8)]
5881,10,2,6,8,[(6, 9), (6, 10), (7, 9), (8, 9), (9, 8), (9, 9)]
5882,10,2,6,9,[(6, 10), (6, 11), (7, 10), (8, 10), (9, 9), (9, 10)]
5883,10,2,6,10,[(6, 11), (6, 12), (7, 11), (8, 11), (9, 10), (9, 11)]
5884,10,2,6,11,[(6, 12), (6, 13), (7, 12), (8, 12), (9, 11), (9, 12)]
5885,10,2,6,12,[(6, 13), (6, 14), (7, 13), (8, 13), (9, 12), (9, 13)]
5886,10,3,0,0,[(0, 0), (0, 1), (1, 1), (2, 1), (3, 1), (3, 2)]
5887,10,3,0,1,[(0, 1), (0, 2), (1, 2), (2, 2), (3, 2), (3, 3)]
5888,10,3,0,2,[(0, 2), (0, 3), (1, 3), (2, 3), (3, 3), (3, 4)]
5889,10,3,0,3,[(0, 3), (0, 4), (1, 4), (2, 4), (3, 4), (3, 5)]
5890,10,3,0,4,[(0, 4), (0, 5), (1, 5), (2, 5), (3, 5), (3, 6)]
5891,10,3,0,5,[(0, 5), (0, 6), (1, 6), (2, 6), (3, 6), (3, 7)]
5892,10,3,0,6,[(0, 6), (0, 7), (1, 7), (2, 7), (3, 7), (3, 8)]
5893,10,3,0,7,[(0, 7), (0, 8), (1, 8), (2, 8), (3, 8), (3, 9)]
5894,10,3,0,8,[(0, 8), (0, 9), (1, 9), (2, 9), (3, 9), (3, 10)]
5895,10,3,0,9,[(0, 9), (0, 10), (1, 10), (2, 10), (3, 10), (3, 11)]
5896,10,3,0,10,[(0, 10), (0, 11), (1, 11), (2, 11), (3, 11), (3, 12)]
5897,10,3,0,11,[(0, 11), (0, 12), (1, 12), (2, 12), (3, 12), (3, 13)]
5898,10,3,0,12,[(0, 12), (0, 13), (1, 13), (2, 13), (3, 13), (3, 14)]
5899,10,3,1,0,[(1, 0), (1, 1), (2, 1), (3, 1), (4, 1), (4, 2)]
5900,10,3,1,1,[(1, 1), (1, 2), (2, 2), (3, 2), (4, 2), (4, 3)]
5901,10,3,1,2,[(1, 2), (1, 3), (2, 3), (3, 3), (4, 3), (4, 4)]
5902,10,3,1,3,[(1, 3), (1, 4), (2, 4), (3, 4), (4, 4), (4, 5)]
5903,10,3,1,4,[(1, 4), (1, 5), (2, 5), (3, 5), (4, 5), (4, 6)]
5904,10,3,1,5,[(1, 5), (1, 6), (2, 6), (3, 6), (4, 6), (4, 7)]
5905,10,3,1,6,[(1, 6), (1, 7), (2, 7), (3, 7), (4, 7), (4, 8)]
5906,10,3,1,7,[(1, 7), (1, 8), (2, 8), (3, 8), (4, 8), (4, 9)]
5907,10,3,1,8,[(1, 8), (1, 9), (2, 9), (3, 9), (4, 9), (4, 10)]
5908,10,3,1,9,[(1, 9), (1, 10), (2, 10), (3, 10), (4, 10), (4, 11)]
5909,10,3,1,10,[(1, 10), (1, 11), (2, 11), (3, 11), (4, 11), (4, 12)]
5910,10,3,1,11,[(1, 11), (1, 12), (2, 12), (3, 12), (4, 12), (4, 13)]
5911,10,3,1,12,[(1, 12), (1, 13), (2, 13), (3, 13), (4, 13), (4, 14)]
5912,10,3,2,0,[(2, 0), (2, 1), (3, 1), (4, 1), (5, 1), (5, 2)]
5913,10,3,2,1,[(2, 1), (2, 2), (3, 2), (4, 2), (5, 2), (5, 3)]
5914,10,3,2,2,[(2, 2), (2, 3), (3, 3), (4, 3), (5, 3), (5, 4)]
5915,10,3,2,3,[(2, 3), (2, 4), (3, 4), (4, 4), (5, 4), (5, 5)]
5916,10,3,2,4,[(2, 4), (2, 5), (3, 5), (4, 5), (5, 5), (5, 6)]
5917,10,3,2,5,[(2, 5), (2, 6), (3, 6), (4, 6), (5, 6), (5, 7)]
5918,10,3,2,6,[(2, 6), (2, 7), (3, 7), (4, 7), (5, 7), (5, 8)]
5919,10,3,2,7,[(2, 7), (2, 8), (3, 8), (4, 8), (5, 8), (5, 9)]
5920,10,3,2,8,[(2, 8), (2, 9), (3, 9), (4, 9), (5, 9), (5, 10)]
5921,10,3,2,9,[(2, 9), (2, 10), (3, 10), (4, 10), (5, 10), (5, 11)]
5922,10,3,2,10,[(2, 10), (2, 11), (3, 11), (4, 11), (5, 11), (5, 12)]
5923,10,3,2,11,[(2, 11), (2, 12), (3, 12), (4, 12), (5, 12), (5, 13)]
5924,10,3,2,12,[(2, 12), (2, 13), (3, 13), (4, 13), (5, 13), (5, 14)]
5925,10,3,3,0,[(3, 0), (3, 1), (4, 1), (5, 1), (6, 1), (6, 2)]
5926,10,3,3,1,[(3, 1), (3, 2), (4, 2), (5, 2), (6, 2), (6, 3)]
5927,10,3,3,2,[(3, 2), (3, 3), (4, 3), (5, 3), (6, 3), (6, 4)]
5928,10,3,3,3,[(3, 3), (3, 4), (4, 4), (5, 4), (6, 4), (6, 5)]
5929,10,3,3,4,[(3, 4), (3, 5), (4, 5), (5, 5), (6, 5), (6, 6)]
5930,10,3,3,5,[(3, 5), (3, 6), (4, 6), (5, 6), (6, 6), (6, 7)]
5931,10,3,3,6,[(3, 6), (3, 7), (4, 7), (5, 7), (6, 7), (6, 8)]
5932,10,3,3,7,[(3, 7), (3, 8), (4, 8), (5, 8), (6, 8), (6, 9)]
5933,10,3,3,8,[(3, 8), (3, 9), (4, 9), (5, 9), (6, 9), (6, 10)]
5934,10,3,3,9,[(3, 9), (3, 10), (4, 10), (5, 10), (6, 10), (6, 11)]
5935,10,3,3,10,[(3, 10), (3, 11), (4, 11), (5, 11), (6, 11), (6, 12)]
5936,10,3,3,11,[(3, 11), (3, 12), (4, 12), (5, 12), (6, 12), (6, 13)]
5937,10,3,3,12,[(3, 12), (3, 13), (4, 13), (5, 13), (6, 13), (6, 14)]
5938,10,3,4,0,[(4, 0), (4, 1), (5, 1), (6, 1), (7, 1), (7, 2)]
5939,10,3,4,1,[(4, 1), (4, 2), (5, 2), (6, 2), (7, 2), (7, 3)]
5940,10,3,4,2,[(4, 2), (4, 3), (5, 3), (6, 3), (7, 3), (7, 4)]
5941,10,3,4,3,[(4, 3), (4, 4), (5, 4), (6, 4), (7, 4), (7, 5)]
5942,10,3,4,4,[(4, 4), (4, 5), (5, 5), (6, 5), (7, 5), (7, 6)]
5943,10,3,4,5,[(4, 5), (4, 6), (5, 6), (6, 6), (7, 6), (7, 7)]
5944,10,3,4,6,[(4, 6), (4, 7), (5, 7), (6, 7), (7, 7), (7, 8)]
5945,10,3,4,7,[(4, 7), (4, 8), (5, 8), (6, 8), (7, 8), (7, 9)]
5946,10,3,4,8,[(4, 8), (4, 9), (5, 9), (6, 9), (7, 9), (7, 10)]
5947,10,3,4,9,[(4, 9), (4, 10), (5, 10), (6, 10), (7, 10), (7, 11)]
5948,10,3,4,10,[(4, 10), (4, 11), (5, 11), (6, 11), (7, 11), (7, 12)]
5949,10,3,4,11,[(4, 11), (4, 12), (5, 12), (6, 12), (7, 12), (7, 13)]
5950,10,3,4,12,[(4, 12), (4, 13), (5, 13), (6, 13), (7, 13), (7, 14)]
5951,10,3,5,0,[(5, 0), (5, 1), (6, 1), (7, 1), (8, 1), (8, 2)]
5952,10,3,5,1,[(5, 1), (5, 2), (6, 2), (7, 2), (8, 2), (8, 3)]
5953,10,3,5,2,[(5, 2), (5, 3), (6, 3), (7, 3), (8, 3), (8, 4)]
5954,10,3,5,3,[(5, 3), (5, 4), (6, 4), (7, 4), (8, 4), (8, 5)]
5955,10,3,5,4,[(5, 4), (5, 5), (6, 5), (7, 5), (8, 5), (8, 6)]
5956,10,3,5,5,[(5, 5), (5, 6), (6, 6), (7, 6), (8, 6), (8, 7)]
5957,10,3,5,6,[(5, 6), (5, 7), (6, 7), (7, 7), (8, 7), (8, 8)]
5958,10,3,5,7,[(5, 7), (5, 8), (6, 8), (7, 8), (8, 8), (8, 9)]
5959,10,3,5,8,[(5, 8), (5, 9), (6, 9), (7, 9), (8, 9), (8, 10)]
5960,10,3,5,9,[(5, 9), (5, 10), (6, 10), (7, 10), (8, 10), (8, 11)]
5961,10,3,5,10,[(5, 10), (5, 11), (6, 11), (7, 11), (8, 11), (8, 12)]
5962,10,3,5,11,[(5, 11), (5, 12), (6, 12), (7, 12), (8, 12), (8, 13)]
5963,10,3,5,12,[(5, 12), (5, 13), (6, 13), (7, 13), (8, 13), (8, 14)]
5964,10,3,6,0,[(6, 0), (6, 1), (7, 1), (8, 1), (9, 1), (9, 2)]
5965,10,3,6,1,[(6, 1), (6, 2), (7, 2), (8, 2), (9, 2), (9, 3)]
5966,10,3,6,2,[(6, 2), (6, 3), (7, 3), (8, 3), (9, 3), (9, 4)]
5967,10,3,6,3,[(6, 3), (6, 4), (7, 4), (8, 4), (9, 4), (9, 5)]
5968,10,3,6,4,[(6, 4), (6, 5), (7, 5), (8, 5), (9, 5), (9, 6)]
5969,10,3,6,5,[(6, 5), (6, 6), (7, 6), (8, 6), (9, 6), (9, 7)]
5970,10,3,6,6,[(6, 6), (6, 7), (7, 7), (8, 7), (9, 7), (9, 8)]
5971,10,3,6,7,[(6, 7), (6, 8), (7, 8), (8, 8), (9, 8), (9, 9)]
5972,10,3,6,8,[(6, 8), (6, 9), (7, 9), (8, 9), (9, 9), (9, 10)]
5973,10,3,6,9,[(6, 9), (6, 10), (7, 10), (8, 10), (9, 10), (9, 11)]
5974,10,3,6,10,[(6, 10), (6, 11), (7, 11), (8, 11), (9, 11), (9, 12)]
5975,10,3,6,11,[(6, 11), (6, 12), (7, 12), (8, 12), (9, 12), (9, 13)]
5976,10,3,6,12,[(6, 12), (6, 13), (7, 13), (8, 13), (9, 13), (9, 14)]
