1,0,0,0,0,[(0, 0), (1, 0), (2, 0), (2, 1), (3, 1), (4, 1)]
2,0,0,0,1,[(0, 1), (1, 1), (2, 1), (2, 2), (3, 2), (4, 2)]
3,0,0,0,2,[(0, 2), (1, 2), (2, 2), (2, 3), (3, 3), (4, 3)]
4,0,0,0,3,[(0, 3), (1, 3), (2, 3), (2, 4), (3, 4), (4, 4)]
5,0,0,0,4,[(0, 4), (1, 4), (2, 4), (2, 5), (3, 5), (4, 5)]
6,0,0,0,5,[(0, 5), (1, 5), (2, 5), (2, 6), (3, 6), (4, 6)]
7,0,0,0,6,[(0, 6), (1, 6), (2, 6), (2, 7), (3, 7), (4, 7)]
8,0,0,0,7,[(0, 7), (1, 7), (2, 7), (2, 8), (3, 8), (4, 8)]
9,0,0,0,8,[(0, 8), (1, 8), (2, 8), (2, 9), (3, 9), (4, 9)]
10,0,0,0,9,[(0, 9), (1, 9), (2, 9), (2, 10), (3, 10), (4, 10)]
11,0,0,0,10,[(0, 10), (1, 10), (2, 10), (2, 11), (3, 11), (4, 11)]
12,0,0,0,11,[(0, 11), (1, 11), (2, 11), (2, 12), (3, 12), (4, 12)]
13,0,0,0,12,[(0, 12), (1, 12), (2, 12), (2, 13), (3, 13), (4, 13)]
14,0,0,0,13,[(0, 13), (1, 13), (2, 13), (2, 14), (3, 14), (4, 14)]
15,0,0,0,14,[(0, 14), (1, 14), (2, 14), (2, 15), (3, 15), (4, 15)]
16,0,0,0,15,[(0, 15), (1, 15), (2, 15), (2, 16), (3, 16), (4, 16)]
17,0,0,1,0,[(1, 0), (2, 0), (3, 0), (3, 1), (4, 1), (5, 1)]
18,0,0,1,1,[(1, 1), (2, 1), (3, 1), (3, 2), (4, 2), (5, 2)]
19,0,0,1,2,[(1, 2), (2, 2), (3, 2), (3, 3), (4, 3), (5, 3)]
20,0,0,1,3,[(1, 3), (2, 3), (3, 3), (3, 4), (4, 4), (5, 4)]
21,0,0,1,4,[(1, 4), (2, 4), (3, 4), (3, 5), (4, 5), (5, 5)]
22,0,0,1,5,[(1, 5), (2, 5), (3, 5), (3, 6), (4, 6), (5, 6)]
23,0,0,1,6,[(1, 6), (2, 6), (3, 6), (3, 7), (4, 7), (5, 7)]
24,0,0,1,7,[(1, 7), (2, 7), (3, 7), (3, 8), (4, 8), (5, 8)]
25,0,0,1,8,[(1, 8), (2, 8), (3, 8), (3, 9), (4, 9), (5, 9)]
26,0,0,1,9,[(1, 9), (2, 9), (3, 9), (3, 10), (4, 10), (5, 10)]
27,0,0,1,10,[(1, 10), (2, 10), (3, 10), (3, 11), (4, 11), (5, 11)]
28,0,0,1,11,[(1, 11), (2, 11), (3, 11), (3, 12), (4, 12), (5, 12)]
29,0,0,1,12,[(1, 12), (2, 12), (3, 12), (3, 13), (4, 13), (5, 13)]
30,0,0,1,13,[(1, 13), (2, 13), (3, 13), (3, 14), (4, 14), (5, 14)]
31,0,0,1,14,[(1, 14), (2, 14), (3, 14), (3, 15), (4, 15), (5, 15)]
32,0,0,1,15,[(1, 15), (2, 15), (3, 15), (3, 16), (4, 16), (5, 16)]
33,0,0,2,0,[(2, 0), (3, 0), (4, 0), (4, 1), (5, 1), (6, 1)]
34,0,0,2,1,[(2, 1), (3, 1), (4, 1), (4, 2), (5, 2), (6, 2)]
35,0,0,2,2,[(2, 2), (3, 2), (4, 2), (4, 3), (5, 3), (6, 3)]
36,0,0,2,3,[(2, 3), (3, 3), (4, 3), (4, 4), (5, 4), (6, 4)]
37,0,0,2,4,[(2, 4), (3, 4), (4, 4), (4, 5), (5, 5), (6, 5)]
38,0,0,2,5,[(2, 5), (3, 5), (4, 5), (4, 6), (5, 6), (6, 6)]
39,0,0,2,6,[(2, 6), (3, 6), (4, 6), (4, 7), (5, 7), (6, 7)]
40,0,0,2,7,[(2, 7), (3, 7), (4, 7), (4, 8), (5, 8), (6, 8)]
41,0,0,2,8,[(2, 8), (3, 8), (4, 8), (4, 9), (5, 9), (6, 9)]
42,0,0,2,9,[(2, 9), (3, 9), (4, 9), (4, 10), (5, 10), (6, 10)]
43,0,0,2,10,[(2, 10), (3, 10), (4, 10), (4, 11), (5, 11), (6, 11)]
44,0,0,2,11,[(2, 11), (3, 11), (4, 11), (4, 12), (5, 12), (6, 12)]
45,0,0,2,12,[(2, 12), (3, 12), (4, 12), (4, 13), (5, 13), (6, 13)]
46,0,0,2,13,[(2, 13), (3, 13), (4, 13), (4, 14), (5, 14), (6, 14)]
47,0,0,2,14,[(2, 14), (3, 14), (4, 14), (4, 15), (5, 15), (6, 15)]
48,0,0,2,15,[(2, 15), (3, 15), (4, 15), (4, 16), (5, 16), (6, 16)]
49,0,0,3,0,[(3, 0), (4, 0), (5, 0), (5, 1), (6, 1), (7, 1)]
50,0,0,3,1,[(3, 1), (4, 1), (5, 1), (5, 2), (6, 2), (7, 2)]
51,0,0,3,2,[(3, 2), (4, 2), (5, 2), (5, 3), (6, 3), (7, 3)]
52,0,0,3,3,[(3, 3), (4, 3), (5, 3), (5, 4), (6, 4), (7, 4)]
53,0,0,3,4,[(3, 4), (4, 4), (5, 4), (5, 5), (6, 5), (7, 5)]
54,0,0,3,5,[(3, 5), (4, 5), (5, 5), (5, 6), (6, 6), (7, 6)]
55,0,0,3,6,[(3, 6), (4, 6), (5, 6), (5, 7), (6, 7), (7, 7)]
56,0,0,3,7,[(3, 7), (4, 7), (5, 7), (5, 8), (6, 8), (7, 8)]
57,0,0,3,8,[(3, 8), (4, 8), (5, 8), (5, 9), (6, 9), (7, 9)]
58,0,0,3,9,[(3, 9), (4, 9), (5, 9), (5, 10), (6, 10), (7, 10)]
59,0,0,3,10,[(3, 10), (4, 10), (5, 10), (5, 11), (6, 11), (7, 11)]
60,0,0,3,11,[(3, 11), (4, 11), (5, 11), (5, 12), (6, 12), (7, 12)]
61,0,0,3,12,[(3, 12), (4, 12), (5, 12), (5, 13), (6, 13), (7, 13)]
62,0,0,3,13,[(3, 13), (4, 13), (5, 13), (5, 14), (6, 14), (7, 14)]
63,0,0,3,14,[(3, 14), (4, 14), (5, 14), (5, 15), (6, 15), (7, 15)]
64,0,0,3,15,[(3, 15), (4, 15), (5, 15), (5, 16), (6, 16), (7, 16)]
65,0,0,4,0,[(4, 0), (5, 0), (6, 0), (6, 1), (7, 1), (8, 1)]
66,0,0,4,1,[(4, 1), (5, 1), (6, 1), (6, 2), (7, 2), (8, 2)]
67,0,0,4,2,[(4, 2), (5, 2), (6, 2), (6, 3), (7, 3), (8, 3)]
68,0,0,4,3,[(4, 3), (5, 3), (6, 3), (6, 4), (7, 4), (8, 4)]
69,0,0,4,4,[(4, 4), (5, 4), (6, 4), (6, 5), (7, 5), (8, 5)]
70,0,0,4,5,[(4, 5), (5, 5), (6, 5), (6, 6), (7, 6), (8, 6)]
71,0,0,4,6,[(4, 6), (5, 6), (6, 6), (6, 7), (7, 7), (8, 7)]
72,0,0,4,7,[(4, 7), (5, 7), (6, 7), (6, 8), (7, 8), (8, 8)]
73,0,0,4,8,[(4, 8), (5, 8), (6, 8), (6, 9), (7, 9), (8, 9)]
74,0,0,4,9,[(4, 9), (5, 9), (6, 9), (6, 10), (7, 10), (8, 10)]
75,0,0,4,10,[(4, 10), (5, 10), (6, 10), (6, 11), (7, 11), (8, 11)]
76,0,0,4,11,[(4, 11), (5, 11), (6, 11), (6, 12), (7, 12), (8, 12)]
77,0,0,4,12,[(4, 12), (5, 12), (6, 12), (6, 13), (7, 13), (8, 13)]
78,0,0,4,13,[(4, 13), (5, 13), (6, 13), (6, 14), (7, 14), (8, 14)]
79,0,0,4,14,[(4, 14), (5, 14), (6, 14), (6, 15), (7, 15), (8, 15)]
80,0,0,4,15,[(4, 15), (5, 15), (6, 15), (6, 16), (7, 16), (8, 16)]
81,0,1,0,0,[(0, 1), (1, 1), (2, 0), (2, 1), (3, 0), (4, 0)]
82,0,1,0,1,[(0, 2), (1, 2), (2, 1), (2, 2), (3, 1), (4, 1)]
83,0,1,0,2,[(0, 3), (1, 3), (2, 2), (2, 3), (3, 2), (4, 2)]
84,0,1,0,3,[(0, 4), (1, 4), (2, 3), (2, 4), (3, 3), (4, 3)]
85,0,1,0,4,[(0, 5), (1, 5), (2, 4), (2, 5), (3, 4), (4, 4)]
86,0,1,0,5,[(0, 6), (1, 6), (2, 5), (2, 6), (3, 5), (4, 5)]
87,0,1,0,6,[(0, 7), (1, 7), (2, 6), (2, 7), (3, 6), (4, 6)]
88,0,1,0,7,[(0, 8), (1, 8), (2, 7), (2, 8), (3, 7), (4, 7)]
89,0,1,0,8,[(0, 9), (1, 9), (2, 8), (2, 9), (3, 8), (4, 8)]
90,0,1,0,9,[(0, 10), (1, 10), (2, 9), (2, 10), (3, 9), (4, 9)]
91,0,1,0,10,[(0, 11), (1, 11), (2, 10), (2, 11), (3, 10), (4, 10)]
92,0,1,0,11,[(0, 12), (1, 12), (2, 11), (2, 12), (3, 11), (4, 11)]
93,0,1,0,12,[(0, 13), (1, 13), (2, 12), (2, 13), (3, 12), (4, 12)]
94,0,1,0,13,[(0, 14), (1, 14), (2, 13), (2, 14), (3, 13), (4, 13)]
95,0,1,0,14,[(0, 15), (1, 15), (2, 14), (2, 15), (3, 14), (4, 14)]
96,0,1,0,15,[(0, 16), (1, 16), (2, 15), (2, 16), (3, 15), (4, 15)]
97,0,1,1,0,[(1, 1), (2, 1), (3, 0), (3, 1), (4, 0), (5, 0)]
98,0,1,1,1,[(1, 2), (2, 2), (3, 1), (3, 2), (4, 1), (5, 1)]
99,0,1,1,2,[(1, 3), (2, 3), (3, 2), (3, 3), (4, 2), (5, 2)]
100,0,1,1,3,[(1, 4), (2, 4), (3, 3), (3, 4), (4, 3), (5, 3)]
101,0,1,1,4,[(1, 5), (2, 5), (3, 4), (3, 5), (4, 4), (5, 4)]
102,0,1,1,5,[(1, 6), (2, 6), (3, 5), (3, 6), (4, 5), (5, 5)]
103,0,1,1,6,[(1, 7), (2, 7), (3, 6), (3, 7), (4, 6), (5, 6)]
104,0,1,1,7,[(1, 8), (2, 8), (3, 7), (3, 8), (4, 7), (5, 7)]
105,0,1,1,8,[(1, 9), (2, 9), (3, 8), (3, 9), (4, 8), (5, 8)]
106,0,1,1,9,[(1, 10), (2, 10), (3, 9), (3, 10), (4, 9), (5, 9)]
107,0,1,1,10,[(1, 11), (2, 11), (3, 10), (3, 11), (4, 10), (5, 10)]
108,0,1,1,11,[(1, 12), (2, 12), (3, 11), (3, 12), (4, 11), (5, 11)]
109,0,1,1,12,[(1, 13), (2, 13), (3, 12), (3, 13), (4, 12), (5, 12)]
110,0,1,1,13,[(1, 14), (2, 14), (3, 13), (3, 14), (4, 13), (5, 13)]
111,0,1,1,14,[(1, 15), (2, 15), (3, 14), (3, 15), (4, 14), (5, 14)]
112,0,1,1,15,[(1, 16), (2, 16), (3, 15), (3, 16), (4, 15), (5, 15)]
113,0,1,2,0,[(2, 1), (3, 1), (4, 0), (4, 1), (5, 0), (6, 0)]
114,0,1,2,1,[(2, 2), (3, 2), (4, 1), (4, 2), (5, 1), (6, 1)]
115,0,1,2,2,[(2, 3), (3, 3), (4, 2), (4, 3), (5, 2), (6, 2)]
116,0,1,2,3,[(2, 4), (3, 4), (4, 3), (4, 4), (5, 3), (6, 3)]
117,0,1,2,4,[(2, 5), (3, 5), (4, 4), (4, 5), (5, 4), (6, 4)]
118,0,1,2,5,[(2, 6), (3, 6), (4, 5), (4, 6), (5, 5), (6, 5)]
119,0,1,2,6,[(2, 7), (3, 7), (4, 6), (4, 7), (5, 6), (6, 6)]
120,0,1,2,7,[(2, 8), (3, 8), (4, 7), (4, 8), (5, 7), (6, 7)]
121,0,1,2,8,[(2, 9), (3, 9), (4, 8), (4, 9), (5, 8), (6, 8)]
122,0,1,2,9,[(2, 10), (3, 10), (4, 9), (4, 10), (5, 9), (6, 9)]
123,0,1,2,10,[(2, 11), (3, 11), (4, 10), (4, 11), (5, 10), (6, 10)]
124,0,1,2,11,[(2, 12), (3, 12), (4, 11), (4, 12), (5, 11), (6, 11)]
125,0,1,2,12,[(2, 13), (3, 13), (4, 12), (4, 13), (5, 12), (6, 12)]
126,0,1,2,13,[(2, 14), (3, 14), (4, 13), (4, 14), (5, 13), (6, 13)]
127,0,1,2,14,[(2, 15), (3, 15), (4, 14), (4, 15), (5, 14), (6, 14)]
128,0,1,2,15,[(2, 16), (3, 16), (4, 15), (4, 16), (5, 15), (6, 15)]
129,0,1,3,0,[(3, 1), (4, 1), (5, 0), (5, 1), (6, 0), (7, 0)]
130,0,1,3,1,[(3, 2), (4, 2), (5, 1), (5, 2), (6, 1), (7, 1)]
131,0,1,3,2,[(3, 3), (4, 3), (5, 2), (5, 3), (6, 2), (7, 2)]
132,0,1,3,3,[(3, 4), (4, 4), (5, 3), (5, 4), (6, 3), (7, 3)]
133,0,1,3,4,[(3, 5), (4, 5), (5, 4), (5, 5), (6, 4), (7, 4)]
134,0,1,3,5,[(3, 6), (4, 6), (5, 5), (5, 6), (6, 5), (7, 5)]
135,0,1,3,6,[(3, 7), (4, 7), (5, 6), (5, 7), (6, 6), (7, 6)]
136,0,1,3,7,[(3, 8), (4, 8), (5, 7), (5, 8), (6, 7), (7, 7)]
137,0,1,3,8,[(3, 9), (4, 9), (5, 8), (5, 9), (6, 8), (7, 8)]
138,0,1,3,9,[(3, 10), (4, 10), (5, 9), (5, 10), (6, 9), (7, 9)]
139,0,1,3,10,[(3, 11), (4, 11), (5, 10), (5, 11), (6, 10), (7, 10)]
140,0,1,3,11,[(3, 12), (4, 12), (5, 11), (5, 12), (6, 11), (7, 11)]
141,0,1,3,12,[(3, 13), (4, 13), (5, 12), (5, 13), (6, 12), (7, 12)]
142,0,1,3,13,[(3, 14), (4, 14), (5, 13), (5, 14), (6, 13), (7, 13)]
143,0,1,3,14,[(3, 15), (4, 15), (5, 14), (5, 15), (6, 14), (7, 14)]
144,0,1,3,15,[(3, 16), (4, 16), (5, 15), (5, 16), (6, 15), (7, 15)]
145,0,1,4,0,[(4, 1), (5, 1), (6, 0), (6, 1), (7, 0), (8, 0)]
146,0,1,4,1,[(4, 2), (5, 2), (6, 1), (6, 2), (7, 1), (8, 1)]
147,0,1,4,2,[(4, 3), (5, 3), (6, 2), (6, 3), (7, 2), (8, 2)]
148,0,1,4,3,[(4, 4), (5, 4), (6, 3), (6, 4), (7, 3), (8, 3)]
149,0,1,4,4,[(4, 5), (5, 5), (6, 4), (6, 5), (7, 4), (8, 4)]
150,0,1,4,5,[(4, 6), (5, 6), (6, 5), (6, 6), (7, 5), (8, 5)]
151,0,1,4,6,[(4, 7), (5, 7), (6, 6), (6, 7), (7, 6), (8, 6)]
152,0,1,4,7,[(4, 8), (5, 8), (6, 7), (6, 8), (7, 7), (8, 7)]
153,0,1,4,8,[(4, 9), (5, 9), (6, 8), (6, 9), (7, 8), (8, 8)]
154,0,1,4,9,[(4, 10), (5, 10), (6, 9), (6, 10), (7, 9), (8, 9)]
155,0,1,4,10,[(4, 11), (5, 11), (6, 10), (6, 11), (7, 10), (8, 10)]
156,0,1,4,11,[(4, 12), (5, 12), (6, 11), (6, 12), (7, 11), (8, 11)]
157,0,1,4,12,[(4, 13), (5, 13), (6, 12), (6, 13), (7, 12), (8, 12)]
158,0,1,4,13,[(4, 14), (5, 14), (6, 13), (6, 14), (7, 13), (8, 13)]
159,0,1,4,14,[(4, 15), (5, 15), (6, 14), (6, 15), (7, 14), (8, 14)]
160,0,1,4,15,[(4, 16), (5, 16), (6, 15), (6, 16), (7, 15), (8, 15)]
161,0,2,0,0,[(0, 2), (0, 3), (0, 4), (1, 0), (1, 1), (1, 2)]
162,0,2,0,1,[(0, 3), (0, 4), (0, 5), (1, 1), (1, 2), (1, 3)]
163,0,2,0,2,[(0, 4), (0, 5), (0, 6), (1, 2), (1, 3), (1, 4)]
164,0,2,0,3,[(0, 5), (0, 6), (0, 7), (1, 3), (1, 4), (1, 5)]
165,0,2,0,4,[(0, 6), (0, 7), (0, 8), (1, 4), (1, 5), (1, 6)]
166,0,2,0,5,[(0, 7), (0, 8), (0, 9), (1, 5), (1, 6), (1, 7)]
167,0,2,0,6,[(0, 8), (0, 9), (0, 10), (1, 6), (1, 7), (1, 8)]
168,0,2,0,7,[(0, 9), (0, 10), (0, 11), (1, 7), (1, 8), (1, 9)]
169,0,2,0,8,[(0, 10), (0, 11), (0, 12), (1, 8), (1, 9), (1, 10)]
170,0,2,0,9,[(0, 11), (0, 12), (0, 13), (1, 9), (1, 10), (1, 11)]
171,0,2,0,10,[(0, 12), (0, 13), (0, 14), (1, 10), (1, 11), (1, 12)]
172,0,2,0,11,[(0, 13), (0, 14), (0, 15), (1, 11), (1, 12), (1, 13)]
173,0,2,0,12,[(0, 14), (0, 15), (0, 16), (1, 12), (1, 13), (1, 14)]
174,0,2,1,0,[(1, 2), (1, 3), (1, 4), (2, 0), (2, 1), (2, 2)]
175,0,2,1,1,[(1, 3), (1, 4), (1, 5), (2, 1), (2, 2), (2, 3)]
176,0,2,1,2,[(1, 4), (1, 5), (1, 6), (2, 2), (2, 3), (2, 4)]
177,0,2,1,3,[(1, 5), (1, 6), (1, 7), (2, 3), (2, 4), (2, 5)]
178,0,2,1,4,[(1, 6), (1, 7), (1, 8), (2, 4), (2, 5), (2, 6)]
179,0,2,1,5,[(1, 7), (1, 8), (1, 9), (2, 5), (2, 6), (2, 7)]
180,0,2,1,6,[(1, 8), (1, 9), (1, 10), (2, 6), (2, 7), (2, 8)]
181,0,2,1,7,[(1, 9), (1, 10), (1, 11), (2, 7), (2, 8), (2, 9)]
182,0,2,1,8,[(1, 10), (1, 11), (1, 12), (2, 8), (2, 9), (2, 10)]
183,0,2,1,9,[(1, 11), (1, 12), (1, 13), (2, 9), (2, 10), (2, 11)]
184,0,2,1,10,[(1, 12), (1, 13), (1, 14), (2, 10), (2, 11), (2, 12)]
185,0,2,1,11,[(1, 13), (1, 14), (1, 15), (2, 11), (2, 12), (2, 13)]
186,0,2,1,12,[(1, 14), (1, 15), (1, 16), (2, 12), (2, 13), (2, 14)]
187,0,2,2,0,[(2, 2), (2, 3), (2, 4), (3, 0), (3, 1), (3, 2)]
188,0,2,2,1,[(2, 3), (2, 4), (2, 5), (3, 1), (3, 2), (3, 3)]
189,0,2,2,2,[(2, 4), (2, 5), (2, 6), (3, 2), (3, 3), (3, 4)]
190,0,2,2,3,[(2, 5), (2, 6), (2, 7), (3, 3), (3, 4), (3, 5)]
191,0,2,2,4,[(2, 6), (2, 7), (2, 8), (3, 4), (3, 5), (3, 6)]
192,0,2,2,5,[(2, 7), (2, 8), (2, 9), (3, 5), (3, 6), (3, 7)]
193,0,2,2,6,[(2, 8), (2, 9), (2, 10), (3, 6), (3, 7), (3, 8)]
194,0,2,2,7,[(2, 9), (2, 10), (2, 11), (3, 7), (3, 8), (3, 9)]
195,0,2,2,8,[(2, 10), (2, 11), (2, 12), (3, 8), (3, 9), (3, 10)]
196,0,2,2,9,[(2, 11), (2, 12), (2, 13), (3, 9), (3, 10), (3, 11)]
197,0,2,2,10,[(2, 12), (2, 13), (2, 14), (3, 10), (3, 11), (3, 12)]
198,0,2,2,11,[(2, 13), (2, 14), (2, 15), (3, 11), (3, 12), (3, 13)]
199,0,2,2,12,[(2, 14), (2, 15), (2, 16), (3, 12), (3, 13), (3, 14)]
200,0,2,3,0,[(3, 2), (3, 3), (3, 4), (4, 0), (4, 1), (4, 2)]
201,0,2,3,1,[(3, 3), (3, 4), (3, 5), (4, 1), (4, 2), (4, 3)]
202,0,2,3,2,[(3, 4), (3, 5), (3, 6), (4, 2), (4, 3), (4, 4)]
203,0,2,3,3,[(3, 5), (3, 6), (3, 7), (4, 3), (4, 4), (4, 5)]
204,0,2,3,4,[(3, 6), (3, 7), (3, 8), (4, 4), (4, 5), (4, 6)]
205,0,2,3,5,[(3, 7), (3, 8), (3, 9), (4, 5), (4, 6), (4, 7)]
206,0,2,3,6,[(3, 8), (3, 9), (3, 10), (4, 6), (4, 7), (4, 8)]
207,0,2,3,7,[(3, 9), (3, 10), (3, 11), (4, 7), (4, 8), (4, 9)]
208,0,2,3,8,[(3, 10), (3, 11), (3, 12), (4, 8), (4, 9), (4, 10)]
209,0,2,3,9,[(3, 11), (3, 12), (3, 13), (4, 9), (4, 10), (4, 11)]
210,0,2,3,10,[(3, 12), (3, 13), (3, 14), (4, 10), (4, 11), (4, 12)]
211,0,2,3,11,[(3, 13), (3, 14), (3, 15), (4, 11), (4, 12), (4, 13)]
212,0,2,3,12,[(3, 14), (3, 15), (3, 16), (4, 12), (4, 13), (4, 14)]
213,0,2,4,0,[(4, 2), (4, 3), (4, 4), (5, 0), (5, 1), (5, 2)]
214,0,2,4,1,[(4, 3), (4, 4), (4, 5), (5, 1), (5, 2), (5, 3)]
215,0,2,4,2,[(4, 4), (4, 5), (4, 6), (5, 2), (5, 3), (5, 4)]
216,0,2,4,3,[(4, 5), (4, 6), (4, 7), (5, 3), (5, 4), (5, 5)]
217,0,2,4,4,[(4, 6), (4, 7), (4, 8), (5, 4), (5, 5), (5, 6)]
218,0,2,4,5,[(4, 7), (4, 8), (4, 9), (5, 5), (5, 6), (5, 7)]
219,0,2,4,6,[(4, 8), (4, 9), (4, 10), (5, 6), (5, 7), (5, 8)]
220,0,2,4,7,[(4, 9), (4, 10), (4, 11), (5, 7), (5, 8), (5, 9)]
221,0,2,4,8,[(4, 10), (4, 11), (4, 12), (5, 8), (5, 9), (5, 10)]
222,0,2,4,9,[(4, 11), (4, 12), (4, 13), (5, 9), (5, 10), (5, 11)]
223,0,2,4,10,[(4, 12), (4, 13), (4, 14), (5, 10), (5, 11), (5, 12)]
224,0,2,4,11,[(4, 13), (4, 14), (4, 15), (5, 11), (5, 12), (5, 13)]
225,0,2,4,12,[(4, 14), (4, 15), (4, 16), (5, 12), (5, 13), (5, 14)]
226,0,2,5,0,[(5, 2), (5, 3), (5, 4), (6, 0), (6, 1), (6, 2)]
227,0,2,5,1,[(5, 3), (5, 4), (5, 5), (6, 1), (6, 2), (6, 3)]
228,0,2,5,2,[(5, 4), (5, 5), (5, 6), (6, 2), (6, 3), (6, 4)]
229,0,2,5,3,[(5, 5), (5, 6), (5, 7), (6, 3), (6, 4), (6, 5)]
230,0,2,5,4,[(5, 6), (5, 7), (5, 8), (6, 4), (6, 5), (6, 6)]
231,0,2,5,5,[(5, 7), (5, 8), (5, 9), (6, 5), (6, 6), (6, 7)]
232,0,2,5,6,[(5, 8), (5, 9), (5, 10), (6, 6), (6, 7), (6, 8)]
233,0,2,5,7,[(5, 9), (5, 10), (5, 11), (6, 7), (6, 8), (6, 9)]
234,0,2,5,8,[(5, 10), (5, 11), (5, 12), (6, 8), (6, 9), (6, 10)]
235,0,2,5,9,[(5, 11), (5, 12), (5, 13), (6, 9), (6, 10), (6, 11)]
236,0,2,5,10,[(5, 12), (5, 13), (5, 14), (6, 10), (6, 11), (6, 12)]
237,0,2,5,11,[(5, 13), (5, 14), (5, 15), (6, 11), (6, 12), (6, 13)]
238,0,2,5,12,[(5, 14), (5, 15), (5, 16), (6, 12), (6, 13), (6, 14)]
239,0,2,6,0,[(6, 2), (6, 3), (6, 4), (7, 0), (7, 1), (7, 2)]
240,0,2,6,1,[(6, 3), (6, 4), (6, 5), (7, 1), (7, 2), (7, 3)]
241,0,2,6,2,[(6, 4), (6, 5), (6, 6), (7, 2), (7, 3), (7, 4)]
242,0,2,6,3,[(6, 5), (6, 6), (6, 7), (7, 3), (7, 4), (7, 5)]
243,0,2,6,4,[(6, 6), (6, 7), (6, 8), (7, 4), (7, 5), (7, 6)]
244,0,2,6,5,[(6, 7), (6, 8), (6, 9), (7, 5), (7, 6), (7, 7)]
245,0,2,6,6,[(6, 8), (6, 9), (6, 10), (7, 6), (7, 7), (7, 8)]
246,0,2,6,7,[(6, 9), (6, 10), (6, 11), (7, 7), (7, 8), (7, 9)]
247,0,2,6,8,[(6, 10), (6, 11), (6, 12), (7, 8), (7, 9), (7, 10)]
248,0,2,6,9,[(6, 11), (6, 12), (6, 13), (7, 9), (7, 10), (7, 11)]
249,0,2,6,10,[(6, 12), (6, 13), (6, 14), (7, 10), (7, 11), (7, 12)]
250,0,2,6,11,[(6, 13), (6, 14), (6, 15), (7, 11), (7, 12), (7, 13)]
251,0,2,6,12,[(6, 14), (6, 15), (6, 16), (7, 12), (7, 13), (7, 14)]
252,0,2,7,0,[(7, 2), (7, 3), (7, 4), (8, 0), (8, 1), (8, 2)]
253,0,2,7,1,[(7, 3), (7, 4), (7, 5), (8, 1), (8, 2), (8, 3)]
254,0,2,7,2,[(7, 4), (7, 5), (7, 6), (8, 2), (8, 3), (8, 4)]
255,0,2,7,3,[(7, 5), (7, 6), (7, 7), (8, 3), (8, 4), (8, 5)]
256,0,2,7,4,[(7, 6), (7, 7), (7, 8), (8, 4), (8, 5), (8, 6)]
257,0,2,7,5,[(7, 7), (7, 8), (7, 9), (8, 5), (8, 6), (8, 7)]
258,0,2,7,6,[(7, 8), (7, 9), (7, 10), (8, 6), (8, 7), (8, 8)]
259,0,2,7,7,[(7, 9), (7, 10), (7, 11), (8, 7), (8, 8), (8, 9)]
260,0,2,7,8,[(7, 10), (7, 11), (7, 12), (8, 8), (8, 9), (8, 10)]
261,0,2,7,9,[(7, 11), (7, 12), (7, 13), (8, 9), (8, 10), (8, 11)]
262,0,2,7,10,[(7, 12), (7, 13), (7, 14), (8, 10), (8, 11), (8, 12)]
263,0,2,7,11,[(7, 13), (7, 14), (7, 15), (8, 11), (8, 12), (8, 13)]
264,0,2,7,12,[(7, 14), (7, 15), (7, 16), (8, 12), (8, 13), (8, 14)]
265,0,3,0,0,[(0, 0), (0, 1), (0, 2), (1, 2), (1, 3), (1, 4)]
266,0,3,0,1,[(0, 1), (0, 2), (0, 3), (1, 3), (1, 4), (1, 5)]
267,0,3,0,2,[(0, 2), (0, 3), (0, 4), (1, 4), (1, 5), (1, 6)]
268,0,3,0,3,[(0, 3), (0, 4), (0, 5), (1, 5), (1, 6), (1, 7)]
269,0,3,0,4,[(0, 4), (0, 5), (0, 6), (1, 6), (1, 7), (1, 8)]
270,0,3,0,5,[(0, 5), (0, 6), (0, 7), (1, 7), (1, 8), (1, 9)]
271,0,3,0,6,[(0, 6), (0, 7), (0, 8), (1, 8), (1, 9), (1, 10)]
272,0,3,0,7,[(0, 7), (0, 8), (0, 9), (1, 9), (1, 10), (1, 11)]
273,0,3,0,8,[(0, 8), (0, 9), (0, 10), (1, 10), (1, 11), (1, 12)]
274,0,3,0,9,[(0, 9), (0, 10), (0, 11), (1, 11), (1, 12), (1, 13)]
275,0,3,0,10,[(0, 10), (0, 11), (0, 12), (1, 12), (1, 13), (1, 14)]
276,0,3,0,11,[(0, 11), (0, 12), (0, 13), (1, 13), (1, 14), (1, 15)]
277,0,3,0,12,[(0, 12), (0, 13), (0, 14), (1, 14), (1, 15), (1, 16)]
278,0,3,1,0,[(1, 0), (1, 1), (1, 2), (2, 2), (2, 3), (2, 4)]
279,0,3,1,1,[(1, 1), (1, 2), (1, 3), (2, 3), (2, 4), (2, 5)]
280,0,3,1,2,[(1, 2), (1, 3), (1, 4), (2, 4), (2, 5), (2, 6)]
281,0,3,1,3,[(1, 3), (1, 4), (1, 5), (2, 5), (2, 6), (2, 7)]
282,0,3,1,4,[(1, 4), (1, 5), (1, 6), (2, 6), (2, 7), (2, 8)]
283,0,3,1,5,[(1, 5), (1, 6), (1, 7), (2, 7), (2, 8), (2, 9)]
284,0,3,1,6,[(1, 6), (1, 7), (1, 8), (2, 8), (2, 9), (2, 10)]
285,0,3,1,7,[(1, 7), (1, 8), (1, 9), (2, 9), (2, 10), (2, 11)]
286,0,3,1,8,[(1, 8), (1, 9), (1, 10), (2, 10), (2, 11), (2, 12)]
287,0,3,1,9,[(1, 9), (1, 10), (1, 11), (2, 11), (2, 12), (2, 13)]
288,0,3,1,10,[(1, 10), (1, 11), (1, 12), (2, 12), (2, 13), (2, 14)]
289,0,3,1,11,[(1, 11), (1, 12), (1, 13), (2, 13), (2, 14), (2, 15)]
290,0,3,1,12,[(1, 12), (1, 13), (1, 14), (2, 14), (2, 15), (2, 16)]
291,0,3,2,0,[(2, 0), (2, 1), (2, 2), (3, 2), (3, 3), (3, 4)]
292,0,3,2,1,[(2, 1), (2, 2), (2, 3), (3, 3), (3, 4), (3, 5)]
293,0,3,2,2,[(2, 2), (2, 3), (2, 4), (3, 4), (3, 5), (3, 6)]
294,0,3,2,3,[(2, 3), (2, 4), (2, 5), (3, 5), (3, 6), (3, 7)]
295,0,3,2,4,[(2, 4), (2, 5), (2, 6), (3, 6), (3, 7), (3, 8)]
296,0,3,2,5,[(2, 5), (2, 6), (2, 7), (3, 7), (3, 8), (3, 9)]
297,0,3,2,6,[(2, 6), (2, 7), (2, 8), (3, 8), (3, 9), (3, 10)]
298,0,3,2,7,[(2, 7), (2, 8), (2, 9), (3, 9), (3, 10), (3, 11)]
299,0,3,2,8,[(2, 8), (2, 9), (2, 10), (3, 10), (3, 11), (3, 12)]
300,0,3,2,9,[(2, 9), (2, 10), (2, 11), (3, 11), (3, 12), (3, 13)]
301,0,3,2,10,[(2, 10), (2, 11), (2, 12), (3, 12), (3, 13), (3, 14)]
302,0,3,2,11,[(2, 11), (2, 12), (2, 13), (3, 13), (3, 14), (3, 15)]
303,0,3,2,12,[(2, 12), (2, 13), (2, 14), (3, 14), (3, 15), (3, 16)]
304,0,3,3,0,[(3, 0), (3, 1), (3, 2), (4, 2), (4, 3), (4, 4)]
305,0,3,3,1,[(3, 1), (3, 2), (3, 3), (4, 3), (4, 4), (4, 5)]
306,0,3,3,2,[(3, 2), (3, 3), (3, 4), (4, 4), (4, 5), (4, 6)]
307,0,3,3,3,[(3, 3), (3, 4), (3, 5), (4, 5), (4, 6), (4, 7)]
308,0,3,3,4,[(3, 4), (3, 5), (3, 6), (4, 6), (4, 7), (4, 8)]
309,0,3,3,5,[(3, 5), (3, 6), (3, 7), (4, 7), (4, 8), (4, 9)]
310,0,3,3,6,[(3, 6), (3, 7), (3, 8), (4, 8), (4, 9), (4, 10)]
311,0,3,3,7,[(3, 7), (3, 8), (3, 9), (4, 9), (4, 10), (4, 11)]
312,0,3,3,8,[(3, 8), (3, 9), (3, 10), (4, 10), (4, 11), (4, 12)]
313,0,3,3,9,[(3, 9), (3, 10), (3, 11), (4, 11), (4, 12), (4, 13)]
314,0,3,3,10,[(3, 10), (3, 11), (3, 12), (4, 12), (4, 13), (4, 14)]
315,0,3,3,11,[(3, 11), (3, 12), (3, 13), (4, 13), (4, 14), (4, 15)]
316,0,3,3,12,[(3, 12), (3, 13), (3, 14), (4, 14), (4, 15), (4, 16)]
317,0,3,4,0,[(4, 0), (4, 1), (4, 2), (5, 2), (5, 3), (5, 4)]
318,0,3,4,1,[(4, 1), (4, 2), (4, 3), (5, 3), (5, 4), (5, 5)]
319,0,3,4,2,[(4, 2), (4, 3), (4, 4), (5, 4), (5, 5), (5, 6)]
320,0,3,4,3,[(4, 3), (4, 4), (4, 5), (5, 5), (5, 6), (5, 7)]
321,0,3,4,4,[(4, 4), (4, 5), (4, 6), (5, 6), (5, 7), (5, 8)]
322,0,3,4,5,[(4, 5), (4, 6), (4, 7), (5, 7), (5, 8), (5, 9)]
323,0,3,4,6,[(4, 6), (4, 7), (4, 8), (5, 8), (5, 9), (5, 10)]
324,0,3,4,7,[(4, 7), (4, 8), (4, 9), (5, 9), (5, 10), (5, 11)]
325,0,3,4,8,[(4, 8), (4, 9), (4, 10), (5, 10), (5, 11), (5, 12)]
326,0,3,4,9,[(4, 9), (4, 10), (4, 11), (5, 11), (5, 12), (5, 13)]
327,0,3,4,10,[(4, 10), (4, 11), (4, 12), (5, 12), (5, 13), (5, 14)]
328,0,3,4,11,[(4, 11), (4, 12), (4, 13), (5, 13), (5, 14), (5, 15)]
329,0,3,4,12,[(4, 12), (4, 13), (4, 14), (5, 14), (5, 15), (5, 16)]
330,0,3,5,0,[(5, 0), (5, 1), (5, 2), (6, 2), (6, 3), (6, 4)]
331,0,3,5,1,[(5, 1), (5, 2), (5, 3), (6, 3), (6, 4), (6, 5)]
332,0,3,5,2,[(5, 2), (5, 3), (5, 4), (6, 4), (6, 5), (6, 6)]
333,0,3,5,3,[(5, 3), (5, 4), (5, 5), (6, 5), (6, 6), (6, 7)]
334,0,3,5,4,[(5, 4), (5, 5), (5, 6), (6, 6), (6, 7), (6, 8)]
335,0,3,5,5,[(5, 5), (5, 6), (5, 7), (6, 7), (6, 8), (6, 9)]
336,0,3,5,6,[(5, 6), (5, 7), (5, 8), (6, 8), (6, 9), (6, 10)]
337,0,3,5,7,[(5, 7), (5, 8), (5, 9), (6, 9), (6, 10), (6, 11)]
338,0,3,5,8,[(5, 8), (5, 9), (5, 10), (6, 10), (6, 11), (6, 12)]
339,0,3,5,9,[(5, 9), (5, 10), (5, 11), (6, 11), (6, 12), (6, 13)]
340,0,3,5,10,[(5, 10), (5, 11), (5, 12), (6, 12), (6, 13), (6, 14)]
341,0,3,5,11,[(5, 11), (5, 12), (5, 13), (6, 13), (6, 14), (6, 15)]
342,0,3,5,12,[(5, 12), (5, 13), (5, 14), (6, 14), (6, 15), (6, 16)]
343,0,3,6,0,[(6, 0), (6, 1), (6, 2), (7, 2), (7, 3), (7, 4)]
344,0,3,6,1,[(6, 1), (6, 2), (6, 3), (7, 3), (7, 4), (7, 5)]
345,0,3,6,2,[(6, 2), (6, 3), (6, 4), (7, 4), (7, 5), (7, 6)]
346,0,3,6,3,[(6, 3), (6, 4), (6, 5), (7, 5), (7, 6), (7, 7)]
347,0,3,6,4,[(6, 4), (6, 5), (6, 6), (7, 6), (7, 7), (7, 8)]
348,0,3,6,5,[(6, 5), (6, 6), (6, 7), (7, 7), (7, 8), (7, 9)]
349,0,3,6,6,[(6, 6), (6, 7), (6, 8), (7, 8), (7, 9), (7, 10)]
350,0,3,6,7,[(6, 7), (6, 8), (6, 9), (7, 9), (7, 10), (7, 11)]
351,0,3,6,8,[(6, 8), (6, 9), (6, 10), (7, 10), (7, 11), (7, 12)]
352,0,3,6,9,[(6, 9), (6, 10), (6, 11), (7, 11), (7, 12), (7, 13)]
353,0,3,6,10,[(6, 10), (6, 11), (6, 12), (7, 12), (7, 13), (7, 14)]
354,0,3,6,11,[(6, 11), (6, 12), (6, 13), (7, 13), (7, 14), (7, 15)]
355,0,3,6,12,[(6, 12), (6, 13), (6, 14), (7, 14), (7, 15), (7, 16)]
356,0,3,7,0,[(7, 0), (7, 1), (7, 2), (8, 2), (8, 3), (8, 4)]
357,0,3,7,1,[(7, 1), (7, 2), (7, 3), (8, 3), (8, 4), (8, 5)]
358,0,3,7,2,[(7, 2), (7, 3), (7, 4), (8, 4), (8, 5), (8, 6)]
359,0,3,7,3,[(7, 3), (7, 4), (7, 5), (8, 5), (8, 6), (8, 7)]
360,0,3,7,4,[(7, 4), (7, 5), (7, 6), (8, 6), (8, 7), (8, 8)]
361,0,3,7,5,[(7, 5), (7, 6), (7, 7), (8, 7), (8, 8), (8, 9)]
362,0,3,7,6,[(7, 6), (7, 7), (7, 8), (8, 8), (8, 9), (8, 10)]
363,0,3,7,7,[(7, 7), (7, 8), (7, 9), (8, 9), (8, 10), (8, 11)]
364,0,3,7,8,[(7, 8), (7, 9), (7, 10), (8, 10), (8, 11), (8, 12)]
365,0,3,7,9,[(7, 9), (7, 10), (7, 11), (8, 11), (8, 12), (8, 13)]
366,0,3,7,10,[(7, 10), (7, 11), (7, 12), (8, 12), (8, 13), (8, 14)]
367,0,3,7,11,[(7, 11), (7, 12), (7, 13), (8, 13), (8, 14), (8, 15)]
368,0,3,7,12,[(7, 12), (7, 13), (7, 14), (8, 14), (8, 15), (8, 16)]
369,1,0,0,0,[(0, 1), (0, 2), (1, 1), (2, 0), (2, 1), (3, 1)]
370,1,0,0,1,[(0, 2), (0, 3), (1, 2), (2, 1), (2, 2), (3, 2)]
371,1,0,0,2,[(0, 3), (0, 4), (1, 3), (2, 2), (2, 3), (3, 3)]
372,1,0,0,3,[(0, 4), (0, 5), (1, 4), (2, 3), (2, 4), (3, 4)]
373,1,0,0,4,[(0, 5), (0, 6), (1, 5), (2, 4), (2, 5), (3, 5)]
374,1,0,0,5,[(0, 6), (0, 7), (1, 6), (2, 5), (2, 6), (3, 6)]
375,1,0,0,6,[(0, 7), (0, 8), (1, 7), (2, 6), (2, 7), (3, 7)]
376,1,0,0,7,[(0, 8), (0, 9), (1, 8), (2, 7), (2, 8), (3, 8)]
377,1,0,0,8,[(0, 9), (0, 10), (1, 9), (2, 8), (2, 9), (3, 9)]
378,1,0,0,9,[(0, 10), (0, 11), (1, 10), (2, 9), (2, 10), (3, 10)]
379,1,0,0,10,[(0, 11), (0, 12), (1, 11), (2, 10), (2, 11), (3, 11)]
380,1,0,0,11,[(0, 12), (0, 13), (1, 12), (2, 11), (2, 12), (3, 12)]
381,1,0,0,12,[(0, 13), (0, 14), (1, 13), (2, 12), (2, 13), (3, 13)]
382,1,0,0,13,[(0, 14), (0, 15), (1, 14), (2, 13), (2, 14), (3, 14)]
383,1,0,0,14,[(0, 15), (0, 16), (1, 15), (2, 14), (2, 15), (3, 15)]
384,1,0,1,0,[(1, 1), (1, 2), (2, 1), (3, 0), (3, 1), (4, 1)]
385,1,0,1,1,[(1, 2), (1, 3), (2, 2), (3, 1), (3, 2), (4, 2)]
386,1,0,1,2,[(1, 3), (1, 4), (2, 3), (3, 2), (3, 3), (4, 3)]
387,1,0,1,3,[(1, 4), (1, 5), (2, 4), (3, 3), (3, 4), (4, 4)]
388,1,0,1,4,[(1, 5), (1, 6), (2, 5), (3, 4), (3, 5), (4, 5)]
389,1,0,1,5,[(1, 6), (1, 7), (2, 6), (3, 5), (3, 6), (4, 6)]
390,1,0,1,6,[(1, 7), (1, 8), (2, 7), (3, 6), (3, 7), (4, 7)]
391,1,0,1,7,[(1, 8), (1, 9), (2, 8), (3, 7), (3, 8), (4, 8)]
392,1,0,1,8,[(1, 9), (1, 10), (2, 9), (3, 8), (3, 9), (4, 9)]
393,1,0,1,9,[(1, 10), (1, 11), (2, 10), (3, 9), (3, 10), (4, 10)]
394,1,0,1,10,[(1, 11), (1, 12), (2, 11), (3, 10), (3, 11), (4, 11)]
395,1,0,1,11,[(1, 12), (1, 13), (2, 12), (3, 11), (3, 12), (4, 12)]
396,1,0,1,12,[(1, 13), (1, 14), (2, 13), (3, 12), (3, 13), (4, 13)]
397,1,0,1,13,[(1, 14), (1, 15), (2, 14), (3, 13), (3, 14), (4, 14)]
398,1,0,1,14,[(1, 15), (1, 16), (2, 15), (3, 14), (3, 15), (4, 15)]
399,1,0,2,0,[(2, 1), (2, 2), (3, 1), (4, 0), (4, 1), (5, 1)]
400,1,0,2,1,[(2, 2), (2, 3), (3, 2), (4, 1), (4, 2), (5, 2)]
401,1,0,2,2,[(2, 3), (2, 4), (3, 3), (4, 2), (4, 3), (5, 3)]
402,1,0,2,3,[(2, 4), (2, 5), (3, 4), (4, 3), (4, 4), (5, 4)]
403,1,0,2,4,[(2, 5), (2, 6), (3, 5), (4, 4), (4, 5), (5, 5)]
404,1,0,2,5,[(2, 6), (2, 7), (3, 6), (4, 5), (4, 6), (5, 6)]
405,1,0,2,6,[(2, 7), (2, 8), (3, 7), (4, 6), (4, 7), (5, 7)]
406,1,0,2,7,[(2, 8), (2, 9), (3, 8), (4, 7), (4, 8), (5, 8)]
407,1,0,2,8,[(2, 9), (2, 10), (3, 9), (4, 8), (4, 9), (5, 9)]
408,1,0,2,9,[(2, 10), (2, 11), (3, 10), (4, 9), (4, 10), (5, 10)]
409,1,0,2,10,[(2, 11), (2, 12), (3, 11), (4, 10), (4, 11), (5, 11)]
410,1,0,2,11,[(2, 12), (2, 13), (3, 12), (4, 11), (4, 12), (5, 12)]
411,1,0,2,12,[(2, 13), (2, 14), (3, 13), (4, 12), (4, 13), (5, 13)]
412,1,0,2,13,[(2, 14), (2, 15), (3, 14), (4, 13), (4, 14), (5, 14)]
413,1,0,2,14,[(2, 15), (2, 16), (3, 15), (4, 14), (4, 15), (5, 15)]
414,1,0,3,0,[(3, 1), (3, 2), (4, 1), (5, 0), (5, 1), (6, 1)]
415,1,0,3,1,[(3, 2), (3, 3), (4, 2), (5, 1), (5, 2), (6, 2)]
416,1,0,3,2,[(3, 3), (3, 4), (4, 3), (5, 2), (5, 3), (6, 3)]
417,1,0,3,3,[(3, 4), (3, 5), (4, 4), (5, 3), (5, 4), (6, 4)]
418,1,0,3,4,[(3, 5), (3, 6), (4, 5), (5, 4), (5, 5), (6, 5)]
419,1,0,3,5,[(3, 6), (3, 7), (4, 6), (5, 5), (5, 6), (6, 6)]
420,1,0,3,6,[(3, 7), (3, 8), (4, 7), (5, 6), (5, 7), (6, 7)]
421,1,0,3,7,[(3, 8), (3, 9), (4, 8), (5, 7), (5, 8), (6, 8)]
422,1,0,3,8,[(3, 9), (3, 10), (4, 9), (5, 8), (5, 9), (6, 9)]
423,1,0,3,9,[(3, 10), (3, 11), (4, 10), (5, 9), (5, 10), (6, 10)]
424,1,0,3,10,[(3, 11), (3, 12), (4, 11), (5, 10), (5, 11), (6, 11)]
425,1,0,3,11,[(3, 12), (3, 13), (4, 12), (5, 11), (5, 12), (6, 12)]
426,1,0,3,12,[(3, 13), (3, 14), (4, 13), (5, 12), (5, 13), (6, 13)]
427,1,0,3,13,[(3, 14), (3, 15), (4, 14), (5, 13), (5, 14), (6, 14)]
428,1,0,3,14,[(3, 15), (3, 16), (4, 15), (5, 14), (5, 15), (6, 15)]
429,1,0,4,0,[(4, 1), (4, 2), (5, 1), (6, 0), (6, 1), (7, 1)]
430,1,0,4,1,[(4, 2), (4, 3), (5, 2), (6, 1), (6, 2), (7, 2)]
431,1,0,4,2,[(4, 3), (4, 4), (5, 3), (6, 2), (6, 3), (7, 3)]
432,1,0,4,3,[(4, 4), (4, 5), (5, 4), (6, 3), (6, 4), (7, 4)]
433,1,0,4,4,[(4, 5), (4, 6), (5, 5), (6, 4), (6, 5), (7, 5)]
434,1,0,4,5,[(4, 6), (4, 7), (5, 6), (6, 5), (6, 6), (7, 6)]
435,1,0,4,6,[(4, 7), (4, 8), (5, 7), (6, 6), (6, 7), (7, 7)]
436,1,0,4,7,[(4, 8), (4, 9), (5, 8), (6, 7), (6, 8), (7, 8)]
437,1,0,4,8,[(4, 9), (4, 10), (5, 9), (6, 8), (6, 9), (7, 9)]
438,1,0,4,9,[(4, 10), (4, 11), (5, 10), (6, 9), (6, 10), (7, 10)]
439,1,0,4,10,[(4, 11), (4, 12), (5, 11), (6, 10), (6, 11), (7, 11)]
440,1,0,4,11,[(4, 12), (4, 13), (5, 12), (6, 11), (6, 12), (7, 12)]
441,1,0,4,12,[(4, 13), (4, 14), (5, 13), (6, 12), (6, 13), (7, 13)]
442,1,0,4,13,[(4, 14), (4, 15), (5, 14), (6, 13), (6, 14), (7, 14)]
443,1,0,4,14,[(4, 15), (4, 16), (5, 15), (6, 14), (6, 15), (7, 15)]
444,1,0,5,0,[(5, 1), (5, 2), (6, 1), (7, 0), (7, 1), (8, 1)]
445,1,0,5,1,[(5, 2), (5, 3), (6, 2), (7, 1), (7, 2), (8, 2)]
446,1,0,5,2,[(5, 3), (5, 4), (6, 3), (7, 2), (7, 3), (8, 3)]
447,1,0,5,3,[(5, 4), (5, 5), (6, 4), (7, 3), (7, 4), (8, 4)]
448,1,0,5,4,[(5, 5), (5, 6), (6, 5), (7, 4), (7, 5), (8, 5)]
449,1,0,5,5,[(5, 6), (5, 7), (6, 6), (7, 5), (7, 6), (8, 6)]
450,1,0,5,6,[(5, 7), (5, 8), (6, 7), (7, 6), (7, 7), (8, 7)]
451,1,0,5,7,[(5, 8), (5, 9), (6, 8), (7, 7), (7, 8), (8, 8)]
452,1,0,5,8,[(5, 9), (5, 10), (6, 9), (7, 8), (7, 9), (8, 9)]
453,1,0,5,9,[(5, 10), (5, 11), (6, 10), (7, 9), (7, 10), (8, 10)]
454,1,0,5,10,[(5, 11), (5, 12), (6, 11), (7, 10), (7, 11), (8, 11)]
455,1,0,5,11,[(5, 12), (5, 13), (6, 12), (7, 11), (7, 12), (8, 12)]
456,1,0,5,12,[(5, 13), (5, 14), (6, 13), (7, 12), (7, 13), (8, 13)]
457,1,0,5,13,[(5, 14), (5, 15), (6, 14), (7, 13), (7, 14), (8, 14)]
458,1,0,5,14,[(5, 15), (5, 16), (6, 15), (7, 14), (7, 15), (8, 15)]
459,1,1,0,0,[(0, 0), (0, 1), (1, 1), (2, 1), (2, 2), (3, 1)]
460,1,1,0,1,[(0, 1), (0, 2), (1, 2), (2, 2), (2, 3), (3, 2)]
461,1,1,0,2,[(0, 2), (0, 3), (1, 3), (2, 3), (2, 4), (3, 3)]
462,1,1,0,3,[(0, 3), (0, 4), (1, 4), (2, 4), (2, 5), (3, 4)]
463,1,1,0,4,[(0, 4), (0, 5), (1, 5), (2, 5), (2, 6), (3, 5)]
464,1,1,0,5,[(0, 5), (0, 6), (1, 6), (2, 6), (2, 7), (3, 6)]
465,1,1,0,6,[(0, 6), (0, 7), (1, 7), (2, 7), (2, 8), (3, 7)]
466,1,1,0,7,[(0, 7), (0, 8), (1, 8), (2, 8), (2, 9), (3, 8)]
467,1,1,0,8,[(0, 8), (0, 9), (1, 9), (2, 9), (2, 10), (3, 9)]
468,1,1,0,9,[(0, 9), (0, 10), (1, 10), (2, 10), (2, 11), (3, 10)]
469,1,1,0,10,[(0, 10), (0, 11), (1, 11), (2, 11), (2, 12), (3, 11)]
470,1,1,0,11,[(0, 11), (0, 12), (1, 12), (2, 12), (2, 13), (3, 12)]
471,1,1,0,12,[(0, 12), (0, 13), (1, 13), (2, 13), (2, 14), (3, 13)]
472,1,1,0,13,[(0, 13), (0, 14), (1, 14), (2, 14), (2, 15), (3, 14)]
473,1,1,0,14,[(0, 14), (0, 15), (1, 15), (2, 15), (2, 16), (3, 15)]
474,1,1,1,0,[(1, 0), (1, 1), (2, 1), (3, 1), (3, 2), (4, 1)]
475,1,1,1,1,[(1, 1), (1, 2), (2, 2), (3, 2), (3, 3), (4, 2)]
476,1,1,1,2,[(1, 2), (1, 3), (2, 3), (3, 3), (3, 4), (4, 3)]
477,1,1,1,3,[(1, 3), (1, 4), (2, 4), (3, 4), (3, 5), (4, 4)]
478,1,1,1,4,[(1, 4), (1, 5), (2, 5), (3, 5), (3, 6), (4, 5)]
479,1,1,1,5,[(1, 5), (1, 6), (2, 6), (3, 6), (3, 7), (4, 6)]
480,1,1,1,6,[(1, 6), (1, 7), (2, 7), (3, 7), (3, 8), (4, 7)]
481,1,1,1,7,[(1, 7), (1, 8), (2, 8), (3, 8), (3, 9), (4, 8)]
482,1,1,1,8,[(1, 8), (1, 9), (2, 9), (3, 9), (3, 10), (4, 9)]
483,1,1,1,9,[(1, 9), (1, 10), (2, 10), (3, 10), (3, 11), (4, 10)]
484,1,1,1,10,[(1, 10), (1, 11), (2, 11), (3, 11), (3, 12), (4, 11)]
485,1,1,1,11,[(1, 11), (1, 12), (2, 12), (3, 12), (3, 13), (4, 12)]
486,1,1,1,12,[(1, 12), (1, 13), (2, 13), (3, 13), (3, 14), (4, 13)]
487,1,1,1,13,[(1, 13), (1, 14), (2, 14), (3, 14), (3, 15), (4, 14)]
488,1,1,1,14,[(1, 14), (1, 15), (2, 15), (3, 15), (3, 16), (4, 15)]
489,1,1,2,0,[(2, 0), (2, 1), (3, 1), (4, 1), (4, 2), (5, 1)]
490,1,1,2,1,[(2, 1), (2, 2), (3, 2), (4, 2), (4, 3), (5, 2)]
491,1,1,2,2,[(2, 2), (2, 3), (3, 3), (4, 3), (4, 4), (5, 3)]
492,1,1,2,3,[(2, 3), (2, 4), (3, 4), (4, 4), (4, 5), (5, 4)]
493,1,1,2,4,[(2, 4), (2, 5), (3, 5), (4, 5), (4, 6), (5, 5)]
494,1,1,2,5,[(2, 5), (2, 6), (3, 6), (4, 6), (4, 7), (5, 6)]
495,1,1,2,6,[(2, 6), (2, 7), (3, 7), (4, 7), (4, 8), (5, 7)]
496,1,1,2,7,[(2, 7), (2, 8), (3, 8), (4, 8), (4, 9), (5, 8)]
497,1,1,2,8,[(2, 8), (2, 9), (3, 9), (4, 9), (4, 10), (5, 9)]
498,1,1,2,9,[(2, 9), (2, 10), (3, 10), (4, 10), (4, 11), (5, 10)]
499,1,1,2,10,[(2, 10), (2, 11), (3, 11), (4, 11), (4, 12), (5, 11)]
500,1,1,2,11,[(2, 11), (2, 12), (3, 12), (4, 12), (4, 13), (5, 12)]
501,1,1,2,12,[(2, 12), (2, 13), (3, 13), (4, 13), (4, 14), (5, 13)]
502,1,1,2,13,[(2, 13), (2, 14), (3, 14), (4, 14), (4, 15), (5, 14)]
503,1,1,2,14,[(2, 14), (2, 15), (3, 15), (4, 15), (4, 16), (5, 15)]
504,1,1,3,0,[(3, 0), (3, 1), (4, 1), (5, 1), (5, 2), (6, 1)]
505,1,1,3,1,[(3, 1), (3, 2), (4, 2), (5, 2), (5, 3), (6, 2)]
506,1,1,3,2,[(3, 2), (3, 3), (4, 3), (5, 3), (5, 4), (6, 3)]
507,1,1,3,3,[(3, 3), (3, 4), (4, 4), (5, 4), (5, 5), (6, 4)]
508,1,1,3,4,[(3, 4), (3, 5), (4, 5), (5, 5), (5, 6), (6, 5)]
509,1,1,3,5,[(3, 5), (3, 6), (4, 6), (5, 6), (5, 7), (6, 6)]
510,1,1,3,6,[(3, 6), (3, 7), (4, 7), (5, 7), (5, 8), (6, 7)]
511,1,1,3,7,[(3, 7), (3, 8), (4, 8), (5, 8), (5, 9), (6, 8)]
512,1,1,3,8,[(3, 8), (3, 9), (4, 9), (5, 9), (5, 10), (6, 9)]
513,1,1,3,9,[(3, 9), (3, 10), (4, 10), (5, 10), (5, 11), (6, 10)]
514,1,1,3,10,[(3, 10), (3, 11), (4, 11), (5, 11), (5, 12), (6, 11)]
515,1,1,3,11,[(3, 11), (3, 12), (4, 12), (5, 12), (5, 13), (6, 12)]
516,1,1,3,12,[(3, 12), (3, 13), (4, 13), (5, 13), (5, 14), (6, 13)]
517,1,1,3,13,[(3, 13), (3, 14), (4, 14), (5, 14), (5, 15), (6, 14)]
518,1,1,3,14,[(3, 14), (3, 15), (4, 15), (5, 15), (5, 16), (6, 15)]
519,1,1,4,0,[(4, 0), (4, 1), (5, 1), (6, 1), (6, 2), (7, 1)]
520,1,1,4,1,[(4, 1), (4, 2), (5, 2), (6, 2), (6, 3), (7, 2)]
521,1,1,4,2,[(4, 2), (4, 3), (5, 3), (6, 3), (6, 4), (7, 3)]
522,1,1,4,3,[(4, 3), (4, 4), (5, 4), (6, 4), (6, 5), (7, 4)]
523,1,1,4,4,[(4, 4), (4, 5), (5, 5), (6, 5), (6, 6), (7, 5)]
524,1,1,4,5,[(4, 5), (4, 6), (5, 6), (6, 6), (6, 7), (7, 6)]
525,1,1,4,6,[(4, 6), (4, 7), (5, 7), (6, 7), (6, 8), (7, 7)]
526,1,1,4,7,[(4, 7), (4, 8), (5, 8), (6, 8), (6, 9), (7, 8)]
527,1,1,4,8,[(4, 8), (4, 9), (5, 9), (6, 9), (6, 10), (7, 9)]
528,1,1,4,9,[(4, 9), (4, 10), (5, 10), (6, 10), (6, 11), (7, 10)]
529,1,1,4,10,[(4, 10), (4, 11), (5, 11), (6, 11), (6, 12), (7, 11)]
530,1,1,4,11,[(4, 11), (4, 12), (5, 12), (6, 12), (6, 13), (7, 12)]
531,1,1,4,12,[(4, 12), (4, 13), (5, 13), (6, 13), (6, 14), (7, 13)]
532,1,1,4,13,[(4, 13), (4, 14), (5, 14), (6, 14), (6, 15), (7, 14)]
533,1,1,4,14,[(4, 14), (4, 15), (5, 15), (6, 15), (6, 16), (7, 15)]
534,1,1,5,0,[(5, 0), (5, 1), (6, 1), (7, 1), (7, 2), (8, 1)]
535,1,1,5,1,[(5, 1), (5, 2), (6, 2), (7, 2), (7, 3), (8, 2)]
536,1,1,5,2,[(5, 2), (5, 3), (6, 3), (7, 3), (7, 4), (8, 3)]
537,1,1,5,3,[(5, 3), (5, 4), (6, 4), (7, 4), (7, 5), (8, 4)]
538,1,1,5,4,[(5, 4), (5, 5), (6, 5), (7, 5), (7, 6), (8, 5)]
539,1,1,5,5,[(5, 5), (5, 6), (6, 6), (7, 6), (7, 7), (8, 6)]
540,1,1,5,6,[(5, 6), (5, 7), (6, 7), (7, 7), (7, 8), (8, 7)]
541,1,1,5,7,[(5, 7), (5, 8), (6, 8), (7, 8), (7, 9), (8, 8)]
542,1,1,5,8,[(5, 8), (5, 9), (6, 9), (7, 9), (7, 10), (8, 9)]
543,1,1,5,9,[(5, 9), (5, 10), (6, 10), (7, 10), (7, 11), (8, 10)]
544,1,1,5,10,[(5, 10), (5, 11), (6, 11), (7, 11), (7, 12), (8, 11)]
545,1,1,5,11,[(5, 11), (5, 12), (6, 12), (7, 12), (7, 13), (8, 12)]
546,1,1,5,12,[(5, 12), (5, 13), (6, 13), (7, 13), (7, 14), (8, 13)]
547,1,1,5,13,[(5, 13), (5, 14), (6, 14), (7, 14), (7, 15), (8, 14)]
548,1,1,5,14,[(5, 14), (5, 15), (6, 15), (7, 15), (7, 16), (8, 15)]
549,1,2,0,0,[(0, 1), (1, 0), (1, 1), (2, 1), (3, 1), (3, 2)]
550,1,2,0,1,[(0, 2), (1, 1), (1, 2), (2, 2), (3, 2), (3, 3)]
551,1,2,0,2,[(0, 3), (1, 2), (1, 3), (2, 3), (3, 3), (3, 4)]
552,1,2,0,3,[(0, 4), (1, 3), (1, 4), (2, 4), (3, 4), (3, 5)]
553,1,2,0,4,[(0, 5), (1, 4), (1, 5), (2, 5), (3, 5), (3, 6)]
554,1,2,0,5,[(0, 6), (1, 5), (1, 6), (2, 6), (3, 6), (3, 7)]
555,1,2,0,6,[(0, 7), (1, 6), (1, 7), (2, 7), (3, 7), (3, 8)]
556,1,2,0,7,[(0, 8), (1, 7), (1, 8), (2, 8), (3, 8), (3, 9)]
557,1,2,0,8,[(0, 9), (1, 8), (1, 9), (2, 9), (3, 9), (3, 10)]
558,1,2,0,9,[(0, 10), (1, 9), (1, 10), (2, 10), (3, 10), (3, 11)]
559,1,2,0,10,[(0, 11), (1, 10), (1, 11), (2, 11), (3, 11), (3, 12)]
560,1,2,0,11,[(0, 12), (1, 11), (1, 12), (2, 12), (3, 12), (3, 13)]
561,1,2,0,12,[(0, 13), (1, 12), (1, 13), (2, 13), (3, 13), (3, 14)]
562,1,2,0,13,[(0, 14), (1, 13), (1, 14), (2, 14), (3, 14), (3, 15)]
563,1,2,0,14,[(0, 15), (1, 14), (1, 15), (2, 15), (3, 15), (3, 16)]
564,1,2,1,0,[(1, 1), (2, 0), (2, 1), (3, 1), (4, 1), (4, 2)]
565,1,2,1,1,[(1, 2), (2, 1), (2, 2), (3, 2), (4, 2), (4, 3)]
566,1,2,1,2,[(1, 3), (2, 2), (2, 3), (3, 3), (4, 3), (4, 4)]
567,1,2,1,3,[(1, 4), (2, 3), (2, 4), (3, 4), (4, 4), (4, 5)]
568,1,2,1,4,[(1, 5), (2, 4), (2, 5), (3, 5), (4, 5), (4, 6)]
569,1,2,1,5,[(1, 6), (2, 5), (2, 6), (3, 6), (4, 6), (4, 7)]
570,1,2,1,6,[(1, 7), (2, 6), (2, 7), (3, 7), (4, 7), (4, 8)]
571,1,2,1,7,[(1, 8), (2, 7), (2, 8), (3, 8), (4, 8), (4, 9)]
572,1,2,1,8,[(1, 9), (2, 8), (2, 9), (3, 9), (4, 9), (4, 10)]
573,1,2,1,9,[(1, 10), (2, 9), (2, 10), (3, 10), (4, 10), (4, 11)]
574,1,2,1,10,[(1, 11), (2, 10), (2, 11), (3, 11), (4, 11), (4, 12)]
575,1,2,1,11,[(1, 12), (2, 11), (2, 12), (3, 12), (4, 12), (4, 13)]
576,1,2,1,12,[(1, 13), (2, 12), (2, 13), (3, 13), (4, 13), (4, 14)]
577,1,2,1,13,[(1, 14), (2, 13), (2, 14), (3, 14), (4, 14), (4, 15)]
578,1,2,1,14,[(1, 15), (2, 14), (2, 15), (3, 15), (4, 15), (4, 16)]
579,1,2,2,0,[(2, 1), (3, 0), (3, 1), (4, 1), (5, 1), (5, 2)]
580,1,2,2,1,[(2, 2), (3, 1), (3, 2), (4, 2), (5, 2), (5, 3)]
581,1,2,2,2,[(2, 3), (3, 2), (3, 3), (4, 3), (5, 3), (5, 4)]
582,1,2,2,3,[(2, 4), (3, 3), (3, 4), (4, 4), (5, 4), (5, 5)]
583,1,2,2,4,[(2, 5), (3, 4), (3, 5), (4, 5), (5, 5), (5, 6)]
584,1,2,2,5,[(2, 6), (3, 5), (3, 6), (4, 6), (5, 6), (5, 7)]
585,1,2,2,6,[(2, 7), (3, 6), (3, 7), (4, 7), (5, 7), (5, 8)]
586,1,2,2,7,[(2, 8), (3, 7), (3, 8), (4, 8), (5, 8), (5, 9)]
587,1,2,2,8,[(2, 9), (3, 8), (3, 9), (4, 9), (5, 9), (5, 10)]
588,1,2,2,9,[(2, 10), (3, 9), (3, 10), (4, 10), (5, 10), (5, 11)]
589,1,2,2,10,[(2, 11), (3, 10), (3, 11), (4, 11), (5, 11), (5, 12)]
590,1,2,2,11,[(2, 12), (3, 11), (3, 12), (4, 12), (5, 12), (5, 13)]
591,1,2,2,12,[(2, 13), (3, 12), (3, 13), (4, 13), (5, 13), (5, 14)]
592,1,2,2,13,[(2, 14), (3, 13), (3, 14), (4, 14), (5, 14), (5, 15)]
593,1,2,2,14,[(2, 15), (3, 14), (3, 15), (4, 15), (5, 15), (5, 16)]
594,1,2,3,0,[(3, 1), (4, 0), (4, 1), (5, 1), (6, 1), (6, 2)]
595,1,2,3,1,[(3, 2), (4, 1), (4, 2), (5, 2), (6, 2), (6, 3)]
596,1,2,3,2,[(3, 3), (4, 2), (4, 3), (5, 3), (6, 3), (6, 4)]
597,1,2,3,3,[(3, 4), (4, 3), (4, 4), (5, 4), (6, 4), (6, 5)]
598,1,2,3,4,[(3, 5), (4, 4), (4, 5), (5, 5), (6, 5), (6, 6)]
599,1,2,3,5,[(3, 6), (4, 5), (4, 6), (5, 6), (6, 6), (6, 7)]
600,1,2,3,6,[(3, 7), (4, 6), (4, 7), (5, 7), (6, 7), (6, 8)]
601,1,2,3,7,[(3, 8), (4, 7), (4, 8), (5, 8), (6, 8), (6, 9)]
602,1,2,3,8,[(3, 9), (4, 8), (4, 9), (5, 9), (6, 9), (6, 10)]
603,1,2,3,9,[(3, 10), (4, 9), (4, 10), (5, 10), (6, 10), (6, 11)]
604,1,2,3,10,[(3, 11), (4, 10), (4, 11), (5, 11), (6, 11), (6, 12)]
605,1,2,3,11,[(3, 12), (4, 11), (4, 12), (5, 12), (6, 12), (6, 13)]
606,1,2,3,12,[(3, 13), (4, 12), (4, 13), (5, 13), (6, 13), (6, 14)]
607,1,2,3,13,[(3, 14), (4, 13), (4, 14), (5, 14), (6, 14), (6, 15)]
608,1,2,3,14,[(3, 15), (4, 14), (4, 15), (5, 15), (6, 15), (6, 16)]
609,1,2,4,0,[(4, 1), (5, 0), (5, 1), (6, 1), (7, 1), (7, 2)]
610,1,2,4,1,[(4, 2), (5, 1), (5, 2), (6, 2), (7, 2), (7, 3)]
611,1,2,4,2,[(4, 3), (5, 2), (5, 3), (6, 3), (7, 3), (7, 4)]
612,1,2,4,3,[(4, 4), (5, 3), (5, 4), (6, 4), (7, 4), (7, 5)]
613,1,2,4,4,[(4, 5), (5, 4), (5, 5), (6, 5), (7, 5), (7, 6)]
614,1,2,4,5,[(4, 6), (5, 5), (5, 6), (6, 6), (7, 6), (7, 7)]
615,1,2,4,6,[(4, 7), (5, 6), (5, 7), (6, 7), (7, 7), (7, 8)]
616,1,2,4,7,[(4, 8), (5, 7), (5, 8), (6, 8), (7, 8), (7, 9)]
617,1,2,4,8,[(4, 9), (5, 8), (5, 9), (6, 9), (7, 9), (7, 10)]
618,1,2,4,9,[(4, 10), (5, 9), (5, 10), (6, 10), (7, 10), (7, 11)]
619,1,2,4,10,[(4, 11), (5, 10), (5, 11), (6, 11), (7, 11), (7, 12)]
620,1,2,4,11,[(4, 12), (5, 11), (5, 12), (6, 12), (7, 12), (7, 13)]
621,1,2,4,12,[(4, 13), (5, 12), (5, 13), (6, 13), (7, 13), (7, 14)]
622,1,2,4,13,[(4, 14), (5, 13), (5, 14), (6, 14), (7, 14), (7, 15)]
623,1,2,4,14,[(4, 15), (5, 14), (5, 15), (6, 15), (7, 15), (7, 16)]
624,1,2,5,0,[(5, 1), (6, 0), (6, 1), (7, 1), (8, 1), (8, 2)]
625,1,2,5,1,[(5, 2), (6, 1), (6, 2), (7, 2), (8, 2), (8, 3)]
626,1,2,5,2,[(5, 3), (6, 2), (6, 3), (7, 3), (8, 3), (8, 4)]
627,1,2,5,3,[(5, 4), (6, 3), (6, 4), (7, 4), (8, 4), (8, 5)]
628,1,2,5,4,[(5, 5), (6, 4), (6, 5), (7, 5), (8, 5), (8, 6)]
629,1,2,5,5,[(5, 6), (6, 5), (6, 6), (7, 6), (8, 6), (8, 7)]
630,1,2,5,6,[(5, 7), (6, 6), (6, 7), (7, 7), (8, 7), (8, 8)]
631,1,2,5,7,[(5, 8), (6, 7), (6, 8), (7, 8), (8, 8), (8, 9)]
632,1,2,5,8,[(5, 9), (6, 8), (6, 9), (7, 9), (8, 9), (8, 10)]
633,1,2,5,9,[(5, 10), (6, 9), (6, 10), (7, 10), (8, 10), (8, 11)]
634,1,2,5,10,[(5, 11), (6, 10), (6, 11), (7, 11), (8, 11), (8, 12)]
635,1,2,5,11,[(5, 12), (6, 11), (6, 12), (7, 12), (8, 12), (8, 13)]
636,1,2,5,12,[(5, 13), (6, 12), (6, 13), (7, 13), (8, 13), (8, 14)]
637,1,2,5,13,[(5, 14), (6, 13), (6, 14), (7, 14), (8, 14), (8, 15)]
638,1,2,5,14,[(5, 15), (6, 14), (6, 15), (7, 15), (8, 15), (8, 16)]
639,1,3,0,0,[(0, 1), (1, 0), (1, 1), (1, 2), (1, 3), (2, 3)]
640,1,3,0,1,[(0, 2), (1, 1), (1, 2), (1, 3), (1, 4), (2, 4)]
641,1,3,0,2,[(0, 3), (1, 2), (1, 3), (1, 4), (1, 5), (2, 5)]
642,1,3,0,3,[(0, 4), (1, 3), (1, 4), (1, 5), (1, 6), (2, 6)]
643,1,3,0,4,[(0, 5), (1, 4), (1, 5), (1, 6), (1, 7), (2, 7)]
644,1,3,0,5,[(0, 6), (1, 5), (1, 6), (1, 7), (1, 8), (2, 8)]
645,1,3,0,6,[(0, 7), (1, 6), (1, 7), (1, 8), (1, 9), (2, 9)]
646,1,3,0,7,[(0, 8), (1, 7), (1, 8), (1, 9), (1, 10), (2, 10)]
647,1,3,0,8,[(0, 9), (1, 8), (1, 9), (1, 10), (1, 11), (2, 11)]
648,1,3,0,9,[(0, 10), (1, 9), (1, 10), (1, 11), (1, 12), (2, 12)]
649,1,3,0,10,[(0, 11), (1, 10), (1, 11), (1, 12), (1, 13), (2, 13)]
650,1,3,0,11,[(0, 12), (1, 11), (1, 12), (1, 13), (1, 14), (2, 14)]
651,1,3,0,12,[(0, 13), (1, 12), (1, 13), (1, 14), (1, 15), (2, 15)]
652,1,3,0,13,[(0, 14), (1, 13), (1, 14), (1, 15), (1, 16), (2, 16)]
653,1,3,1,0,[(1, 1), (2, 0), (2, 1), (2, 2), (2, 3), (3, 3)]
654,1,3,1,1,[(1, 2), (2, 1), (2, 2), (2, 3), (2, 4), (3, 4)]
655,1,3,1,2,[(1, 3), (2, 2), (2, 3), (2, 4), (2, 5), (3, 5)]
656,1,3,1,3,[(1, 4), (2, 3), (2, 4), (2, 5), (2, 6), (3, 6)]
657,1,3,1,4,[(1, 5), (2, 4), (2, 5), (2, 6), (2, 7), (3, 7)]
658,1,3,1,5,[(1, 6), (2, 5), (2, 6), (2, 7), (2, 8), (3, 8)]
659,1,3,1,6,[(1, 7), (2, 6), (2, 7), (2, 8), (2, 9), (3, 9)]
660,1,3,1,7,[(1, 8), (2, 7), (2, 8), (2, 9), (2, 10), (3, 10)]
661,1,3,1,8,[(1, 9), (2, 8), (2, 9), (2, 10), (2, 11), (3, 11)]
662,1,3,1,9,[(1, 10), (2, 9), (2, 10), (2, 11), (2, 12), (3, 12)]
663,1,3,1,10,[(1, 11), (2, 10), (2, 11), (2, 12), (2, 13), (3, 13)]
664,1,3,1,11,[(1, 12), (2, 11), (2, 12), (2, 13), (2, 14), (3, 14)]
665,1,3,1,12,[(1, 13), (2, 12), (2, 13), (2, 14), (2, 15), (3, 15)]
666,1,3,1,13,[(1, 14), (2, 13), (2, 14), (2, 15), (2, 16), (3, 16)]
667,1,3,2,0,[(2, 1), (3, 0), (3, 1), (3, 2), (3, 3), (4, 3)]
668,1,3,2,1,[(2, 2), (3, 1), (3, 2), (3, 3), (3, 4), (4, 4)]
669,1,3,2,2,[(2, 3), (3, 2), (3, 3), (3, 4), (3, 5), (4, 5)]
670,1,3,2,3,[(2, 4), (3, 3), (3, 4), (3, 5), (3, 6), (4, 6)]
671,1,3,2,4,[(2, 5), (3, 4), (3, 5), (3, 6), (3, 7), (4, 7)]
672,1,3,2,5,[(2, 6), (3, 5), (3, 6), (3, 7), (3, 8), (4, 8)]
673,1,3,2,6,[(2, 7), (3, 6), (3, 7), (3, 8), (3, 9), (4, 9)]
674,1,3,2,7,[(2, 8), (3, 7), (3, 8), (3, 9), (3, 10), (4, 10)]
675,1,3,2,8,[(2, 9), (3, 8), (3, 9), (3, 10), (3, 11), (4, 11)]
676,1,3,2,9,[(2, 10), (3, 9), (3, 10), (3, 11), (3, 12), (4, 12)]
677,1,3,2,10,[(2, 11), (3, 10), (3, 11), (3, 12), (3, 13), (4, 13)]
678,1,3,2,11,[(2, 12), (3, 11), (3, 12), (3, 13), (3, 14), (4, 14)]
679,1,3,2,12,[(2, 13), (3, 12), (3, 13), (3, 14), (3, 15), (4, 15)]
680,1,3,2,13,[(2, 14), (3, 13), (3, 14), (3, 15), (3, 16), (4, 16)]
681,1,3,3,0,[(3, 1), (4, 0), (4, 1), (4, 2), (4, 3), (5, 3)]
682,1,3,3,1,[(3, 2), (4, 1), (4, 2), (4, 3), (4, 4), (5, 4)]
683,1,3,3,2,[(3, 3), (4, 2), (4, 3), (4, 4), (4, 5), (5, 5)]
684,1,3,3,3,[(3, 4), (4, 3), (4, 4), (4, 5), (4, 6), (5, 6)]
685,1,3,3,4,[(3, 5), (4, 4), (4, 5), (4, 6), (4, 7), (5, 7)]
686,1,3,3,5,[(3, 6), (4, 5), (4, 6), (4, 7), (4, 8), (5, 8)]
687,1,3,3,6,[(3, 7), (4, 6), (4, 7), (4, 8), (4, 9), (5, 9)]
688,1,3,3,7,[(3, 8), (4, 7), (4, 8), (4, 9), (4, 10), (5, 10)]
689,1,3,3,8,[(3, 9), (4, 8), (4, 9), (4, 10), (4, 11), (5, 11)]
690,1,3,3,9,[(3, 10), (4, 9), (4, 10), (4, 11), (4, 12), (5, 12)]
691,1,3,3,10,[(3, 11), (4, 10), (4, 11), (4, 12), (4, 13), (5, 13)]
692,1,3,3,11,[(3, 12), (4, 11), (4, 12), (4, 13), (4, 14), (5, 14)]
693,1,3,3,12,[(3, 13), (4, 12), (4, 13), (4, 14), (4, 15), (5, 15)]
694,1,3,3,13,[(3, 14), (4, 13), (4, 14), (4, 15), (4, 16), (5, 16)]
695,1,3,4,0,[(4, 1), (5, 0), (5, 1), (5, 2), (5, 3), (6, 3)]
696,1,3,4,1,[(4, 2), (5, 1), (5, 2), (5, 3), (5, 4), (6, 4)]
697,1,3,4,2,[(4, 3), (5, 2), (5, 3), (5, 4), (5, 5), (6, 5)]
698,1,3,4,3,[(4, 4), (5, 3), (5, 4), (5, 5), (5, 6), (6, 6)]
699,1,3,4,4,[(4, 5), (5, 4), (5, 5), (5, 6), (5, 7), (6, 7)]
700,1,3,4,5,[(4, 6), (5, 5), (5, 6), (5, 7), (5, 8), (6, 8)]
701,1,3,4,6,[(4, 7), (5, 6), (5, 7), (5, 8), (5, 9), (6, 9)]
702,1,3,4,7,[(4, 8), (5, 7), (5, 8), (5, 9), (5, 10), (6, 10)]
703,1,3,4,8,[(4, 9), (5, 8), (5, 9), (5, 10), (5, 11), (6, 11)]
704,1,3,4,9,[(4, 10), (5, 9), (5, 10), (5, 11), (5, 12), (6, 12)]
705,1,3,4,10,[(4, 11), (5, 10), (5, 11), (5, 12), (5, 13), (6, 13)]
706,1,3,4,11,[(4, 12), (5, 11), (5, 12), (5, 13), (5, 14), (6, 14)]
707,1,3,4,12,[(4, 13), (5, 12), (5, 13), (5, 14), (5, 15), (6, 15)]
708,1,3,4,13,[(4, 14), (5, 13), (5, 14), (5, 15), (5, 16), (6, 16)]
709,1,3,5,0,[(5, 1), (6, 0), (6, 1), (6, 2), (6, 3), (7, 3)]
710,1,3,5,1,[(5, 2), (6, 1), (6, 2), (6, 3), (6, 4), (7, 4)]
711,1,3,5,2,[(5, 3), (6, 2), (6, 3), (6, 4), (6, 5), (7, 5)]
712,1,3,5,3,[(5, 4), (6, 3), (6, 4), (6, 5), (6, 6), (7, 6)]
713,1,3,5,4,[(5, 5), (6, 4), (6, 5), (6, 6), (6, 7), (7, 7)]
714,1,3,5,5,[(5, 6), (6, 5), (6, 6), (6, 7), (6, 8), (7, 8)]
715,1,3,5,6,[(5, 7), (6, 6), (6, 7), (6, 8), (6, 9), (7, 9)]
716,1,3,5,7,[(5, 8), (6, 7), (6, 8), (6, 9), (6, 10), (7, 10)]
717,1,3,5,8,[(5, 9), (6, 8), (6, 9), (6, 10), (6, 11), (7, 11)]
718,1,3,5,9,[(5, 10), (6, 9), (6, 10), (6, 11), (6, 12), (7, 12)]
719,1,3,5,10,[(5, 11), (6, 10), (6, 11), (6, 12), (6, 13), (7, 13)]
720,1,3,5,11,[(5, 12), (6, 11), (6, 12), (6, 13), (6, 14), (7, 14)]
721,1,3,5,12,[(5, 13), (6, 12), (6, 13), (6, 14), (6, 15), (7, 15)]
722,1,3,5,13,[(5, 14), (6, 13), (6, 14), (6, 15), (6, 16), (7, 16)]
723,1,3,6,0,[(6, 1), (7, 0), (7, 1), (7, 2), (7, 3), (8, 3)]
724,1,3,6,1,[(6, 2), (7, 1), (7, 2), (7, 3), (7, 4), (8, 4)]
725,1,3,6,2,[(6, 3), (7, 2), (7, 3), (7, 4), (7, 5), (8, 5)]
726,1,3,6,3,[(6, 4), (7, 3), (7, 4), (7, 5), (7, 6), (8, 6)]
727,1,3,6,4,[(6, 5), (7, 4), (7, 5), (7, 6), (7, 7), (8, 7)]
728,1,3,6,5,[(6, 6), (7, 5), (7, 6), (7, 7), (7, 8), (8, 8)]
729,1,3,6,6,[(6, 7), (7, 6), (7, 7), (7, 8), (7, 9), (8, 9)]
730,1,3,6,7,[(6, 8), (7, 7), (7, 8), (7, 9), (7, 10), (8, 10)]
731,1,3,6,8,[(6, 9), (7, 8), (7, 9), (7, 10), (7, 11), (8, 11)]
732,1,3,6,9,[(6, 10), (7, 9), (7, 10), (7, 11), (7, 12), (8, 12)]
733,1,3,6,10,[(6, 11), (7, 10), (7, 11), (7, 12), (7, 13), (8, 13)]
734,1,3,6,11,[(6, 12), (7, 11), (7, 12), (7, 13), (7, 14), (8, 14)]
735,1,3,6,12,[(6, 13), (7, 12), (7, 13), (7, 14), (7, 15), (8, 15)]
736,1,3,6,13,[(6, 14), (7, 13), (7, 14), (7, 15), (7, 16), (8, 16)]
737,1,4,0,0,[(0, 2), (1, 0), (1, 1), (1, 2), (1, 3), (2, 0)]
738,1,4,0,1,[(0, 3), (1, 1), (1, 2), (1, 3), (1, 4), (2, 1)]
739,1,4,0,2,[(0, 4), (1, 2), (1, 3), (1, 4), (1, 5), (2, 2)]
740,1,4,0,3,[(0, 5), (1, 3), (1, 4), (1, 5), (1, 6), (2, 3)]
741,1,4,0,4,[(0, 6), (1, 4), (1, 5), (1, 6), (1, 7), (2, 4)]
742,1,4,0,5,[(0, 7), (1, 5), (1, 6), (1, 7), (1, 8), (2, 5)]
743,1,4,0,6,[(0, 8), (1, 6), (1, 7), (1, 8), (1, 9), (2, 6)]
744,1,4,0,7,[(0, 9), (1, 7), (1, 8), (1, 9), (1, 10), (2, 7)]
745,1,4,0,8,[(0, 10), (1, 8), (1, 9), (1, 10), (1, 11), (2, 8)]
746,1,4,0,9,[(0, 11), (1, 9), (1, 10), (1, 11), (1, 12), (2, 9)]
747,1,4,0,10,[(0, 12), (1, 10), (1, 11), (1, 12), (1, 13), (2, 10)]
748,1,4,0,11,[(0, 13), (1, 11), (1, 12), (1, 13), (1, 14), (2, 11)]
749,1,4,0,12,[(0, 14), (1, 12), (1, 13), (1, 14), (1, 15), (2, 12)]
750,1,4,0,13,[(0, 15), (1, 13), (1, 14), (1, 15), (1, 16), (2, 13)]
751,1,4,1,0,[(1, 2), (2, 0), (2, 1), (2, 2), (2, 3), (3, 0)]
752,1,4,1,1,[(1, 3), (2, 1), (2, 2), (2, 3), (2, 4), (3, 1)]
753,1,4,1,2,[(1, 4), (2, 2), (2, 3), (2, 4), (2, 5), (3, 2)]
754,1,4,1,3,[(1, 5), (2, 3), (2, 4), (2, 5), (2, 6), (3, 3)]
755,1,4,1,4,[(1, 6), (2, 4), (2, 5), (2, 6), (2, 7), (3, 4)]
756,1,4,1,5,[(1, 7), (2, 5), (2, 6), (2, 7), (2, 8), (3, 5)]
757,1,4,1,6,[(1, 8), (2, 6), (2, 7), (2, 8), (2, 9), (3, 6)]
758,1,4,1,7,[(1, 9), (2, 7), (2, 8), (2, 9), (2, 10), (3, 7)]
759,1,4,1,8,[(1, 10), (2, 8), (2, 9), (2, 10), (2, 11), (3, 8)]
760,1,4,1,9,[(1, 11), (2, 9), (2, 10), (2, 11), (2, 12), (3, 9)]
761,1,4,1,10,[(1, 12), (2, 10), (2, 11), (2, 12), (2, 13), (3, 10)]
762,1,4,1,11,[(1, 13), (2, 11), (2, 12), (2, 13), (2, 14), (3, 11)]
763,1,4,1,12,[(1, 14), (2, 12), (2, 13), (2, 14), (2, 15), (3, 12)]
764,1,4,1,13,[(1, 15), (2, 13), (2, 14), (2, 15), (2, 16), (3, 13)]
765,1,4,2,0,[(2, 2), (3, 0), (3, 1), (3, 2), (3, 3), (4, 0)]
766,1,4,2,1,[(2, 3), (3, 1), (3, 2), (3, 3), (3, 4), (4, 1)]
767,1,4,2,2,[(2, 4), (3, 2), (3, 3), (3, 4), (3, 5), (4, 2)]
768,1,4,2,3,[(2, 5), (3, 3), (3, 4), (3, 5), (3, 6), (4, 3)]
769,1,4,2,4,[(2, 6), (3, 4), (3, 5), (3, 6), (3, 7), (4, 4)]
770,1,4,2,5,[(2, 7), (3, 5), (3, 6), (3, 7), (3, 8), (4, 5)]
771,1,4,2,6,[(2, 8), (3, 6), (3, 7), (3, 8), (3, 9), (4, 6)]
772,1,4,2,7,[(2, 9), (3, 7), (3, 8), (3, 9), (3, 10), (4, 7)]
773,1,4,2,8,[(2, 10), (3, 8), (3, 9), (3, 10), (3, 11), (4, 8)]
774,1,4,2,9,[(2, 11), (3, 9), (3, 10), (3, 11), (3, 12), (4, 9)]
775,1,4,2,10,[(2, 12), (3, 10), (3, 11), (3, 12), (3, 13), (4, 10)]
776,1,4,2,11,[(2, 13), (3, 11), (3, 12), (3, 13), (3, 14), (4, 11)]
777,1,4,2,12,[(2, 14), (3, 12), (3, 13), (3, 14), (3, 15), (4, 12)]
778,1,4,2,13,[(2, 15), (3, 13), (3, 14), (3, 15), (3, 16), (4, 13)]
779,1,4,3,0,[(3, 2), (4, 0), (4, 1), (4, 2), (4, 3), (5, 0)]
780,1,4,3,1,[(3, 3), (4, 1), (4, 2), (4, 3), (4, 4), (5, 1)]
781,1,4,3,2,[(3, 4), (4, 2), (4, 3), (4, 4), (4, 5), (5, 2)]
782,1,4,3,3,[(3, 5), (4, 3), (4, 4), (4, 5), (4, 6), (5, 3)]
783,1,4,3,4,[(3, 6), (4, 4), (4, 5), (4, 6), (4, 7), (5, 4)]
784,1,4,3,5,[(3, 7), (4, 5), (4, 6), (4, 7), (4, 8), (5, 5)]
785,1,4,3,6,[(3, 8), (4, 6), (4, 7), (4, 8), (4, 9), (5, 6)]
786,1,4,3,7,[(3, 9), (4, 7), (4, 8), (4, 9), (4, 10), (5, 7)]
787,1,4,3,8,[(3, 10), (4, 8), (4, 9), (4, 10), (4, 11), (5, 8)]
788,1,4,3,9,[(3, 11), (4, 9), (4, 10), (4, 11), (4, 12), (5, 9)]
789,1,4,3,10,[(3, 12), (4, 10), (4, 11), (4, 12), (4, 13), (5, 10)]
790,1,4,3,11,[(3, 13), (4, 11), (4, 12), (4, 13), (4, 14), (5, 11)]
791,1,4,3,12,[(3, 14), (4, 12), (4, 13), (4, 14), (4, 15), (5, 12)]
792,1,4,3,13,[(3, 15), (4, 13), (4, 14), (4, 15), (4, 16), (5, 13)]
793,1,4,4,0,[(4, 2), (5, 0), (5, 1), (5, 2), (5, 3), (6, 0)]
794,1,4,4,1,[(4, 3), (5, 1), (5, 2), (5, 3), (5, 4), (6, 1)]
795,1,4,4,2,[(4, 4), (5, 2), (5, 3), (5, 4), (5, 5), (6, 2)]
796,1,4,4,3,[(4, 5), (5, 3), (5, 4), (5, 5), (5, 6), (6, 3)]
797,1,4,4,4,[(4, 6), (5, 4), (5, 5), (5, 6), (5, 7), (6, 4)]
798,1,4,4,5,[(4, 7), (5, 5), (5, 6), (5, 7), (5, 8), (6, 5)]
799,1,4,4,6,[(4, 8), (5, 6), (5, 7), (5, 8), (5, 9), (6, 6)]
800,1,4,4,7,[(4, 9), (5, 7), (5, 8), (5, 9), (5, 10), (6, 7)]
801,1,4,4,8,[(4, 10), (5, 8), (5, 9), (5, 10), (5, 11), (6, 8)]
802,1,4,4,9,[(4, 11), (5, 9), (5, 10), (5, 11), (5, 12), (6, 9)]
803,1,4,4,10,[(4, 12), (5, 10), (5, 11), (5, 12), (5, 13), (6, 10)]
804,1,4,4,11,[(4, 13), (5, 11), (5, 12), (5, 13), (5, 14), (6, 11)]
805,1,4,4,12,[(4, 14), (5, 12), (5, 13), (5, 14), (5, 15), (6, 12)]
806,1,4,4,13,[(4, 15), (5, 13), (5, 14), (5, 15), (5, 16), (6, 13)]
807,1,4,5,0,[(5, 2), (6, 0), (6, 1), (6, 2), (6, 3), (7, 0)]
808,1,4,5,1,[(5, 3), (6, 1), (6, 2), (6, 3), (6, 4), (7, 1)]
809,1,4,5,2,[(5, 4), (6, 2), (6, 3), (6, 4), (6, 5), (7, 2)]
810,1,4,5,3,[(5, 5), (6, 3), (6, 4), (6, 5), (6, 6), (7, 3)]
811,1,4,5,4,[(5, 6), (6, 4), (6, 5), (6, 6), (6, 7), (7, 4)]
812,1,4,5,5,[(5, 7), (6, 5), (6, 6), (6, 7), (6, 8), (7, 5)]
813,1,4,5,6,[(5, 8), (6, 6), (6, 7), (6, 8), (6, 9), (7, 6)]
814,1,4,5,7,[(5, 9), (6, 7), (6, 8), (6, 9), (6, 10), (7, 7)]
815,1,4,5,8,[(5, 10), (6, 8), (6, 9), (6, 10), (6, 11), (7, 8)]
816,1,4,5,9,[(5, 11), (6, 9), (6, 10), (6, 11), (6, 12), (7, 9)]
817,1,4,5,10,[(5, 12), (6, 10), (6, 11), (6, 12), (6, 13), (7, 10)]
818,1,4,5,11,[(5, 13), (6, 11), (6, 12), (6, 13), (6, 14), (7, 11)]
819,1,4,5,12,[(5, 14), (6, 12), (6, 13), (6, 14), (6, 15), (7, 12)]
820,1,4,5,13,[(5, 15), (6, 13), (6, 14), (6, 15), (6, 16), (7, 13)]
821,1,4,6,0,[(6, 2), (7, 0), (7, 1), (7, 2), (7, 3), (8, 0)]
822,1,4,6,1,[(6, 3), (7, 1), (7, 2), (7, 3), (7, 4), (8, 1)]
823,1,4,6,2,[(6, 4), (7, 2), (7, 3), (7, 4), (7, 5), (8, 2)]
824,1,4,6,3,[(6, 5), (7, 3), (7, 4), (7, 5), (7, 6), (8, 3)]
825,1,4,6,4,[(6, 6), (7, 4), (7, 5), (7, 6), (7, 7), (8, 4)]
826,1,4,6,5,[(6, 7), (7, 5), (7, 6), (7, 7), (7, 8), (8, 5)]
827,1,4,6,6,[(6, 8), (7, 6), (7, 7), (7, 8), (7, 9), (8, 6)]
828,1,4,6,7,[(6, 9), (7, 7), (7, 8), (7, 9), (7, 10), (8, 7)]
829,1,4,6,8,[(6, 10), (7, 8), (7, 9), (7, 10), (7, 11), (8, 8)]
830,1,4,6,9,[(6, 11), (7, 9), (7, 10), (7, 11), (7, 12), (8, 9)]
831,1,4,6,10,[(6, 12), (7, 10), (7, 11), (7, 12), (7, 13), (8, 10)]
832,1,4,6,11,[(6, 13), (7, 11), (7, 12), (7, 13), (7, 14), (8, 11)]
833,1,4,6,12,[(6, 14), (7, 12), (7, 13), (7, 14), (7, 15), (8, 12)]
834,1,4,6,13,[(6, 15), (7, 13), (7, 14), (7, 15), (7, 16), (8, 13)]
835,1,5,0,0,[(0, 3), (1, 0), (1, 1), (1, 2), (1, 3), (2, 1)]
836,1,5,0,1,[(0, 4), (1, 1), (1, 2), (1, 3), (1, 4), (2, 2)]
837,1,5,0,2,[(0, 5), (1, 2), (1, 3), (1, 4), (1, 5), (2, 3)]
838,1,5,0,3,[(0, 6), (1, 3), (1, 4), (1, 5), (1, 6), (2, 4)]
839,1,5,0,4,[(0, 7), (1, 4), (1, 5), (1, 6), (1, 7), (2, 5)]
840,1,5,0,5,[(0, 8), (1, 5), (1, 6), (1, 7), (1, 8), (2, 6)]
841,1,5,0,6,[(0, 9), (1, 6), (1, 7), (1, 8), (1, 9), (2, 7)]
842,1,5,0,7,[(0, 10), (1, 7), (1, 8), (1, 9), (1, 10), (2, 8)]
843,1,5,0,8,[(0, 11), (1, 8), (1, 9), (1, 10), (1, 11), (2, 9)]
844,1,5,0,9,[(0, 12), (1, 9), (1, 10), (1, 11), (1, 12), (2, 10)]
845,1,5,0,10,[(0, 13), (1, 10), (1, 11), (1, 12), (1, 13), (2, 11)]
846,1,5,0,11,[(0, 14), (1, 11), (1, 12), (1, 13), (1, 14), (2, 12)]
847,1,5,0,12,[(0, 15), (1, 12), (1, 13), (1, 14), (1, 15), (2, 13)]
848,1,5,0,13,[(0, 16), (1, 13), (1, 14), (1, 15), (1, 16), (2, 14)]
849,1,5,1,0,[(1, 3), (2, 0), (2, 1), (2, 2), (2, 3), (3, 1)]
850,1,5,1,1,[(1, 4), (2, 1), (2, 2), (2, 3), (2, 4), (3, 2)]
851,1,5,1,2,[(1, 5), (2, 2), (2, 3), (2, 4), (2, 5), (3, 3)]
852,1,5,1,3,[(1, 6), (2, 3), (2, 4), (2, 5), (2, 6), (3, 4)]
853,1,5,1,4,[(1, 7), (2, 4), (2, 5), (2, 6), (2, 7), (3, 5)]
854,1,5,1,5,[(1, 8), (2, 5), (2, 6), (2, 7), (2, 8), (3, 6)]
855,1,5,1,6,[(1, 9), (2, 6), (2, 7), (2, 8), (2, 9), (3, 7)]
856,1,5,1,7,[(1, 10), (2, 7), (2, 8), (2, 9), (2, 10), (3, 8)]
857,1,5,1,8,[(1, 11), (2, 8), (2, 9), (2, 10), (2, 11), (3, 9)]
858,1,5,1,9,[(1, 12), (2, 9), (2, 10), (2, 11), (2, 12), (3, 10)]
859,1,5,1,10,[(1, 13), (2, 10), (2, 11), (2, 12), (2, 13), (3, 11)]
860,1,5,1,11,[(1, 14), (2, 11), (2, 12), (2, 13), (2, 14), (3, 12)]
861,1,5,1,12,[(1, 15), (2, 12), (2, 13), (2, 14), (2, 15), (3, 13)]
862,1,5,1,13,[(1, 16), (2, 13), (2, 14), (2, 15), (2, 16), (3, 14)]
863,1,5,2,0,[(2, 3), (3, 0), (3, 1), (3, 2), (3, 3), (4, 1)]
864,1,5,2,1,[(2, 4), (3, 1), (3, 2), (3, 3), (3, 4), (4, 2)]
865,1,5,2,2,[(2, 5), (3, 2), (3, 3), (3, 4), (3, 5), (4, 3)]
866,1,5,2,3,[(2, 6), (3, 3), (3, 4), (3, 5), (3, 6), (4, 4)]
867,1,5,2,4,[(2, 7), (3, 4), (3, 5), (3, 6), (3, 7), (4, 5)]
868,1,5,2,5,[(2, 8), (3, 5), (3, 6), (3, 7), (3, 8), (4, 6)]
869,1,5,2,6,[(2, 9), (3, 6), (3, 7), (3, 8), (3, 9), (4, 7)]
870,1,5,2,7,[(2, 10), (3, 7), (3, 8), (3, 9), (3, 10), (4, 8)]
871,1,5,2,8,[(2, 11), (3, 8), (3, 9), (3, 10), (3, 11), (4, 9)]
872,1,5,2,9,[(2, 12), (3, 9), (3, 10), (3, 11), (3, 12), (4, 10)]
873,1,5,2,10,[(2, 13), (3, 10), (3, 11), (3, 12), (3, 13), (4, 11)]
874,1,5,2,11,[(2, 14), (3, 11), (3, 12), (3, 13), (3, 14), (4, 12)]
875,1,5,2,12,[(2, 15), (3, 12), (3, 13), (3, 14), (3, 15), (4, 13)]
876,1,5,2,13,[(2, 16), (3, 13), (3, 14), (3, 15), (3, 16), (4, 14)]
877,1,5,3,0,[(3, 3), (4, 0), (4, 1), (4, 2), (4, 3), (5, 1)]
878,1,5,3,1,[(3, 4), (4, 1), (4, 2), (4, 3), (4, 4), (5, 2)]
879,1,5,3,2,[(3, 5), (4, 2), (4, 3), (4, 4), (4, 5), (5, 3)]
880,1,5,3,3,[(3, 6), (4, 3), (4, 4), (4, 5), (4, 6), (5, 4)]
881,1,5,3,4,[(3, 7), (4, 4), (4, 5), (4, 6), (4, 7), (5, 5)]
882,1,5,3,5,[(3, 8), (4, 5), (4, 6), (4, 7), (4, 8), (5, 6)]
883,1,5,3,6,[(3, 9), (4, 6), (4, 7), (4, 8), (4, 9), (5, 7)]
884,1,5,3,7,[(3, 10), (4, 7), (4, 8), (4, 9), (4, 10), (5, 8)]
885,1,5,3,8,[(3, 11), (4, 8), (4, 9), (4, 10), (4, 11), (5, 9)]
886,1,5,3,9,[(3, 12), (4, 9), (4, 10), (4, 11), (4, 12), (5, 10)]
887,1,5,3,10,[(3, 13), (4, 10), (4, 11), (4, 12), (4, 13), (5, 11)]
888,1,5,3,11,[(3, 14), (4, 11), (4, 12), (4, 13), (4, 14), (5, 12)]
889,1,5,3,12,[(3, 15), (4, 12), (4, 13), (4, 14), (4, 15), (5, 13)]
890,1,5,3,13,[(3, 16), (4, 13), (4, 14), (4, 15), (4, 16), (5, 14)]
891,1,5,4,0,[(4, 3), (5, 0), (5, 1), (5, 2), (5, 3), (6, 1)]
892,1,5,4,1,[(4, 4), (5, 1), (5, 2), (5, 3), (5, 4), (6, 2)]
893,1,5,4,2,[(4, 5), (5, 2), (5, 3), (5, 4), (5, 5), (6, 3)]
894,1,5,4,3,[(4, 6), (5, 3), (5, 4), (5, 5), (5, 6), (6, 4)]
895,1,5,4,4,[(4, 7), (5, 4), (5, 5), (5, 6), (5, 7), (6, 5)]
896,1,5,4,5,[(4, 8), (5, 5), (5, 6), (5, 7), (5, 8), (6, 6)]
897,1,5,4,6,[(4, 9), (5, 6), (5, 7), (5, 8), (5, 9), (6, 7)]
898,1,5,4,7,[(4, 10), (5, 7), (5, 8), (5, 9), (5, 10), (6, 8)]
899,1,5,4,8,[(4, 11), (5, 8), (5, 9), (5, 10), (5, 11), (6, 9)]
900,1,5,4,9,[(4, 12), (5, 9), (5, 10), (5, 11), (5, 12), (6, 10)]
901,1,5,4,10,[(4, 13), (5, 10), (5, 11), (5, 12), (5, 13), (6, 11)]
902,1,5,4,11,[(4, 14), (5, 11), (5, 12), (5, 13), (5, 14), (6, 12)]
903,1,5,4,12,[(4, 15), (5, 12), (5, 13), (5, 14), (5, 15), (6, 13)]
904,1,5,4,13,[(4, 16), (5, 13), (5, 14), (5, 15), (5, 16), (6, 14)]
905,1,5,5,0,[(5, 3), (6, 0), (6, 1), (6, 2), (6, 3), (7, 1)]
906,1,5,5,1,[(5, 4), (6, 1), (6, 2), (6, 3), (6, 4), (7, 2)]
907,1,5,5,2,[(5, 5), (6, 2), (6, 3), (6, 4), (6, 5), (7, 3)]
908,1,5,5,3,[(5, 6), (6, 3), (6, 4), (6, 5), (6, 6), (7, 4)]
909,1,5,5,4,[(5, 7), (6, 4), (6, 5), (6, 6), (6, 7), (7, 5)]
910,1,5,5,5,[(5, 8), (6, 5), (6, 6), (6, 7), (6, 8), (7, 6)]
911,1,5,5,6,[(5, 9), (6, 6), (6, 7), (6, 8), (6, 9), (7, 7)]
912,1,5,5,7,[(5, 10), (6, 7), (6, 8), (6, 9), (6, 10), (7, 8)]
913,1,5,5,8,[(5, 11), (6, 8), (6, 9), (6, 10), (6, 11), (7, 9)]
914,1,5,5,9,[(5, 12), (6, 9), (6, 10), (6, 11), (6, 12), (7, 10)]
915,1,5,5,10,[(5, 13), (6, 10), (6, 11), (6, 12), (6, 13), (7, 11)]
916,1,5,5,11,[(5, 14), (6, 11), (6, 12), (6, 13), (6, 14), (7, 12)]
917,1,5,5,12,[(5, 15), (6, 12), (6, 13), (6, 14), (6, 15), (7, 13)]
918,1,5,5,13,[(5, 16), (6, 13), (6, 14), (6, 15), (6, 16), (7, 14)]
919,1,5,6,0,[(6, 3), (7, 0), (7, 1), (7, 2), (7, 3), (8, 1)]
920,1,5,6,1,[(6, 4), (7, 1), (7, 2), (7, 3), (7, 4), (8, 2)]
921,1,5,6,2,[(6, 5), (7, 2), (7, 3), (7, 4), (7, 5), (8, 3)]
922,1,5,6,3,[(6, 6), (7, 3), (7, 4), (7, 5), (7, 6), (8, 4)]
923,1,5,6,4,[(6, 7), (7, 4), (7, 5), (7, 6), (7, 7), (8, 5)]
924,1,5,6,5,[(6, 8), (7, 5), (7, 6), (7, 7), (7, 8), (8, 6)]
925,1,5,6,6,[(6, 9), (7, 6), (7, 7), (7, 8), (7, 9), (8, 7)]
926,1,5,6,7,[(6, 10), (7, 7), (7, 8), (7, 9), (7, 10), (8, 8)]
927,1,5,6,8,[(6, 11), (7, 8), (7, 9), (7, 10), (7, 11), (8, 9)]
928,1,5,6,9,[(6, 12), (7, 9), (7, 10), (7, 11), (7, 12), (8, 10)]
929,1,5,6,10,[(6, 13), (7, 10), (7, 11), (7, 12), (7, 13), (8, 11)]
930,1,5,6,11,[(6, 14), (7, 11), (7, 12), (7, 13), (7, 14), (8, 12)]
931,1,5,6,12,[(6, 15), (7, 12), (7, 13), (7, 14), (7, 15), (8, 13)]
932,1,5,6,13,[(6, 16), (7, 13), (7, 14), (7, 15), (7, 16), (8, 14)]
933,1,6,0,0,[(0, 1), (1, 1), (1, 2), (2, 1), (3, 0), (3, 1)]
934,1,6,0,1,[(0, 2), (1, 2), (1, 3), (2, 2), (3, 1), (3, 2)]
935,1,6,0,2,[(0, 3), (1, 3), (1, 4), (2, 3), (3, 2), (3, 3)]
936,1,6,0,3,[(0, 4), (1, 4), (1, 5), (2, 4), (3, 3), (3, 4)]
937,1,6,0,4,[(0, 5), (1, 5), (1, 6), (2, 5), (3, 4), (3, 5)]
938,1,6,0,5,[(0, 6), (1, 6), (1, 7), (2, 6), (3, 5), (3, 6)]
939,1,6,0,6,[(0, 7), (1, 7), (1, 8), (2, 7), (3, 6), (3, 7)]
940,1,6,0,7,[(0, 8), (1, 8), (1, 9), (2, 8), (3, 7), (3, 8)]
941,1,6,0,8,[(0, 9), (1, 9), (1, 10), (2, 9), (3, 8), (3, 9)]
942,1,6,0,9,[(0, 10), (1, 10), (1, 11), (2, 10), (3, 9), (3, 10)]
943,1,6,0,10,[(0, 11), (1, 11), (1, 12), (2, 11), (3, 10), (3, 11)]
944,1,6,0,11,[(0, 12), (1, 12), (1, 13), (2, 12), (3, 11), (3, 12)]
945,1,6,0,12,[(0, 13), (1, 13), (1, 14), (2, 13), (3, 12), (3, 13)]
946,1,6,0,13,[(0, 14), (1, 14), (1, 15), (2, 14), (3, 13), (3, 14)]
947,1,6,0,14,[(0, 15), (1, 15), (1, 16), (2, 15), (3, 14), (3, 15)]
948,1,6,1,0,[(1, 1), (2, 1), (2, 2), (3, 1), (4, 0), (4, 1)]
949,1,6,1,1,[(1, 2), (2, 2), (2, 3), (3, 2), (4, 1), (4, 2)]
950,1,6,1,2,[(1, 3), (2, 3), (2, 4), (3, 3), (4, 2), (4, 3)]
951,1,6,1,3,[(1, 4), (2, 4), (2, 5), (3, 4), (4, 3), (4, 4)]
952,1,6,1,4,[(1, 5), (2, 5), (2, 6), (3, 5), (4, 4), (4, 5)]
953,1,6,1,5,[(1, 6), (2, 6), (2, 7), (3, 6), (4, 5), (4, 6)]
954,1,6,1,6,[(1, 7), (2, 7), (2, 8), (3, 7), (4, 6), (4, 7)]
955,1,6,1,7,[(1, 8), (2, 8), (2, 9), (3, 8), (4, 7), (4, 8)]
956,1,6,1,8,[(1, 9), (2, 9), (2, 10), (3, 9), (4, 8), (4, 9)]
957,1,6,1,9,[(1, 10), (2, 10), (2, 11), (3, 10), (4, 9), (4, 10)]
958,1,6,1,10,[(1, 11), (2, 11), (2, 12), (3, 11), (4, 10), (4, 11)]
959,1,6,1,11,[(1, 12), (2, 12), (2, 13), (3, 12), (4, 11), (4, 12)]
960,1,6,1,12,[(1, 13), (2, 13), (2, 14), (3, 13), (4, 12), (4, 13)]
961,1,6,1,13,[(1, 14), (2, 14), (2, 15), (3, 14), (4, 13), (4, 14)]
962,1,6,1,14,[(1, 15), (2, 15), (2, 16), (3, 15), (4, 14), (4, 15)]
963,1,6,2,0,[(2, 1), (3, 1), (3, 2), (4, 1), (5, 0), (5, 1)]
964,1,6,2,1,[(2, 2), (3, 2), (3, 3), (4, 2), (5, 1), (5, 2)]
965,1,6,2,2,[(2, 3), (3, 3), (3, 4), (4, 3), (5, 2), (5, 3)]
966,1,6,2,3,[(2, 4), (3, 4), (3, 5), (4, 4), (5, 3), (5, 4)]
967,1,6,2,4,[(2, 5), (3, 5), (3, 6), (4, 5), (5, 4), (5, 5)]
968,1,6,2,5,[(2, 6), (3, 6), (3, 7), (4, 6), (5, 5), (5, 6)]
969,1,6,2,6,[(2, 7), (3, 7), (3, 8), (4, 7), (5, 6), (5, 7)]
970,1,6,2,7,[(2, 8), (3, 8), (3, 9), (4, 8), (5, 7), (5, 8)]
971,1,6,2,8,[(2, 9), (3, 9), (3, 10), (4, 9), (5, 8), (5, 9)]
972,1,6,2,9,[(2, 10), (3, 10), (3, 11), (4, 10), (5, 9), (5, 10)]
973,1,6,2,10,[(2, 11), (3, 11), (3, 12), (4, 11), (5, 10), (5, 11)]
974,1,6,2,11,[(2, 12), (3, 12), (3, 13), (4, 12), (5, 11), (5, 12)]
975,1,6,2,12,[(2, 13), (3, 13), (3, 14), (4, 13), (5, 12), (5, 13)]
976,1,6,2,13,[(2, 14), (3, 14), (3, 15), (4, 14), (5, 13), (5, 14)]
977,1,6,2,14,[(2, 15), (3, 15), (3, 16), (4, 15), (5, 14), (5, 15)]
978,1,6,3,0,[(3, 1), (4, 1), (4, 2), (5, 1), (6, 0), (6, 1)]
979,1,6,3,1,[(3, 2), (4, 2), (4, 3), (5, 2), (6, 1), (6, 2)]
980,1,6,3,2,[(3, 3), (4, 3), (4, 4), (5, 3), (6, 2), (6, 3)]
981,1,6,3,3,[(3, 4), (4, 4), (4, 5), (5, 4), (6, 3), (6, 4)]
982,1,6,3,4,[(3, 5), (4, 5), (4, 6), (5, 5), (6, 4), (6, 5)]
983,1,6,3,5,[(3, 6), (4, 6), (4, 7), (5, 6), (6, 5), (6, 6)]
984,1,6,3,6,[(3, 7), (4, 7), (4, 8), (5, 7), (6, 6), (6, 7)]
985,1,6,3,7,[(3, 8), (4, 8), (4, 9), (5, 8), (6, 7), (6, 8)]
986,1,6,3,8,[(3, 9), (4, 9), (4, 10), (5, 9), (6, 8), (6, 9)]
987,1,6,3,9,[(3, 10), (4, 10), (4, 11), (5, 10), (6, 9), (6, 10)]
988,1,6,3,10,[(3, 11), (4, 11), (4, 12), (5, 11), (6, 10), (6, 11)]
989,1,6,3,11,[(3, 12), (4, 12), (4, 13), (5, 12), (6, 11), (6, 12)]
990,1,6,3,12,[(3, 13), (4, 13), (4, 14), (5, 13), (6, 12), (6, 13)]
991,1,6,3,13,[(3, 14), (4, 14), (4, 15), (5, 14), (6, 13), (6, 14)]
992,1,6,3,14,[(3, 15), (4, 15), (4, 16), (5, 15), (6, 14), (6, 15)]
993,1,6,4,0,[(4, 1), (5, 1), (5, 2), (6, 1), (7, 0), (7, 1)]
994,1,6,4,1,[(4, 2), (5, 2), (5, 3), (6, 2), (7, 1), (7, 2)]
995,1,6,4,2,[(4, 3), (5, 3), (5, 4), (6, 3), (7, 2), (7, 3)]
996,1,6,4,3,[(4, 4), (5, 4), (5, 5), (6, 4), (7, 3), (7, 4)]
997,1,6,4,4,[(4, 5), (5, 5), (5, 6), (6, 5), (7, 4), (7, 5)]
998,1,6,4,5,[(4, 6), (5, 6), (5, 7), (6, 6), (7, 5), (7, 6)]
999,1,6,4,6,[(4, 7), (5, 7), (5, 8), (6, 7), (7, 6), (7, 7)]
1000,1,6,4,7,[(4, 8), (5, 8), (5, 9), (6, 8), (7, 7), (7, 8)]
1001,1,6,4,8,[(4, 9), (5, 9), (5, 10), (6, 9), (7, 8), (7, 9)]
1002,1,6,4,9,[(4, 10), (5, 10), (5, 11), (6, 10), (7, 9), (7, 10)]
1003,1,6,4,10,[(4, 11), (5, 11), (5, 12), (6, 11), (7, 10), (7, 11)]
1004,1,6,4,11,[(4, 12), (5, 12), (5, 13), (6, 12), (7, 11), (7, 12)]
1005,1,6,4,12,[(4, 13), (5, 13), (5, 14), (6, 13), (7, 12), (7, 13)]
1006,1,6,4,13,[(4, 14), (5, 14), (5, 15), (6, 14), (7, 13), (7, 14)]
1007,1,6,4,14,[(4, 15), (5, 15), (5, 16), (6, 15), (7, 14), (7, 15)]
1008,1,6,5,0,[(5, 1), (6, 1), (6, 2), (7, 1), (8, 0), (8, 1)]
1009,1,6,5,1,[(5, 2), (6, 2), (6, 3), (7, 2), (8, 1), (8, 2)]
1010,1,6,5,2,[(5, 3), (6, 3), (6, 4), (7, 3), (8, 2), (8, 3)]
1011,1,6,5,3,[(5, 4), (6, 4), (6, 5), (7, 4), (8, 3), (8, 4)]
1012,1,6,5,4,[(5, 5), (6, 5), (6, 6), (7, 5), (8, 4), (8, 5)]
1013,1,6,5,5,[(5, 6), (6, 6), (6, 7), (7, 6), (8, 5), (8, 6)]
1014,1,6,5,6,[(5, 7), (6, 7), (6, 8), (7, 7), (8, 6), (8, 7)]
1015,1,6,5,7,[(5, 8), (6, 8), (6, 9), (7, 8), (8, 7), (8, 8)]
1016,1,6,5,8,[(5, 9), (6, 9), (6, 10), (7, 9), (8, 8), (8, 9)]
1017,1,6,5,9,[(5, 10), (6, 10), (6, 11), (7, 10), (8, 9), (8, 10)]
1018,1,6,5,10,[(5, 11), (6, 11), (6, 12), (7, 11), (8, 10), (8, 11)]
1019,1,6,5,11,[(5, 12), (6, 12), (6, 13), (7, 12), (8, 11), (8, 12)]
1020,1,6,5,12,[(5, 13), (6, 13), (6, 14), (7, 13), (8, 12), (8, 13)]
1021,1,6,5,13,[(5, 14), (6, 14), (6, 15), (7, 14), (8, 13), (8, 14)]
1022,1,6,5,14,[(5, 15), (6, 15), (6, 16), (7, 15), (8, 14), (8, 15)]
1023,1,7,0,0,[(0, 0), (1, 0), (1, 1), (1, 2), (1, 3), (2, 2)]
1024,1,7,0,1,[(0, 1), (1, 1), (1, 2), (1, 3), (1, 4), (2, 3)]
1025,1,7,0,2,[(0, 2), (1, 2), (1, 3), (1, 4), (1, 5), (2, 4)]
1026,1,7,0,3,[(0, 3), (1, 3), (1, 4), (1, 5), (1, 6), (2, 5)]
1027,1,7,0,4,[(0, 4), (1, 4), (1, 5), (1, 6), (1, 7), (2, 6)]
1028,1,7,0,5,[(0, 5), (1, 5), (1, 6), (1, 7), (1, 8), (2, 7)]
1029,1,7,0,6,[(0, 6), (1, 6), (1, 7), (1, 8), (1, 9), (2, 8)]
1030,1,7,0,7,[(0, 7), (1, 7), (1, 8), (1, 9), (1, 10), (2, 9)]
1031,1,7,0,8,[(0, 8), (1, 8), (1, 9), (1, 10), (1, 11), (2, 10)]
1032,1,7,0,9,[(0, 9), (1, 9), (1, 10), (1, 11), (1, 12), (2, 11)]
1033,1,7,0,10,[(0, 10), (1, 10), (1, 11), (1, 12), (1, 13), (2, 12)]
1034,1,7,0,11,[(0, 11), (1, 11), (1, 12), (1, 13), (1, 14), (2, 13)]
1035,1,7,0,12,[(0, 12), (1, 12), (1, 13), (1, 14), (1, 15), (2, 14)]
1036,1,7,0,13,[(0, 13), (1, 13), (1, 14), (1, 15), (1, 16), (2, 15)]
1037,1,7,1,0,[(1, 0), (2, 0), (2, 1), (2, 2), (2, 3), (3, 2)]
1038,1,7,1,1,[(1, 1), (2, 1), (2, 2), (2, 3), (2, 4), (3, 3)]
1039,1,7,1,2,[(1, 2), (2, 2), (2, 3), (2, 4), (2, 5), (3, 4)]
1040,1,7,1,3,[(1, 3), (2, 3), (2, 4), (2, 5), (2, 6), (3, 5)]
1041,1,7,1,4,[(1, 4), (2, 4), (2, 5), (2, 6), (2, 7), (3, 6)]
1042,1,7,1,5,[(1, 5), (2, 5), (2, 6), (2, 7), (2, 8), (3, 7)]
1043,1,7,1,6,[(1, 6), (2, 6), (2, 7), (2, 8), (2, 9), (3, 8)]
1044,1,7,1,7,[(1, 7), (2, 7), (2, 8), (2, 9), (2, 10), (3, 9)]
1045,1,7,1,8,[(1, 8), (2, 8), (2, 9), (2, 10), (2, 11), (3, 10)]
1046,1,7,1,9,[(1, 9), (2, 9), (2, 10), (2, 11), (2, 12), (3, 11)]
1047,1,7,1,10,[(1, 10), (2, 10), (2, 11), (2, 12), (2, 13), (3, 12)]
1048,1,7,1,11,[(1, 11), (2, 11), (2, 12), (2, 13), (2, 14), (3, 13)]
1049,1,7,1,12,[(1, 12), (2, 12), (2, 13), (2, 14), (2, 15), (3, 14)]
1050,1,7,1,13,[(1, 13), (2, 13), (2, 14), (2, 15), (2, 16), (3, 15)]
1051,1,7,2,0,[(2, 0), (3, 0), (3, 1), (3, 2), (3, 3), (4, 2)]
1052,1,7,2,1,[(2, 1), (3, 1), (3, 2), (3, 3), (3, 4), (4, 3)]
1053,1,7,2,2,[(2, 2), (3, 2), (3, 3), (3, 4), (3, 5), (4, 4)]
1054,1,7,2,3,[(2, 3), (3, 3), (3, 4), (3, 5), (3, 6), (4, 5)]
1055,1,7,2,4,[(2, 4), (3, 4), (3, 5), (3, 6), (3, 7), (4, 6)]
1056,1,7,2,5,[(2, 5), (3, 5), (3, 6), (3, 7), (3, 8), (4, 7)]
1057,1,7,2,6,[(2, 6), (3, 6), (3, 7), (3, 8), (3, 9), (4, 8)]
1058,1,7,2,7,[(2, 7), (3, 7), (3, 8), (3, 9), (3, 10), (4, 9)]
1059,1,7,2,8,[(2, 8), (3, 8), (3, 9), (3, 10), (3, 11), (4, 10)]
1060,1,7,2,9,[(2, 9), (3, 9), (3, 10), (3, 11), (3, 12), (4, 11)]
1061,1,7,2,10,[(2, 10), (3, 10), (3, 11), (3, 12), (3, 13), (4, 12)]
1062,1,7,2,11,[(2, 11), (3, 11), (3, 12), (3, 13), (3, 14), (4, 13)]
1063,1,7,2,12,[(2, 12), (3, 12), (3, 13), (3, 14), (3, 15), (4, 14)]
1064,1,7,2,13,[(2, 13), (3, 13), (3, 14), (3, 15), (3, 16), (4, 15)]
1065,1,7,3,0,[(3, 0), (4, 0), (4, 1), (4, 2), (4, 3), (5, 2)]
1066,1,7,3,1,[(3, 1), (4, 1), (4, 2), (4, 3), (4, 4), (5, 3)]
1067,1,7,3,2,[(3, 2), (4, 2), (4, 3), (4, 4), (4, 5), (5, 4)]
1068,1,7,3,3,[(3, 3), (4, 3), (4, 4), (4, 5), (4, 6), (5, 5)]
1069,1,7,3,4,[(3, 4), (4, 4), (4, 5), (4, 6), (4, 7), (5, 6)]
1070,1,7,3,5,[(3, 5), (4, 5), (4, 6), (4, 7), (4, 8), (5, 7)]
1071,1,7,3,6,[(3, 6), (4, 6), (4, 7), (4, 8), (4, 9), (5, 8)]
1072,1,7,3,7,[(3, 7), (4, 7), (4, 8), (4, 9), (4, 10), (5, 9)]
1073,1,7,3,8,[(3, 8), (4, 8), (4, 9), (4, 10), (4, 11), (5, 10)]
1074,1,7,3,9,[(3, 9), (4, 9), (4, 10), (4, 11), (4, 12), (5, 11)]
1075,1,7,3,10,[(3, 10), (4, 10), (4, 11), (4, 12), (4, 13), (5, 12)]
1076,1,7,3,11,[(3, 11), (4, 11), (4, 12), (4, 13), (4, 14), (5, 13)]
1077,1,7,3,12,[(3, 12), (4, 12), (4, 13), (4, 14), (4, 15), (5, 14)]
1078,1,7,3,13,[(3, 13), (4, 13), (4, 14), (4, 15), (4, 16), (5, 15)]
1079,1,7,4,0,[(4, 0), (5, 0), (5, 1), (5, 2), (5, 3), (6, 2)]
1080,1,7,4,1,[(4, 1), (5, 1), (5, 2), (5, 3), (5, 4), (6, 3)]
1081,1,7,4,2,[(4, 2), (5, 2), (5, 3), (5, 4), (5, 5), (6, 4)]
1082,1,7,4,3,[(4, 3), (5, 3), (5, 4), (5, 5), (5, 6), (6, 5)]
1083,1,7,4,4,[(4, 4), (5, 4), (5, 5), (5, 6), (5, 7), (6, 6)]
1084,1,7,4,5,[(4, 5), (5, 5), (5, 6), (5, 7), (5, 8), (6, 7)]
1085,1,7,4,6,[(4, 6), (5, 6), (5, 7), (5, 8), (5, 9), (6, 8)]
1086,1,7,4,7,[(4, 7), (5, 7), (5, 8), (5, 9), (5, 10), (6, 9)]
1087,1,7,4,8,[(4, 8), (5, 8), (5, 9), (5, 10), (5, 11), (6, 10)]
1088,1,7,4,9,[(4, 9), (5, 9), (5, 10), (5, 11), (5, 12), (6, 11)]
1089,1,7,4,10,[(4, 10), (5, 10), (5, 11), (5, 12), (5, 13), (6, 12)]
1090,1,7,4,11,[(4, 11), (5, 11), (5, 12), (5, 13), (5, 14), (6, 13)]
1091,1,7,4,12,[(4, 12), (5, 12), (5, 13), (5, 14), (5, 15), (6, 14)]
1092,1,7,4,13,[(4, 13), (5, 13), (5, 14), (5, 15), (5, 16), (6, 15)]
1093,1,7,5,0,[(5, 0), (6, 0), (6, 1), (6, 2), (6, 3), (7, 2)]
1094,1,7,5,1,[(5, 1), (6, 1), (6, 2), (6, 3), (6, 4), (7, 3)]
1095,1,7,5,2,[(5, 2), (6, 2), (6, 3), (6, 4), (6, 5), (7, 4)]
1096,1,7,5,3,[(5, 3), (6, 3), (6, 4), (6, 5), (6, 6), (7, 5)]
1097,1,7,5,4,[(5, 4), (6, 4), (6, 5), (6, 6), (6, 7), (7, 6)]
1098,1,7,5,5,[(5, 5), (6, 5), (6, 6), (6, 7), (6, 8), (7, 7)]
1099,1,7,5,6,[(5, 6), (6, 6), (6, 7), (6, 8), (6, 9), (7, 8)]
1100,1,7,5,7,[(5, 7), (6, 7), (6, 8), (6, 9), (6, 10), (7, 9)]
1101,1,7,5,8,[(5, 8), (6, 8), (6, 9), (6, 10), (6, 11), (7, 10)]
1102,1,7,5,9,[(5, 9), (6, 9), (6, 10), (6, 11), (6, 12), (7, 11)]
1103,1,7,5,10,[(5, 10), (6, 10), (6, 11), (6, 12), (6, 13), (7, 12)]
1104,1,7,5,11,[(5, 11), (6, 11), (6, 12), (6, 13), (6, 14), (7, 13)]
1105,1,7,5,12,[(5, 12), (6, 12), (6, 13), (6, 14), (6, 15), (7, 14)]
1106,1,7,5,13,[(5, 13), (6, 13), (6, 14), (6, 15), (6, 16), (7, 15)]
1107,1,7,6,0,[(6, 0), (7, 0), (7, 1), (7, 2), (7, 3), (8, 2)]
1108,1,7,6,1,[(6, 1), (7, 1), (7, 2), (7, 3), (7, 4), (8, 3)]
1109,1,7,6,2,[(6, 2), (7, 2), (7, 3), (7, 4), (7, 5), (8, 4)]
1110,1,7,6,3,[(6, 3), (7, 3), (7, 4), (7, 5), (7, 6), (8, 5)]
1111,1,7,6,4,[(6, 4), (7, 4), (7, 5), (7, 6), (7, 7), (8, 6)]
1112,1,7,6,5,[(6, 5), (7, 5), (7, 6), (7, 7), (7, 8), (8, 7)]
1113,1,7,6,6,[(6, 6), (7, 6), (7, 7), (7, 8), (7, 9), (8, 8)]
1114,1,7,6,7,[(6, 7), (7, 7), (7, 8), (7, 9), (7, 10), (8, 9)]
1115,1,7,6,8,[(6, 8), (7, 8), (7, 9), (7, 10), (7, 11), (8, 10)]
1116,1,7,6,9,[(6, 9), (7, 9), (7, 10), (7, 11), (7, 12), (8, 11)]
1117,1,7,6,10,[(6, 10), (7, 10), (7, 11), (7, 12), (7, 13), (8, 12)]
1118,1,7,6,11,[(6, 11), (7, 11), (7, 12), (7, 13), (7, 14), (8, 13)]
1119,1,7,6,12,[(6, 12), (7, 12), (7, 13), (7, 14), (7, 15), (8, 14)]
1120,1,7,6,13,[(6, 13), (7, 13), (7, 14), (7, 15), (7, 16), (8, 15)]
1121,2,0,0,0,[(0, 0), (1, 0), (1, 1), (1, 2), (2, 1), (3, 1)]
1122,2,0,0,1,[(0, 1), (1, 1), (1, 2), (1, 3), (2, 2), (3, 2)]
1123,2,0,0,2,[(0, 2), (1, 2), (1, 3), (1, 4), (2, 3), (3, 3)]
1124,2,0,0,3,[(0, 3), (1, 3), (1, 4), (1, 5), (2, 4), (3, 4)]
1125,2,0,0,4,[(0, 4), (1, 4), (1, 5), (1, 6), (2, 5), (3, 5)]
1126,2,0,0,5,[(0, 5), (1, 5), (1, 6), (1, 7), (2, 6), (3, 6)]
1127,2,0,0,6,[(0, 6), (1, 6), (1, 7), (1, 8), (2, 7), (3, 7)]
1128,2,0,0,7,[(0, 7), (1, 7), (1, 8), (1, 9), (2, 8), (3, 8)]
1129,2,0,0,8,[(0, 8), (1, 8), (1, 9), (1, 10), (2, 9), (3, 9)]
1130,2,0,0,9,[(0, 9), (1, 9), (1, 10), (1, 11), (2, 10), (3, 10)]
1131,2,0,0,10,[(0, 10), (1, 10), (1, 11), (1, 12), (2, 11), (3, 11)]
1132,2,0,0,11,[(0, 11), (1, 11), (1, 12), (1, 13), (2, 12), (3, 12)]
1133,2,0,0,12,[(0, 12), (1, 12), (1, 13), (1, 14), (2, 13), (3, 13)]
1134,2,0,0,13,[(0, 13), (1, 13), (1, 14), (1, 15), (2, 14), (3, 14)]
1135,2,0,0,14,[(0, 14), (1, 14), (1, 15), (1, 16), (2, 15), (3, 15)]
1136,2,0,1,0,[(1, 0), (2, 0), (2, 1), (2, 2), (3, 1), (4, 1)]
1137,2,0,1,1,[(1, 1), (2, 1), (2, 2), (2, 3), (3, 2), (4, 2)]
1138,2,0,1,2,[(1, 2), (2, 2), (2, 3), (2, 4), (3, 3), (4, 3)]
1139,2,0,1,3,[(1, 3), (2, 3), (2, 4), (2, 5), (3, 4), (4, 4)]
1140,2,0,1,4,[(1, 4), (2, 4), (2, 5), (2, 6), (3, 5), (4, 5)]
1141,2,0,1,5,[(1, 5), (2, 5), (2, 6), (2, 7), (3, 6), (4, 6)]
1142,2,0,1,6,[(1, 6), (2, 6), (2, 7), (2, 8), (3, 7), (4, 7)]
1143,2,0,1,7,[(1, 7), (2, 7), (2, 8), (2, 9), (3, 8), (4, 8)]
1144,2,0,1,8,[(1, 8), (2, 8), (2, 9), (2, 10), (3, 9), (4, 9)]
1145,2,0,1,9,[(1, 9), (2, 9), (2, 10), (2, 11), (3, 10), (4, 10)]
1146,2,0,1,10,[(1, 10), (2, 10), (2, 11), (2, 12), (3, 11), (4, 11)]
1147,2,0,1,11,[(1, 11), (2, 11), (2, 12), (2, 13), (3, 12), (4, 12)]
1148,2,0,1,12,[(1, 12), (2, 12), (2, 13), (2, 14), (3, 13), (4, 13)]
1149,2,0,1,13,[(1, 13), (2, 13), (2, 14), (2, 15), (3, 14), (4, 14)]
1150,2,0,1,14,[(1, 14), (2, 14), (2, 15), (2, 16), (3, 15), (4, 15)]
1151,2,0,2,0,[(2, 0), (3, 0), (3, 1), (3, 2), (4, 1), (5, 1)]
1152,2,0,2,1,[(2, 1), (3, 1), (3, 2), (3, 3), (4, 2), (5, 2)]
1153,2,0,2,2,[(2, 2), (3, 2), (3, 3), (3, 4), (4, 3), (5, 3)]
1154,2,0,2,3,[(2, 3), (3, 3), (3, 4), (3, 5), (4, 4), (5, 4)]
1155,2,0,2,4,[(2, 4), (3, 4), (3, 5), (3, 6), (4, 5), (5, 5)]
1156,2,0,2,5,[(2, 5), (3, 5), (3, 6), (3, 7), (4, 6), (5, 6)]
1157,2,0,2,6,[(2, 6), (3, 6), (3, 7), (3, 8), (4, 7), (5, 7)]
1158,2,0,2,7,[(2, 7), (3, 7), (3, 8), (3, 9), (4, 8), (5, 8)]
1159,2,0,2,8,[(2, 8), (3, 8), (3, 9), (3, 10), (4, 9), (5, 9)]
1160,2,0,2,9,[(2, 9), (3, 9), (3, 10), (3, 11), (4, 10), (5, 10)]
1161,2,0,2,10,[(2, 10), (3, 10), (3, 11), (3, 12), (4, 11), (5, 11)]
1162,2,0,2,11,[(2, 11), (3, 11), (3, 12), (3, 13), (4, 12), (5, 12)]
1163,2,0,2,12,[(2, 12), (3, 12), (3, 13), (3, 14), (4, 13), (5, 13)]
1164,2,0,2,13,[(2, 13), (3, 13), (3, 14), (3, 15), (4, 14), (5, 14)]
1165,2,0,2,14,[(2, 14), (3, 14), (3, 15), (3, 16), (4, 15), (5, 15)]
1166,2,0,3,0,[(3, 0), (4, 0), (4, 1), (4, 2), (5, 1), (6, 1)]
1167,2,0,3,1,[(3, 1), (4, 1), (4, 2), (4, 3), (5, 2), (6, 2)]
1168,2,0,3,2,[(3, 2), (4, 2), (4, 3), (4, 4), (5, 3), (6, 3)]
1169,2,0,3,3,[(3, 3), (4, 3), (4, 4), (4, 5), (5, 4), (6, 4)]
1170,2,0,3,4,[(3, 4), (4, 4), (4, 5), (4, 6), (5, 5), (6, 5)]
1171,2,0,3,5,[(3, 5), (4, 5), (4, 6), (4, 7), (5, 6), (6, 6)]
1172,2,0,3,6,[(3, 6), (4, 6), (4, 7), (4, 8), (5, 7), (6, 7)]
1173,2,0,3,7,[(3, 7), (4, 7), (4, 8), (4, 9), (5, 8), (6, 8)]
1174,2,0,3,8,[(3, 8), (4, 8), (4, 9), (4, 10), (5, 9), (6, 9)]
1175,2,0,3,9,[(3, 9), (4, 9), (4, 10), (4, 11), (5, 10), (6, 10)]
1176,2,0,3,10,[(3, 10), (4, 10), (4, 11), (4, 12), (5, 11), (6, 11)]
1177,2,0,3,11,[(3, 11), (4, 11), (4, 12), (4, 13), (5, 12), (6, 12)]
1178,2,0,3,12,[(3, 12), (4, 12), (4, 13), (4, 14), (5, 13), (6, 13)]
1179,2,0,3,13,[(3, 13), (4, 13), (4, 14), (4, 15), (5, 14), (6, 14)]
1180,2,0,3,14,[(3, 14), (4, 14), (4, 15), (4, 16), (5, 15), (6, 15)]
1181,2,0,4,0,[(4, 0), (5, 0), (5, 1), (5, 2), (6, 1), (7, 1)]
1182,2,0,4,1,[(4, 1), (5, 1), (5, 2), (5, 3), (6, 2), (7, 2)]
1183,2,0,4,2,[(4, 2), (5, 2), (5, 3), (5, 4), (6, 3), (7, 3)]
1184,2,0,4,3,[(4, 3), (5, 3), (5, 4), (5, 5), (6, 4), (7, 4)]
1185,2,0,4,4,[(4, 4), (5, 4), (5, 5), (5, 6), (6, 5), (7, 5)]
1186,2,0,4,5,[(4, 5), (5, 5), (5, 6), (5, 7), (6, 6), (7, 6)]
1187,2,0,4,6,[(4, 6), (5, 6), (5, 7), (5, 8), (6, 7), (7, 7)]
1188,2,0,4,7,[(4, 7), (5, 7), (5, 8), (5, 9), (6, 8), (7, 8)]
1189,2,0,4,8,[(4, 8), (5, 8), (5, 9), (5, 10), (6, 9), (7, 9)]
1190,2,0,4,9,[(4, 9), (5, 9), (5, 10), (5, 11), (6, 10), (7, 10)]
1191,2,0,4,10,[(4, 10), (5, 10), (5, 11), (5, 12), (6, 11), (7, 11)]
1192,2,0,4,11,[(4, 11), (5, 11), (5, 12), (5, 13), (6, 12), (7, 12)]
1193,2,0,4,12,[(4, 12), (5, 12), (5, 13), (5, 14), (6, 13), (7, 13)]
1194,2,0,4,13,[(4, 13), (5, 13), (5, 14), (5, 15), (6, 14), (7, 14)]
1195,2,0,4,14,[(4, 14), (5, 14), (5, 15), (5, 16), (6, 15), (7, 15)]
1196,2,0,5,0,[(5, 0), (6, 0), (6, 1), (6, 2), (7, 1), (8, 1)]
1197,2,0,5,1,[(5, 1), (6, 1), (6, 2), (6, 3), (7, 2), (8, 2)]
1198,2,0,5,2,[(5, 2), (6, 2), (6, 3), (6, 4), (7, 3), (8, 3)]
1199,2,0,5,3,[(5, 3), (6, 3), (6, 4), (6, 5), (7, 4), (8, 4)]
1200,2,0,5,4,[(5, 4), (6, 4), (6, 5), (6, 6), (7, 5), (8, 5)]
1201,2,0,5,5,[(5, 5), (6, 5), (6, 6), (6, 7), (7, 6), (8, 6)]
1202,2,0,5,6,[(5, 6), (6, 6), (6, 7), (6, 8), (7, 7), (8, 7)]
1203,2,0,5,7,[(5, 7), (6, 7), (6, 8), (6, 9), (7, 8), (8, 8)]
1204,2,0,5,8,[(5, 8), (6, 8), (6, 9), (6, 10), (7, 9), (8, 9)]
1205,2,0,5,9,[(5, 9), (6, 9), (6, 10), (6, 11), (7, 10), (8, 10)]
1206,2,0,5,10,[(5, 10), (6, 10), (6, 11), (6, 12), (7, 11), (8, 11)]
1207,2,0,5,11,[(5, 11), (6, 11), (6, 12), (6, 13), (7, 12), (8, 12)]
1208,2,0,5,12,[(5, 12), (6, 12), (6, 13), (6, 14), (7, 13), (8, 13)]
1209,2,0,5,13,[(5, 13), (6, 13), (6, 14), (6, 15), (7, 14), (8, 14)]
1210,2,0,5,14,[(5, 14), (6, 14), (6, 15), (6, 16), (7, 15), (8, 15)]
1211,2,1,0,0,[(0, 2), (1, 0), (1, 1), (1, 2), (2, 1), (3, 1)]
1212,2,1,0,1,[(0, 3), (1, 1), (1, 2), (1, 3), (2, 2), (3, 2)]
1213,2,1,0,2,[(0, 4), (1, 2), (1, 3), (1, 4), (2, 3), (3, 3)]
1214,2,1,0,3,[(0, 5), (1, 3), (1, 4), (1, 5), (2, 4), (3, 4)]
1215,2,1,0,4,[(0, 6), (1, 4), (1, 5), (1, 6), (2, 5), (3, 5)]
1216,2,1,0,5,[(0, 7), (1, 5), (1, 6), (1, 7), (2, 6), (3, 6)]
1217,2,1,0,6,[(0, 8), (1, 6), (1, 7), (1, 8), (2, 7), (3, 7)]
1218,2,1,0,7,[(0, 9), (1, 7), (1, 8), (1, 9), (2, 8), (3, 8)]
1219,2,1,0,8,[(0, 10), (1, 8), (1, 9), (1, 10), (2, 9), (3, 9)]
1220,2,1,0,9,[(0, 11), (1, 9), (1, 10), (1, 11), (2, 10), (3, 10)]
1221,2,1,0,10,[(0, 12), (1, 10), (1, 11), (1, 12), (2, 11), (3, 11)]
1222,2,1,0,11,[(0, 13), (1, 11), (1, 12), (1, 13), (2, 12), (3, 12)]
1223,2,1,0,12,[(0, 14), (1, 12), (1, 13), (1, 14), (2, 13), (3, 13)]
1224,2,1,0,13,[(0, 15), (1, 13), (1, 14), (1, 15), (2, 14), (3, 14)]
1225,2,1,0,14,[(0, 16), (1, 14), (1, 15), (1, 16), (2, 15), (3, 15)]
1226,2,1,1,0,[(1, 2), (2, 0), (2, 1), (2, 2), (3, 1), (4, 1)]
1227,2,1,1,1,[(1, 3), (2, 1), (2, 2), (2, 3), (3, 2), (4, 2)]
1228,2,1,1,2,[(1, 4), (2, 2), (2, 3), (2, 4), (3, 3), (4, 3)]
1229,2,1,1,3,[(1, 5), (2, 3), (2, 4), (2, 5), (3, 4), (4, 4)]
1230,2,1,1,4,[(1, 6), (2, 4), (2, 5), (2, 6), (3, 5), (4, 5)]
1231,2,1,1,5,[(1, 7), (2, 5), (2, 6), (2, 7), (3, 6), (4, 6)]
1232,2,1,1,6,[(1, 8), (2, 6), (2, 7), (2, 8), (3, 7), (4, 7)]
1233,2,1,1,7,[(1, 9), (2, 7), (2, 8), (2, 9), (3, 8), (4, 8)]
1234,2,1,1,8,[(1, 10), (2, 8), (2, 9), (2, 10), (3, 9), (4, 9)]
1235,2,1,1,9,[(1, 11), (2, 9), (2, 10), (2, 11), (3, 10), (4, 10)]
1236,2,1,1,10,[(1, 12), (2, 10), (2, 11), (2, 12), (3, 11), (4, 11)]
1237,2,1,1,11,[(1, 13), (2, 11), (2, 12), (2, 13), (3, 12), (4, 12)]
1238,2,1,1,12,[(1, 14), (2, 12), (2, 13), (2, 14), (3, 13), (4, 13)]
1239,2,1,1,13,[(1, 15), (2, 13), (2, 14), (2, 15), (3, 14), (4, 14)]
1240,2,1,1,14,[(1, 16), (2, 14), (2, 15), (2, 16), (3, 15), (4, 15)]
1241,2,1,2,0,[(2, 2), (3, 0), (3, 1), (3, 2), (4, 1), (5, 1)]
1242,2,1,2,1,[(2, 3), (3, 1), (3, 2), (3, 3), (4, 2), (5, 2)]
1243,2,1,2,2,[(2, 4), (3, 2), (3, 3), (3, 4), (4, 3), (5, 3)]
1244,2,1,2,3,[(2, 5), (3, 3), (3, 4), (3, 5), (4, 4), (5, 4)]
1245,2,1,2,4,[(2, 6), (3, 4), (3, 5), (3, 6), (4, 5), (5, 5)]
1246,2,1,2,5,[(2, 7), (3, 5), (3, 6), (3, 7), (4, 6), (5, 6)]
1247,2,1,2,6,[(2, 8), (3, 6), (3, 7), (3, 8), (4, 7), (5, 7)]
1248,2,1,2,7,[(2, 9), (3, 7), (3, 8), (3, 9), (4, 8), (5, 8)]
1249,2,1,2,8,[(2, 10), (3, 8), (3, 9), (3, 10), (4, 9), (5, 9)]
1250,2,1,2,9,[(2, 11), (3, 9), (3, 10), (3, 11), (4, 10), (5, 10)]
1251,2,1,2,10,[(2, 12), (3, 10), (3, 11), (3, 12), (4, 11), (5, 11)]
1252,2,1,2,11,[(2, 13), (3, 11), (3, 12), (3, 13), (4, 12), (5, 12)]
1253,2,1,2,12,[(2, 14), (3, 12), (3, 13), (3, 14), (4, 13), (5, 13)]
1254,2,1,2,13,[(2, 15), (3, 13), (3, 14), (3, 15), (4, 14), (5, 14)]
1255,2,1,2,14,[(2, 16), (3, 14), (3, 15), (3, 16), (4, 15), (5, 15)]
1256,2,1,3,0,[(3, 2), (4, 0), (4, 1), (4, 2), (5, 1), (6, 1)]
1257,2,1,3,1,[(3, 3), (4, 1), (4, 2), (4, 3), (5, 2), (6, 2)]
1258,2,1,3,2,[(3, 4), (4, 2), (4, 3), (4, 4), (5, 3), (6, 3)]
1259,2,1,3,3,[(3, 5), (4, 3), (4, 4), (4, 5), (5, 4), (6, 4)]
1260,2,1,3,4,[(3, 6), (4, 4), (4, 5), (4, 6), (5, 5), (6, 5)]
1261,2,1,3,5,[(3, 7), (4, 5), (4, 6), (4, 7), (5, 6), (6, 6)]
1262,2,1,3,6,[(3, 8), (4, 6), (4, 7), (4, 8), (5, 7), (6, 7)]
1263,2,1,3,7,[(3, 9), (4, 7), (4, 8), (4, 9), (5, 8), (6, 8)]
1264,2,1,3,8,[(3, 10), (4, 8), (4, 9), (4, 10), (5, 9), (6, 9)]
1265,2,1,3,9,[(3, 11), (4, 9), (4, 10), (4, 11), (5, 10), (6, 10)]
1266,2,1,3,10,[(3, 12), (4, 10), (4, 11), (4, 12), (5, 11), (6, 11)]
1267,2,1,3,11,[(3, 13), (4, 11), (4, 12), (4, 13), (5, 12), (6, 12)]
1268,2,1,3,12,[(3, 14), (4, 12), (4, 13), (4, 14), (5, 13), (6, 13)]
1269,2,1,3,13,[(3, 15), (4, 13), (4, 14), (4, 15), (5, 14), (6, 14)]
1270,2,1,3,14,[(3, 16), (4, 14), (4, 15), (4, 16), (5, 15), (6, 15)]
1271,2,1,4,0,[(4, 2), (5, 0), (5, 1), (5, 2), (6, 1), (7, 1)]
1272,2,1,4,1,[(4, 3), (5, 1), (5, 2), (5, 3), (6, 2), (7, 2)]
1273,2,1,4,2,[(4, 4), (5, 2), (5, 3), (5, 4), (6, 3), (7, 3)]
1274,2,1,4,3,[(4, 5), (5, 3), (5, 4), (5, 5), (6, 4), (7, 4)]
1275,2,1,4,4,[(4, 6), (5, 4), (5, 5), (5, 6), (6, 5), (7, 5)]
1276,2,1,4,5,[(4, 7), (5, 5), (5, 6), (5, 7), (6, 6), (7, 6)]
1277,2,1,4,6,[(4, 8), (5, 6), (5, 7), (5, 8), (6, 7), (7, 7)]
1278,2,1,4,7,[(4, 9), (5, 7), (5, 8), (5, 9), (6, 8), (7, 8)]
1279,2,1,4,8,[(4, 10), (5, 8), (5, 9), (5, 10), (6, 9), (7, 9)]
1280,2,1,4,9,[(4, 11), (5, 9), (5, 10), (5, 11), (6, 10), (7, 10)]
1281,2,1,4,10,[(4, 12), (5, 10), (5, 11), (5, 12), (6, 11), (7, 11)]
1282,2,1,4,11,[(4, 13), (5, 11), (5, 12), (5, 13), (6, 12), (7, 12)]
1283,2,1,4,12,[(4, 14), (5, 12), (5, 13), (5, 14), (6, 13), (7, 13)]
1284,2,1,4,13,[(4, 15), (5, 13), (5, 14), (5, 15), (6, 14), (7, 14)]
1285,2,1,4,14,[(4, 16), (5, 14), (5, 15), (5, 16), (6, 15), (7, 15)]
1286,2,1,5,0,[(5, 2), (6, 0), (6, 1), (6, 2), (7, 1), (8, 1)]
1287,2,1,5,1,[(5, 3), (6, 1), (6, 2), (6, 3), (7, 2), (8, 2)]
1288,2,1,5,2,[(5, 4), (6, 2), (6, 3), (6, 4), (7, 3), (8, 3)]
1289,2,1,5,3,[(5, 5), (6, 3), (6, 4), (6, 5), (7, 4), (8, 4)]
1290,2,1,5,4,[(5, 6), (6, 4), (6, 5), (6, 6), (7, 5), (8, 5)]
1291,2,1,5,5,[(5, 7), (6, 5), (6, 6), (6, 7), (7, 6), (8, 6)]
1292,2,1,5,6,[(5, 8), (6, 6), (6, 7), (6, 8), (7, 7), (8, 7)]
1293,2,1,5,7,[(5, 9), (6, 7), (6, 8), (6, 9), (7, 8), (8, 8)]
1294,2,1,5,8,[(5, 10), (6, 8), (6, 9), (6, 10), (7, 9), (8, 9)]
1295,2,1,5,9,[(5, 11), (6, 9), (6, 10), (6, 11), (7, 10), (8, 10)]
1296,2,1,5,10,[(5, 12), (6, 10), (6, 11), (6, 12), (7, 11), (8, 11)]
1297,2,1,5,11,[(5, 13), (6, 11), (6, 12), (6, 13), (7, 12), (8, 12)]
1298,2,1,5,12,[(5, 14), (6, 12), (6, 13), (6, 14), (7, 13), (8, 13)]
1299,2,1,5,13,[(5, 15), (6, 13), (6, 14), (6, 15), (7, 14), (8, 14)]
1300,2,1,5,14,[(5, 16), (6, 14), (6, 15), (6, 16), (7, 15), (8, 15)]
1301,2,2,0,0,[(0, 1), (1, 1), (2, 0), (2, 1), (2, 2), (3, 0)]
1302,2,2,0,1,[(0, 2), (1, 2), (2, 1), (2, 2), (2, 3), (3, 1)]
1303,2,2,0,2,[(0, 3), (1, 3), (2, 2), (2, 3), (2, 4), (3, 2)]
1304,2,2,0,3,[(0, 4), (1, 4), (2, 3), (2, 4), (2, 5), (3, 3)]
1305,2,2,0,4,[(0, 5), (1, 5), (2, 4), (2, 5), (2, 6), (3, 4)]
1306,2,2,0,5,[(0, 6), (1, 6), (2, 5), (2, 6), (2, 7), (3, 5)]
1307,2,2,0,6,[(0, 7), (1, 7), (2, 6), (2, 7), (2, 8), (3, 6)]
1308,2,2,0,7,[(0, 8), (1, 8), (2, 7), (2, 8), (2, 9), (3, 7)]
1309,2,2,0,8,[(0, 9), (1, 9), (2, 8), (2, 9), (2, 10), (3, 8)]
1310,2,2,0,9,[(0, 10), (1, 10), (2, 9), (2, 10), (2, 11), (3, 9)]
1311,2,2,0,10,[(0, 11), (1, 11), (2, 10), (2, 11), (2, 12), (3, 10)]
1312,2,2,0,11,[(0, 12), (1, 12), (2, 11), (2, 12), (2, 13), (3, 11)]
1313,2,2,0,12,[(0, 13), (1, 13), (2, 12), (2, 13), (2, 14), (3, 12)]
1314,2,2,0,13,[(0, 14), (1, 14), (2, 13), (2, 14), (2, 15), (3, 13)]
1315,2,2,0,14,[(0, 15), (1, 15), (2, 14), (2, 15), (2, 16), (3, 14)]
1316,2,2,1,0,[(1, 1), (2, 1), (3, 0), (3, 1), (3, 2), (4, 0)]
1317,2,2,1,1,[(1, 2), (2, 2), (3, 1), (3, 2), (3, 3), (4, 1)]
1318,2,2,1,2,[(1, 3), (2, 3), (3, 2), (3, 3), (3, 4), (4, 2)]
1319,2,2,1,3,[(1, 4), (2, 4), (3, 3), (3, 4), (3, 5), (4, 3)]
1320,2,2,1,4,[(1, 5), (2, 5), (3, 4), (3, 5), (3, 6), (4, 4)]
1321,2,2,1,5,[(1, 6), (2, 6), (3, 5), (3, 6), (3, 7), (4, 5)]
1322,2,2,1,6,[(1, 7), (2, 7), (3, 6), (3, 7), (3, 8), (4, 6)]
1323,2,2,1,7,[(1, 8), (2, 8), (3, 7), (3, 8), (3, 9), (4, 7)]
1324,2,2,1,8,[(1, 9), (2, 9), (3, 8), (3, 9), (3, 10), (4, 8)]
1325,2,2,1,9,[(1, 10), (2, 10), (3, 9), (3, 10), (3, 11), (4, 9)]
1326,2,2,1,10,[(1, 11), (2, 11), (3, 10), (3, 11), (3, 12), (4, 10)]
1327,2,2,1,11,[(1, 12), (2, 12), (3, 11), (3, 12), (3, 13), (4, 11)]
1328,2,2,1,12,[(1, 13), (2, 13), (3, 12), (3, 13), (3, 14), (4, 12)]
1329,2,2,1,13,[(1, 14), (2, 14), (3, 13), (3, 14), (3, 15), (4, 13)]
1330,2,2,1,14,[(1, 15), (2, 15), (3, 14), (3, 15), (3, 16), (4, 14)]
1331,2,2,2,0,[(2, 1), (3, 1), (4, 0), (4, 1), (4, 2), (5, 0)]
1332,2,2,2,1,[(2, 2), (3, 2), (4, 1), (4, 2), (4, 3), (5, 1)]
1333,2,2,2,2,[(2, 3), (3, 3), (4, 2), (4, 3), (4, 4), (5, 2)]
1334,2,2,2,3,[(2, 4), (3, 4), (4, 3), (4, 4), (4, 5), (5, 3)]
1335,2,2,2,4,[(2, 5), (3, 5), (4, 4), (4, 5), (4, 6), (5, 4)]
1336,2,2,2,5,[(2, 6), (3, 6), (4, 5), (4, 6), (4, 7), (5, 5)]
1337,2,2,2,6,[(2, 7), (3, 7), (4, 6), (4, 7), (4, 8), (5, 6)]
1338,2,2,2,7,[(2, 8), (3, 8), (4, 7), (4, 8), (4, 9), (5, 7)]
1339,2,2,2,8,[(2, 9), (3, 9), (4, 8), (4, 9), (4, 10), (5, 8)]
1340,2,2,2,9,[(2, 10), (3, 10), (4, 9), (4, 10), (4, 11), (5, 9)]
1341,2,2,2,10,[(2, 11), (3, 11), (4, 10), (4, 11), (4, 12), (5, 10)]
1342,2,2,2,11,[(2, 12), (3, 12), (4, 11), (4, 12), (4, 13), (5, 11)]
1343,2,2,2,12,[(2, 13), (3, 13), (4, 12), (4, 13), (4, 14), (5, 12)]
1344,2,2,2,13,[(2, 14), (3, 14), (4, 13), (4, 14), (4, 15), (5, 13)]
1345,2,2,2,14,[(2, 15), (3, 15), (4, 14), (4, 15), (4, 16), (5, 14)]
1346,2,2,3,0,[(3, 1), (4, 1), (5, 0), (5, 1), (5, 2), (6, 0)]
1347,2,2,3,1,[(3, 2), (4, 2), (5, 1), (5, 2), (5, 3), (6, 1)]
1348,2,2,3,2,[(3, 3), (4, 3), (5, 2), (5, 3), (5, 4), (6, 2)]
1349,2,2,3,3,[(3, 4), (4, 4), (5, 3), (5, 4), (5, 5), (6, 3)]
1350,2,2,3,4,[(3, 5), (4, 5), (5, 4), (5, 5), (5, 6), (6, 4)]
1351,2,2,3,5,[(3, 6), (4, 6), (5, 5), (5, 6), (5, 7), (6, 5)]
1352,2,2,3,6,[(3, 7), (4, 7), (5, 6), (5, 7), (5, 8), (6, 6)]
1353,2,2,3,7,[(3, 8), (4, 8), (5, 7), (5, 8), (5, 9), (6, 7)]
1354,2,2,3,8,[(3, 9), (4, 9), (5, 8), (5, 9), (5, 10), (6, 8)]
1355,2,2,3,9,[(3, 10), (4, 10), (5, 9), (5, 10), (5, 11), (6, 9)]
1356,2,2,3,10,[(3, 11), (4, 11), (5, 10), (5, 11), (5, 12), (6, 10)]
1357,2,2,3,11,[(3, 12), (4, 12), (5, 11), (5, 12), (5, 13), (6, 11)]
1358,2,2,3,12,[(3, 13), (4, 13), (5, 12), (5, 13), (5, 14), (6, 12)]
1359,2,2,3,13,[(3, 14), (4, 14), (5, 13), (5, 14), (5, 15), (6, 13)]
1360,2,2,3,14,[(3, 15), (4, 15), (5, 14), (5, 15), (5, 16), (6, 14)]
1361,2,2,4,0,[(4, 1), (5, 1), (6, 0), (6, 1), (6, 2), (7, 0)]
1362,2,2,4,1,[(4, 2), (5, 2), (6, 1), (6, 2), (6, 3), (7, 1)]
1363,2,2,4,2,[(4, 3), (5, 3), (6, 2), (6, 3), (6, 4), (7, 2)]
1364,2,2,4,3,[(4, 4), (5, 4), (6, 3), (6, 4), (6, 5), (7, 3)]
1365,2,2,4,4,[(4, 5), (5, 5), (6, 4), (6, 5), (6, 6), (7, 4)]
1366,2,2,4,5,[(4, 6), (5, 6), (6, 5), (6, 6), (6, 7), (7, 5)]
1367,2,2,4,6,[(4, 7), (5, 7), (6, 6), (6, 7), (6, 8), (7, 6)]
1368,2,2,4,7,[(4, 8), (5, 8), (6, 7), (6, 8), (6, 9), (7, 7)]
1369,2,2,4,8,[(4, 9), (5, 9), (6, 8), (6, 9), (6, 10), (7, 8)]
1370,2,2,4,9,[(4, 10), (5, 10), (6, 9), (6, 10), (6, 11), (7, 9)]
1371,2,2,4,10,[(4, 11), (5, 11), (6, 10), (6, 11), (6, 12), (7, 10)]
1372,2,2,4,11,[(4, 12), (5, 12), (6, 11), (6, 12), (6, 13), (7, 11)]
1373,2,2,4,12,[(4, 13), (5, 13), (6, 12), (6, 13), (6, 14), (7, 12)]
1374,2,2,4,13,[(4, 14), (5, 14), (6, 13), (6, 14), (6, 15), (7, 13)]
1375,2,2,4,14,[(4, 15), (5, 15), (6, 14), (6, 15), (6, 16), (7, 14)]
1376,2,2,5,0,[(5, 1), (6, 1), (7, 0), (7, 1), (7, 2), (8, 0)]
1377,2,2,5,1,[(5, 2), (6, 2), (7, 1), (7, 2), (7, 3), (8, 1)]
1378,2,2,5,2,[(5, 3), (6, 3), (7, 2), (7, 3), (7, 4), (8, 2)]
1379,2,2,5,3,[(5, 4), (6, 4), (7, 3), (7, 4), (7, 5), (8, 3)]
1380,2,2,5,4,[(5, 5), (6, 5), (7, 4), (7, 5), (7, 6), (8, 4)]
1381,2,2,5,5,[(5, 6), (6, 6), (7, 5), (7, 6), (7, 7), (8, 5)]
1382,2,2,5,6,[(5, 7), (6, 7), (7, 6), (7, 7), (7, 8), (8, 6)]
1383,2,2,5,7,[(5, 8), (6, 8), (7, 7), (7, 8), (7, 9), (8, 7)]
1384,2,2,5,8,[(5, 9), (6, 9), (7, 8), (7, 9), (7, 10), (8, 8)]
1385,2,2,5,9,[(5, 10), (6, 10), (7, 9), (7, 10), (7, 11), (8, 9)]
1386,2,2,5,10,[(5, 11), (6, 11), (7, 10), (7, 11), (7, 12), (8, 10)]
1387,2,2,5,11,[(5, 12), (6, 12), (7, 11), (7, 12), (7, 13), (8, 11)]
1388,2,2,5,12,[(5, 13), (6, 13), (7, 12), (7, 13), (7, 14), (8, 12)]
1389,2,2,5,13,[(5, 14), (6, 14), (7, 13), (7, 14), (7, 15), (8, 13)]
1390,2,2,5,14,[(5, 15), (6, 15), (7, 14), (7, 15), (7, 16), (8, 14)]
1391,2,3,0,0,[(0, 2), (0, 3), (1, 0), (1, 1), (1, 2), (2, 2)]
1392,2,3,0,1,[(0, 3), (0, 4), (1, 1), (1, 2), (1, 3), (2, 3)]
1393,2,3,0,2,[(0, 4), (0, 5), (1, 2), (1, 3), (1, 4), (2, 4)]
1394,2,3,0,3,[(0, 5), (0, 6), (1, 3), (1, 4), (1, 5), (2, 5)]
1395,2,3,0,4,[(0, 6), (0, 7), (1, 4), (1, 5), (1, 6), (2, 6)]
1396,2,3,0,5,[(0, 7), (0, 8), (1, 5), (1, 6), (1, 7), (2, 7)]
1397,2,3,0,6,[(0, 8), (0, 9), (1, 6), (1, 7), (1, 8), (2, 8)]
1398,2,3,0,7,[(0, 9), (0, 10), (1, 7), (1, 8), (1, 9), (2, 9)]
1399,2,3,0,8,[(0, 10), (0, 11), (1, 8), (1, 9), (1, 10), (2, 10)]
1400,2,3,0,9,[(0, 11), (0, 12), (1, 9), (1, 10), (1, 11), (2, 11)]
1401,2,3,0,10,[(0, 12), (0, 13), (1, 10), (1, 11), (1, 12), (2, 12)]
1402,2,3,0,11,[(0, 13), (0, 14), (1, 11), (1, 12), (1, 13), (2, 13)]
1403,2,3,0,12,[(0, 14), (0, 15), (1, 12), (1, 13), (1, 14), (2, 14)]
1404,2,3,0,13,[(0, 15), (0, 16), (1, 13), (1, 14), (1, 15), (2, 15)]
1405,2,3,1,0,[(1, 2), (1, 3), (2, 0), (2, 1), (2, 2), (3, 2)]
1406,2,3,1,1,[(1, 3), (1, 4), (2, 1), (2, 2), (2, 3), (3, 3)]
1407,2,3,1,2,[(1, 4), (1, 5), (2, 2), (2, 3), (2, 4), (3, 4)]
1408,2,3,1,3,[(1, 5), (1, 6), (2, 3), (2, 4), (2, 5), (3, 5)]
1409,2,3,1,4,[(1, 6), (1, 7), (2, 4), (2, 5), (2, 6), (3, 6)]
1410,2,3,1,5,[(1, 7), (1, 8), (2, 5), (2, 6), (2, 7), (3, 7)]
1411,2,3,1,6,[(1, 8), (1, 9), (2, 6), (2, 7), (2, 8), (3, 8)]
1412,2,3,1,7,[(1, 9), (1, 10), (2, 7), (2, 8), (2, 9), (3, 9)]
1413,2,3,1,8,[(1, 10), (1, 11), (2, 8), (2, 9), (2, 10), (3, 10)]
1414,2,3,1,9,[(1, 11), (1, 12), (2, 9), (2, 10), (2, 11), (3, 11)]
1415,2,3,1,10,[(1, 12), (1, 13), (2, 10), (2, 11), (2, 12), (3, 12)]
1416,2,3,1,11,[(1, 13), (1, 14), (2, 11), (2, 12), (2, 13), (3, 13)]
1417,2,3,1,12,[(1, 14), (1, 15), (2, 12), (2, 13), (2, 14), (3, 14)]
1418,2,3,1,13,[(1, 15), (1, 16), (2, 13), (2, 14), (2, 15), (3, 15)]
1419,2,3,2,0,[(2, 2), (2, 3), (3, 0), (3, 1), (3, 2), (4, 2)]
1420,2,3,2,1,[(2, 3), (2, 4), (3, 1), (3, 2), (3, 3), (4, 3)]
1421,2,3,2,2,[(2, 4), (2, 5), (3, 2), (3, 3), (3, 4), (4, 4)]
1422,2,3,2,3,[(2, 5), (2, 6), (3, 3), (3, 4), (3, 5), (4, 5)]
1423,2,3,2,4,[(2, 6), (2, 7), (3, 4), (3, 5), (3, 6), (4, 6)]
1424,2,3,2,5,[(2, 7), (2, 8), (3, 5), (3, 6), (3, 7), (4, 7)]
1425,2,3,2,6,[(2, 8), (2, 9), (3, 6), (3, 7), (3, 8), (4, 8)]
1426,2,3,2,7,[(2, 9), (2, 10), (3, 7), (3, 8), (3, 9), (4, 9)]
1427,2,3,2,8,[(2, 10), (2, 11), (3, 8), (3, 9), (3, 10), (4, 10)]
1428,2,3,2,9,[(2, 11), (2, 12), (3, 9), (3, 10), (3, 11), (4, 11)]
1429,2,3,2,10,[(2, 12), (2, 13), (3, 10), (3, 11), (3, 12), (4, 12)]
1430,2,3,2,11,[(2, 13), (2, 14), (3, 11), (3, 12), (3, 13), (4, 13)]
1431,2,3,2,12,[(2, 14), (2, 15), (3, 12), (3, 13), (3, 14), (4, 14)]
1432,2,3,2,13,[(2, 15), (2, 16), (3, 13), (3, 14), (3, 15), (4, 15)]
1433,2,3,3,0,[(3, 2), (3, 3), (4, 0), (4, 1), (4, 2), (5, 2)]
1434,2,3,3,1,[(3, 3), (3, 4), (4, 1), (4, 2), (4, 3), (5, 3)]
1435,2,3,3,2,[(3, 4), (3, 5), (4, 2), (4, 3), (4, 4), (5, 4)]
1436,2,3,3,3,[(3, 5), (3, 6), (4, 3), (4, 4), (4, 5), (5, 5)]
1437,2,3,3,4,[(3, 6), (3, 7), (4, 4), (4, 5), (4, 6), (5, 6)]
1438,2,3,3,5,[(3, 7), (3, 8), (4, 5), (4, 6), (4, 7), (5, 7)]
1439,2,3,3,6,[(3, 8), (3, 9), (4, 6), (4, 7), (4, 8), (5, 8)]
1440,2,3,3,7,[(3, 9), (3, 10), (4, 7), (4, 8), (4, 9), (5, 9)]
1441,2,3,3,8,[(3, 10), (3, 11), (4, 8), (4, 9), (4, 10), (5, 10)]
1442,2,3,3,9,[(3, 11), (3, 12), (4, 9), (4, 10), (4, 11), (5, 11)]
1443,2,3,3,10,[(3, 12), (3, 13), (4, 10), (4, 11), (4, 12), (5, 12)]
1444,2,3,3,11,[(3, 13), (3, 14), (4, 11), (4, 12), (4, 13), (5, 13)]
1445,2,3,3,12,[(3, 14), (3, 15), (4, 12), (4, 13), (4, 14), (5, 14)]
1446,2,3,3,13,[(3, 15), (3, 16), (4, 13), (4, 14), (4, 15), (5, 15)]
1447,2,3,4,0,[(4, 2), (4, 3), (5, 0), (5, 1), (5, 2), (6, 2)]
1448,2,3,4,1,[(4, 3), (4, 4), (5, 1), (5, 2), (5, 3), (6, 3)]
1449,2,3,4,2,[(4, 4), (4, 5), (5, 2), (5, 3), (5, 4), (6, 4)]
1450,2,3,4,3,[(4, 5), (4, 6), (5, 3), (5, 4), (5, 5), (6, 5)]
1451,2,3,4,4,[(4, 6), (4, 7), (5, 4), (5, 5), (5, 6), (6, 6)]
1452,2,3,4,5,[(4, 7), (4, 8), (5, 5), (5, 6), (5, 7), (6, 7)]
1453,2,3,4,6,[(4, 8), (4, 9), (5, 6), (5, 7), (5, 8), (6, 8)]
1454,2,3,4,7,[(4, 9), (4, 10), (5, 7), (5, 8), (5, 9), (6, 9)]
1455,2,3,4,8,[(4, 10), (4, 11), (5, 8), (5, 9), (5, 10), (6, 10)]
1456,2,3,4,9,[(4, 11), (4, 12), (5, 9), (5, 10), (5, 11), (6, 11)]
1457,2,3,4,10,[(4, 12), (4, 13), (5, 10), (5, 11), (5, 12), (6, 12)]
1458,2,3,4,11,[(4, 13), (4, 14), (5, 11), (5, 12), (5, 13), (6, 13)]
1459,2,3,4,12,[(4, 14), (4, 15), (5, 12), (5, 13), (5, 14), (6, 14)]
1460,2,3,4,13,[(4, 15), (4, 16), (5, 13), (5, 14), (5, 15), (6, 15)]
1461,2,3,5,0,[(5, 2), (5, 3), (6, 0), (6, 1), (6, 2), (7, 2)]
1462,2,3,5,1,[(5, 3), (5, 4), (6, 1), (6, 2), (6, 3), (7, 3)]
1463,2,3,5,2,[(5, 4), (5, 5), (6, 2), (6, 3), (6, 4), (7, 4)]
1464,2,3,5,3,[(5, 5), (5, 6), (6, 3), (6, 4), (6, 5), (7, 5)]
1465,2,3,5,4,[(5, 6), (5, 7), (6, 4), (6, 5), (6, 6), (7, 6)]
1466,2,3,5,5,[(5, 7), (5, 8), (6, 5), (6, 6), (6, 7), (7, 7)]
1467,2,3,5,6,[(5, 8), (5, 9), (6, 6), (6, 7), (6, 8), (7, 8)]
1468,2,3,5,7,[(5, 9), (5, 10), (6, 7), (6, 8), (6, 9), (7, 9)]
1469,2,3,5,8,[(5, 10), (5, 11), (6, 8), (6, 9), (6, 10), (7, 10)]
1470,2,3,5,9,[(5, 11), (5, 12), (6, 9), (6, 10), (6, 11), (7, 11)]
1471,2,3,5,10,[(5, 12), (5, 13), (6, 10), (6, 11), (6, 12), (7, 12)]
1472,2,3,5,11,[(5, 13), (5, 14), (6, 11), (6, 12), (6, 13), (7, 13)]
1473,2,3,5,12,[(5, 14), (5, 15), (6, 12), (6, 13), (6, 14), (7, 14)]
1474,2,3,5,13,[(5, 15), (5, 16), (6, 13), (6, 14), (6, 15), (7, 15)]
1475,2,3,6,0,[(6, 2), (6, 3), (7, 0), (7, 1), (7, 2), (8, 2)]
1476,2,3,6,1,[(6, 3), (6, 4), (7, 1), (7, 2), (7, 3), (8, 3)]
1477,2,3,6,2,[(6, 4), (6, 5), (7, 2), (7, 3), (7, 4), (8, 4)]
1478,2,3,6,3,[(6, 5), (6, 6), (7, 3), (7, 4), (7, 5), (8, 5)]
1479,2,3,6,4,[(6, 6), (6, 7), (7, 4), (7, 5), (7, 6), (8, 6)]
1480,2,3,6,5,[(6, 7), (6, 8), (7, 5), (7, 6), (7, 7), (8, 7)]
1481,2,3,6,6,[(6, 8), (6, 9), (7, 6), (7, 7), (7, 8), (8, 8)]
1482,2,3,6,7,[(6, 9), (6, 10), (7, 7), (7, 8), (7, 9), (8, 9)]
1483,2,3,6,8,[(6, 10), (6, 11), (7, 8), (7, 9), (7, 10), (8, 10)]
1484,2,3,6,9,[(6, 11), (6, 12), (7, 9), (7, 10), (7, 11), (8, 11)]
1485,2,3,6,10,[(6, 12), (6, 13), (7, 10), (7, 11), (7, 12), (8, 12)]
1486,2,3,6,11,[(6, 13), (6, 14), (7, 11), (7, 12), (7, 13), (8, 13)]
1487,2,3,6,12,[(6, 14), (6, 15), (7, 12), (7, 13), (7, 14), (8, 14)]
1488,2,3,6,13,[(6, 15), (6, 16), (7, 13), (7, 14), (7, 15), (8, 15)]
1489,2,4,0,0,[(0, 0), (0, 1), (1, 1), (1, 2), (1, 3), (2, 1)]
1490,2,4,0,1,[(0, 1), (0, 2), (1, 2), (1, 3), (1, 4), (2, 2)]
1491,2,4,0,2,[(0, 2), (0, 3), (1, 3), (1, 4), (1, 5), (2, 3)]
1492,2,4,0,3,[(0, 3), (0, 4), (1, 4), (1, 5), (1, 6), (2, 4)]
1493,2,4,0,4,[(0, 4), (0, 5), (1, 5), (1, 6), (1, 7), (2, 5)]
1494,2,4,0,5,[(0, 5), (0, 6), (1, 6), (1, 7), (1, 8), (2, 6)]
1495,2,4,0,6,[(0, 6), (0, 7), (1, 7), (1, 8), (1, 9), (2, 7)]
1496,2,4,0,7,[(0, 7), (0, 8), (1, 8), (1, 9), (1, 10), (2, 8)]
1497,2,4,0,8,[(0, 8), (0, 9), (1, 9), (1, 10), (1, 11), (2, 9)]
1498,2,4,0,9,[(0, 9), (0, 10), (1, 10), (1, 11), (1, 12), (2, 10)]
1499,2,4,0,10,[(0, 10), (0, 11), (1, 11), (1, 12), (1, 13), (2, 11)]
1500,2,4,0,11,[(0, 11), (0, 12), (1, 12), (1, 13), (1, 14), (2, 12)]
1501,2,4,0,12,[(0, 12), (0, 13), (1, 13), (1, 14), (1, 15), (2, 13)]
1502,2,4,0,13,[(0, 13), (0, 14), (1, 14), (1, 15), (1, 16), (2, 14)]
1503,2,4,1,0,[(1, 0), (1, 1), (2, 1), (2, 2), (2, 3), (3, 1)]
1504,2,4,1,1,[(1, 1), (1, 2), (2, 2), (2, 3), (2, 4), (3, 2)]
1505,2,4,1,2,[(1, 2), (1, 3), (2, 3), (2, 4), (2, 5), (3, 3)]
1506,2,4,1,3,[(1, 3), (1, 4), (2, 4), (2, 5), (2, 6), (3, 4)]
1507,2,4,1,4,[(1, 4), (1, 5), (2, 5), (2, 6), (2, 7), (3, 5)]
1508,2,4,1,5,[(1, 5), (1, 6), (2, 6), (2, 7), (2, 8), (3, 6)]
1509,2,4,1,6,[(1, 6), (1, 7), (2, 7), (2, 8), (2, 9), (3, 7)]
1510,2,4,1,7,[(1, 7), (1, 8), (2, 8), (2, 9), (2, 10), (3, 8)]
1511,2,4,1,8,[(1, 8), (1, 9), (2, 9), (2, 10), (2, 11), (3, 9)]
1512,2,4,1,9,[(1, 9), (1, 10), (2, 10), (2, 11), (2, 12), (3, 10)]
1513,2,4,1,10,[(1, 10), (1, 11), (2, 11), (2, 12), (2, 13), (3, 11)]
1514,2,4,1,11,[(1, 11), (1, 12), (2, 12), (2, 13), (2, 14), (3, 12)]
1515,2,4,1,12,[(1, 12), (1, 13), (2, 13), (2, 14), (2, 15), (3, 13)]
1516,2,4,1,13,[(1, 13), (1, 14), (2, 14), (2, 15), (2, 16), (3, 14)]
1517,2,4,2,0,[(2, 0), (2, 1), (3, 1), (3, 2), (3, 3), (4, 1)]
1518,2,4,2,1,[(2, 1), (2, 2), (3, 2), (3, 3), (3, 4), (4, 2)]
1519,2,4,2,2,[(2, 2), (2, 3), (3, 3), (3, 4), (3, 5), (4, 3)]
1520,2,4,2,3,[(2, 3), (2, 4), (3, 4), (3, 5), (3, 6), (4, 4)]
1521,2,4,2,4,[(2, 4), (2, 5), (3, 5), (3, 6), (3, 7), (4, 5)]
1522,2,4,2,5,[(2, 5), (2, 6), (3, 6), (3, 7), (3, 8), (4, 6)]
1523,2,4,2,6,[(2, 6), (2, 7), (3, 7), (3, 8), (3, 9), (4, 7)]
1524,2,4,2,7,[(2, 7), (2, 8), (3, 8), (3, 9), (3, 10), (4, 8)]
1525,2,4,2,8,[(2, 8), (2, 9), (3, 9), (3, 10), (3, 11), (4, 9)]
1526,2,4,2,9,[(2, 9), (2, 10), (3, 10), (3, 11), (3, 12), (4, 10)]
1527,2,4,2,10,[(2, 10), (2, 11), (3, 11), (3, 12), (3, 13), (4, 11)]
1528,2,4,2,11,[(2, 11), (2, 12), (3, 12), (3, 13), (3, 14), (4, 12)]
1529,2,4,2,12,[(2, 12), (2, 13), (3, 13), (3, 14), (3, 15), (4, 13)]
1530,2,4,2,13,[(2, 13), (2, 14), (3, 14), (3, 15), (3, 16), (4, 14)]
1531,2,4,3,0,[(3, 0), (3, 1), (4, 1), (4, 2), (4, 3), (5, 1)]
1532,2,4,3,1,[(3, 1), (3, 2), (4, 2), (4, 3), (4, 4), (5, 2)]
1533,2,4,3,2,[(3, 2), (3, 3), (4, 3), (4, 4), (4, 5), (5, 3)]
1534,2,4,3,3,[(3, 3), (3, 4), (4, 4), (4, 5), (4, 6), (5, 4)]
1535,2,4,3,4,[(3, 4), (3, 5), (4, 5), (4, 6), (4, 7), (5, 5)]
1536,2,4,3,5,[(3, 5), (3, 6), (4, 6), (4, 7), (4, 8), (5, 6)]
1537,2,4,3,6,[(3, 6), (3, 7), (4, 7), (4, 8), (4, 9), (5, 7)]
1538,2,4,3,7,[(3, 7), (3, 8), (4, 8), (4, 9), (4, 10), (5, 8)]
1539,2,4,3,8,[(3, 8), (3, 9), (4, 9), (4, 10), (4, 11), (5, 9)]
1540,2,4,3,9,[(3, 9), (3, 10), (4, 10), (4, 11), (4, 12), (5, 10)]
1541,2,4,3,10,[(3, 10), (3, 11), (4, 11), (4, 12), (4, 13), (5, 11)]
1542,2,4,3,11,[(3, 11), (3, 12), (4, 12), (4, 13), (4, 14), (5, 12)]
1543,2,4,3,12,[(3, 12), (3, 13), (4, 13), (4, 14), (4, 15), (5, 13)]
1544,2,4,3,13,[(3, 13), (3, 14), (4, 14), (4, 15), (4, 16), (5, 14)]
1545,2,4,4,0,[(4, 0), (4, 1), (5, 1), (5, 2), (5, 3), (6, 1)]
1546,2,4,4,1,[(4, 1), (4, 2), (5, 2), (5, 3), (5, 4), (6, 2)]
1547,2,4,4,2,[(4, 2), (4, 3), (5, 3), (5, 4), (5, 5), (6, 3)]
1548,2,4,4,3,[(4, 3), (4, 4), (5, 4), (5, 5), (5, 6), (6, 4)]
1549,2,4,4,4,[(4, 4), (4, 5), (5, 5), (5, 6), (5, 7), (6, 5)]
1550,2,4,4,5,[(4, 5), (4, 6), (5, 6), (5, 7), (5, 8), (6, 6)]
1551,2,4,4,6,[(4, 6), (4, 7), (5, 7), (5, 8), (5, 9), (6, 7)]
1552,2,4,4,7,[(4, 7), (4, 8), (5, 8), (5, 9), (5, 10), (6, 8)]
1553,2,4,4,8,[(4, 8), (4, 9), (5, 9), (5, 10), (5, 11), (6, 9)]
1554,2,4,4,9,[(4, 9), (4, 10), (5, 10), (5, 11), (5, 12), (6, 10)]
1555,2,4,4,10,[(4, 10), (4, 11), (5, 11), (5, 12), (5, 13), (6, 11)]
1556,2,4,4,11,[(4, 11), (4, 12), (5, 12), (5, 13), (5, 14), (6, 12)]
1557,2,4,4,12,[(4, 12), (4, 13), (5, 13), (5, 14), (5, 15), (6, 13)]
1558,2,4,4,13,[(4, 13), (4, 14), (5, 14), (5, 15), (5, 16), (6, 14)]
1559,2,4,5,0,[(5, 0), (5, 1), (6, 1), (6, 2), (6, 3), (7, 1)]
1560,2,4,5,1,[(5, 1), (5, 2), (6, 2), (6, 3), (6, 4), (7, 2)]
1561,2,4,5,2,[(5, 2), (5, 3), (6, 3), (6, 4), (6, 5), (7, 3)]
1562,2,4,5,3,[(5, 3), (5, 4), (6, 4), (6, 5), (6, 6), (7, 4)]
1563,2,4,5,4,[(5, 4), (5, 5), (6, 5), (6, 6), (6, 7), (7, 5)]
1564,2,4,5,5,[(5, 5), (5, 6), (6, 6), (6, 7), (6, 8), (7, 6)]
1565,2,4,5,6,[(5, 6), (5, 7), (6, 7), (6, 8), (6, 9), (7, 7)]
1566,2,4,5,7,[(5, 7), (5, 8), (6, 8), (6, 9), (6, 10), (7, 8)]
1567,2,4,5,8,[(5, 8), (5, 9), (6, 9), (6, 10), (6, 11), (7, 9)]
1568,2,4,5,9,[(5, 9), (5, 10), (6, 10), (6, 11), (6, 12), (7, 10)]
1569,2,4,5,10,[(5, 10), (5, 11), (6, 11), (6, 12), (6, 13), (7, 11)]
1570,2,4,5,11,[(5, 11), (5, 12), (6, 12), (6, 13), (6, 14), (7, 12)]
1571,2,4,5,12,[(5, 12), (5, 13), (6, 13), (6, 14), (6, 15), (7, 13)]
1572,2,4,5,13,[(5, 13), (5, 14), (6, 14), (6, 15), (6, 16), (7, 14)]
1573,2,4,6,0,[(6, 0), (6, 1), (7, 1), (7, 2), (7, 3), (8, 1)]
1574,2,4,6,1,[(6, 1), (6, 2), (7, 2), (7, 3), (7, 4), (8, 2)]
1575,2,4,6,2,[(6, 2), (6, 3), (7, 3), (7, 4), (7, 5), (8, 3)]
1576,2,4,6,3,[(6, 3), (6, 4), (7, 4), (7, 5), (7, 6), (8, 4)]
1577,2,4,6,4,[(6, 4), (6, 5), (7, 5), (7, 6), (7, 7), (8, 5)]
1578,2,4,6,5,[(6, 5), (6, 6), (7, 6), (7, 7), (7, 8), (8, 6)]
1579,2,4,6,6,[(6, 6), (6, 7), (7, 7), (7, 8), (7, 9), (8, 7)]
1580,2,4,6,7,[(6, 7), (6, 8), (7, 8), (7, 9), (7, 10), (8, 8)]
1581,2,4,6,8,[(6, 8), (6, 9), (7, 9), (7, 10), (7, 11), (8, 9)]
1582,2,4,6,9,[(6, 9), (6, 10), (7, 10), (7, 11), (7, 12), (8, 10)]
1583,2,4,6,10,[(6, 10), (6, 11), (7, 11), (7, 12), (7, 13), (8, 11)]
1584,2,4,6,11,[(6, 11), (6, 12), (7, 12), (7, 13), (7, 14), (8, 12)]
1585,2,4,6,12,[(6, 12), (6, 13), (7, 13), (7, 14), (7, 15), (8, 13)]
1586,2,4,6,13,[(6, 13), (6, 14), (7, 14), (7, 15), (7, 16), (8, 14)]
1587,2,5,0,0,[(0, 2), (1, 0), (1, 1), (1, 2), (2, 2), (2, 3)]
1588,2,5,0,1,[(0, 3), (1, 1), (1, 2), (1, 3), (2, 3), (2, 4)]
1589,2,5,0,2,[(0, 4), (1, 2), (1, 3), (1, 4), (2, 4), (2, 5)]
1590,2,5,0,3,[(0, 5), (1, 3), (1, 4), (1, 5), (2, 5), (2, 6)]
1591,2,5,0,4,[(0, 6), (1, 4), (1, 5), (1, 6), (2, 6), (2, 7)]
1592,2,5,0,5,[(0, 7), (1, 5), (1, 6), (1, 7), (2, 7), (2, 8)]
1593,2,5,0,6,[(0, 8), (1, 6), (1, 7), (1, 8), (2, 8), (2, 9)]
1594,2,5,0,7,[(0, 9), (1, 7), (1, 8), (1, 9), (2, 9), (2, 10)]
1595,2,5,0,8,[(0, 10), (1, 8), (1, 9), (1, 10), (2, 10), (2, 11)]
1596,2,5,0,9,[(0, 11), (1, 9), (1, 10), (1, 11), (2, 11), (2, 12)]
1597,2,5,0,10,[(0, 12), (1, 10), (1, 11), (1, 12), (2, 12), (2, 13)]
1598,2,5,0,11,[(0, 13), (1, 11), (1, 12), (1, 13), (2, 13), (2, 14)]
1599,2,5,0,12,[(0, 14), (1, 12), (1, 13), (1, 14), (2, 14), (2, 15)]
1600,2,5,0,13,[(0, 15), (1, 13), (1, 14), (1, 15), (2, 15), (2, 16)]
1601,2,5,1,0,[(1, 2), (2, 0), (2, 1), (2, 2), (3, 2), (3, 3)]
1602,2,5,1,1,[(1, 3), (2, 1), (2, 2), (2, 3), (3, 3), (3, 4)]
1603,2,5,1,2,[(1, 4), (2, 2), (2, 3), (2, 4), (3, 4), (3, 5)]
1604,2,5,1,3,[(1, 5), (2, 3), (2, 4), (2, 5), (3, 5), (3, 6)]
1605,2,5,1,4,[(1, 6), (2, 4), (2, 5), (2, 6), (3, 6), (3, 7)]
1606,2,5,1,5,[(1, 7), (2, 5), (2, 6), (2, 7), (3, 7), (3, 8)]
1607,2,5,1,6,[(1, 8), (2, 6), (2, 7), (2, 8), (3, 8), (3, 9)]
1608,2,5,1,7,[(1, 9), (2, 7), (2, 8), (2, 9), (3, 9), (3, 10)]
1609,2,5,1,8,[(1, 10), (2, 8), (2, 9), (2, 10), (3, 10), (3, 11)]
1610,2,5,1,9,[(1, 11), (2, 9), (2, 10), (2, 11), (3, 11), (3, 12)]
1611,2,5,1,10,[(1, 12), (2, 10), (2, 11), (2, 12), (3, 12), (3, 13)]
1612,2,5,1,11,[(1, 13), (2, 11), (2, 12), (2, 13), (3, 13), (3, 14)]
1613,2,5,1,12,[(1, 14), (2, 12), (2, 13), (2, 14), (3, 14), (3, 15)]
1614,2,5,1,13,[(1, 15), (2, 13), (2, 14), (2, 15), (3, 15), (3, 16)]
1615,2,5,2,0,[(2, 2), (3, 0), (3, 1), (3, 2), (4, 2), (4, 3)]
1616,2,5,2,1,[(2, 3), (3, 1), (3, 2), (3, 3), (4, 3), (4, 4)]
1617,2,5,2,2,[(2, 4), (3, 2), (3, 3), (3, 4), (4, 4), (4, 5)]
1618,2,5,2,3,[(2, 5), (3, 3), (3, 4), (3, 5), (4, 5), (4, 6)]
1619,2,5,2,4,[(2, 6), (3, 4), (3, 5), (3, 6), (4, 6), (4, 7)]
1620,2,5,2,5,[(2, 7), (3, 5), (3, 6), (3, 7), (4, 7), (4, 8)]
1621,2,5,2,6,[(2, 8), (3, 6), (3, 7), (3, 8), (4, 8), (4, 9)]
1622,2,5,2,7,[(2, 9), (3, 7), (3, 8), (3, 9), (4, 9), (4, 10)]
1623,2,5,2,8,[(2, 10), (3, 8), (3, 9), (3, 10), (4, 10), (4, 11)]
1624,2,5,2,9,[(2, 11), (3, 9), (3, 10), (3, 11), (4, 11), (4, 12)]
1625,2,5,2,10,[(2, 12), (3, 10), (3, 11), (3, 12), (4, 12), (4, 13)]
1626,2,5,2,11,[(2, 13), (3, 11), (3, 12), (3, 13), (4, 13), (4, 14)]
1627,2,5,2,12,[(2, 14), (3, 12), (3, 13), (3, 14), (4, 14), (4, 15)]
1628,2,5,2,13,[(2, 15), (3, 13), (3, 14), (3, 15), (4, 15), (4, 16)]
1629,2,5,3,0,[(3, 2), (4, 0), (4, 1), (4, 2), (5, 2), (5, 3)]
1630,2,5,3,1,[(3, 3), (4, 1), (4, 2), (4, 3), (5, 3), (5, 4)]
1631,2,5,3,2,[(3, 4), (4, 2), (4, 3), (4, 4), (5, 4), (5, 5)]
1632,2,5,3,3,[(3, 5), (4, 3), (4, 4), (4, 5), (5, 5), (5, 6)]
1633,2,5,3,4,[(3, 6), (4, 4), (4, 5), (4, 6), (5, 6), (5, 7)]
1634,2,5,3,5,[(3, 7), (4, 5), (4, 6), (4, 7), (5, 7), (5, 8)]
1635,2,5,3,6,[(3, 8), (4, 6), (4, 7), (4, 8), (5, 8), (5, 9)]
1636,2,5,3,7,[(3, 9), (4, 7), (4, 8), (4, 9), (5, 9), (5, 10)]
1637,2,5,3,8,[(3, 10), (4, 8), (4, 9), (4, 10), (5, 10), (5, 11)]
1638,2,5,3,9,[(3, 11), (4, 9), (4, 10), (4, 11), (5, 11), (5, 12)]
1639,2,5,3,10,[(3, 12), (4, 10), (4, 11), (4, 12), (5, 12), (5, 13)]
1640,2,5,3,11,[(3, 13), (4, 11), (4, 12), (4, 13), (5, 13), (5, 14)]
1641,2,5,3,12,[(3, 14), (4, 12), (4, 13), (4, 14), (5, 14), (5, 15)]
1642,2,5,3,13,[(3, 15), (4, 13), (4, 14), (4, 15), (5, 15), (5, 16)]
1643,2,5,4,0,[(4, 2), (5, 0), (5, 1), (5, 2), (6, 2), (6, 3)]
1644,2,5,4,1,[(4, 3), (5, 1), (5, 2), (5, 3), (6, 3), (6, 4)]
1645,2,5,4,2,[(4, 4), (5, 2), (5, 3), (5, 4), (6, 4), (6, 5)]
1646,2,5,4,3,[(4, 5), (5, 3), (5, 4), (5, 5), (6, 5), (6, 6)]
1647,2,5,4,4,[(4, 6), (5, 4), (5, 5), (5, 6), (6, 6), (6, 7)]
1648,2,5,4,5,[(4, 7), (5, 5), (5, 6), (5, 7), (6, 7), (6, 8)]
1649,2,5,4,6,[(4, 8), (5, 6), (5, 7), (5, 8), (6, 8), (6, 9)]
1650,2,5,4,7,[(4, 9), (5, 7), (5, 8), (5, 9), (6, 9), (6, 10)]
1651,2,5,4,8,[(4, 10), (5, 8), (5, 9), (5, 10), (6, 10), (6, 11)]
1652,2,5,4,9,[(4, 11), (5, 9), (5, 10), (5, 11), (6, 11), (6, 12)]
1653,2,5,4,10,[(4, 12), (5, 10), (5, 11), (5, 12), (6, 12), (6, 13)]
1654,2,5,4,11,[(4, 13), (5, 11), (5, 12), (5, 13), (6, 13), (6, 14)]
1655,2,5,4,12,[(4, 14), (5, 12), (5, 13), (5, 14), (6, 14), (6, 15)]
1656,2,5,4,13,[(4, 15), (5, 13), (5, 14), (5, 15), (6, 15), (6, 16)]
1657,2,5,5,0,[(5, 2), (6, 0), (6, 1), (6, 2), (7, 2), (7, 3)]
1658,2,5,5,1,[(5, 3), (6, 1), (6, 2), (6, 3), (7, 3), (7, 4)]
1659,2,5,5,2,[(5, 4), (6, 2), (6, 3), (6, 4), (7, 4), (7, 5)]
1660,2,5,5,3,[(5, 5), (6, 3), (6, 4), (6, 5), (7, 5), (7, 6)]
1661,2,5,5,4,[(5, 6), (6, 4), (6, 5), (6, 6), (7, 6), (7, 7)]
1662,2,5,5,5,[(5, 7), (6, 5), (6, 6), (6, 7), (7, 7), (7, 8)]
1663,2,5,5,6,[(5, 8), (6, 6), (6, 7), (6, 8), (7, 8), (7, 9)]
1664,2,5,5,7,[(5, 9), (6, 7), (6, 8), (6, 9), (7, 9), (7, 10)]
1665,2,5,5,8,[(5, 10), (6, 8), (6, 9), (6, 10), (7, 10), (7, 11)]
1666,2,5,5,9,[(5, 11), (6, 9), (6, 10), (6, 11), (7, 11), (7, 12)]
1667,2,5,5,10,[(5, 12), (6, 10), (6, 11), (6, 12), (7, 12), (7, 13)]
1668,2,5,5,11,[(5, 13), (6, 11), (6, 12), (6, 13), (7, 13), (7, 14)]
1669,2,5,5,12,[(5, 14), (6, 12), (6, 13), (6, 14), (7, 14), (7, 15)]
1670,2,5,5,13,[(5, 15), (6, 13), (6, 14), (6, 15), (7, 15), (7, 16)]
1671,2,5,6,0,[(6, 2), (7, 0), (7, 1), (7, 2), (8, 2), (8, 3)]
1672,2,5,6,1,[(6, 3), (7, 1), (7, 2), (7, 3), (8, 3), (8, 4)]
1673,2,5,6,2,[(6, 4), (7, 2), (7, 3), (7, 4), (8, 4), (8, 5)]
1674,2,5,6,3,[(6, 5), (7, 3), (7, 4), (7, 5), (8, 5), (8, 6)]
1675,2,5,6,4,[(6, 6), (7, 4), (7, 5), (7, 6), (8, 6), (8, 7)]
1676,2,5,6,5,[(6, 7), (7, 5), (7, 6), (7, 7), (8, 7), (8, 8)]
1677,2,5,6,6,[(6, 8), (7, 6), (7, 7), (7, 8), (8, 8), (8, 9)]
1678,2,5,6,7,[(6, 9), (7, 7), (7, 8), (7, 9), (8, 9), (8, 10)]
1679,2,5,6,8,[(6, 10), (7, 8), (7, 9), (7, 10), (8, 10), (8, 11)]
1680,2,5,6,9,[(6, 11), (7, 9), (7, 10), (7, 11), (8, 11), (8, 12)]
1681,2,5,6,10,[(6, 12), (7, 10), (7, 11), (7, 12), (8, 12), (8, 13)]
1682,2,5,6,11,[(6, 13), (7, 11), (7, 12), (7, 13), (8, 13), (8, 14)]
1683,2,5,6,12,[(6, 14), (7, 12), (7, 13), (7, 14), (8, 14), (8, 15)]
1684,2,5,6,13,[(6, 15), (7, 13), (7, 14), (7, 15), (8, 15), (8, 16)]
1685,2,6,0,0,[(0, 1), (1, 1), (2, 0), (2, 1), (2, 2), (3, 2)]
1686,2,6,0,1,[(0, 2), (1, 2), (2, 1), (2, 2), (2, 3), (3, 3)]
1687,2,6,0,2,[(0, 3), (1, 3), (2, 2), (2, 3), (2, 4), (3, 4)]
1688,2,6,0,3,[(0, 4), (1, 4), (2, 3), (2, 4), (2, 5), (3, 5)]
1689,2,6,0,4,[(0, 5), (1, 5), (2, 4), (2, 5), (2, 6), (3, 6)]
1690,2,6,0,5,[(0, 6), (1, 6), (2, 5), (2, 6), (2, 7), (3, 7)]
1691,2,6,0,6,[(0, 7), (1, 7), (2, 6), (2, 7), (2, 8), (3, 8)]
1692,2,6,0,7,[(0, 8), (1, 8), (2, 7), (2, 8), (2, 9), (3, 9)]
1693,2,6,0,8,[(0, 9), (1, 9), (2, 8), (2, 9), (2, 10), (3, 10)]
1694,2,6,0,9,[(0, 10), (1, 10), (2, 9), (2, 10), (2, 11), (3, 11)]
1695,2,6,0,10,[(0, 11), (1, 11), (2, 10), (2, 11), (2, 12), (3, 12)]
1696,2,6,0,11,[(0, 12), (1, 12), (2, 11), (2, 12), (2, 13), (3, 13)]
1697,2,6,0,12,[(0, 13), (1, 13), (2, 12), (2, 13), (2, 14), (3, 14)]
1698,2,6,0,13,[(0, 14), (1, 14), (2, 13), (2, 14), (2, 15), (3, 15)]
1699,2,6,0,14,[(0, 15), (1, 15), (2, 14), (2, 15), (2, 16), (3, 16)]
1700,2,6,1,0,[(1, 1), (2, 1), (3, 0), (3, 1), (3, 2), (4, 2)]
1701,2,6,1,1,[(1, 2), (2, 2), (3, 1), (3, 2), (3, 3), (4, 3)]
1702,2,6,1,2,[(1, 3), (2, 3), (3, 2), (3, 3), (3, 4), (4, 4)]
1703,2,6,1,3,[(1, 4), (2, 4), (3, 3), (3, 4), (3, 5), (4, 5)]
1704,2,6,1,4,[(1, 5), (2, 5), (3, 4), (3, 5), (3, 6), (4, 6)]
1705,2,6,1,5,[(1, 6), (2, 6), (3, 5), (3, 6), (3, 7), (4, 7)]
1706,2,6,1,6,[(1, 7), (2, 7), (3, 6), (3, 7), (3, 8), (4, 8)]
1707,2,6,1,7,[(1, 8), (2, 8), (3, 7), (3, 8), (3, 9), (4, 9)]
1708,2,6,1,8,[(1, 9), (2, 9), (3, 8), (3, 9), (3, 10), (4, 10)]
1709,2,6,1,9,[(1, 10), (2, 10), (3, 9), (3, 10), (3, 11), (4, 11)]
1710,2,6,1,10,[(1, 11), (2, 11), (3, 10), (3, 11), (3, 12), (4, 12)]
1711,2,6,1,11,[(1, 12), (2, 12), (3, 11), (3, 12), (3, 13), (4, 13)]
1712,2,6,1,12,[(1, 13), (2, 13), (3, 12), (3, 13), (3, 14), (4, 14)]
1713,2,6,1,13,[(1, 14), (2, 14), (3, 13), (3, 14), (3, 15), (4, 15)]
1714,2,6,1,14,[(1, 15), (2, 15), (3, 14), (3, 15), (3, 16), (4, 16)]
1715,2,6,2,0,[(2, 1), (3, 1), (4, 0), (4, 1), (4, 2), (5, 2)]
1716,2,6,2,1,[(2, 2), (3, 2), (4, 1), (4, 2), (4, 3), (5, 3)]
1717,2,6,2,2,[(2, 3), (3, 3), (4, 2), (4, 3), (4, 4), (5, 4)]
1718,2,6,2,3,[(2, 4), (3, 4), (4, 3), (4, 4), (4, 5), (5, 5)]
1719,2,6,2,4,[(2, 5), (3, 5), (4, 4), (4, 5), (4, 6), (5, 6)]
1720,2,6,2,5,[(2, 6), (3, 6), (4, 5), (4, 6), (4, 7), (5, 7)]
1721,2,6,2,6,[(2, 7), (3, 7), (4, 6), (4, 7), (4, 8), (5, 8)]
1722,2,6,2,7,[(2, 8), (3, 8), (4, 7), (4, 8), (4, 9), (5, 9)]
1723,2,6,2,8,[(2, 9), (3, 9), (4, 8), (4, 9), (4, 10), (5, 10)]
1724,2,6,2,9,[(2, 10), (3, 10), (4, 9), (4, 10), (4, 11), (5, 11)]
1725,2,6,2,10,[(2, 11), (3, 11), (4, 10), (4, 11), (4, 12), (5, 12)]
1726,2,6,2,11,[(2, 12), (3, 12), (4, 11), (4, 12), (4, 13), (5, 13)]
1727,2,6,2,12,[(2, 13), (3, 13), (4, 12), (4, 13), (4, 14), (5, 14)]
1728,2,6,2,13,[(2, 14), (3, 14), (4, 13), (4, 14), (4, 15), (5, 15)]
1729,2,6,2,14,[(2, 15), (3, 15), (4, 14), (4, 15), (4, 16), (5, 16)]
1730,2,6,3,0,[(3, 1), (4, 1), (5, 0), (5, 1), (5, 2), (6, 2)]
1731,2,6,3,1,[(3, 2), (4, 2), (5, 1), (5, 2), (5, 3), (6, 3)]
1732,2,6,3,2,[(3, 3), (4, 3), (5, 2), (5, 3), (5, 4), (6, 4)]
1733,2,6,3,3,[(3, 4), (4, 4), (5, 3), (5, 4), (5, 5), (6, 5)]
1734,2,6,3,4,[(3, 5), (4, 5), (5, 4), (5, 5), (5, 6), (6, 6)]
1735,2,6,3,5,[(3, 6), (4, 6), (5, 5), (5, 6), (5, 7), (6, 7)]
1736,2,6,3,6,[(3, 7), (4, 7), (5, 6), (5, 7), (5, 8), (6, 8)]
1737,2,6,3,7,[(3, 8), (4, 8), (5, 7), (5, 8), (5, 9), (6, 9)]
1738,2,6,3,8,[(3, 9), (4, 9), (5, 8), (5, 9), (5, 10), (6, 10)]
1739,2,6,3,9,[(3, 10), (4, 10), (5, 9), (5, 10), (5, 11), (6, 11)]
1740,2,6,3,10,[(3, 11), (4, 11), (5, 10), (5, 11), (5, 12), (6, 12)]
1741,2,6,3,11,[(3, 12), (4, 12), (5, 11), (5, 12), (5, 13), (6, 13)]
1742,2,6,3,12,[(3, 13), (4, 13), (5, 12), (5, 13), (5, 14), (6, 14)]
1743,2,6,3,13,[(3, 14), (4, 14), (5, 13), (5, 14), (5, 15), (6, 15)]
1744,2,6,3,14,[(3, 15), (4, 15), (5, 14), (5, 15), (5, 16), (6, 16)]
1745,2,6,4,0,[(4, 1), (5, 1), (6, 0), (6, 1), (6, 2), (7, 2)]
1746,2,6,4,1,[(4, 2), (5, 2), (6, 1), (6, 2), (6, 3), (7, 3)]
1747,2,6,4,2,[(4, 3), (5, 3), (6, 2), (6, 3), (6, 4), (7, 4)]
1748,2,6,4,3,[(4, 4), (5, 4), (6, 3), (6, 4), (6, 5), (7, 5)]
1749,2,6,4,4,[(4, 5), (5, 5), (6, 4), (6, 5), (6, 6), (7, 6)]
1750,2,6,4,5,[(4, 6), (5, 6), (6, 5), (6, 6), (6, 7), (7, 7)]
1751,2,6,4,6,[(4, 7), (5, 7), (6, 6), (6, 7), (6, 8), (7, 8)]
1752,2,6,4,7,[(4, 8), (5, 8), (6, 7), (6, 8), (6, 9), (7, 9)]
1753,2,6,4,8,[(4, 9), (5, 9), (6, 8), (6, 9), (6, 10), (7, 10)]
1754,2,6,4,9,[(4, 10), (5, 10), (6, 9), (6, 10), (6, 11), (7, 11)]
1755,2,6,4,10,[(4, 11), (5, 11), (6, 10), (6, 11), (6, 12), (7, 12)]
1756,2,6,4,11,[(4, 12), (5, 12), (6, 11), (6, 12), (6, 13), (7, 13)]
1757,2,6,4,12,[(4, 13), (5, 13), (6, 12), (6, 13), (6, 14), (7, 14)]
1758,2,6,4,13,[(4, 14), (5, 14), (6, 13), (6, 14), (6, 15), (7, 15)]
1759,2,6,4,14,[(4, 15), (5, 15), (6, 14), (6, 15), (6, 16), (7, 16)]
1760,2,6,5,0,[(5, 1), (6, 1), (7, 0), (7, 1), (7, 2), (8, 2)]
1761,2,6,5,1,[(5, 2), (6, 2), (7, 1), (7, 2), (7, 3), (8, 3)]
1762,2,6,5,2,[(5, 3), (6, 3), (7, 2), (7, 3), (7, 4), (8, 4)]
1763,2,6,5,3,[(5, 4), (6, 4), (7, 3), (7, 4), (7, 5), (8, 5)]
1764,2,6,5,4,[(5, 5), (6, 5), (7, 4), (7, 5), (7, 6), (8, 6)]
1765,2,6,5,5,[(5, 6), (6, 6), (7, 5), (7, 6), (7, 7), (8, 7)]
1766,2,6,5,6,[(5, 7), (6, 7), (7, 6), (7, 7), (7, 8), (8, 8)]
1767,2,6,5,7,[(5, 8), (6, 8), (7, 7), (7, 8), (7, 9), (8, 9)]
1768,2,6,5,8,[(5, 9), (6, 9), (7, 8), (7, 9), (7, 10), (8, 10)]
1769,2,6,5,9,[(5, 10), (6, 10), (7, 9), (7, 10), (7, 11), (8, 11)]
1770,2,6,5,10,[(5, 11), (6, 11), (7, 10), (7, 11), (7, 12), (8, 12)]
1771,2,6,5,11,[(5, 12), (6, 12), (7, 11), (7, 12), (7, 13), (8, 13)]
1772,2,6,5,12,[(5, 13), (6, 13), (7, 12), (7, 13), (7, 14), (8, 14)]
1773,2,6,5,13,[(5, 14), (6, 14), (7, 13), (7, 14), (7, 15), (8, 15)]
1774,2,6,5,14,[(5, 15), (6, 15), (7, 14), (7, 15), (7, 16), (8, 16)]
1775,2,7,0,0,[(0, 1), (1, 1), (1, 2), (1, 3), (2, 0), (2, 1)]
1776,2,7,0,1,[(0, 2), (1, 2), (1, 3), (1, 4), (2, 1), (2, 2)]
1777,2,7,0,2,[(0, 3), (1, 3), (1, 4), (1, 5), (2, 2), (2, 3)]
1778,2,7,0,3,[(0, 4), (1, 4), (1, 5), (1, 6), (2, 3), (2, 4)]
1779,2,7,0,4,[(0, 5), (1, 5), (1, 6), (1, 7), (2, 4), (2, 5)]
1780,2,7,0,5,[(0, 6), (1, 6), (1, 7), (1, 8), (2, 5), (2, 6)]
1781,2,7,0,6,[(0, 7), (1, 7), (1, 8), (1, 9), (2, 6), (2, 7)]
1782,2,7,0,7,[(0, 8), (1, 8), (1, 9), (1, 10), (2, 7), (2, 8)]
1783,2,7,0,8,[(0, 9), (1, 9), (1, 10), (1, 11), (2, 8), (2, 9)]
1784,2,7,0,9,[(0, 10), (1, 10), (1, 11), (1, 12), (2, 9), (2, 10)]
1785,2,7,0,10,[(0, 11), (1, 11), (1, 12), (1, 13), (2, 10), (2, 11)]
1786,2,7,0,11,[(0, 12), (1, 12), (1, 13), (1, 14), (2, 11), (2, 12)]
1787,2,7,0,12,[(0, 13), (1, 13), (1, 14), (1, 15), (2, 12), (2, 13)]
1788,2,7,0,13,[(0, 14), (1, 14), (1, 15), (1, 16), (2, 13), (2, 14)]
1789,2,7,1,0,[(1, 1), (2, 1), (2, 2), (2, 3), (3, 0), (3, 1)]
1790,2,7,1,1,[(1, 2), (2, 2), (2, 3), (2, 4), (3, 1), (3, 2)]
1791,2,7,1,2,[(1, 3), (2, 3), (2, 4), (2, 5), (3, 2), (3, 3)]
1792,2,7,1,3,[(1, 4), (2, 4), (2, 5), (2, 6), (3, 3), (3, 4)]
1793,2,7,1,4,[(1, 5), (2, 5), (2, 6), (2, 7), (3, 4), (3, 5)]
1794,2,7,1,5,[(1, 6), (2, 6), (2, 7), (2, 8), (3, 5), (3, 6)]
1795,2,7,1,6,[(1, 7), (2, 7), (2, 8), (2, 9), (3, 6), (3, 7)]
1796,2,7,1,7,[(1, 8), (2, 8), (2, 9), (2, 10), (3, 7), (3, 8)]
1797,2,7,1,8,[(1, 9), (2, 9), (2, 10), (2, 11), (3, 8), (3, 9)]
1798,2,7,1,9,[(1, 10), (2, 10), (2, 11), (2, 12), (3, 9), (3, 10)]
1799,2,7,1,10,[(1, 11), (2, 11), (2, 12), (2, 13), (3, 10), (3, 11)]
1800,2,7,1,11,[(1, 12), (2, 12), (2, 13), (2, 14), (3, 11), (3, 12)]
1801,2,7,1,12,[(1, 13), (2, 13), (2, 14), (2, 15), (3, 12), (3, 13)]
1802,2,7,1,13,[(1, 14), (2, 14), (2, 15), (2, 16), (3, 13), (3, 14)]
1803,2,7,2,0,[(2, 1), (3, 1), (3, 2), (3, 3), (4, 0), (4, 1)]
1804,2,7,2,1,[(2, 2), (3, 2), (3, 3), (3, 4), (4, 1), (4, 2)]
1805,2,7,2,2,[(2, 3), (3, 3), (3, 4), (3, 5), (4, 2), (4, 3)]
1806,2,7,2,3,[(2, 4), (3, 4), (3, 5), (3, 6), (4, 3), (4, 4)]
1807,2,7,2,4,[(2, 5), (3, 5), (3, 6), (3, 7), (4, 4), (4, 5)]
1808,2,7,2,5,[(2, 6), (3, 6), (3, 7), (3, 8), (4, 5), (4, 6)]
1809,2,7,2,6,[(2, 7), (3, 7), (3, 8), (3, 9), (4, 6), (4, 7)]
1810,2,7,2,7,[(2, 8), (3, 8), (3, 9), (3, 10), (4, 7), (4, 8)]
1811,2,7,2,8,[(2, 9), (3, 9), (3, 10), (3, 11), (4, 8), (4, 9)]
1812,2,7,2,9,[(2, 10), (3, 10), (3, 11), (3, 12), (4, 9), (4, 10)]
1813,2,7,2,10,[(2, 11), (3, 11), (3, 12), (3, 13), (4, 10), (4, 11)]
1814,2,7,2,11,[(2, 12), (3, 12), (3, 13), (3, 14), (4, 11), (4, 12)]
1815,2,7,2,12,[(2, 13), (3, 13), (3, 14), (3, 15), (4, 12), (4, 13)]
1816,2,7,2,13,[(2, 14), (3, 14), (3, 15), (3, 16), (4, 13), (4, 14)]
1817,2,7,3,0,[(3, 1), (4, 1), (4, 2), (4, 3), (5, 0), (5, 1)]
1818,2,7,3,1,[(3, 2), (4, 2), (4, 3), (4, 4), (5, 1), (5, 2)]
1819,2,7,3,2,[(3, 3), (4, 3), (4, 4), (4, 5), (5, 2), (5, 3)]
1820,2,7,3,3,[(3, 4), (4, 4), (4, 5), (4, 6), (5, 3), (5, 4)]
1821,2,7,3,4,[(3, 5), (4, 5), (4, 6), (4, 7), (5, 4), (5, 5)]
1822,2,7,3,5,[(3, 6), (4, 6), (4, 7), (4, 8), (5, 5), (5, 6)]
1823,2,7,3,6,[(3, 7), (4, 7), (4, 8), (4, 9), (5, 6), (5, 7)]
1824,2,7,3,7,[(3, 8), (4, 8), (4, 9), (4, 10), (5, 7), (5, 8)]
1825,2,7,3,8,[(3, 9), (4, 9), (4, 10), (4, 11), (5, 8), (5, 9)]
1826,2,7,3,9,[(3, 10), (4, 10), (4, 11), (4, 12), (5, 9), (5, 10)]
1827,2,7,3,10,[(3, 11), (4, 11), (4, 12), (4, 13), (5, 10), (5, 11)]
1828,2,7,3,11,[(3, 12), (4, 12), (4, 13), (4, 14), (5, 11), (5, 12)]
1829,2,7,3,12,[(3, 13), (4, 13), (4, 14), (4, 15), (5, 12), (5, 13)]
1830,2,7,3,13,[(3, 14), (4, 14), (4, 15), (4, 16), (5, 13), (5, 14)]
1831,2,7,4,0,[(4, 1), (5, 1), (5, 2), (5, 3), (6, 0), (6, 1)]
1832,2,7,4,1,[(4, 2), (5, 2), (5, 3), (5, 4), (6, 1), (6, 2)]
1833,2,7,4,2,[(4, 3), (5, 3), (5, 4), (5, 5), (6, 2), (6, 3)]
1834,2,7,4,3,[(4, 4), (5, 4), (5, 5), (5, 6), (6, 3), (6, 4)]
1835,2,7,4,4,[(4, 5), (5, 5), (5, 6), (5, 7), (6, 4), (6, 5)]
1836,2,7,4,5,[(4, 6), (5, 6), (5, 7), (5, 8), (6, 5), (6, 6)]
1837,2,7,4,6,[(4, 7), (5, 7), (5, 8), (5, 9), (6, 6), (6, 7)]
1838,2,7,4,7,[(4, 8), (5, 8), (5, 9), (5, 10), (6, 7), (6, 8)]
1839,2,7,4,8,[(4, 9), (5, 9), (5, 10), (5, 11), (6, 8), (6, 9)]
1840,2,7,4,9,[(4, 10), (5, 10), (5, 11), (5, 12), (6, 9), (6, 10)]
1841,2,7,4,10,[(4, 11), (5, 11), (5, 12), (5, 13), (6, 10), (6, 11)]
1842,2,7,4,11,[(4, 12), (5, 12), (5, 13), (5, 14), (6, 11), (6, 12)]
1843,2,7,4,12,[(4, 13), (5, 13), (5, 14), (5, 15), (6, 12), (6, 13)]
1844,2,7,4,13,[(4, 14), (5, 14), (5, 15), (5, 16), (6, 13), (6, 14)]
1845,2,7,5,0,[(5, 1), (6, 1), (6, 2), (6, 3), (7, 0), (7, 1)]
1846,2,7,5,1,[(5, 2), (6, 2), (6, 3), (6, 4), (7, 1), (7, 2)]
1847,2,7,5,2,[(5, 3), (6, 3), (6, 4), (6, 5), (7, 2), (7, 3)]
1848,2,7,5,3,[(5, 4), (6, 4), (6, 5), (6, 6), (7, 3), (7, 4)]
1849,2,7,5,4,[(5, 5), (6, 5), (6, 6), (6, 7), (7, 4), (7, 5)]
1850,2,7,5,5,[(5, 6), (6, 6), (6, 7), (6, 8), (7, 5), (7, 6)]
1851,2,7,5,6,[(5, 7), (6, 7), (6, 8), (6, 9), (7, 6), (7, 7)]
1852,2,7,5,7,[(5, 8), (6, 8), (6, 9), (6, 10), (7, 7), (7, 8)]
1853,2,7,5,8,[(5, 9), (6, 9), (6, 10), (6, 11), (7, 8), (7, 9)]
1854,2,7,5,9,[(5, 10), (6, 10), (6, 11), (6, 12), (7, 9), (7, 10)]
1855,2,7,5,10,[(5, 11), (6, 11), (6, 12), (6, 13), (7, 10), (7, 11)]
1856,2,7,5,11,[(5, 12), (6, 12), (6, 13), (6, 14), (7, 11), (7, 12)]
1857,2,7,5,12,[(5, 13), (6, 13), (6, 14), (6, 15), (7, 12), (7, 13)]
1858,2,7,5,13,[(5, 14), (6, 14), (6, 15), (6, 16), (7, 13), (7, 14)]
1859,2,7,6,0,[(6, 1), (7, 1), (7, 2), (7, 3), (8, 0), (8, 1)]
1860,2,7,6,1,[(6, 2), (7, 2), (7, 3), (7, 4), (8, 1), (8, 2)]
1861,2,7,6,2,[(6, 3), (7, 3), (7, 4), (7, 5), (8, 2), (8, 3)]
1862,2,7,6,3,[(6, 4), (7, 4), (7, 5), (7, 6), (8, 3), (8, 4)]
1863,2,7,6,4,[(6, 5), (7, 5), (7, 6), (7, 7), (8, 4), (8, 5)]
1864,2,7,6,5,[(6, 6), (7, 6), (7, 7), (7, 8), (8, 5), (8, 6)]
1865,2,7,6,6,[(6, 7), (7, 7), (7, 8), (7, 9), (8, 6), (8, 7)]
1866,2,7,6,7,[(6, 8), (7, 8), (7, 9), (7, 10), (8, 7), (8, 8)]
1867,2,7,6,8,[(6, 9), (7, 9), (7, 10), (7, 11), (8, 8), (8, 9)]
1868,2,7,6,9,[(6, 10), (7, 10), (7, 11), (7, 12), (8, 9), (8, 10)]
1869,2,7,6,10,[(6, 11), (7, 11), (7, 12), (7, 13), (8, 10), (8, 11)]
1870,2,7,6,11,[(6, 12), (7, 12), (7, 13), (7, 14), (8, 11), (8, 12)]
1871,2,7,6,12,[(6, 13), (7, 13), (7, 14), (7, 15), (8, 12), (8, 13)]
1872,2,7,6,13,[(6, 14), (7, 14), (7, 15), (7, 16), (8, 13), (8, 14)]
1873,3,0,0,0,[(0, 0), (0, 1), (0, 2), (1, 1), (2, 1), (3, 1)]
1874,3,0,0,1,[(0, 1), (0, 2), (0, 3), (1, 2), (2, 2), (3, 2)]
1875,3,0,0,2,[(0, 2), (0, 3), (0, 4), (1, 3), (2, 3), (3, 3)]
1876,3,0,0,3,[(0, 3), (0, 4), (0, 5), (1, 4), (2, 4), (3, 4)]
1877,3,0,0,4,[(0, 4), (0, 5), (0, 6), (1, 5), (2, 5), (3, 5)]
1878,3,0,0,5,[(0, 5), (0, 6), (0, 7), (1, 6), (2, 6), (3, 6)]
1879,3,0,0,6,[(0, 6), (0, 7), (0, 8), (1, 7), (2, 7), (3, 7)]
1880,3,0,0,7,[(0, 7), (0, 8), (0, 9), (1, 8), (2, 8), (3, 8)]
1881,3,0,0,8,[(0, 8), (0, 9), (0, 10), (1, 9), (2, 9), (3, 9)]
1882,3,0,0,9,[(0, 9), (0, 10), (0, 11), (1, 10), (2, 10), (3, 10)]
1883,3,0,0,10,[(0, 10), (0, 11), (0, 12), (1, 11), (2, 11), (3, 11)]
1884,3,0,0,11,[(0, 11), (0, 12), (0, 13), (1, 12), (2, 12), (3, 12)]
1885,3,0,0,12,[(0, 12), (0, 13), (0, 14), (1, 13), (2, 13), (3, 13)]
1886,3,0,0,13,[(0, 13), (0, 14), (0, 15), (1, 14), (2, 14), (3, 14)]
1887,3,0,0,14,[(0, 14), (0, 15), (0, 16), (1, 15), (2, 15), (3, 15)]
1888,3,0,1,0,[(1, 0), (1, 1), (1, 2), (2, 1), (3, 1), (4, 1)]
1889,3,0,1,1,[(1, 1), (1, 2), (1, 3), (2, 2), (3, 2), (4, 2)]
1890,3,0,1,2,[(1, 2), (1, 3), (1, 4), (2, 3), (3, 3), (4, 3)]
1891,3,0,1,3,[(1, 3), (1, 4), (1, 5), (2, 4), (3, 4), (4, 4)]
1892,3,0,1,4,[(1, 4), (1, 5), (1, 6), (2, 5), (3, 5), (4, 5)]
1893,3,0,1,5,[(1, 5), (1, 6), (1, 7), (2, 6), (3, 6), (4, 6)]
1894,3,0,1,6,[(1, 6), (1, 7), (1, 8), (2, 7), (3, 7), (4, 7)]
1895,3,0,1,7,[(1, 7), (1, 8), (1, 9), (2, 8), (3, 8), (4, 8)]
1896,3,0,1,8,[(1, 8), (1, 9), (1, 10), (2, 9), (3, 9), (4, 9)]
1897,3,0,1,9,[(1, 9), (1, 10), (1, 11), (2, 10), (3, 10), (4, 10)]
1898,3,0,1,10,[(1, 10), (1, 11), (1, 12), (2, 11), (3, 11), (4, 11)]
1899,3,0,1,11,[(1, 11), (1, 12), (1, 13), (2, 12), (3, 12), (4, 12)]
1900,3,0,1,12,[(1, 12), (1, 13), (1, 14), (2, 13), (3, 13), (4, 13)]
1901,3,0,1,13,[(1, 13), (1, 14), (1, 15), (2, 14), (3, 14), (4, 14)]
1902,3,0,1,14,[(1, 14), (1, 15), (1, 16), (2, 15), (3, 15), (4, 15)]
1903,3,0,2,0,[(2, 0), (2, 1), (2, 2), (3, 1), (4, 1), (5, 1)]
1904,3,0,2,1,[(2, 1), (2, 2), (2, 3), (3, 2), (4, 2), (5, 2)]
1905,3,0,2,2,[(2, 2), (2, 3), (2, 4), (3, 3), (4, 3), (5, 3)]
1906,3,0,2,3,[(2, 3), (2, 4), (2, 5), (3, 4), (4, 4), (5, 4)]
1907,3,0,2,4,[(2, 4), (2, 5), (2, 6), (3, 5), (4, 5), (5, 5)]
1908,3,0,2,5,[(2, 5), (2, 6), (2, 7), (3, 6), (4, 6), (5, 6)]
1909,3,0,2,6,[(2, 6), (2, 7), (2, 8), (3, 7), (4, 7), (5, 7)]
1910,3,0,2,7,[(2, 7), (2, 8), (2, 9), (3, 8), (4, 8), (5, 8)]
1911,3,0,2,8,[(2, 8), (2, 9), (2, 10), (3, 9), (4, 9), (5, 9)]
1912,3,0,2,9,[(2, 9), (2, 10), (2, 11), (3, 10), (4, 10), (5, 10)]
1913,3,0,2,10,[(2, 10), (2, 11), (2, 12), (3, 11), (4, 11), (5, 11)]
1914,3,0,2,11,[(2, 11), (2, 12), (2, 13), (3, 12), (4, 12), (5, 12)]
1915,3,0,2,12,[(2, 12), (2, 13), (2, 14), (3, 13), (4, 13), (5, 13)]
1916,3,0,2,13,[(2, 13), (2, 14), (2, 15), (3, 14), (4, 14), (5, 14)]
1917,3,0,2,14,[(2, 14), (2, 15), (2, 16), (3, 15), (4, 15), (5, 15)]
1918,3,0,3,0,[(3, 0), (3, 1), (3, 2), (4, 1), (5, 1), (6, 1)]
1919,3,0,3,1,[(3, 1), (3, 2), (3, 3), (4, 2), (5, 2), (6, 2)]
1920,3,0,3,2,[(3, 2), (3, 3), (3, 4), (4, 3), (5, 3), (6, 3)]
1921,3,0,3,3,[(3, 3), (3, 4), (3, 5), (4, 4), (5, 4), (6, 4)]
1922,3,0,3,4,[(3, 4), (3, 5), (3, 6), (4, 5), (5, 5), (6, 5)]
1923,3,0,3,5,[(3, 5), (3, 6), (3, 7), (4, 6), (5, 6), (6, 6)]
1924,3,0,3,6,[(3, 6), (3, 7), (3, 8), (4, 7), (5, 7), (6, 7)]
1925,3,0,3,7,[(3, 7), (3, 8), (3, 9), (4, 8), (5, 8), (6, 8)]
1926,3,0,3,8,[(3, 8), (3, 9), (3, 10), (4, 9), (5, 9), (6, 9)]
1927,3,0,3,9,[(3, 9), (3, 10), (3, 11), (4, 10), (5, 10), (6, 10)]
1928,3,0,3,10,[(3, 10), (3, 11), (3, 12), (4, 11), (5, 11), (6, 11)]
1929,3,0,3,11,[(3, 11), (3, 12), (3, 13), (4, 12), (5, 12), (6, 12)]
1930,3,0,3,12,[(3, 12), (3, 13), (3, 14), (4, 13), (5, 13), (6, 13)]
1931,3,0,3,13,[(3, 13), (3, 14), (3, 15), (4, 14), (5, 14), (6, 14)]
1932,3,0,3,14,[(3, 14), (3, 15), (3, 16), (4, 15), (5, 15), (6, 15)]
1933,3,0,4,0,[(4, 0), (4, 1), (4, 2), (5, 1), (6, 1), (7, 1)]
1934,3,0,4,1,[(4, 1), (4, 2), (4, 3), (5, 2), (6, 2), (7, 2)]
1935,3,0,4,2,[(4, 2), (4, 3), (4, 4), (5, 3), (6, 3), (7, 3)]
1936,3,0,4,3,[(4, 3), (4, 4), (4, 5), (5, 4), (6, 4), (7, 4)]
1937,3,0,4,4,[(4, 4), (4, 5), (4, 6), (5, 5), (6, 5), (7, 5)]
1938,3,0,4,5,[(4, 5), (4, 6), (4, 7), (5, 6), (6, 6), (7, 6)]
1939,3,0,4,6,[(4, 6), (4, 7), (4, 8), (5, 7), (6, 7), (7, 7)]
1940,3,0,4,7,[(4, 7), (4, 8), (4, 9), (5, 8), (6, 8), (7, 8)]
1941,3,0,4,8,[(4, 8), (4, 9), (4, 10), (5, 9), (6, 9), (7, 9)]
1942,3,0,4,9,[(4, 9), (4, 10), (4, 11), (5, 10), (6, 10), (7, 10)]
1943,3,0,4,10,[(4, 10), (4, 11), (4, 12), (5, 11), (6, 11), (7, 11)]
1944,3,0,4,11,[(4, 11), (4, 12), (4, 13), (5, 12), (6, 12), (7, 12)]
1945,3,0,4,12,[(4, 12), (4, 13), (4, 14), (5, 13), (6, 13), (7, 13)]
1946,3,0,4,13,[(4, 13), (4, 14), (4, 15), (5, 14), (6, 14), (7, 14)]
1947,3,0,4,14,[(4, 14), (4, 15), (4, 16), (5, 15), (6, 15), (7, 15)]
1948,3,0,5,0,[(5, 0), (5, 1), (5, 2), (6, 1), (7, 1), (8, 1)]
1949,3,0,5,1,[(5, 1), (5, 2), (5, 3), (6, 2), (7, 2), (8, 2)]
1950,3,0,5,2,[(5, 2), (5, 3), (5, 4), (6, 3), (7, 3), (8, 3)]
1951,3,0,5,3,[(5, 3), (5, 4), (5, 5), (6, 4), (7, 4), (8, 4)]
1952,3,0,5,4,[(5, 4), (5, 5), (5, 6), (6, 5), (7, 5), (8, 5)]
1953,3,0,5,5,[(5, 5), (5, 6), (5, 7), (6, 6), (7, 6), (8, 6)]
1954,3,0,5,6,[(5, 6), (5, 7), (5, 8), (6, 7), (7, 7), (8, 7)]
1955,3,0,5,7,[(5, 7), (5, 8), (5, 9), (6, 8), (7, 8), (8, 8)]
1956,3,0,5,8,[(5, 8), (5, 9), (5, 10), (6, 9), (7, 9), (8, 9)]
1957,3,0,5,9,[(5, 9), (5, 10), (5, 11), (6, 10), (7, 10), (8, 10)]
1958,3,0,5,10,[(5, 10), (5, 11), (5, 12), (6, 11), (7, 11), (8, 11)]
1959,3,0,5,11,[(5, 11), (5, 12), (5, 13), (6, 12), (7, 12), (8, 12)]
1960,3,0,5,12,[(5, 12), (5, 13), (5, 14), (6, 13), (7, 13), (8, 13)]
1961,3,0,5,13,[(5, 13), (5, 14), (5, 15), (6, 14), (7, 14), (8, 14)]
1962,3,0,5,14,[(5, 14), (5, 15), (5, 16), (6, 15), (7, 15), (8, 15)]
1963,3,1,0,0,[(0, 1), (1, 1), (2, 1), (3, 0), (3, 1), (3, 2)]
1964,3,1,0,1,[(0, 2), (1, 2), (2, 2), (3, 1), (3, 2), (3, 3)]
1965,3,1,0,2,[(0, 3), (1, 3), (2, 3), (3, 2), (3, 3), (3, 4)]
1966,3,1,0,3,[(0, 4), (1, 4), (2, 4), (3, 3), (3, 4), (3, 5)]
1967,3,1,0,4,[(0, 5), (1, 5), (2, 5), (3, 4), (3, 5), (3, 6)]
1968,3,1,0,5,[(0, 6), (1, 6), (2, 6), (3, 5), (3, 6), (3, 7)]
1969,3,1,0,6,[(0, 7), (1, 7), (2, 7), (3, 6), (3, 7), (3, 8)]
1970,3,1,0,7,[(0, 8), (1, 8), (2, 8), (3, 7), (3, 8), (3, 9)]
1971,3,1,0,8,[(0, 9), (1, 9), (2, 9), (3, 8), (3, 9), (3, 10)]
1972,3,1,0,9,[(0, 10), (1, 10), (2, 10), (3, 9), (3, 10), (3, 11)]
1973,3,1,0,10,[(0, 11), (1, 11), (2, 11), (3, 10), (3, 11), (3, 12)]
1974,3,1,0,11,[(0, 12), (1, 12), (2, 12), (3, 11), (3, 12), (3, 13)]
1975,3,1,0,12,[(0, 13), (1, 13), (2, 13), (3, 12), (3, 13), (3, 14)]
1976,3,1,0,13,[(0, 14), (1, 14), (2, 14), (3, 13), (3, 14), (3, 15)]
1977,3,1,0,14,[(0, 15), (1, 15), (2, 15), (3, 14), (3, 15), (3, 16)]
1978,3,1,1,0,[(1, 1), (2, 1), (3, 1), (4, 0), (4, 1), (4, 2)]
1979,3,1,1,1,[(1, 2), (2, 2), (3, 2), (4, 1), (4, 2), (4, 3)]
1980,3,1,1,2,[(1, 3), (2, 3), (3, 3), (4, 2), (4, 3), (4, 4)]
1981,3,1,1,3,[(1, 4), (2, 4), (3, 4), (4, 3), (4, 4), (4, 5)]
1982,3,1,1,4,[(1, 5), (2, 5), (3, 5), (4, 4), (4, 5), (4, 6)]
1983,3,1,1,5,[(1, 6), (2, 6), (3, 6), (4, 5), (4, 6), (4, 7)]
1984,3,1,1,6,[(1, 7), (2, 7), (3, 7), (4, 6), (4, 7), (4, 8)]
1985,3,1,1,7,[(1, 8), (2, 8), (3, 8), (4, 7), (4, 8), (4, 9)]
1986,3,1,1,8,[(1, 9), (2, 9), (3, 9), (4, 8), (4, 9), (4, 10)]
1987,3,1,1,9,[(1, 10), (2, 10), (3, 10), (4, 9), (4, 10), (4, 11)]
1988,3,1,1,10,[(1, 11), (2, 11), (3, 11), (4, 10), (4, 11), (4, 12)]
1989,3,1,1,11,[(1, 12), (2, 12), (3, 12), (4, 11), (4, 12), (4, 13)]
1990,3,1,1,12,[(1, 13), (2, 13), (3, 13), (4, 12), (4, 13), (4, 14)]
1991,3,1,1,13,[(1, 14), (2, 14), (3, 14), (4, 13), (4, 14), (4, 15)]
1992,3,1,1,14,[(1, 15), (2, 15), (3, 15), (4, 14), (4, 15), (4, 16)]
1993,3,1,2,0,[(2, 1), (3, 1), (4, 1), (5, 0), (5, 1), (5, 2)]
1994,3,1,2,1,[(2, 2), (3, 2), (4, 2), (5, 1), (5, 2), (5, 3)]
1995,3,1,2,2,[(2, 3), (3, 3), (4, 3), (5, 2), (5, 3), (5, 4)]
1996,3,1,2,3,[(2, 4), (3, 4), (4, 4), (5, 3), (5, 4), (5, 5)]
1997,3,1,2,4,[(2, 5), (3, 5), (4, 5), (5, 4), (5, 5), (5, 6)]
1998,3,1,2,5,[(2, 6), (3, 6), (4, 6), (5, 5), (5, 6), (5, 7)]
1999,3,1,2,6,[(2, 7), (3, 7), (4, 7), (5, 6), (5, 7), (5, 8)]
2000,3,1,2,7,[(2, 8), (3, 8), (4, 8), (5, 7), (5, 8), (5, 9)]
2001,3,1,2,8,[(2, 9), (3, 9), (4, 9), (5, 8), (5, 9), (5, 10)]
2002,3,1,2,9,[(2, 10), (3, 10), (4, 10), (5, 9), (5, 10), (5, 11)]
2003,3,1,2,10,[(2, 11), (3, 11), (4, 11), (5, 10), (5, 11), (5, 12)]
2004,3,1,2,11,[(2, 12), (3, 12), (4, 12), (5, 11), (5, 12), (5, 13)]
2005,3,1,2,12,[(2, 13), (3, 13), (4, 13), (5, 12), (5, 13), (5, 14)]
2006,3,1,2,13,[(2, 14), (3, 14), (4, 14), (5, 13), (5, 14), (5, 15)]
2007,3,1,2,14,[(2, 15), (3, 15), (4, 15), (5, 14), (5, 15), (5, 16)]
2008,3,1,3,0,[(3, 1), (4, 1), (5, 1), (6, 0), (6, 1), (6, 2)]
2009,3,1,3,1,[(3, 2), (4, 2), (5, 2), (6, 1), (6, 2), (6, 3)]
2010,3,1,3,2,[(3, 3), (4, 3), (5, 3), (6, 2), (6, 3), (6, 4)]
2011,3,1,3,3,[(3, 4), (4, 4), (5, 4), (6, 3), (6, 4), (6, 5)]
2012,3,1,3,4,[(3, 5), (4, 5), (5, 5), (6, 4), (6, 5), (6, 6)]
2013,3,1,3,5,[(3, 6), (4, 6), (5, 6), (6, 5), (6, 6), (6, 7)]
2014,3,1,3,6,[(3, 7), (4, 7), (5, 7), (6, 6), (6, 7), (6, 8)]
2015,3,1,3,7,[(3, 8), (4, 8), (5, 8), (6, 7), (6, 8), (6, 9)]
2016,3,1,3,8,[(3, 9), (4, 9), (5, 9), (6, 8), (6, 9), (6, 10)]
2017,3,1,3,9,[(3, 10), (4, 10), (5, 10), (6, 9), (6, 10), (6, 11)]
2018,3,1,3,10,[(3, 11), (4, 11), (5, 11), (6, 10), (6, 11), (6, 12)]
2019,3,1,3,11,[(3, 12), (4, 12), (5, 12), (6, 11), (6, 12), (6, 13)]
2020,3,1,3,12,[(3, 13), (4, 13), (5, 13), (6, 12), (6, 13), (6, 14)]
2021,3,1,3,13,[(3, 14), (4, 14), (5, 14), (6, 13), (6, 14), (6, 15)]
2022,3,1,3,14,[(3, 15), (4, 15), (5, 15), (6, 14), (6, 15), (6, 16)]
2023,3,1,4,0,[(4, 1), (5, 1), (6, 1), (7, 0), (7, 1), (7, 2)]
2024,3,1,4,1,[(4, 2), (5, 2), (6, 2), (7, 1), (7, 2), (7, 3)]
2025,3,1,4,2,[(4, 3), (5, 3), (6, 3), (7, 2), (7, 3), (7, 4)]
2026,3,1,4,3,[(4, 4), (5, 4), (6, 4), (7, 3), (7, 4), (7, 5)]
2027,3,1,4,4,[(4, 5), (5, 5), (6, 5), (7, 4), (7, 5), (7, 6)]
2028,3,1,4,5,[(4, 6), (5, 6), (6, 6), (7, 5), (7, 6), (7, 7)]
2029,3,1,4,6,[(4, 7), (5, 7), (6, 7), (7, 6), (7, 7), (7, 8)]
2030,3,1,4,7,[(4, 8), (5, 8), (6, 8), (7, 7), (7, 8), (7, 9)]
2031,3,1,4,8,[(4, 9), (5, 9), (6, 9), (7, 8), (7, 9), (7, 10)]
2032,3,1,4,9,[(4, 10), (5, 10), (6, 10), (7, 9), (7, 10), (7, 11)]
2033,3,1,4,10,[(4, 11), (5, 11), (6, 11), (7, 10), (7, 11), (7, 12)]
2034,3,1,4,11,[(4, 12), (5, 12), (6, 12), (7, 11), (7, 12), (7, 13)]
2035,3,1,4,12,[(4, 13), (5, 13), (6, 13), (7, 12), (7, 13), (7, 14)]
2036,3,1,4,13,[(4, 14), (5, 14), (6, 14), (7, 13), (7, 14), (7, 15)]
2037,3,1,4,14,[(4, 15), (5, 15), (6, 15), (7, 14), (7, 15), (7, 16)]
2038,3,1,5,0,[(5, 1), (6, 1), (7, 1), (8, 0), (8, 1), (8, 2)]
2039,3,1,5,1,[(5, 2), (6, 2), (7, 2), (8, 1), (8, 2), (8, 3)]
2040,3,1,5,2,[(5, 3), (6, 3), (7, 3), (8, 2), (8, 3), (8, 4)]
2041,3,1,5,3,[(5, 4), (6, 4), (7, 4), (8, 3), (8, 4), (8, 5)]
2042,3,1,5,4,[(5, 5), (6, 5), (7, 5), (8, 4), (8, 5), (8, 6)]
2043,3,1,5,5,[(5, 6), (6, 6), (7, 6), (8, 5), (8, 6), (8, 7)]
2044,3,1,5,6,[(5, 7), (6, 7), (7, 7), (8, 6), (8, 7), (8, 8)]
2045,3,1,5,7,[(5, 8), (6, 8), (7, 8), (8, 7), (8, 8), (8, 9)]
2046,3,1,5,8,[(5, 9), (6, 9), (7, 9), (8, 8), (8, 9), (8, 10)]
2047,3,1,5,9,[(5, 10), (6, 10), (7, 10), (8, 9), (8, 10), (8, 11)]
2048,3,1,5,10,[(5, 11), (6, 11), (7, 11), (8, 10), (8, 11), (8, 12)]
2049,3,1,5,11,[(5, 12), (6, 12), (7, 12), (8, 11), (8, 12), (8, 13)]
2050,3,1,5,12,[(5, 13), (6, 13), (7, 13), (8, 12), (8, 13), (8, 14)]
2051,3,1,5,13,[(5, 14), (6, 14), (7, 14), (8, 13), (8, 14), (8, 15)]
2052,3,1,5,14,[(5, 15), (6, 15), (7, 15), (8, 14), (8, 15), (8, 16)]
2053,3,2,0,0,[(0, 3), (1, 0), (1, 1), (1, 2), (1, 3), (2, 3)]
2054,3,2,0,1,[(0, 4), (1, 1), (1, 2), (1, 3), (1, 4), (2, 4)]
2055,3,2,0,2,[(0, 5), (1, 2), (1, 3), (1, 4), (1, 5), (2, 5)]
2056,3,2,0,3,[(0, 6), (1, 3), (1, 4), (1, 5), (1, 6), (2, 6)]
2057,3,2,0,4,[(0, 7), (1, 4), (1, 5), (1, 6), (1, 7), (2, 7)]
2058,3,2,0,5,[(0, 8), (1, 5), (1, 6), (1, 7), (1, 8), (2, 8)]
2059,3,2,0,6,[(0, 9), (1, 6), (1, 7), (1, 8), (1, 9), (2, 9)]
2060,3,2,0,7,[(0, 10), (1, 7), (1, 8), (1, 9), (1, 10), (2, 10)]
2061,3,2,0,8,[(0, 11), (1, 8), (1, 9), (1, 10), (1, 11), (2, 11)]
2062,3,2,0,9,[(0, 12), (1, 9), (1, 10), (1, 11), (1, 12), (2, 12)]
2063,3,2,0,10,[(0, 13), (1, 10), (1, 11), (1, 12), (1, 13), (2, 13)]
2064,3,2,0,11,[(0, 14), (1, 11), (1, 12), (1, 13), (1, 14), (2, 14)]
2065,3,2,0,12,[(0, 15), (1, 12), (1, 13), (1, 14), (1, 15), (2, 15)]
2066,3,2,0,13,[(0, 16), (1, 13), (1, 14), (1, 15), (1, 16), (2, 16)]
2067,3,2,1,0,[(1, 3), (2, 0), (2, 1), (2, 2), (2, 3), (3, 3)]
2068,3,2,1,1,[(1, 4), (2, 1), (2, 2), (2, 3), (2, 4), (3, 4)]
2069,3,2,1,2,[(1, 5), (2, 2), (2, 3), (2, 4), (2, 5), (3, 5)]
2070,3,2,1,3,[(1, 6), (2, 3), (2, 4), (2, 5), (2, 6), (3, 6)]
2071,3,2,1,4,[(1, 7), (2, 4), (2, 5), (2, 6), (2, 7), (3, 7)]
2072,3,2,1,5,[(1, 8), (2, 5), (2, 6), (2, 7), (2, 8), (3, 8)]
2073,3,2,1,6,[(1, 9), (2, 6), (2, 7), (2, 8), (2, 9), (3, 9)]
2074,3,2,1,7,[(1, 10), (2, 7), (2, 8), (2, 9), (2, 10), (3, 10)]
2075,3,2,1,8,[(1, 11), (2, 8), (2, 9), (2, 10), (2, 11), (3, 11)]
2076,3,2,1,9,[(1, 12), (2, 9), (2, 10), (2, 11), (2, 12), (3, 12)]
2077,3,2,1,10,[(1, 13), (2, 10), (2, 11), (2, 12), (2, 13), (3, 13)]
2078,3,2,1,11,[(1, 14), (2, 11), (2, 12), (2, 13), (2, 14), (3, 14)]
2079,3,2,1,12,[(1, 15), (2, 12), (2, 13), (2, 14), (2, 15), (3, 15)]
2080,3,2,1,13,[(1, 16), (2, 13), (2, 14), (2, 15), (2, 16), (3, 16)]
2081,3,2,2,0,[(2, 3), (3, 0), (3, 1), (3, 2), (3, 3), (4, 3)]
2082,3,2,2,1,[(2, 4), (3, 1), (3, 2), (3, 3), (3, 4), (4, 4)]
2083,3,2,2,2,[(2, 5), (3, 2), (3, 3), (3, 4), (3, 5), (4, 5)]
2084,3,2,2,3,[(2, 6), (3, 3), (3, 4), (3, 5), (3, 6), (4, 6)]
2085,3,2,2,4,[(2, 7), (3, 4), (3, 5), (3, 6), (3, 7), (4, 7)]
2086,3,2,2,5,[(2, 8), (3, 5), (3, 6), (3, 7), (3, 8), (4, 8)]
2087,3,2,2,6,[(2, 9), (3, 6), (3, 7), (3, 8), (3, 9), (4, 9)]
2088,3,2,2,7,[(2, 10), (3, 7), (3, 8), (3, 9), (3, 10), (4, 10)]
2089,3,2,2,8,[(2, 11), (3, 8), (3, 9), (3, 10), (3, 11), (4, 11)]
2090,3,2,2,9,[(2, 12), (3, 9), (3, 10), (3, 11), (3, 12), (4, 12)]
2091,3,2,2,10,[(2, 13), (3, 10), (3, 11), (3, 12), (3, 13), (4, 13)]
2092,3,2,2,11,[(2, 14), (3, 11), (3, 12), (3, 13), (3, 14), (4, 14)]
2093,3,2,2,12,[(2, 15), (3, 12), (3, 13), (3, 14), (3, 15), (4, 15)]
2094,3,2,2,13,[(2, 16), (3, 13), (3, 14), (3, 15), (3, 16), (4, 16)]
2095,3,2,3,0,[(3, 3), (4, 0), (4, 1), (4, 2), (4, 3), (5, 3)]
2096,3,2,3,1,[(3, 4), (4, 1), (4, 2), (4, 3), (4, 4), (5, 4)]
2097,3,2,3,2,[(3, 5), (4, 2), (4, 3), (4, 4), (4, 5), (5, 5)]
2098,3,2,3,3,[(3, 6), (4, 3), (4, 4), (4, 5), (4, 6), (5, 6)]
2099,3,2,3,4,[(3, 7), (4, 4), (4, 5), (4, 6), (4, 7), (5, 7)]
2100,3,2,3,5,[(3, 8), (4, 5), (4, 6), (4, 7), (4, 8), (5, 8)]
2101,3,2,3,6,[(3, 9), (4, 6), (4, 7), (4, 8), (4, 9), (5, 9)]
2102,3,2,3,7,[(3, 10), (4, 7), (4, 8), (4, 9), (4, 10), (5, 10)]
2103,3,2,3,8,[(3, 11), (4, 8), (4, 9), (4, 10), (4, 11), (5, 11)]
2104,3,2,3,9,[(3, 12), (4, 9), (4, 10), (4, 11), (4, 12), (5, 12)]
2105,3,2,3,10,[(3, 13), (4, 10), (4, 11), (4, 12), (4, 13), (5, 13)]
2106,3,2,3,11,[(3, 14), (4, 11), (4, 12), (4, 13), (4, 14), (5, 14)]
2107,3,2,3,12,[(3, 15), (4, 12), (4, 13), (4, 14), (4, 15), (5, 15)]
2108,3,2,3,13,[(3, 16), (4, 13), (4, 14), (4, 15), (4, 16), (5, 16)]
2109,3,2,4,0,[(4, 3), (5, 0), (5, 1), (5, 2), (5, 3), (6, 3)]
2110,3,2,4,1,[(4, 4), (5, 1), (5, 2), (5, 3), (5, 4), (6, 4)]
2111,3,2,4,2,[(4, 5), (5, 2), (5, 3), (5, 4), (5, 5), (6, 5)]
2112,3,2,4,3,[(4, 6), (5, 3), (5, 4), (5, 5), (5, 6), (6, 6)]
2113,3,2,4,4,[(4, 7), (5, 4), (5, 5), (5, 6), (5, 7), (6, 7)]
2114,3,2,4,5,[(4, 8), (5, 5), (5, 6), (5, 7), (5, 8), (6, 8)]
2115,3,2,4,6,[(4, 9), (5, 6), (5, 7), (5, 8), (5, 9), (6, 9)]
2116,3,2,4,7,[(4, 10), (5, 7), (5, 8), (5, 9), (5, 10), (6, 10)]
2117,3,2,4,8,[(4, 11), (5, 8), (5, 9), (5, 10), (5, 11), (6, 11)]
2118,3,2,4,9,[(4, 12), (5, 9), (5, 10), (5, 11), (5, 12), (6, 12)]
2119,3,2,4,10,[(4, 13), (5, 10), (5, 11), (5, 12), (5, 13), (6, 13)]
2120,3,2,4,11,[(4, 14), (5, 11), (5, 12), (5, 13), (5, 14), (6, 14)]
2121,3,2,4,12,[(4, 15), (5, 12), (5, 13), (5, 14), (5, 15), (6, 15)]
2122,3,2,4,13,[(4, 16), (5, 13), (5, 14), (5, 15), (5, 16), (6, 16)]
2123,3,2,5,0,[(5, 3), (6, 0), (6, 1), (6, 2), (6, 3), (7, 3)]
2124,3,2,5,1,[(5, 4), (6, 1), (6, 2), (6, 3), (6, 4), (7, 4)]
2125,3,2,5,2,[(5, 5), (6, 2), (6, 3), (6, 4), (6, 5), (7, 5)]
2126,3,2,5,3,[(5, 6), (6, 3), (6, 4), (6, 5), (6, 6), (7, 6)]
2127,3,2,5,4,[(5, 7), (6, 4), (6, 5), (6, 6), (6, 7), (7, 7)]
2128,3,2,5,5,[(5, 8), (6, 5), (6, 6), (6, 7), (6, 8), (7, 8)]
2129,3,2,5,6,[(5, 9), (6, 6), (6, 7), (6, 8), (6, 9), (7, 9)]
2130,3,2,5,7,[(5, 10), (6, 7), (6, 8), (6, 9), (6, 10), (7, 10)]
2131,3,2,5,8,[(5, 11), (6, 8), (6, 9), (6, 10), (6, 11), (7, 11)]
2132,3,2,5,9,[(5, 12), (6, 9), (6, 10), (6, 11), (6, 12), (7, 12)]
2133,3,2,5,10,[(5, 13), (6, 10), (6, 11), (6, 12), (6, 13), (7, 13)]
2134,3,2,5,11,[(5, 14), (6, 11), (6, 12), (6, 13), (6, 14), (7, 14)]
2135,3,2,5,12,[(5, 15), (6, 12), (6, 13), (6, 14), (6, 15), (7, 15)]
2136,3,2,5,13,[(5, 16), (6, 13), (6, 14), (6, 15), (6, 16), (7, 16)]
2137,3,2,6,0,[(6, 3), (7, 0), (7, 1), (7, 2), (7, 3), (8, 3)]
2138,3,2,6,1,[(6, 4), (7, 1), (7, 2), (7, 3), (7, 4), (8, 4)]
2139,3,2,6,2,[(6, 5), (7, 2), (7, 3), (7, 4), (7, 5), (8, 5)]
2140,3,2,6,3,[(6, 6), (7, 3), (7, 4), (7, 5), (7, 6), (8, 6)]
2141,3,2,6,4,[(6, 7), (7, 4), (7, 5), (7, 6), (7, 7), (8, 7)]
2142,3,2,6,5,[(6, 8), (7, 5), (7, 6), (7, 7), (7, 8), (8, 8)]
2143,3,2,6,6,[(6, 9), (7, 6), (7, 7), (7, 8), (7, 9), (8, 9)]
2144,3,2,6,7,[(6, 10), (7, 7), (7, 8), (7, 9), (7, 10), (8, 10)]
2145,3,2,6,8,[(6, 11), (7, 8), (7, 9), (7, 10), (7, 11), (8, 11)]
2146,3,2,6,9,[(6, 12), (7, 9), (7, 10), (7, 11), (7, 12), (8, 12)]
2147,3,2,6,10,[(6, 13), (7, 10), (7, 11), (7, 12), (7, 13), (8, 13)]
2148,3,2,6,11,[(6, 14), (7, 11), (7, 12), (7, 13), (7, 14), (8, 14)]
2149,3,2,6,12,[(6, 15), (7, 12), (7, 13), (7, 14), (7, 15), (8, 15)]
2150,3,2,6,13,[(6, 16), (7, 13), (7, 14), (7, 15), (7, 16), (8, 16)]
2151,3,3,0,0,[(0, 0), (1, 0), (1, 1), (1, 2), (1, 3), (2, 0)]
2152,3,3,0,1,[(0, 1), (1, 1), (1, 2), (1, 3), (1, 4), (2, 1)]
2153,3,3,0,2,[(0, 2), (1, 2), (1, 3), (1, 4), (1, 5), (2, 2)]
2154,3,3,0,3,[(0, 3), (1, 3), (1, 4), (1, 5), (1, 6), (2, 3)]
2155,3,3,0,4,[(0, 4), (1, 4), (1, 5), (1, 6), (1, 7), (2, 4)]
2156,3,3,0,5,[(0, 5), (1, 5), (1, 6), (1, 7), (1, 8), (2, 5)]
2157,3,3,0,6,[(0, 6), (1, 6), (1, 7), (1, 8), (1, 9), (2, 6)]
2158,3,3,0,7,[(0, 7), (1, 7), (1, 8), (1, 9), (1, 10), (2, 7)]
2159,3,3,0,8,[(0, 8), (1, 8), (1, 9), (1, 10), (1, 11), (2, 8)]
2160,3,3,0,9,[(0, 9), (1, 9), (1, 10), (1, 11), (1, 12), (2, 9)]
2161,3,3,0,10,[(0, 10), (1, 10), (1, 11), (1, 12), (1, 13), (2, 10)]
2162,3,3,0,11,[(0, 11), (1, 11), (1, 12), (1, 13), (1, 14), (2, 11)]
2163,3,3,0,12,[(0, 12), (1, 12), (1, 13), (1, 14), (1, 15), (2, 12)]
2164,3,3,0,13,[(0, 13), (1, 13), (1, 14), (1, 15), (1, 16), (2, 13)]
2165,3,3,1,0,[(1, 0), (2, 0), (2, 1), (2, 2), (2, 3), (3, 0)]
2166,3,3,1,1,[(1, 1), (2, 1), (2, 2), (2, 3), (2, 4), (3, 1)]
2167,3,3,1,2,[(1, 2), (2, 2), (2, 3), (2, 4), (2, 5), (3, 2)]
2168,3,3,1,3,[(1, 3), (2, 3), (2, 4), (2, 5), (2, 6), (3, 3)]
2169,3,3,1,4,[(1, 4), (2, 4), (2, 5), (2, 6), (2, 7), (3, 4)]
2170,3,3,1,5,[(1, 5), (2, 5), (2, 6), (2, 7), (2, 8), (3, 5)]
2171,3,3,1,6,[(1, 6), (2, 6), (2, 7), (2, 8), (2, 9), (3, 6)]
2172,3,3,1,7,[(1, 7), (2, 7), (2, 8), (2, 9), (2, 10), (3, 7)]
2173,3,3,1,8,[(1, 8), (2, 8), (2, 9), (2, 10), (2, 11), (3, 8)]
2174,3,3,1,9,[(1, 9), (2, 9), (2, 10), (2, 11), (2, 12), (3, 9)]
2175,3,3,1,10,[(1, 10), (2, 10), (2, 11), (2, 12), (2, 13), (3, 10)]
2176,3,3,1,11,[(1, 11), (2, 11), (2, 12), (2, 13), (2, 14), (3, 11)]
2177,3,3,1,12,[(1, 12), (2, 12), (2, 13), (2, 14), (2, 15), (3, 12)]
2178,3,3,1,13,[(1, 13), (2, 13), (2, 14), (2, 15), (2, 16), (3, 13)]
2179,3,3,2,0,[(2, 0), (3, 0), (3, 1), (3, 2), (3, 3), (4, 0)]
2180,3,3,2,1,[(2, 1), (3, 1), (3, 2), (3, 3), (3, 4), (4, 1)]
2181,3,3,2,2,[(2, 2), (3, 2), (3, 3), (3, 4), (3, 5), (4, 2)]
2182,3,3,2,3,[(2, 3), (3, 3), (3, 4), (3, 5), (3, 6), (4, 3)]
2183,3,3,2,4,[(2, 4), (3, 4), (3, 5), (3, 6), (3, 7), (4, 4)]
2184,3,3,2,5,[(2, 5), (3, 5), (3, 6), (3, 7), (3, 8), (4, 5)]
2185,3,3,2,6,[(2, 6), (3, 6), (3, 7), (3, 8), (3, 9), (4, 6)]
2186,3,3,2,7,[(2, 7), (3, 7), (3, 8), (3, 9), (3, 10), (4, 7)]
2187,3,3,2,8,[(2, 8), (3, 8), (3, 9), (3, 10), (3, 11), (4, 8)]
2188,3,3,2,9,[(2, 9), (3, 9), (3, 10), (3, 11), (3, 12), (4, 9)]
2189,3,3,2,10,[(2, 10), (3, 10), (3, 11), (3, 12), (3, 13), (4, 10)]
2190,3,3,2,11,[(2, 11), (3, 11), (3, 12), (3, 13), (3, 14), (4, 11)]
2191,3,3,2,12,[(2, 12), (3, 12), (3, 13), (3, 14), (3, 15), (4, 12)]
2192,3,3,2,13,[(2, 13), (3, 13), (3, 14), (3, 15), (3, 16), (4, 13)]
2193,3,3,3,0,[(3, 0), (4, 0), (4, 1), (4, 2), (4, 3), (5, 0)]
2194,3,3,3,1,[(3, 1), (4, 1), (4, 2), (4, 3), (4, 4), (5, 1)]
2195,3,3,3,2,[(3, 2), (4, 2), (4, 3), (4, 4), (4, 5), (5, 2)]
2196,3,3,3,3,[(3, 3), (4, 3), (4, 4), (4, 5), (4, 6), (5, 3)]
2197,3,3,3,4,[(3, 4), (4, 4), (4, 5), (4, 6), (4, 7), (5, 4)]
2198,3,3,3,5,[(3, 5), (4, 5), (4, 6), (4, 7), (4, 8), (5, 5)]
2199,3,3,3,6,[(3, 6), (4, 6), (4, 7), (4, 8), (4, 9), (5, 6)]
2200,3,3,3,7,[(3, 7), (4, 7), (4, 8), (4, 9), (4, 10), (5, 7)]
2201,3,3,3,8,[(3, 8), (4, 8), (4, 9), (4, 10), (4, 11), (5, 8)]
2202,3,3,3,9,[(3, 9), (4, 9), (4, 10), (4, 11), (4, 12), (5, 9)]
2203,3,3,3,10,[(3, 10), (4, 10), (4, 11), (4, 12), (4, 13), (5, 10)]
2204,3,3,3,11,[(3, 11), (4, 11), (4, 12), (4, 13), (4, 14), (5, 11)]
2205,3,3,3,12,[(3, 12), (4, 12), (4, 13), (4, 14), (4, 15), (5, 12)]
2206,3,3,3,13,[(3, 13), (4, 13), (4, 14), (4, 15), (4, 16), (5, 13)]
2207,3,3,4,0,[(4, 0), (5, 0), (5, 1), (5, 2), (5, 3), (6, 0)]
2208,3,3,4,1,[(4, 1), (5, 1), (5, 2), (5, 3), (5, 4), (6, 1)]
2209,3,3,4,2,[(4, 2), (5, 2), (5, 3), (5, 4), (5, 5), (6, 2)]
2210,3,3,4,3,[(4, 3), (5, 3), (5, 4), (5, 5), (5, 6), (6, 3)]
2211,3,3,4,4,[(4, 4), (5, 4), (5, 5), (5, 6), (5, 7), (6, 4)]
2212,3,3,4,5,[(4, 5), (5, 5), (5, 6), (5, 7), (5, 8), (6, 5)]
2213,3,3,4,6,[(4, 6), (5, 6), (5, 7), (5, 8), (5, 9), (6, 6)]
2214,3,3,4,7,[(4, 7), (5, 7), (5, 8), (5, 9), (5, 10), (6, 7)]
2215,3,3,4,8,[(4, 8), (5, 8), (5, 9), (5, 10), (5, 11), (6, 8)]
2216,3,3,4,9,[(4, 9), (5, 9), (5, 10), (5, 11), (5, 12), (6, 9)]
2217,3,3,4,10,[(4, 10), (5, 10), (5, 11), (5, 12), (5, 13), (6, 10)]
2218,3,3,4,11,[(4, 11), (5, 11), (5, 12), (5, 13), (5, 14), (6, 11)]
2219,3,3,4,12,[(4, 12), (5, 12), (5, 13), (5, 14), (5, 15), (6, 12)]
2220,3,3,4,13,[(4, 13), (5, 13), (5, 14), (5, 15), (5, 16), (6, 13)]
2221,3,3,5,0,[(5, 0), (6, 0), (6, 1), (6, 2), (6, 3), (7, 0)]
2222,3,3,5,1,[(5, 1), (6, 1), (6, 2), (6, 3), (6, 4), (7, 1)]
2223,3,3,5,2,[(5, 2), (6, 2), (6, 3), (6, 4), (6, 5), (7, 2)]
2224,3,3,5,3,[(5, 3), (6, 3), (6, 4), (6, 5), (6, 6), (7, 3)]
2225,3,3,5,4,[(5, 4), (6, 4), (6, 5), (6, 6), (6, 7), (7, 4)]
2226,3,3,5,5,[(5, 5), (6, 5), (6, 6), (6, 7), (6, 8), (7, 5)]
2227,3,3,5,6,[(5, 6), (6, 6), (6, 7), (6, 8), (6, 9), (7, 6)]
2228,3,3,5,7,[(5, 7), (6, 7), (6, 8), (6, 9), (6, 10), (7, 7)]
2229,3,3,5,8,[(5, 8), (6, 8), (6, 9), (6, 10), (6, 11), (7, 8)]
2230,3,3,5,9,[(5, 9), (6, 9), (6, 10), (6, 11), (6, 12), (7, 9)]
2231,3,3,5,10,[(5, 10), (6, 10), (6, 11), (6, 12), (6, 13), (7, 10)]
2232,3,3,5,11,[(5, 11), (6, 11), (6, 12), (6, 13), (6, 14), (7, 11)]
2233,3,3,5,12,[(5, 12), (6, 12), (6, 13), (6, 14), (6, 15), (7, 12)]
2234,3,3,5,13,[(5, 13), (6, 13), (6, 14), (6, 15), (6, 16), (7, 13)]
2235,3,3,6,0,[(6, 0), (7, 0), (7, 1), (7, 2), (7, 3), (8, 0)]
2236,3,3,6,1,[(6, 1), (7, 1), (7, 2), (7, 3), (7, 4), (8, 1)]
2237,3,3,6,2,[(6, 2), (7, 2), (7, 3), (7, 4), (7, 5), (8, 2)]
2238,3,3,6,3,[(6, 3), (7, 3), (7, 4), (7, 5), (7, 6), (8, 3)]
2239,3,3,6,4,[(6, 4), (7, 4), (7, 5), (7, 6), (7, 7), (8, 4)]
2240,3,3,6,5,[(6, 5), (7, 5), (7, 6), (7, 7), (7, 8), (8, 5)]
2241,3,3,6,6,[(6, 6), (7, 6), (7, 7), (7, 8), (7, 9), (8, 6)]
2242,3,3,6,7,[(6, 7), (7, 7), (7, 8), (7, 9), (7, 10), (8, 7)]
2243,3,3,6,8,[(6, 8), (7, 8), (7, 9), (7, 10), (7, 11), (8, 8)]
2244,3,3,6,9,[(6, 9), (7, 9), (7, 10), (7, 11), (7, 12), (8, 9)]
2245,3,3,6,10,[(6, 10), (7, 10), (7, 11), (7, 12), (7, 13), (8, 10)]
2246,3,3,6,11,[(6, 11), (7, 11), (7, 12), (7, 13), (7, 14), (8, 11)]
2247,3,3,6,12,[(6, 12), (7, 12), (7, 13), (7, 14), (7, 15), (8, 12)]
2248,3,3,6,13,[(6, 13), (7, 13), (7, 14), (7, 15), (7, 16), (8, 13)]
2249,4,0,0,0,[(0, 1), (1, 1), (1, 2), (2, 0), (2, 1), (3, 0)]
2250,4,0,0,1,[(0, 2), (1, 2), (1, 3), (2, 1), (2, 2), (3, 1)]
2251,4,0,0,2,[(0, 3), (1, 3), (1, 4), (2, 2), (2, 3), (3, 2)]
2252,4,0,0,3,[(0, 4), (1, 4), (1, 5), (2, 3), (2, 4), (3, 3)]
2253,4,0,0,4,[(0, 5), (1, 5), (1, 6), (2, 4), (2, 5), (3, 4)]
2254,4,0,0,5,[(0, 6), (1, 6), (1, 7), (2, 5), (2, 6), (3, 5)]
2255,4,0,0,6,[(0, 7), (1, 7), (1, 8), (2, 6), (2, 7), (3, 6)]
2256,4,0,0,7,[(0, 8), (1, 8), (1, 9), (2, 7), (2, 8), (3, 7)]
2257,4,0,0,8,[(0, 9), (1, 9), (1, 10), (2, 8), (2, 9), (3, 8)]
2258,4,0,0,9,[(0, 10), (1, 10), (1, 11), (2, 9), (2, 10), (3, 9)]
2259,4,0,0,10,[(0, 11), (1, 11), (1, 12), (2, 10), (2, 11), (3, 10)]
2260,4,0,0,11,[(0, 12), (1, 12), (1, 13), (2, 11), (2, 12), (3, 11)]
2261,4,0,0,12,[(0, 13), (1, 13), (1, 14), (2, 12), (2, 13), (3, 12)]
2262,4,0,0,13,[(0, 14), (1, 14), (1, 15), (2, 13), (2, 14), (3, 13)]
2263,4,0,0,14,[(0, 15), (1, 15), (1, 16), (2, 14), (2, 15), (3, 14)]
2264,4,0,1,0,[(1, 1), (2, 1), (2, 2), (3, 0), (3, 1), (4, 0)]
2265,4,0,1,1,[(1, 2), (2, 2), (2, 3), (3, 1), (3, 2), (4, 1)]
2266,4,0,1,2,[(1, 3), (2, 3), (2, 4), (3, 2), (3, 3), (4, 2)]
2267,4,0,1,3,[(1, 4), (2, 4), (2, 5), (3, 3), (3, 4), (4, 3)]
2268,4,0,1,4,[(1, 5), (2, 5), (2, 6), (3, 4), (3, 5), (4, 4)]
2269,4,0,1,5,[(1, 6), (2, 6), (2, 7), (3, 5), (3, 6), (4, 5)]
2270,4,0,1,6,[(1, 7), (2, 7), (2, 8), (3, 6), (3, 7), (4, 6)]
2271,4,0,1,7,[(1, 8), (2, 8), (2, 9), (3, 7), (3, 8), (4, 7)]
2272,4,0,1,8,[(1, 9), (2, 9), (2, 10), (3, 8), (3, 9), (4, 8)]
2273,4,0,1,9,[(1, 10), (2, 10), (2, 11), (3, 9), (3, 10), (4, 9)]
2274,4,0,1,10,[(1, 11), (2, 11), (2, 12), (3, 10), (3, 11), (4, 10)]
2275,4,0,1,11,[(1, 12), (2, 12), (2, 13), (3, 11), (3, 12), (4, 11)]
2276,4,0,1,12,[(1, 13), (2, 13), (2, 14), (3, 12), (3, 13), (4, 12)]
2277,4,0,1,13,[(1, 14), (2, 14), (2, 15), (3, 13), (3, 14), (4, 13)]
2278,4,0,1,14,[(1, 15), (2, 15), (2, 16), (3, 14), (3, 15), (4, 14)]
2279,4,0,2,0,[(2, 1), (3, 1), (3, 2), (4, 0), (4, 1), (5, 0)]
2280,4,0,2,1,[(2, 2), (3, 2), (3, 3), (4, 1), (4, 2), (5, 1)]
2281,4,0,2,2,[(2, 3), (3, 3), (3, 4), (4, 2), (4, 3), (5, 2)]
2282,4,0,2,3,[(2, 4), (3, 4), (3, 5), (4, 3), (4, 4), (5, 3)]
2283,4,0,2,4,[(2, 5), (3, 5), (3, 6), (4, 4), (4, 5), (5, 4)]
2284,4,0,2,5,[(2, 6), (3, 6), (3, 7), (4, 5), (4, 6), (5, 5)]
2285,4,0,2,6,[(2, 7), (3, 7), (3, 8), (4, 6), (4, 7), (5, 6)]
2286,4,0,2,7,[(2, 8), (3, 8), (3, 9), (4, 7), (4, 8), (5, 7)]
2287,4,0,2,8,[(2, 9), (3, 9), (3, 10), (4, 8), (4, 9), (5, 8)]
2288,4,0,2,9,[(2, 10), (3, 10), (3, 11), (4, 9), (4, 10), (5, 9)]
2289,4,0,2,10,[(2, 11), (3, 11), (3, 12), (4, 10), (4, 11), (5, 10)]
2290,4,0,2,11,[(2, 12), (3, 12), (3, 13), (4, 11), (4, 12), (5, 11)]
2291,4,0,2,12,[(2, 13), (3, 13), (3, 14), (4, 12), (4, 13), (5, 12)]
2292,4,0,2,13,[(2, 14), (3, 14), (3, 15), (4, 13), (4, 14), (5, 13)]
2293,4,0,2,14,[(2, 15), (3, 15), (3, 16), (4, 14), (4, 15), (5, 14)]
2294,4,0,3,0,[(3, 1), (4, 1), (4, 2), (5, 0), (5, 1), (6, 0)]
2295,4,0,3,1,[(3, 2), (4, 2), (4, 3), (5, 1), (5, 2), (6, 1)]
2296,4,0,3,2,[(3, 3), (4, 3), (4, 4), (5, 2), (5, 3), (6, 2)]
2297,4,0,3,3,[(3, 4), (4, 4), (4, 5), (5, 3), (5, 4), (6, 3)]
2298,4,0,3,4,[(3, 5), (4, 5), (4, 6), (5, 4), (5, 5), (6, 4)]
2299,4,0,3,5,[(3, 6), (4, 6), (4, 7), (5, 5), (5, 6), (6, 5)]
2300,4,0,3,6,[(3, 7), (4, 7), (4, 8), (5, 6), (5, 7), (6, 6)]
2301,4,0,3,7,[(3, 8), (4, 8), (4, 9), (5, 7), (5, 8), (6, 7)]
2302,4,0,3,8,[(3, 9), (4, 9), (4, 10), (5, 8), (5, 9), (6, 8)]
2303,4,0,3,9,[(3, 10), (4, 10), (4, 11), (5, 9), (5, 10), (6, 9)]
2304,4,0,3,10,[(3, 11), (4, 11), (4, 12), (5, 10), (5, 11), (6, 10)]
2305,4,0,3,11,[(3, 12), (4, 12), (4, 13), (5, 11), (5, 12), (6, 11)]
2306,4,0,3,12,[(3, 13), (4, 13), (4, 14), (5, 12), (5, 13), (6, 12)]
2307,4,0,3,13,[(3, 14), (4, 14), (4, 15), (5, 13), (5, 14), (6, 13)]
2308,4,0,3,14,[(3, 15), (4, 15), (4, 16), (5, 14), (5, 15), (6, 14)]
2309,4,0,4,0,[(4, 1), (5, 1), (5, 2), (6, 0), (6, 1), (7, 0)]
2310,4,0,4,1,[(4, 2), (5, 2), (5, 3), (6, 1), (6, 2), (7, 1)]
2311,4,0,4,2,[(4, 3), (5, 3), (5, 4), (6, 2), (6, 3), (7, 2)]
2312,4,0,4,3,[(4, 4), (5, 4), (5, 5), (6, 3), (6, 4), (7, 3)]
2313,4,0,4,4,[(4, 5), (5, 5), (5, 6), (6, 4), (6, 5), (7, 4)]
2314,4,0,4,5,[(4, 6), (5, 6), (5, 7), (6, 5), (6, 6), (7, 5)]
2315,4,0,4,6,[(4, 7), (5, 7), (5, 8), (6, 6), (6, 7), (7, 6)]
2316,4,0,4,7,[(4, 8), (5, 8), (5, 9), (6, 7), (6, 8), (7, 7)]
2317,4,0,4,8,[(4, 9), (5, 9), (5, 10), (6, 8), (6, 9), (7, 8)]
2318,4,0,4,9,[(4, 10), (5, 10), (5, 11), (6, 9), (6, 10), (7, 9)]
2319,4,0,4,10,[(4, 11), (5, 11), (5, 12), (6, 10), (6, 11), (7, 10)]
2320,4,0,4,11,[(4, 12), (5, 12), (5, 13), (6, 11), (6, 12), (7, 11)]
2321,4,0,4,12,[(4, 13), (5, 13), (5, 14), (6, 12), (6, 13), (7, 12)]
2322,4,0,4,13,[(4, 14), (5, 14), (5, 15), (6, 13), (6, 14), (7, 13)]
2323,4,0,4,14,[(4, 15), (5, 15), (5, 16), (6, 14), (6, 15), (7, 14)]
2324,4,0,5,0,[(5, 1), (6, 1), (6, 2), (7, 0), (7, 1), (8, 0)]
2325,4,0,5,1,[(5, 2), (6, 2), (6, 3), (7, 1), (7, 2), (8, 1)]
2326,4,0,5,2,[(5, 3), (6, 3), (6, 4), (7, 2), (7, 3), (8, 2)]
2327,4,0,5,3,[(5, 4), (6, 4), (6, 5), (7, 3), (7, 4), (8, 3)]
2328,4,0,5,4,[(5, 5), (6, 5), (6, 6), (7, 4), (7, 5), (8, 4)]
2329,4,0,5,5,[(5, 6), (6, 6), (6, 7), (7, 5), (7, 6), (8, 5)]
2330,4,0,5,6,[(5, 7), (6, 7), (6, 8), (7, 6), (7, 7), (8, 6)]
2331,4,0,5,7,[(5, 8), (6, 8), (6, 9), (7, 7), (7, 8), (8, 7)]
2332,4,0,5,8,[(5, 9), (6, 9), (6, 10), (7, 8), (7, 9), (8, 8)]
2333,4,0,5,9,[(5, 10), (6, 10), (6, 11), (7, 9), (7, 10), (8, 9)]
2334,4,0,5,10,[(5, 11), (6, 11), (6, 12), (7, 10), (7, 11), (8, 10)]
2335,4,0,5,11,[(5, 12), (6, 12), (6, 13), (7, 11), (7, 12), (8, 11)]
2336,4,0,5,12,[(5, 13), (6, 13), (6, 14), (7, 12), (7, 13), (8, 12)]
2337,4,0,5,13,[(5, 14), (6, 14), (6, 15), (7, 13), (7, 14), (8, 13)]
2338,4,0,5,14,[(5, 15), (6, 15), (6, 16), (7, 14), (7, 15), (8, 14)]
2339,4,1,0,0,[(0, 1), (1, 0), (1, 1), (2, 1), (2, 2), (3, 2)]
2340,4,1,0,1,[(0, 2), (1, 1), (1, 2), (2, 2), (2, 3), (3, 3)]
2341,4,1,0,2,[(0, 3), (1, 2), (1, 3), (2, 3), (2, 4), (3, 4)]
2342,4,1,0,3,[(0, 4), (1, 3), (1, 4), (2, 4), (2, 5), (3, 5)]
2343,4,1,0,4,[(0, 5), (1, 4), (1, 5), (2, 5), (2, 6), (3, 6)]
2344,4,1,0,5,[(0, 6), (1, 5), (1, 6), (2, 6), (2, 7), (3, 7)]
2345,4,1,0,6,[(0, 7), (1, 6), (1, 7), (2, 7), (2, 8), (3, 8)]
2346,4,1,0,7,[(0, 8), (1, 7), (1, 8), (2, 8), (2, 9), (3, 9)]
2347,4,1,0,8,[(0, 9), (1, 8), (1, 9), (2, 9), (2, 10), (3, 10)]
2348,4,1,0,9,[(0, 10), (1, 9), (1, 10), (2, 10), (2, 11), (3, 11)]
2349,4,1,0,10,[(0, 11), (1, 10), (1, 11), (2, 11), (2, 12), (3, 12)]
2350,4,1,0,11,[(0, 12), (1, 11), (1, 12), (2, 12), (2, 13), (3, 13)]
2351,4,1,0,12,[(0, 13), (1, 12), (1, 13), (2, 13), (2, 14), (3, 14)]
2352,4,1,0,13,[(0, 14), (1, 13), (1, 14), (2, 14), (2, 15), (3, 15)]
2353,4,1,0,14,[(0, 15), (1, 14), (1, 15), (2, 15), (2, 16), (3, 16)]
2354,4,1,1,0,[(1, 1), (2, 0), (2, 1), (3, 1), (3, 2), (4, 2)]
2355,4,1,1,1,[(1, 2), (2, 1), (2, 2), (3, 2), (3, 3), (4, 3)]
2356,4,1,1,2,[(1, 3), (2, 2), (2, 3), (3, 3), (3, 4), (4, 4)]
2357,4,1,1,3,[(1, 4), (2, 3), (2, 4), (3, 4), (3, 5), (4, 5)]
2358,4,1,1,4,[(1, 5), (2, 4), (2, 5), (3, 5), (3, 6), (4, 6)]
2359,4,1,1,5,[(1, 6), (2, 5), (2, 6), (3, 6), (3, 7), (4, 7)]
2360,4,1,1,6,[(1, 7), (2, 6), (2, 7), (3, 7), (3, 8), (4, 8)]
2361,4,1,1,7,[(1, 8), (2, 7), (2, 8), (3, 8), (3, 9), (4, 9)]
2362,4,1,1,8,[(1, 9), (2, 8), (2, 9), (3, 9), (3, 10), (4, 10)]
2363,4,1,1,9,[(1, 10), (2, 9), (2, 10), (3, 10), (3, 11), (4, 11)]
2364,4,1,1,10,[(1, 11), (2, 10), (2, 11), (3, 11), (3, 12), (4, 12)]
2365,4,1,1,11,[(1, 12), (2, 11), (2, 12), (3, 12), (3, 13), (4, 13)]
2366,4,1,1,12,[(1, 13), (2, 12), (2, 13), (3, 13), (3, 14), (4, 14)]
2367,4,1,1,13,[(1, 14), (2, 13), (2, 14), (3, 14), (3, 15), (4, 15)]
2368,4,1,1,14,[(1, 15), (2, 14), (2, 15), (3, 15), (3, 16), (4, 16)]
2369,4,1,2,0,[(2, 1), (3, 0), (3, 1), (4, 1), (4, 2), (5, 2)]
2370,4,1,2,1,[(2, 2), (3, 1), (3, 2), (4, 2), (4, 3), (5, 3)]
2371,4,1,2,2,[(2, 3), (3, 2), (3, 3), (4, 3), (4, 4), (5, 4)]
2372,4,1,2,3,[(2, 4), (3, 3), (3, 4), (4, 4), (4, 5), (5, 5)]
2373,4,1,2,4,[(2, 5), (3, 4), (3, 5), (4, 5), (4, 6), (5, 6)]
2374,4,1,2,5,[(2, 6), (3, 5), (3, 6), (4, 6), (4, 7), (5, 7)]
2375,4,1,2,6,[(2, 7), (3, 6), (3, 7), (4, 7), (4, 8), (5, 8)]
2376,4,1,2,7,[(2, 8), (3, 7), (3, 8), (4, 8), (4, 9), (5, 9)]
2377,4,1,2,8,[(2, 9), (3, 8), (3, 9), (4, 9), (4, 10), (5, 10)]
2378,4,1,2,9,[(2, 10), (3, 9), (3, 10), (4, 10), (4, 11), (5, 11)]
2379,4,1,2,10,[(2, 11), (3, 10), (3, 11), (4, 11), (4, 12), (5, 12)]
2380,4,1,2,11,[(2, 12), (3, 11), (3, 12), (4, 12), (4, 13), (5, 13)]
2381,4,1,2,12,[(2, 13), (3, 12), (3, 13), (4, 13), (4, 14), (5, 14)]
2382,4,1,2,13,[(2, 14), (3, 13), (3, 14), (4, 14), (4, 15), (5, 15)]
2383,4,1,2,14,[(2, 15), (3, 14), (3, 15), (4, 15), (4, 16), (5, 16)]
2384,4,1,3,0,[(3, 1), (4, 0), (4, 1), (5, 1), (5, 2), (6, 2)]
2385,4,1,3,1,[(3, 2), (4, 1), (4, 2), (5, 2), (5, 3), (6, 3)]
2386,4,1,3,2,[(3, 3), (4, 2), (4, 3), (5, 3), (5, 4), (6, 4)]
2387,4,1,3,3,[(3, 4), (4, 3), (4, 4), (5, 4), (5, 5), (6, 5)]
2388,4,1,3,4,[(3, 5), (4, 4), (4, 5), (5, 5), (5, 6), (6, 6)]
2389,4,1,3,5,[(3, 6), (4, 5), (4, 6), (5, 6), (5, 7), (6, 7)]
2390,4,1,3,6,[(3, 7), (4, 6), (4, 7), (5, 7), (5, 8), (6, 8)]
2391,4,1,3,7,[(3, 8), (4, 7), (4, 8), (5, 8), (5, 9), (6, 9)]
2392,4,1,3,8,[(3, 9), (4, 8), (4, 9), (5, 9), (5, 10), (6, 10)]
2393,4,1,3,9,[(3, 10), (4, 9), (4, 10), (5, 10), (5, 11), (6, 11)]
2394,4,1,3,10,[(3, 11), (4, 10), (4, 11), (5, 11), (5, 12), (6, 12)]
2395,4,1,3,11,[(3, 12), (4, 11), (4, 12), (5, 12), (5, 13), (6, 13)]
2396,4,1,3,12,[(3, 13), (4, 12), (4, 13), (5, 13), (5, 14), (6, 14)]
2397,4,1,3,13,[(3, 14), (4, 13), (4, 14), (5, 14), (5, 15), (6, 15)]
2398,4,1,3,14,[(3, 15), (4, 14), (4, 15), (5, 15), (5, 16), (6, 16)]
2399,4,1,4,0,[(4, 1), (5, 0), (5, 1), (6, 1), (6, 2), (7, 2)]
2400,4,1,4,1,[(4, 2), (5, 1), (5, 2), (6, 2), (6, 3), (7, 3)]
2401,4,1,4,2,[(4, 3), (5, 2), (5, 3), (6, 3), (6, 4), (7, 4)]
2402,4,1,4,3,[(4, 4), (5, 3), (5, 4), (6, 4), (6, 5), (7, 5)]
2403,4,1,4,4,[(4, 5), (5, 4), (5, 5), (6, 5), (6, 6), (7, 6)]
2404,4,1,4,5,[(4, 6), (5, 5), (5, 6), (6, 6), (6, 7), (7, 7)]
2405,4,1,4,6,[(4, 7), (5, 6), (5, 7), (6, 7), (6, 8), (7, 8)]
2406,4,1,4,7,[(4, 8), (5, 7), (5, 8), (6, 8), (6, 9), (7, 9)]
2407,4,1,4,8,[(4, 9), (5, 8), (5, 9), (6, 9), (6, 10), (7, 10)]
2408,4,1,4,9,[(4, 10), (5, 9), (5, 10), (6, 10), (6, 11), (7, 11)]
2409,4,1,4,10,[(4, 11), (5, 10), (5, 11), (6, 11), (6, 12), (7, 12)]
2410,4,1,4,11,[(4, 12), (5, 11), (5, 12), (6, 12), (6, 13), (7, 13)]
2411,4,1,4,12,[(4, 13), (5, 12), (5, 13), (6, 13), (6, 14), (7, 14)]
2412,4,1,4,13,[(4, 14), (5, 13), (5, 14), (6, 14), (6, 15), (7, 15)]
2413,4,1,4,14,[(4, 15), (5, 14), (5, 15), (6, 15), (6, 16), (7, 16)]
2414,4,1,5,0,[(5, 1), (6, 0), (6, 1), (7, 1), (7, 2), (8, 2)]
2415,4,1,5,1,[(5, 2), (6, 1), (6, 2), (7, 2), (7, 3), (8, 3)]
2416,4,1,5,2,[(5, 3), (6, 2), (6, 3), (7, 3), (7, 4), (8, 4)]
2417,4,1,5,3,[(5, 4), (6, 3), (6, 4), (7, 4), (7, 5), (8, 5)]
2418,4,1,5,4,[(5, 5), (6, 4), (6, 5), (7, 5), (7, 6), (8, 6)]
2419,4,1,5,5,[(5, 6), (6, 5), (6, 6), (7, 6), (7, 7), (8, 7)]
2420,4,1,5,6,[(5, 7), (6, 6), (6, 7), (7, 7), (7, 8), (8, 8)]
2421,4,1,5,7,[(5, 8), (6, 7), (6, 8), (7, 8), (7, 9), (8, 9)]
2422,4,1,5,8,[(5, 9), (6, 8), (6, 9), (7, 9), (7, 10), (8, 10)]
2423,4,1,5,9,[(5, 10), (6, 9), (6, 10), (7, 10), (7, 11), (8, 11)]
2424,4,1,5,10,[(5, 11), (6, 10), (6, 11), (7, 11), (7, 12), (8, 12)]
2425,4,1,5,11,[(5, 12), (6, 11), (6, 12), (7, 12), (7, 13), (8, 13)]
2426,4,1,5,12,[(5, 13), (6, 12), (6, 13), (7, 13), (7, 14), (8, 14)]
2427,4,1,5,13,[(5, 14), (6, 13), (6, 14), (7, 14), (7, 15), (8, 15)]
2428,4,1,5,14,[(5, 15), (6, 14), (6, 15), (7, 15), (7, 16), (8, 16)]
2429,4,2,0,0,[(0, 0), (1, 0), (1, 1), (2, 1), (2, 2), (3, 1)]
2430,4,2,0,1,[(0, 1), (1, 1), (1, 2), (2, 2), (2, 3), (3, 2)]
2431,4,2,0,2,[(0, 2), (1, 2), (1, 3), (2, 3), (2, 4), (3, 3)]
2432,4,2,0,3,[(0, 3), (1, 3), (1, 4), (2, 4), (2, 5), (3, 4)]
2433,4,2,0,4,[(0, 4), (1, 4), (1, 5), (2, 5), (2, 6), (3, 5)]
2434,4,2,0,5,[(0, 5), (1, 5), (1, 6), (2, 6), (2, 7), (3, 6)]
2435,4,2,0,6,[(0, 6), (1, 6), (1, 7), (2, 7), (2, 8), (3, 7)]
2436,4,2,0,7,[(0, 7), (1, 7), (1, 8), (2, 8), (2, 9), (3, 8)]
2437,4,2,0,8,[(0, 8), (1, 8), (1, 9), (2, 9), (2, 10), (3, 9)]
2438,4,2,0,9,[(0, 9), (1, 9), (1, 10), (2, 10), (2, 11), (3, 10)]
2439,4,2,0,10,[(0, 10), (1, 10), (1, 11), (2, 11), (2, 12), (3, 11)]
2440,4,2,0,11,[(0, 11), (1, 11), (1, 12), (2, 12), (2, 13), (3, 12)]
2441,4,2,0,12,[(0, 12), (1, 12), (1, 13), (2, 13), (2, 14), (3, 13)]
2442,4,2,0,13,[(0, 13), (1, 13), (1, 14), (2, 14), (2, 15), (3, 14)]
2443,4,2,0,14,[(0, 14), (1, 14), (1, 15), (2, 15), (2, 16), (3, 15)]
2444,4,2,1,0,[(1, 0), (2, 0), (2, 1), (3, 1), (3, 2), (4, 1)]
2445,4,2,1,1,[(1, 1), (2, 1), (2, 2), (3, 2), (3, 3), (4, 2)]
2446,4,2,1,2,[(1, 2), (2, 2), (2, 3), (3, 3), (3, 4), (4, 3)]
2447,4,2,1,3,[(1, 3), (2, 3), (2, 4), (3, 4), (3, 5), (4, 4)]
2448,4,2,1,4,[(1, 4), (2, 4), (2, 5), (3, 5), (3, 6), (4, 5)]
2449,4,2,1,5,[(1, 5), (2, 5), (2, 6), (3, 6), (3, 7), (4, 6)]
2450,4,2,1,6,[(1, 6), (2, 6), (2, 7), (3, 7), (3, 8), (4, 7)]
2451,4,2,1,7,[(1, 7), (2, 7), (2, 8), (3, 8), (3, 9), (4, 8)]
2452,4,2,1,8,[(1, 8), (2, 8), (2, 9), (3, 9), (3, 10), (4, 9)]
2453,4,2,1,9,[(1, 9), (2, 9), (2, 10), (3, 10), (3, 11), (4, 10)]
2454,4,2,1,10,[(1, 10), (2, 10), (2, 11), (3, 11), (3, 12), (4, 11)]
2455,4,2,1,11,[(1, 11), (2, 11), (2, 12), (3, 12), (3, 13), (4, 12)]
2456,4,2,1,12,[(1, 12), (2, 12), (2, 13), (3, 13), (3, 14), (4, 13)]
2457,4,2,1,13,[(1, 13), (2, 13), (2, 14), (3, 14), (3, 15), (4, 14)]
2458,4,2,1,14,[(1, 14), (2, 14), (2, 15), (3, 15), (3, 16), (4, 15)]
2459,4,2,2,0,[(2, 0), (3, 0), (3, 1), (4, 1), (4, 2), (5, 1)]
2460,4,2,2,1,[(2, 1), (3, 1), (3, 2), (4, 2), (4, 3), (5, 2)]
2461,4,2,2,2,[(2, 2), (3, 2), (3, 3), (4, 3), (4, 4), (5, 3)]
2462,4,2,2,3,[(2, 3), (3, 3), (3, 4), (4, 4), (4, 5), (5, 4)]
2463,4,2,2,4,[(2, 4), (3, 4), (3, 5), (4, 5), (4, 6), (5, 5)]
2464,4,2,2,5,[(2, 5), (3, 5), (3, 6), (4, 6), (4, 7), (5, 6)]
2465,4,2,2,6,[(2, 6), (3, 6), (3, 7), (4, 7), (4, 8), (5, 7)]
2466,4,2,2,7,[(2, 7), (3, 7), (3, 8), (4, 8), (4, 9), (5, 8)]
2467,4,2,2,8,[(2, 8), (3, 8), (3, 9), (4, 9), (4, 10), (5, 9)]
2468,4,2,2,9,[(2, 9), (3, 9), (3, 10), (4, 10), (4, 11), (5, 10)]
2469,4,2,2,10,[(2, 10), (3, 10), (3, 11), (4, 11), (4, 12), (5, 11)]
2470,4,2,2,11,[(2, 11), (3, 11), (3, 12), (4, 12), (4, 13), (5, 12)]
2471,4,2,2,12,[(2, 12), (3, 12), (3, 13), (4, 13), (4, 14), (5, 13)]
2472,4,2,2,13,[(2, 13), (3, 13), (3, 14), (4, 14), (4, 15), (5, 14)]
2473,4,2,2,14,[(2, 14), (3, 14), (3, 15), (4, 15), (4, 16), (5, 15)]
2474,4,2,3,0,[(3, 0), (4, 0), (4, 1), (5, 1), (5, 2), (6, 1)]
2475,4,2,3,1,[(3, 1), (4, 1), (4, 2), (5, 2), (5, 3), (6, 2)]
2476,4,2,3,2,[(3, 2), (4, 2), (4, 3), (5, 3), (5, 4), (6, 3)]
2477,4,2,3,3,[(3, 3), (4, 3), (4, 4), (5, 4), (5, 5), (6, 4)]
2478,4,2,3,4,[(3, 4), (4, 4), (4, 5), (5, 5), (5, 6), (6, 5)]
2479,4,2,3,5,[(3, 5), (4, 5), (4, 6), (5, 6), (5, 7), (6, 6)]
2480,4,2,3,6,[(3, 6), (4, 6), (4, 7), (5, 7), (5, 8), (6, 7)]
2481,4,2,3,7,[(3, 7), (4, 7), (4, 8), (5, 8), (5, 9), (6, 8)]
2482,4,2,3,8,[(3, 8), (4, 8), (4, 9), (5, 9), (5, 10), (6, 9)]
2483,4,2,3,9,[(3, 9), (4, 9), (4, 10), (5, 10), (5, 11), (6, 10)]
2484,4,2,3,10,[(3, 10), (4, 10), (4, 11), (5, 11), (5, 12), (6, 11)]
2485,4,2,3,11,[(3, 11), (4, 11), (4, 12), (5, 12), (5, 13), (6, 12)]
2486,4,2,3,12,[(3, 12), (4, 12), (4, 13), (5, 13), (5, 14), (6, 13)]
2487,4,2,3,13,[(3, 13), (4, 13), (4, 14), (5, 14), (5, 15), (6, 14)]
2488,4,2,3,14,[(3, 14), (4, 14), (4, 15), (5, 15), (5, 16), (6, 15)]
2489,4,2,4,0,[(4, 0), (5, 0), (5, 1), (6, 1), (6, 2), (7, 1)]
2490,4,2,4,1,[(4, 1), (5, 1), (5, 2), (6, 2), (6, 3), (7, 2)]
2491,4,2,4,2,[(4, 2), (5, 2), (5, 3), (6, 3), (6, 4), (7, 3)]
2492,4,2,4,3,[(4, 3), (5, 3), (5, 4), (6, 4), (6, 5), (7, 4)]
2493,4,2,4,4,[(4, 4), (5, 4), (5, 5), (6, 5), (6, 6), (7, 5)]
2494,4,2,4,5,[(4, 5), (5, 5), (5, 6), (6, 6), (6, 7), (7, 6)]
2495,4,2,4,6,[(4, 6), (5, 6), (5, 7), (6, 7), (6, 8), (7, 7)]
2496,4,2,4,7,[(4, 7), (5, 7), (5, 8), (6, 8), (6, 9), (7, 8)]
2497,4,2,4,8,[(4, 8), (5, 8), (5, 9), (6, 9), (6, 10), (7, 9)]
2498,4,2,4,9,[(4, 9), (5, 9), (5, 10), (6, 10), (6, 11), (7, 10)]
2499,4,2,4,10,[(4, 10), (5, 10), (5, 11), (6, 11), (6, 12), (7, 11)]
2500,4,2,4,11,[(4, 11), (5, 11), (5, 12), (6, 12), (6, 13), (7, 12)]
2501,4,2,4,12,[(4, 12), (5, 12), (5, 13), (6, 13), (6, 14), (7, 13)]
2502,4,2,4,13,[(4, 13), (5, 13), (5, 14), (6, 14), (6, 15), (7, 14)]
2503,4,2,4,14,[(4, 14), (5, 14), (5, 15), (6, 15), (6, 16), (7, 15)]
2504,4,2,5,0,[(5, 0), (6, 0), (6, 1), (7, 1), (7, 2), (8, 1)]
2505,4,2,5,1,[(5, 1), (6, 1), (6, 2), (7, 2), (7, 3), (8, 2)]
2506,4,2,5,2,[(5, 2), (6, 2), (6, 3), (7, 3), (7, 4), (8, 3)]
2507,4,2,5,3,[(5, 3), (6, 3), (6, 4), (7, 4), (7, 5), (8, 4)]
2508,4,2,5,4,[(5, 4), (6, 4), (6, 5), (7, 5), (7, 6), (8, 5)]
2509,4,2,5,5,[(5, 5), (6, 5), (6, 6), (7, 6), (7, 7), (8, 6)]
2510,4,2,5,6,[(5, 6), (6, 6), (6, 7), (7, 7), (7, 8), (8, 7)]
2511,4,2,5,7,[(5, 7), (6, 7), (6, 8), (7, 8), (7, 9), (8, 8)]
2512,4,2,5,8,[(5, 8), (6, 8), (6, 9), (7, 9), (7, 10), (8, 9)]
2513,4,2,5,9,[(5, 9), (6, 9), (6, 10), (7, 10), (7, 11), (8, 10)]
2514,4,2,5,10,[(5, 10), (6, 10), (6, 11), (7, 11), (7, 12), (8, 11)]
2515,4,2,5,11,[(5, 11), (6, 11), (6, 12), (7, 12), (7, 13), (8, 12)]
2516,4,2,5,12,[(5, 12), (6, 12), (6, 13), (7, 13), (7, 14), (8, 13)]
2517,4,2,5,13,[(5, 13), (6, 13), (6, 14), (7, 14), (7, 15), (8, 14)]
2518,4,2,5,14,[(5, 14), (6, 14), (6, 15), (7, 15), (7, 16), (8, 15)]
2519,4,3,0,0,[(0, 0), (0, 1), (1, 1), (1, 2), (1, 3), (2, 2)]
2520,4,3,0,1,[(0, 1), (0, 2), (1, 2), (1, 3), (1, 4), (2, 3)]
2521,4,3,0,2,[(0, 2), (0, 3), (1, 3), (1, 4), (1, 5), (2, 4)]
2522,4,3,0,3,[(0, 3), (0, 4), (1, 4), (1, 5), (1, 6), (2, 5)]
2523,4,3,0,4,[(0, 4), (0, 5), (1, 5), (1, 6), (1, 7), (2, 6)]
2524,4,3,0,5,[(0, 5), (0, 6), (1, 6), (1, 7), (1, 8), (2, 7)]
2525,4,3,0,6,[(0, 6), (0, 7), (1, 7), (1, 8), (1, 9), (2, 8)]
2526,4,3,0,7,[(0, 7), (0, 8), (1, 8), (1, 9), (1, 10), (2, 9)]
2527,4,3,0,8,[(0, 8), (0, 9), (1, 9), (1, 10), (1, 11), (2, 10)]
2528,4,3,0,9,[(0, 9), (0, 10), (1, 10), (1, 11), (1, 12), (2, 11)]
2529,4,3,0,10,[(0, 10), (0, 11), (1, 11), (1, 12), (1, 13), (2, 12)]
2530,4,3,0,11,[(0, 11), (0, 12), (1, 12), (1, 13), (1, 14), (2, 13)]
2531,4,3,0,12,[(0, 12), (0, 13), (1, 13), (1, 14), (1, 15), (2, 14)]
2532,4,3,0,13,[(0, 13), (0, 14), (1, 14), (1, 15), (1, 16), (2, 15)]
2533,4,3,1,0,[(1, 0), (1, 1), (2, 1), (2, 2), (2, 3), (3, 2)]
2534,4,3,1,1,[(1, 1), (1, 2), (2, 2), (2, 3), (2, 4), (3, 3)]
2535,4,3,1,2,[(1, 2), (1, 3), (2, 3), (2, 4), (2, 5), (3, 4)]
2536,4,3,1,3,[(1, 3), (1, 4), (2, 4), (2, 5), (2, 6), (3, 5)]
2537,4,3,1,4,[(1, 4), (1, 5), (2, 5), (2, 6), (2, 7), (3, 6)]
2538,4,3,1,5,[(1, 5), (1, 6), (2, 6), (2, 7), (2, 8), (3, 7)]
2539,4,3,1,6,[(1, 6), (1, 7), (2, 7), (2, 8), (2, 9), (3, 8)]
2540,4,3,1,7,[(1, 7), (1, 8), (2, 8), (2, 9), (2, 10), (3, 9)]
2541,4,3,1,8,[(1, 8), (1, 9), (2, 9), (2, 10), (2, 11), (3, 10)]
2542,4,3,1,9,[(1, 9), (1, 10), (2, 10), (2, 11), (2, 12), (3, 11)]
2543,4,3,1,10,[(1, 10), (1, 11), (2, 11), (2, 12), (2, 13), (3, 12)]
2544,4,3,1,11,[(1, 11), (1, 12), (2, 12), (2, 13), (2, 14), (3, 13)]
2545,4,3,1,12,[(1, 12), (1, 13), (2, 13), (2, 14), (2, 15), (3, 14)]
2546,4,3,1,13,[(1, 13), (1, 14), (2, 14), (2, 15), (2, 16), (3, 15)]
2547,4,3,2,0,[(2, 0), (2, 1), (3, 1), (3, 2), (3, 3), (4, 2)]
2548,4,3,2,1,[(2, 1), (2, 2), (3, 2), (3, 3), (3, 4), (4, 3)]
2549,4,3,2,2,[(2, 2), (2, 3), (3, 3), (3, 4), (3, 5), (4, 4)]
2550,4,3,2,3,[(2, 3), (2, 4), (3, 4), (3, 5), (3, 6), (4, 5)]
2551,4,3,2,4,[(2, 4), (2, 5), (3, 5), (3, 6), (3, 7), (4, 6)]
2552,4,3,2,5,[(2, 5), (2, 6), (3, 6), (3, 7), (3, 8), (4, 7)]
2553,4,3,2,6,[(2, 6), (2, 7), (3, 7), (3, 8), (3, 9), (4, 8)]
2554,4,3,2,7,[(2, 7), (2, 8), (3, 8), (3, 9), (3, 10), (4, 9)]
2555,4,3,2,8,[(2, 8), (2, 9), (3, 9), (3, 10), (3, 11), (4, 10)]
2556,4,3,2,9,[(2, 9), (2, 10), (3, 10), (3, 11), (3, 12), (4, 11)]
2557,4,3,2,10,[(2, 10), (2, 11), (3, 11), (3, 12), (3, 13), (4, 12)]
2558,4,3,2,11,[(2, 11), (2, 12), (3, 12), (3, 13), (3, 14), (4, 13)]
2559,4,3,2,12,[(2, 12), (2, 13), (3, 13), (3, 14), (3, 15), (4, 14)]
2560,4,3,2,13,[(2, 13), (2, 14), (3, 14), (3, 15), (3, 16), (4, 15)]
2561,4,3,3,0,[(3, 0), (3, 1), (4, 1), (4, 2), (4, 3), (5, 2)]
2562,4,3,3,1,[(3, 1), (3, 2), (4, 2), (4, 3), (4, 4), (5, 3)]
2563,4,3,3,2,[(3, 2), (3, 3), (4, 3), (4, 4), (4, 5), (5, 4)]
2564,4,3,3,3,[(3, 3), (3, 4), (4, 4), (4, 5), (4, 6), (5, 5)]
2565,4,3,3,4,[(3, 4), (3, 5), (4, 5), (4, 6), (4, 7), (5, 6)]
2566,4,3,3,5,[(3, 5), (3, 6), (4, 6), (4, 7), (4, 8), (5, 7)]
2567,4,3,3,6,[(3, 6), (3, 7), (4, 7), (4, 8), (4, 9), (5, 8)]
2568,4,3,3,7,[(3, 7), (3, 8), (4, 8), (4, 9), (4, 10), (5, 9)]
2569,4,3,3,8,[(3, 8), (3, 9), (4, 9), (4, 10), (4, 11), (5, 10)]
2570,4,3,3,9,[(3, 9), (3, 10), (4, 10), (4, 11), (4, 12), (5, 11)]
2571,4,3,3,10,[(3, 10), (3, 11), (4, 11), (4, 12), (4, 13), (5, 12)]
2572,4,3,3,11,[(3, 11), (3, 12), (4, 12), (4, 13), (4, 14), (5, 13)]
2573,4,3,3,12,[(3, 12), (3, 13), (4, 13), (4, 14), (4, 15), (5, 14)]
2574,4,3,3,13,[(3, 13), (3, 14), (4, 14), (4, 15), (4, 16), (5, 15)]
2575,4,3,4,0,[(4, 0), (4, 1), (5, 1), (5, 2), (5, 3), (6, 2)]
2576,4,3,4,1,[(4, 1), (4, 2), (5, 2), (5, 3), (5, 4), (6, 3)]
2577,4,3,4,2,[(4, 2), (4, 3), (5, 3), (5, 4), (5, 5), (6, 4)]
2578,4,3,4,3,[(4, 3), (4, 4), (5, 4), (5, 5), (5, 6), (6, 5)]
2579,4,3,4,4,[(4, 4), (4, 5), (5, 5), (5, 6), (5, 7), (6, 6)]
2580,4,3,4,5,[(4, 5), (4, 6), (5, 6), (5, 7), (5, 8), (6, 7)]
2581,4,3,4,6,[(4, 6), (4, 7), (5, 7), (5, 8), (5, 9), (6, 8)]
2582,4,3,4,7,[(4, 7), (4, 8), (5, 8), (5, 9), (5, 10), (6, 9)]
2583,4,3,4,8,[(4, 8), (4, 9), (5, 9), (5, 10), (5, 11), (6, 10)]
2584,4,3,4,9,[(4, 9), (4, 10), (5, 10), (5, 11), (5, 12), (6, 11)]
2585,4,3,4,10,[(4, 10), (4, 11), (5, 11), (5, 12), (5, 13), (6, 12)]
2586,4,3,4,11,[(4, 11), (4, 12), (5, 12), (5, 13), (5, 14), (6, 13)]
2587,4,3,4,12,[(4, 12), (4, 13), (5, 13), (5, 14), (5, 15), (6, 14)]
2588,4,3,4,13,[(4, 13), (4, 14), (5, 14), (5, 15), (5, 16), (6, 15)]
2589,4,3,5,0,[(5, 0), (5, 1), (6, 1), (6, 2), (6, 3), (7, 2)]
2590,4,3,5,1,[(5, 1), (5, 2), (6, 2), (6, 3), (6, 4), (7, 3)]
2591,4,3,5,2,[(5, 2), (5, 3), (6, 3), (6, 4), (6, 5), (7, 4)]
2592,4,3,5,3,[(5, 3), (5, 4), (6, 4), (6, 5), (6, 6), (7, 5)]
2593,4,3,5,4,[(5, 4), (5, 5), (6, 5), (6, 6), (6, 7), (7, 6)]
2594,4,3,5,5,[(5, 5), (5, 6), (6, 6), (6, 7), (6, 8), (7, 7)]
2595,4,3,5,6,[(5, 6), (5, 7), (6, 7), (6, 8), (6, 9), (7, 8)]
2596,4,3,5,7,[(5, 7), (5, 8), (6, 8), (6, 9), (6, 10), (7, 9)]
2597,4,3,5,8,[(5, 8), (5, 9), (6, 9), (6, 10), (6, 11), (7, 10)]
2598,4,3,5,9,[(5, 9), (5, 10), (6, 10), (6, 11), (6, 12), (7, 11)]
2599,4,3,5,10,[(5, 10), (5, 11), (6, 11), (6, 12), (6, 13), (7, 12)]
2600,4,3,5,11,[(5, 11), (5, 12), (6, 12), (6, 13), (6, 14), (7, 13)]
2601,4,3,5,12,[(5, 12), (5, 13), (6, 13), (6, 14), (6, 15), (7, 14)]
2602,4,3,5,13,[(5, 13), (5, 14), (6, 14), (6, 15), (6, 16), (7, 15)]
2603,4,3,6,0,[(6, 0), (6, 1), (7, 1), (7, 2), (7, 3), (8, 2)]
2604,4,3,6,1,[(6, 1), (6, 2), (7, 2), (7, 3), (7, 4), (8, 3)]
2605,4,3,6,2,[(6, 2), (6, 3), (7, 3), (7, 4), (7, 5), (8, 4)]
2606,4,3,6,3,[(6, 3), (6, 4), (7, 4), (7, 5), (7, 6), (8, 5)]
2607,4,3,6,4,[(6, 4), (6, 5), (7, 5), (7, 6), (7, 7), (8, 6)]
2608,4,3,6,5,[(6, 5), (6, 6), (7, 6), (7, 7), (7, 8), (8, 7)]
2609,4,3,6,6,[(6, 6), (6, 7), (7, 7), (7, 8), (7, 9), (8, 8)]
2610,4,3,6,7,[(6, 7), (6, 8), (7, 8), (7, 9), (7, 10), (8, 9)]
2611,4,3,6,8,[(6, 8), (6, 9), (7, 9), (7, 10), (7, 11), (8, 10)]
2612,4,3,6,9,[(6, 9), (6, 10), (7, 10), (7, 11), (7, 12), (8, 11)]
2613,4,3,6,10,[(6, 10), (6, 11), (7, 11), (7, 12), (7, 13), (8, 12)]
2614,4,3,6,11,[(6, 11), (6, 12), (7, 12), (7, 13), (7, 14), (8, 13)]
2615,4,3,6,12,[(6, 12), (6, 13), (7, 13), (7, 14), (7, 15), (8, 14)]
2616,4,3,6,13,[(6, 13), (6, 14), (7, 14), (7, 15), (7, 16), (8, 15)]
2617,4,4,0,0,[(0, 2), (0, 3), (1, 0), (1, 1), (1, 2), (2, 1)]
2618,4,4,0,1,[(0, 3), (0, 4), (1, 1), (1, 2), (1, 3), (2, 2)]
2619,4,4,0,2,[(0, 4), (0, 5), (1, 2), (1, 3), (1, 4), (2, 3)]
2620,4,4,0,3,[(0, 5), (0, 6), (1, 3), (1, 4), (1, 5), (2, 4)]
2621,4,4,0,4,[(0, 6), (0, 7), (1, 4), (1, 5), (1, 6), (2, 5)]
2622,4,4,0,5,[(0, 7), (0, 8), (1, 5), (1, 6), (1, 7), (2, 6)]
2623,4,4,0,6,[(0, 8), (0, 9), (1, 6), (1, 7), (1, 8), (2, 7)]
2624,4,4,0,7,[(0, 9), (0, 10), (1, 7), (1, 8), (1, 9), (2, 8)]
2625,4,4,0,8,[(0, 10), (0, 11), (1, 8), (1, 9), (1, 10), (2, 9)]
2626,4,4,0,9,[(0, 11), (0, 12), (1, 9), (1, 10), (1, 11), (2, 10)]
2627,4,4,0,10,[(0, 12), (0, 13), (1, 10), (1, 11), (1, 12), (2, 11)]
2628,4,4,0,11,[(0, 13), (0, 14), (1, 11), (1, 12), (1, 13), (2, 12)]
2629,4,4,0,12,[(0, 14), (0, 15), (1, 12), (1, 13), (1, 14), (2, 13)]
2630,4,4,0,13,[(0, 15), (0, 16), (1, 13), (1, 14), (1, 15), (2, 14)]
2631,4,4,1,0,[(1, 2), (1, 3), (2, 0), (2, 1), (2, 2), (3, 1)]
2632,4,4,1,1,[(1, 3), (1, 4), (2, 1), (2, 2), (2, 3), (3, 2)]
2633,4,4,1,2,[(1, 4), (1, 5), (2, 2), (2, 3), (2, 4), (3, 3)]
2634,4,4,1,3,[(1, 5), (1, 6), (2, 3), (2, 4), (2, 5), (3, 4)]
2635,4,4,1,4,[(1, 6), (1, 7), (2, 4), (2, 5), (2, 6), (3, 5)]
2636,4,4,1,5,[(1, 7), (1, 8), (2, 5), (2, 6), (2, 7), (3, 6)]
2637,4,4,1,6,[(1, 8), (1, 9), (2, 6), (2, 7), (2, 8), (3, 7)]
2638,4,4,1,7,[(1, 9), (1, 10), (2, 7), (2, 8), (2, 9), (3, 8)]
2639,4,4,1,8,[(1, 10), (1, 11), (2, 8), (2, 9), (2, 10), (3, 9)]
2640,4,4,1,9,[(1, 11), (1, 12), (2, 9), (2, 10), (2, 11), (3, 10)]
2641,4,4,1,10,[(1, 12), (1, 13), (2, 10), (2, 11), (2, 12), (3, 11)]
2642,4,4,1,11,[(1, 13), (1, 14), (2, 11), (2, 12), (2, 13), (3, 12)]
2643,4,4,1,12,[(1, 14), (1, 15), (2, 12), (2, 13), (2, 14), (3, 13)]
2644,4,4,1,13,[(1, 15), (1, 16), (2, 13), (2, 14), (2, 15), (3, 14)]
2645,4,4,2,0,[(2, 2), (2, 3), (3, 0), (3, 1), (3, 2), (4, 1)]
2646,4,4,2,1,[(2, 3), (2, 4), (3, 1), (3, 2), (3, 3), (4, 2)]
2647,4,4,2,2,[(2, 4), (2, 5), (3, 2), (3, 3), (3, 4), (4, 3)]
2648,4,4,2,3,[(2, 5), (2, 6), (3, 3), (3, 4), (3, 5), (4, 4)]
2649,4,4,2,4,[(2, 6), (2, 7), (3, 4), (3, 5), (3, 6), (4, 5)]
2650,4,4,2,5,[(2, 7), (2, 8), (3, 5), (3, 6), (3, 7), (4, 6)]
2651,4,4,2,6,[(2, 8), (2, 9), (3, 6), (3, 7), (3, 8), (4, 7)]
2652,4,4,2,7,[(2, 9), (2, 10), (3, 7), (3, 8), (3, 9), (4, 8)]
2653,4,4,2,8,[(2, 10), (2, 11), (3, 8), (3, 9), (3, 10), (4, 9)]
2654,4,4,2,9,[(2, 11), (2, 12), (3, 9), (3, 10), (3, 11), (4, 10)]
2655,4,4,2,10,[(2, 12), (2, 13), (3, 10), (3, 11), (3, 12), (4, 11)]
2656,4,4,2,11,[(2, 13), (2, 14), (3, 11), (3, 12), (3, 13), (4, 12)]
2657,4,4,2,12,[(2, 14), (2, 15), (3, 12), (3, 13), (3, 14), (4, 13)]
2658,4,4,2,13,[(2, 15), (2, 16), (3, 13), (3, 14), (3, 15), (4, 14)]
2659,4,4,3,0,[(3, 2), (3, 3), (4, 0), (4, 1), (4, 2), (5, 1)]
2660,4,4,3,1,[(3, 3), (3, 4), (4, 1), (4, 2), (4, 3), (5, 2)]
2661,4,4,3,2,[(3, 4), (3, 5), (4, 2), (4, 3), (4, 4), (5, 3)]
2662,4,4,3,3,[(3, 5), (3, 6), (4, 3), (4, 4), (4, 5), (5, 4)]
2663,4,4,3,4,[(3, 6), (3, 7), (4, 4), (4, 5), (4, 6), (5, 5)]
2664,4,4,3,5,[(3, 7), (3, 8), (4, 5), (4, 6), (4, 7), (5, 6)]
2665,4,4,3,6,[(3, 8), (3, 9), (4, 6), (4, 7), (4, 8), (5, 7)]
2666,4,4,3,7,[(3, 9), (3, 10), (4, 7), (4, 8), (4, 9), (5, 8)]
2667,4,4,3,8,[(3, 10), (3, 11), (4, 8), (4, 9), (4, 10), (5, 9)]
2668,4,4,3,9,[(3, 11), (3, 12), (4, 9), (4, 10), (4, 11), (5, 10)]
2669,4,4,3,10,[(3, 12), (3, 13), (4, 10), (4, 11), (4, 12), (5, 11)]
2670,4,4,3,11,[(3, 13), (3, 14), (4, 11), (4, 12), (4, 13), (5, 12)]
2671,4,4,3,12,[(3, 14), (3, 15), (4, 12), (4, 13), (4, 14), (5, 13)]
2672,4,4,3,13,[(3, 15), (3, 16), (4, 13), (4, 14), (4, 15), (5, 14)]
2673,4,4,4,0,[(4, 2), (4, 3), (5, 0), (5, 1), (5, 2), (6, 1)]
2674,4,4,4,1,[(4, 3), (4, 4), (5, 1), (5, 2), (5, 3), (6, 2)]
2675,4,4,4,2,[(4, 4), (4, 5), (5, 2), (5, 3), (5, 4), (6, 3)]
2676,4,4,4,3,[(4, 5), (4, 6), (5, 3), (5, 4), (5, 5), (6, 4)]
2677,4,4,4,4,[(4, 6), (4, 7), (5, 4), (5, 5), (5, 6), (6, 5)]
2678,4,4,4,5,[(4, 7), (4, 8), (5, 5), (5, 6), (5, 7), (6, 6)]
2679,4,4,4,6,[(4, 8), (4, 9), (5, 6), (5, 7), (5, 8), (6, 7)]
2680,4,4,4,7,[(4, 9), (4, 10), (5, 7), (5, 8), (5, 9), (6, 8)]
2681,4,4,4,8,[(4, 10), (4, 11), (5, 8), (5, 9), (5, 10), (6, 9)]
2682,4,4,4,9,[(4, 11), (4, 12), (5, 9), (5, 10), (5, 11), (6, 10)]
2683,4,4,4,10,[(4, 12), (4, 13), (5, 10), (5, 11), (5, 12), (6, 11)]
2684,4,4,4,11,[(4, 13), (4, 14), (5, 11), (5, 12), (5, 13), (6, 12)]
2685,4,4,4,12,[(4, 14), (4, 15), (5, 12), (5, 13), (5, 14), (6, 13)]
2686,4,4,4,13,[(4, 15), (4, 16), (5, 13), (5, 14), (5, 15), (6, 14)]
2687,4,4,5,0,[(5, 2), (5, 3), (6, 0), (6, 1), (6, 2), (7, 1)]
2688,4,4,5,1,[(5, 3), (5, 4), (6, 1), (6, 2), (6, 3), (7, 2)]
2689,4,4,5,2,[(5, 4), (5, 5), (6, 2), (6, 3), (6, 4), (7, 3)]
2690,4,4,5,3,[(5, 5), (5, 6), (6, 3), (6, 4), (6, 5), (7, 4)]
2691,4,4,5,4,[(5, 6), (5, 7), (6, 4), (6, 5), (6, 6), (7, 5)]
2692,4,4,5,5,[(5, 7), (5, 8), (6, 5), (6, 6), (6, 7), (7, 6)]
2693,4,4,5,6,[(5, 8), (5, 9), (6, 6), (6, 7), (6, 8), (7, 7)]
2694,4,4,5,7,[(5, 9), (5, 10), (6, 7), (6, 8), (6, 9), (7, 8)]
2695,4,4,5,8,[(5, 10), (5, 11), (6, 8), (6, 9), (6, 10), (7, 9)]
2696,4,4,5,9,[(5, 11), (5, 12), (6, 9), (6, 10), (6, 11), (7, 10)]
2697,4,4,5,10,[(5, 12), (5, 13), (6, 10), (6, 11), (6, 12), (7, 11)]
2698,4,4,5,11,[(5, 13), (5, 14), (6, 11), (6, 12), (6, 13), (7, 12)]
2699,4,4,5,12,[(5, 14), (5, 15), (6, 12), (6, 13), (6, 14), (7, 13)]
2700,4,4,5,13,[(5, 15), (5, 16), (6, 13), (6, 14), (6, 15), (7, 14)]
2701,4,4,6,0,[(6, 2), (6, 3), (7, 0), (7, 1), (7, 2), (8, 1)]
2702,4,4,6,1,[(6, 3), (6, 4), (7, 1), (7, 2), (7, 3), (8, 2)]
2703,4,4,6,2,[(6, 4), (6, 5), (7, 2), (7, 3), (7, 4), (8, 3)]
2704,4,4,6,3,[(6, 5), (6, 6), (7, 3), (7, 4), (7, 5), (8, 4)]
2705,4,4,6,4,[(6, 6), (6, 7), (7, 4), (7, 5), (7, 6), (8, 5)]
2706,4,4,6,5,[(6, 7), (6, 8), (7, 5), (7, 6), (7, 7), (8, 6)]
2707,4,4,6,6,[(6, 8), (6, 9), (7, 6), (7, 7), (7, 8), (8, 7)]
2708,4,4,6,7,[(6, 9), (6, 10), (7, 7), (7, 8), (7, 9), (8, 8)]
2709,4,4,6,8,[(6, 10), (6, 11), (7, 8), (7, 9), (7, 10), (8, 9)]
2710,4,4,6,9,[(6, 11), (6, 12), (7, 9), (7, 10), (7, 11), (8, 10)]
2711,4,4,6,10,[(6, 12), (6, 13), (7, 10), (7, 11), (7, 12), (8, 11)]
2712,4,4,6,11,[(6, 13), (6, 14), (7, 11), (7, 12), (7, 13), (8, 12)]
2713,4,4,6,12,[(6, 14), (6, 15), (7, 12), (7, 13), (7, 14), (8, 13)]
2714,4,4,6,13,[(6, 15), (6, 16), (7, 13), (7, 14), (7, 15), (8, 14)]
2715,4,5,0,0,[(0, 2), (1, 1), (1, 2), (1, 3), (2, 0), (2, 1)]
2716,4,5,0,1,[(0, 3), (1, 2), (1, 3), (1, 4), (2, 1), (2, 2)]
2717,4,5,0,2,[(0, 4), (1, 3), (1, 4), (1, 5), (2, 2), (2, 3)]
2718,4,5,0,3,[(0, 5), (1, 4), (1, 5), (1, 6), (2, 3), (2, 4)]
2719,4,5,0,4,[(0, 6), (1, 5), (1, 6), (1, 7), (2, 4), (2, 5)]
2720,4,5,0,5,[(0, 7), (1, 6), (1, 7), (1, 8), (2, 5), (2, 6)]
2721,4,5,0,6,[(0, 8), (1, 7), (1, 8), (1, 9), (2, 6), (2, 7)]
2722,4,5,0,7,[(0, 9), (1, 8), (1, 9), (1, 10), (2, 7), (2, 8)]
2723,4,5,0,8,[(0, 10), (1, 9), (1, 10), (1, 11), (2, 8), (2, 9)]
2724,4,5,0,9,[(0, 11), (1, 10), (1, 11), (1, 12), (2, 9), (2, 10)]
2725,4,5,0,10,[(0, 12), (1, 11), (1, 12), (1, 13), (2, 10), (2, 11)]
2726,4,5,0,11,[(0, 13), (1, 12), (1, 13), (1, 14), (2, 11), (2, 12)]
2727,4,5,0,12,[(0, 14), (1, 13), (1, 14), (1, 15), (2, 12), (2, 13)]
2728,4,5,0,13,[(0, 15), (1, 14), (1, 15), (1, 16), (2, 13), (2, 14)]
2729,4,5,1,0,[(1, 2), (2, 1), (2, 2), (2, 3), (3, 0), (3, 1)]
2730,4,5,1,1,[(1, 3), (2, 2), (2, 3), (2, 4), (3, 1), (3, 2)]
2731,4,5,1,2,[(1, 4), (2, 3), (2, 4), (2, 5), (3, 2), (3, 3)]
2732,4,5,1,3,[(1, 5), (2, 4), (2, 5), (2, 6), (3, 3), (3, 4)]
2733,4,5,1,4,[(1, 6), (2, 5), (2, 6), (2, 7), (3, 4), (3, 5)]
2734,4,5,1,5,[(1, 7), (2, 6), (2, 7), (2, 8), (3, 5), (3, 6)]
2735,4,5,1,6,[(1, 8), (2, 7), (2, 8), (2, 9), (3, 6), (3, 7)]
2736,4,5,1,7,[(1, 9), (2, 8), (2, 9), (2, 10), (3, 7), (3, 8)]
2737,4,5,1,8,[(1, 10), (2, 9), (2, 10), (2, 11), (3, 8), (3, 9)]
2738,4,5,1,9,[(1, 11), (2, 10), (2, 11), (2, 12), (3, 9), (3, 10)]
2739,4,5,1,10,[(1, 12), (2, 11), (2, 12), (2, 13), (3, 10), (3, 11)]
2740,4,5,1,11,[(1, 13), (2, 12), (2, 13), (2, 14), (3, 11), (3, 12)]
2741,4,5,1,12,[(1, 14), (2, 13), (2, 14), (2, 15), (3, 12), (3, 13)]
2742,4,5,1,13,[(1, 15), (2, 14), (2, 15), (2, 16), (3, 13), (3, 14)]
2743,4,5,2,0,[(2, 2), (3, 1), (3, 2), (3, 3), (4, 0), (4, 1)]
2744,4,5,2,1,[(2, 3), (3, 2), (3, 3), (3, 4), (4, 1), (4, 2)]
2745,4,5,2,2,[(2, 4), (3, 3), (3, 4), (3, 5), (4, 2), (4, 3)]
2746,4,5,2,3,[(2, 5), (3, 4), (3, 5), (3, 6), (4, 3), (4, 4)]
2747,4,5,2,4,[(2, 6), (3, 5), (3, 6), (3, 7), (4, 4), (4, 5)]
2748,4,5,2,5,[(2, 7), (3, 6), (3, 7), (3, 8), (4, 5), (4, 6)]
2749,4,5,2,6,[(2, 8), (3, 7), (3, 8), (3, 9), (4, 6), (4, 7)]
2750,4,5,2,7,[(2, 9), (3, 8), (3, 9), (3, 10), (4, 7), (4, 8)]
2751,4,5,2,8,[(2, 10), (3, 9), (3, 10), (3, 11), (4, 8), (4, 9)]
2752,4,5,2,9,[(2, 11), (3, 10), (3, 11), (3, 12), (4, 9), (4, 10)]
2753,4,5,2,10,[(2, 12), (3, 11), (3, 12), (3, 13), (4, 10), (4, 11)]
2754,4,5,2,11,[(2, 13), (3, 12), (3, 13), (3, 14), (4, 11), (4, 12)]
2755,4,5,2,12,[(2, 14), (3, 13), (3, 14), (3, 15), (4, 12), (4, 13)]
2756,4,5,2,13,[(2, 15), (3, 14), (3, 15), (3, 16), (4, 13), (4, 14)]
2757,4,5,3,0,[(3, 2), (4, 1), (4, 2), (4, 3), (5, 0), (5, 1)]
2758,4,5,3,1,[(3, 3), (4, 2), (4, 3), (4, 4), (5, 1), (5, 2)]
2759,4,5,3,2,[(3, 4), (4, 3), (4, 4), (4, 5), (5, 2), (5, 3)]
2760,4,5,3,3,[(3, 5), (4, 4), (4, 5), (4, 6), (5, 3), (5, 4)]
2761,4,5,3,4,[(3, 6), (4, 5), (4, 6), (4, 7), (5, 4), (5, 5)]
2762,4,5,3,5,[(3, 7), (4, 6), (4, 7), (4, 8), (5, 5), (5, 6)]
2763,4,5,3,6,[(3, 8), (4, 7), (4, 8), (4, 9), (5, 6), (5, 7)]
2764,4,5,3,7,[(3, 9), (4, 8), (4, 9), (4, 10), (5, 7), (5, 8)]
2765,4,5,3,8,[(3, 10), (4, 9), (4, 10), (4, 11), (5, 8), (5, 9)]
2766,4,5,3,9,[(3, 11), (4, 10), (4, 11), (4, 12), (5, 9), (5, 10)]
2767,4,5,3,10,[(3, 12), (4, 11), (4, 12), (4, 13), (5, 10), (5, 11)]
2768,4,5,3,11,[(3, 13), (4, 12), (4, 13), (4, 14), (5, 11), (5, 12)]
2769,4,5,3,12,[(3, 14), (4, 13), (4, 14), (4, 15), (5, 12), (5, 13)]
2770,4,5,3,13,[(3, 15), (4, 14), (4, 15), (4, 16), (5, 13), (5, 14)]
2771,4,5,4,0,[(4, 2), (5, 1), (5, 2), (5, 3), (6, 0), (6, 1)]
2772,4,5,4,1,[(4, 3), (5, 2), (5, 3), (5, 4), (6, 1), (6, 2)]
2773,4,5,4,2,[(4, 4), (5, 3), (5, 4), (5, 5), (6, 2), (6, 3)]
2774,4,5,4,3,[(4, 5), (5, 4), (5, 5), (5, 6), (6, 3), (6, 4)]
2775,4,5,4,4,[(4, 6), (5, 5), (5, 6), (5, 7), (6, 4), (6, 5)]
2776,4,5,4,5,[(4, 7), (5, 6), (5, 7), (5, 8), (6, 5), (6, 6)]
2777,4,5,4,6,[(4, 8), (5, 7), (5, 8), (5, 9), (6, 6), (6, 7)]
2778,4,5,4,7,[(4, 9), (5, 8), (5, 9), (5, 10), (6, 7), (6, 8)]
2779,4,5,4,8,[(4, 10), (5, 9), (5, 10), (5, 11), (6, 8), (6, 9)]
2780,4,5,4,9,[(4, 11), (5, 10), (5, 11), (5, 12), (6, 9), (6, 10)]
2781,4,5,4,10,[(4, 12), (5, 11), (5, 12), (5, 13), (6, 10), (6, 11)]
2782,4,5,4,11,[(4, 13), (5, 12), (5, 13), (5, 14), (6, 11), (6, 12)]
2783,4,5,4,12,[(4, 14), (5, 13), (5, 14), (5, 15), (6, 12), (6, 13)]
2784,4,5,4,13,[(4, 15), (5, 14), (5, 15), (5, 16), (6, 13), (6, 14)]
2785,4,5,5,0,[(5, 2), (6, 1), (6, 2), (6, 3), (7, 0), (7, 1)]
2786,4,5,5,1,[(5, 3), (6, 2), (6, 3), (6, 4), (7, 1), (7, 2)]
2787,4,5,5,2,[(5, 4), (6, 3), (6, 4), (6, 5), (7, 2), (7, 3)]
2788,4,5,5,3,[(5, 5), (6, 4), (6, 5), (6, 6), (7, 3), (7, 4)]
2789,4,5,5,4,[(5, 6), (6, 5), (6, 6), (6, 7), (7, 4), (7, 5)]
2790,4,5,5,5,[(5, 7), (6, 6), (6, 7), (6, 8), (7, 5), (7, 6)]
2791,4,5,5,6,[(5, 8), (6, 7), (6, 8), (6, 9), (7, 6), (7, 7)]
2792,4,5,5,7,[(5, 9), (6, 8), (6, 9), (6, 10), (7, 7), (7, 8)]
2793,4,5,5,8,[(5, 10), (6, 9), (6, 10), (6, 11), (7, 8), (7, 9)]
2794,4,5,5,9,[(5, 11), (6, 10), (6, 11), (6, 12), (7, 9), (7, 10)]
2795,4,5,5,10,[(5, 12), (6, 11), (6, 12), (6, 13), (7, 10), (7, 11)]
2796,4,5,5,11,[(5, 13), (6, 12), (6, 13), (6, 14), (7, 11), (7, 12)]
2797,4,5,5,12,[(5, 14), (6, 13), (6, 14), (6, 15), (7, 12), (7, 13)]
2798,4,5,5,13,[(5, 15), (6, 14), (6, 15), (6, 16), (7, 13), (7, 14)]
2799,4,5,6,0,[(6, 2), (7, 1), (7, 2), (7, 3), (8, 0), (8, 1)]
2800,4,5,6,1,[(6, 3), (7, 2), (7, 3), (7, 4), (8, 1), (8, 2)]
2801,4,5,6,2,[(6, 4), (7, 3), (7, 4), (7, 5), (8, 2), (8, 3)]
2802,4,5,6,3,[(6, 5), (7, 4), (7, 5), (7, 6), (8, 3), (8, 4)]
2803,4,5,6,4,[(6, 6), (7, 5), (7, 6), (7, 7), (8, 4), (8, 5)]
2804,4,5,6,5,[(6, 7), (7, 6), (7, 7), (7, 8), (8, 5), (8, 6)]
2805,4,5,6,6,[(6, 8), (7, 7), (7, 8), (7, 9), (8, 6), (8, 7)]
2806,4,5,6,7,[(6, 9), (7, 8), (7, 9), (7, 10), (8, 7), (8, 8)]
2807,4,5,6,8,[(6, 10), (7, 9), (7, 10), (7, 11), (8, 8), (8, 9)]
2808,4,5,6,9,[(6, 11), (7, 10), (7, 11), (7, 12), (8, 9), (8, 10)]
2809,4,5,6,10,[(6, 12), (7, 11), (7, 12), (7, 13), (8, 10), (8, 11)]
2810,4,5,6,11,[(6, 13), (7, 12), (7, 13), (7, 14), (8, 11), (8, 12)]
2811,4,5,6,12,[(6, 14), (7, 13), (7, 14), (7, 15), (8, 12), (8, 13)]
2812,4,5,6,13,[(6, 15), (7, 14), (7, 15), (7, 16), (8, 13), (8, 14)]
2813,4,6,0,0,[(0, 2), (1, 1), (1, 2), (2, 0), (2, 1), (3, 1)]
2814,4,6,0,1,[(0, 3), (1, 2), (1, 3), (2, 1), (2, 2), (3, 2)]
2815,4,6,0,2,[(0, 4), (1, 3), (1, 4), (2, 2), (2, 3), (3, 3)]
2816,4,6,0,3,[(0, 5), (1, 4), (1, 5), (2, 3), (2, 4), (3, 4)]
2817,4,6,0,4,[(0, 6), (1, 5), (1, 6), (2, 4), (2, 5), (3, 5)]
2818,4,6,0,5,[(0, 7), (1, 6), (1, 7), (2, 5), (2, 6), (3, 6)]
2819,4,6,0,6,[(0, 8), (1, 7), (1, 8), (2, 6), (2, 7), (3, 7)]
2820,4,6,0,7,[(0, 9), (1, 8), (1, 9), (2, 7), (2, 8), (3, 8)]
2821,4,6,0,8,[(0, 10), (1, 9), (1, 10), (2, 8), (2, 9), (3, 9)]
2822,4,6,0,9,[(0, 11), (1, 10), (1, 11), (2, 9), (2, 10), (3, 10)]
2823,4,6,0,10,[(0, 12), (1, 11), (1, 12), (2, 10), (2, 11), (3, 11)]
2824,4,6,0,11,[(0, 13), (1, 12), (1, 13), (2, 11), (2, 12), (3, 12)]
2825,4,6,0,12,[(0, 14), (1, 13), (1, 14), (2, 12), (2, 13), (3, 13)]
2826,4,6,0,13,[(0, 15), (1, 14), (1, 15), (2, 13), (2, 14), (3, 14)]
2827,4,6,0,14,[(0, 16), (1, 15), (1, 16), (2, 14), (2, 15), (3, 15)]
2828,4,6,1,0,[(1, 2), (2, 1), (2, 2), (3, 0), (3, 1), (4, 1)]
2829,4,6,1,1,[(1, 3), (2, 2), (2, 3), (3, 1), (3, 2), (4, 2)]
2830,4,6,1,2,[(1, 4), (2, 3), (2, 4), (3, 2), (3, 3), (4, 3)]
2831,4,6,1,3,[(1, 5), (2, 4), (2, 5), (3, 3), (3, 4), (4, 4)]
2832,4,6,1,4,[(1, 6), (2, 5), (2, 6), (3, 4), (3, 5), (4, 5)]
2833,4,6,1,5,[(1, 7), (2, 6), (2, 7), (3, 5), (3, 6), (4, 6)]
2834,4,6,1,6,[(1, 8), (2, 7), (2, 8), (3, 6), (3, 7), (4, 7)]
2835,4,6,1,7,[(1, 9), (2, 8), (2, 9), (3, 7), (3, 8), (4, 8)]
2836,4,6,1,8,[(1, 10), (2, 9), (2, 10), (3, 8), (3, 9), (4, 9)]
2837,4,6,1,9,[(1, 11), (2, 10), (2, 11), (3, 9), (3, 10), (4, 10)]
2838,4,6,1,10,[(1, 12), (2, 11), (2, 12), (3, 10), (3, 11), (4, 11)]
2839,4,6,1,11,[(1, 13), (2, 12), (2, 13), (3, 11), (3, 12), (4, 12)]
2840,4,6,1,12,[(1, 14), (2, 13), (2, 14), (3, 12), (3, 13), (4, 13)]
2841,4,6,1,13,[(1, 15), (2, 14), (2, 15), (3, 13), (3, 14), (4, 14)]
2842,4,6,1,14,[(1, 16), (2, 15), (2, 16), (3, 14), (3, 15), (4, 15)]
2843,4,6,2,0,[(2, 2), (3, 1), (3, 2), (4, 0), (4, 1), (5, 1)]
2844,4,6,2,1,[(2, 3), (3, 2), (3, 3), (4, 1), (4, 2), (5, 2)]
2845,4,6,2,2,[(2, 4), (3, 3), (3, 4), (4, 2), (4, 3), (5, 3)]
2846,4,6,2,3,[(2, 5), (3, 4), (3, 5), (4, 3), (4, 4), (5, 4)]
2847,4,6,2,4,[(2, 6), (3, 5), (3, 6), (4, 4), (4, 5), (5, 5)]
2848,4,6,2,5,[(2, 7), (3, 6), (3, 7), (4, 5), (4, 6), (5, 6)]
2849,4,6,2,6,[(2, 8), (3, 7), (3, 8), (4, 6), (4, 7), (5, 7)]
2850,4,6,2,7,[(2, 9), (3, 8), (3, 9), (4, 7), (4, 8), (5, 8)]
2851,4,6,2,8,[(2, 10), (3, 9), (3, 10), (4, 8), (4, 9), (5, 9)]
2852,4,6,2,9,[(2, 11), (3, 10), (3, 11), (4, 9), (4, 10), (5, 10)]
2853,4,6,2,10,[(2, 12), (3, 11), (3, 12), (4, 10), (4, 11), (5, 11)]
2854,4,6,2,11,[(2, 13), (3, 12), (3, 13), (4, 11), (4, 12), (5, 12)]
2855,4,6,2,12,[(2, 14), (3, 13), (3, 14), (4, 12), (4, 13), (5, 13)]
2856,4,6,2,13,[(2, 15), (3, 14), (3, 15), (4, 13), (4, 14), (5, 14)]
2857,4,6,2,14,[(2, 16), (3, 15), (3, 16), (4, 14), (4, 15), (5, 15)]
2858,4,6,3,0,[(3, 2), (4, 1), (4, 2), (5, 0), (5, 1), (6, 1)]
2859,4,6,3,1,[(3, 3), (4, 2), (4, 3), (5, 1), (5, 2), (6, 2)]
2860,4,6,3,2,[(3, 4), (4, 3), (4, 4), (5, 2), (5, 3), (6, 3)]
2861,4,6,3,3,[(3, 5), (4, 4), (4, 5), (5, 3), (5, 4), (6, 4)]
2862,4,6,3,4,[(3, 6), (4, 5), (4, 6), (5, 4), (5, 5), (6, 5)]
2863,4,6,3,5,[(3, 7), (4, 6), (4, 7), (5, 5), (5, 6), (6, 6)]
2864,4,6,3,6,[(3, 8), (4, 7), (4, 8), (5, 6), (5, 7), (6, 7)]
2865,4,6,3,7,[(3, 9), (4, 8), (4, 9), (5, 7), (5, 8), (6, 8)]
2866,4,6,3,8,[(3, 10), (4, 9), (4, 10), (5, 8), (5, 9), (6, 9)]
2867,4,6,3,9,[(3, 11), (4, 10), (4, 11), (5, 9), (5, 10), (6, 10)]
2868,4,6,3,10,[(3, 12), (4, 11), (4, 12), (5, 10), (5, 11), (6, 11)]
2869,4,6,3,11,[(3, 13), (4, 12), (4, 13), (5, 11), (5, 12), (6, 12)]
2870,4,6,3,12,[(3, 14), (4, 13), (4, 14), (5, 12), (5, 13), (6, 13)]
2871,4,6,3,13,[(3, 15), (4, 14), (4, 15), (5, 13), (5, 14), (6, 14)]
2872,4,6,3,14,[(3, 16), (4, 15), (4, 16), (5, 14), (5, 15), (6, 15)]
2873,4,6,4,0,[(4, 2), (5, 1), (5, 2), (6, 0), (6, 1), (7, 1)]
2874,4,6,4,1,[(4, 3), (5, 2), (5, 3), (6, 1), (6, 2), (7, 2)]
2875,4,6,4,2,[(4, 4), (5, 3), (5, 4), (6, 2), (6, 3), (7, 3)]
2876,4,6,4,3,[(4, 5), (5, 4), (5, 5), (6, 3), (6, 4), (7, 4)]
2877,4,6,4,4,[(4, 6), (5, 5), (5, 6), (6, 4), (6, 5), (7, 5)]
2878,4,6,4,5,[(4, 7), (5, 6), (5, 7), (6, 5), (6, 6), (7, 6)]
2879,4,6,4,6,[(4, 8), (5, 7), (5, 8), (6, 6), (6, 7), (7, 7)]
2880,4,6,4,7,[(4, 9), (5, 8), (5, 9), (6, 7), (6, 8), (7, 8)]
2881,4,6,4,8,[(4, 10), (5, 9), (5, 10), (6, 8), (6, 9), (7, 9)]
2882,4,6,4,9,[(4, 11), (5, 10), (5, 11), (6, 9), (6, 10), (7, 10)]
2883,4,6,4,10,[(4, 12), (5, 11), (5, 12), (6, 10), (6, 11), (7, 11)]
2884,4,6,4,11,[(4, 13), (5, 12), (5, 13), (6, 11), (6, 12), (7, 12)]
2885,4,6,4,12,[(4, 14), (5, 13), (5, 14), (6, 12), (6, 13), (7, 13)]
2886,4,6,4,13,[(4, 15), (5, 14), (5, 15), (6, 13), (6, 14), (7, 14)]
2887,4,6,4,14,[(4, 16), (5, 15), (5, 16), (6, 14), (6, 15), (7, 15)]
2888,4,6,5,0,[(5, 2), (6, 1), (6, 2), (7, 0), (7, 1), (8, 1)]
2889,4,6,5,1,[(5, 3), (6, 2), (6, 3), (7, 1), (7, 2), (8, 2)]
2890,4,6,5,2,[(5, 4), (6, 3), (6, 4), (7, 2), (7, 3), (8, 3)]
2891,4,6,5,3,[(5, 5), (6, 4), (6, 5), (7, 3), (7, 4), (8, 4)]
2892,4,6,5,4,[(5, 6), (6, 5), (6, 6), (7, 4), (7, 5), (8, 5)]
2893,4,6,5,5,[(5, 7), (6, 6), (6, 7), (7, 5), (7, 6), (8, 6)]
2894,4,6,5,6,[(5, 8), (6, 7), (6, 8), (7, 6), (7, 7), (8, 7)]
2895,4,6,5,7,[(5, 9), (6, 8), (6, 9), (7, 7), (7, 8), (8, 8)]
2896,4,6,5,8,[(5, 10), (6, 9), (6, 10), (7, 8), (7, 9), (8, 9)]
2897,4,6,5,9,[(5, 11), (6, 10), (6, 11), (7, 9), (7, 10), (8, 10)]
2898,4,6,5,10,[(5, 12), (6, 11), (6, 12), (7, 10), (7, 11), (8, 11)]
2899,4,6,5,11,[(5, 13), (6, 12), (6, 13), (7, 11), (7, 12), (8, 12)]
2900,4,6,5,12,[(5, 14), (6, 13), (6, 14), (7, 12), (7, 13), (8, 13)]
2901,4,6,5,13,[(5, 15), (6, 14), (6, 15), (7, 13), (7, 14), (8, 14)]
2902,4,6,5,14,[(5, 16), (6, 15), (6, 16), (7, 14), (7, 15), (8, 15)]
2903,4,7,0,0,[(0, 1), (1, 0), (1, 1), (1, 2), (2, 2), (2, 3)]
2904,4,7,0,1,[(0, 2), (1, 1), (1, 2), (1, 3), (2, 3), (2, 4)]
2905,4,7,0,2,[(0, 3), (1, 2), (1, 3), (1, 4), (2, 4), (2, 5)]
2906,4,7,0,3,[(0, 4), (1, 3), (1, 4), (1, 5), (2, 5), (2, 6)]
2907,4,7,0,4,[(0, 5), (1, 4), (1, 5), (1, 6), (2, 6), (2, 7)]
2908,4,7,0,5,[(0, 6), (1, 5), (1, 6), (1, 7), (2, 7), (2, 8)]
2909,4,7,0,6,[(0, 7), (1, 6), (1, 7), (1, 8), (2, 8), (2, 9)]
2910,4,7,0,7,[(0, 8), (1, 7), (1, 8), (1, 9), (2, 9), (2, 10)]
2911,4,7,0,8,[(0, 9), (1, 8), (1, 9), (1, 10), (2, 10), (2, 11)]
2912,4,7,0,9,[(0, 10), (1, 9), (1, 10), (1, 11), (2, 11), (2, 12)]
2913,4,7,0,10,[(0, 11), (1, 10), (1, 11), (1, 12), (2, 12), (2, 13)]
2914,4,7,0,11,[(0, 12), (1, 11), (1, 12), (1, 13), (2, 13), (2, 14)]
2915,4,7,0,12,[(0, 13), (1, 12), (1, 13), (1, 14), (2, 14), (2, 15)]
2916,4,7,0,13,[(0, 14), (1, 13), (1, 14), (1, 15), (2, 15), (2, 16)]
2917,4,7,1,0,[(1, 1), (2, 0), (2, 1), (2, 2), (3, 2), (3, 3)]
2918,4,7,1,1,[(1, 2), (2, 1), (2, 2), (2, 3), (3, 3), (3, 4)]
2919,4,7,1,2,[(1, 3), (2, 2), (2, 3), (2, 4), (3, 4), (3, 5)]
2920,4,7,1,3,[(1, 4), (2, 3), (2, 4), (2, 5), (3, 5), (3, 6)]
2921,4,7,1,4,[(1, 5), (2, 4), (2, 5), (2, 6), (3, 6), (3, 7)]
2922,4,7,1,5,[(1, 6), (2, 5), (2, 6), (2, 7), (3, 7), (3, 8)]
2923,4,7,1,6,[(1, 7), (2, 6), (2, 7), (2, 8), (3, 8), (3, 9)]
2924,4,7,1,7,[(1, 8), (2, 7), (2, 8), (2, 9), (3, 9), (3, 10)]
2925,4,7,1,8,[(1, 9), (2, 8), (2, 9), (2, 10), (3, 10), (3, 11)]
2926,4,7,1,9,[(1, 10), (2, 9), (2, 10), (2, 11), (3, 11), (3, 12)]
2927,4,7,1,10,[(1, 11), (2, 10), (2, 11), (2, 12), (3, 12), (3, 13)]
2928,4,7,1,11,[(1, 12), (2, 11), (2, 12), (2, 13), (3, 13), (3, 14)]
2929,4,7,1,12,[(1, 13), (2, 12), (2, 13), (2, 14), (3, 14), (3, 15)]
2930,4,7,1,13,[(1, 14), (2, 13), (2, 14), (2, 15), (3, 15), (3, 16)]
2931,4,7,2,0,[(2, 1), (3, 0), (3, 1), (3, 2), (4, 2), (4, 3)]
2932,4,7,2,1,[(2, 2), (3, 1), (3, 2), (3, 3), (4, 3), (4, 4)]
2933,4,7,2,2,[(2, 3), (3, 2), (3, 3), (3, 4), (4, 4), (4, 5)]
2934,4,7,2,3,[(2, 4), (3, 3), (3, 4), (3, 5), (4, 5), (4, 6)]
2935,4,7,2,4,[(2, 5), (3, 4), (3, 5), (3, 6), (4, 6), (4, 7)]
2936,4,7,2,5,[(2, 6), (3, 5), (3, 6), (3, 7), (4, 7), (4, 8)]
2937,4,7,2,6,[(2, 7), (3, 6), (3, 7), (3, 8), (4, 8), (4, 9)]
2938,4,7,2,7,[(2, 8), (3, 7), (3, 8), (3, 9), (4, 9), (4, 10)]
2939,4,7,2,8,[(2, 9), (3, 8), (3, 9), (3, 10), (4, 10), (4, 11)]
2940,4,7,2,9,[(2, 10), (3, 9), (3, 10), (3, 11), (4, 11), (4, 12)]
2941,4,7,2,10,[(2, 11), (3, 10), (3, 11), (3, 12), (4, 12), (4, 13)]
2942,4,7,2,11,[(2, 12), (3, 11), (3, 12), (3, 13), (4, 13), (4, 14)]
2943,4,7,2,12,[(2, 13), (3, 12), (3, 13), (3, 14), (4, 14), (4, 15)]
2944,4,7,2,13,[(2, 14), (3, 13), (3, 14), (3, 15), (4, 15), (4, 16)]
2945,4,7,3,0,[(3, 1), (4, 0), (4, 1), (4, 2), (5, 2), (5, 3)]
2946,4,7,3,1,[(3, 2), (4, 1), (4, 2), (4, 3), (5, 3), (5, 4)]
2947,4,7,3,2,[(3, 3), (4, 2), (4, 3), (4, 4), (5, 4), (5, 5)]
2948,4,7,3,3,[(3, 4), (4, 3), (4, 4), (4, 5), (5, 5), (5, 6)]
2949,4,7,3,4,[(3, 5), (4, 4), (4, 5), (4, 6), (5, 6), (5, 7)]
2950,4,7,3,5,[(3, 6), (4, 5), (4, 6), (4, 7), (5, 7), (5, 8)]
2951,4,7,3,6,[(3, 7), (4, 6), (4, 7), (4, 8), (5, 8), (5, 9)]
2952,4,7,3,7,[(3, 8), (4, 7), (4, 8), (4, 9), (5, 9), (5, 10)]
2953,4,7,3,8,[(3, 9), (4, 8), (4, 9), (4, 10), (5, 10), (5, 11)]
2954,4,7,3,9,[(3, 10), (4, 9), (4, 10), (4, 11), (5, 11), (5, 12)]
2955,4,7,3,10,[(3, 11), (4, 10), (4, 11), (4, 12), (5, 12), (5, 13)]
2956,4,7,3,11,[(3, 12), (4, 11), (4, 12), (4, 13), (5, 13), (5, 14)]
2957,4,7,3,12,[(3, 13), (4, 12), (4, 13), (4, 14), (5, 14), (5, 15)]
2958,4,7,3,13,[(3, 14), (4, 13), (4, 14), (4, 15), (5, 15), (5, 16)]
2959,4,7,4,0,[(4, 1), (5, 0), (5, 1), (5, 2), (6, 2), (6, 3)]
2960,4,7,4,1,[(4, 2), (5, 1), (5, 2), (5, 3), (6, 3), (6, 4)]
2961,4,7,4,2,[(4, 3), (5, 2), (5, 3), (5, 4), (6, 4), (6, 5)]
2962,4,7,4,3,[(4, 4), (5, 3), (5, 4), (5, 5), (6, 5), (6, 6)]
2963,4,7,4,4,[(4, 5), (5, 4), (5, 5), (5, 6), (6, 6), (6, 7)]
2964,4,7,4,5,[(4, 6), (5, 5), (5, 6), (5, 7), (6, 7), (6, 8)]
2965,4,7,4,6,[(4, 7), (5, 6), (5, 7), (5, 8), (6, 8), (6, 9)]
2966,4,7,4,7,[(4, 8), (5, 7), (5, 8), (5, 9), (6, 9), (6, 10)]
2967,4,7,4,8,[(4, 9), (5, 8), (5, 9), (5, 10), (6, 10), (6, 11)]
2968,4,7,4,9,[(4, 10), (5, 9), (5, 10), (5, 11), (6, 11), (6, 12)]
2969,4,7,4,10,[(4, 11), (5, 10), (5, 11), (5, 12), (6, 12), (6, 13)]
2970,4,7,4,11,[(4, 12), (5, 11), (5, 12), (5, 13), (6, 13), (6, 14)]
2971,4,7,4,12,[(4, 13), (5, 12), (5, 13), (5, 14), (6, 14), (6, 15)]
2972,4,7,4,13,[(4, 14), (5, 13), (5, 14), (5, 15), (6, 15), (6, 16)]
2973,4,7,5,0,[(5, 1), (6, 0), (6, 1), (6, 2), (7, 2), (7, 3)]
2974,4,7,5,1,[(5, 2), (6, 1), (6, 2), (6, 3), (7, 3), (7, 4)]
2975,4,7,5,2,[(5, 3), (6, 2), (6, 3), (6, 4), (7, 4), (7, 5)]
2976,4,7,5,3,[(5, 4), (6, 3), (6, 4), (6, 5), (7, 5), (7, 6)]
2977,4,7,5,4,[(5, 5), (6, 4), (6, 5), (6, 6), (7, 6), (7, 7)]
2978,4,7,5,5,[(5, 6), (6, 5), (6, 6), (6, 7), (7, 7), (7, 8)]
2979,4,7,5,6,[(5, 7), (6, 6), (6, 7), (6, 8), (7, 8), (7, 9)]
2980,4,7,5,7,[(5, 8), (6, 7), (6, 8), (6, 9), (7, 9), (7, 10)]
2981,4,7,5,8,[(5, 9), (6, 8), (6, 9), (6, 10), (7, 10), (7, 11)]
2982,4,7,5,9,[(5, 10), (6, 9), (6, 10), (6, 11), (7, 11), (7, 12)]
2983,4,7,5,10,[(5, 11), (6, 10), (6, 11), (6, 12), (7, 12), (7, 13)]
2984,4,7,5,11,[(5, 12), (6, 11), (6, 12), (6, 13), (7, 13), (7, 14)]
2985,4,7,5,12,[(5, 13), (6, 12), (6, 13), (6, 14), (7, 14), (7, 15)]
2986,4,7,5,13,[(5, 14), (6, 13), (6, 14), (6, 15), (7, 15), (7, 16)]
2987,4,7,6,0,[(6, 1), (7, 0), (7, 1), (7, 2), (8, 2), (8, 3)]
2988,4,7,6,1,[(6, 2), (7, 1), (7, 2), (7, 3), (8, 3), (8, 4)]
2989,4,7,6,2,[(6, 3), (7, 2), (7, 3), (7, 4), (8, 4), (8, 5)]
2990,4,7,6,3,[(6, 4), (7, 3), (7, 4), (7, 5), (8, 5), (8, 6)]
2991,4,7,6,4,[(6, 5), (7, 4), (7, 5), (7, 6), (8, 6), (8, 7)]
2992,4,7,6,5,[(6, 6), (7, 5), (7, 6), (7, 7), (8, 7), (8, 8)]
2993,4,7,6,6,[(6, 7), (7, 6), (7, 7), (7, 8), (8, 8), (8, 9)]
2994,4,7,6,7,[(6, 8), (7, 7), (7, 8), (7, 9), (8, 9), (8, 10)]
2995,4,7,6,8,[(6, 9), (7, 8), (7, 9), (7, 10), (8, 10), (8, 11)]
2996,4,7,6,9,[(6, 10), (7, 9), (7, 10), (7, 11), (8, 11), (8, 12)]
2997,4,7,6,10,[(6, 11), (7, 10), (7, 11), (7, 12), (8, 12), (8, 13)]
2998,4,7,6,11,[(6, 12), (7, 11), (7, 12), (7, 13), (8, 13), (8, 14)]
2999,4,7,6,12,[(6, 13), (7, 12), (7, 13), (7, 14), (8, 14), (8, 15)]
3000,4,7,6,13,[(6, 14), (7, 13), (7, 14), (7, 15), (8, 15), (8, 16)]
3001,5,0,0,0,[(0, 2), (1, 1), (1, 2), (2, 0), (2, 1), (3, 0)]
3002,5,0,0,1,[(0, 3), (1, 2), (1, 3), (2, 1), (2, 2), (3, 1)]
3003,5,0,0,2,[(0, 4), (1, 3), (1, 4), (2, 2), (2, 3), (3, 2)]
3004,5,0,0,3,[(0, 5), (1, 4), (1, 5), (2, 3), (2, 4), (3, 3)]
3005,5,0,0,4,[(0, 6), (1, 5), (1, 6), (2, 4), (2, 5), (3, 4)]
3006,5,0,0,5,[(0, 7), (1, 6), (1, 7), (2, 5), (2, 6), (3, 5)]
3007,5,0,0,6,[(0, 8), (1, 7), (1, 8), (2, 6), (2, 7), (3, 6)]
3008,5,0,0,7,[(0, 9), (1, 8), (1, 9), (2, 7), (2, 8), (3, 7)]
3009,5,0,0,8,[(0, 10), (1, 9), (1, 10), (2, 8), (2, 9), (3, 8)]
3010,5,0,0,9,[(0, 11), (1, 10), (1, 11), (2, 9), (2, 10), (3, 9)]
3011,5,0,0,10,[(0, 12), (1, 11), (1, 12), (2, 10), (2, 11), (3, 10)]
3012,5,0,0,11,[(0, 13), (1, 12), (1, 13), (2, 11), (2, 12), (3, 11)]
3013,5,0,0,12,[(0, 14), (1, 13), (1, 14), (2, 12), (2, 13), (3, 12)]
3014,5,0,0,13,[(0, 15), (1, 14), (1, 15), (2, 13), (2, 14), (3, 13)]
3015,5,0,0,14,[(0, 16), (1, 15), (1, 16), (2, 14), (2, 15), (3, 14)]
3016,5,0,1,0,[(1, 2), (2, 1), (2, 2), (3, 0), (3, 1), (4, 0)]
3017,5,0,1,1,[(1, 3), (2, 2), (2, 3), (3, 1), (3, 2), (4, 1)]
3018,5,0,1,2,[(1, 4), (2, 3), (2, 4), (3, 2), (3, 3), (4, 2)]
3019,5,0,1,3,[(1, 5), (2, 4), (2, 5), (3, 3), (3, 4), (4, 3)]
3020,5,0,1,4,[(1, 6), (2, 5), (2, 6), (3, 4), (3, 5), (4, 4)]
3021,5,0,1,5,[(1, 7), (2, 6), (2, 7), (3, 5), (3, 6), (4, 5)]
3022,5,0,1,6,[(1, 8), (2, 7), (2, 8), (3, 6), (3, 7), (4, 6)]
3023,5,0,1,7,[(1, 9), (2, 8), (2, 9), (3, 7), (3, 8), (4, 7)]
3024,5,0,1,8,[(1, 10), (2, 9), (2, 10), (3, 8), (3, 9), (4, 8)]
3025,5,0,1,9,[(1, 11), (2, 10), (2, 11), (3, 9), (3, 10), (4, 9)]
3026,5,0,1,10,[(1, 12), (2, 11), (2, 12), (3, 10), (3, 11), (4, 10)]
3027,5,0,1,11,[(1, 13), (2, 12), (2, 13), (3, 11), (3, 12), (4, 11)]
3028,5,0,1,12,[(1, 14), (2, 13), (2, 14), (3, 12), (3, 13), (4, 12)]
3029,5,0,1,13,[(1, 15), (2, 14), (2, 15), (3, 13), (3, 14), (4, 13)]
3030,5,0,1,14,[(1, 16), (2, 15), (2, 16), (3, 14), (3, 15), (4, 14)]
3031,5,0,2,0,[(2, 2), (3, 1), (3, 2), (4, 0), (4, 1), (5, 0)]
3032,5,0,2,1,[(2, 3), (3, 2), (3, 3), (4, 1), (4, 2), (5, 1)]
3033,5,0,2,2,[(2, 4), (3, 3), (3, 4), (4, 2), (4, 3), (5, 2)]
3034,5,0,2,3,[(2, 5), (3, 4), (3, 5), (4, 3), (4, 4), (5, 3)]
3035,5,0,2,4,[(2, 6), (3, 5), (3, 6), (4, 4), (4, 5), (5, 4)]
3036,5,0,2,5,[(2, 7), (3, 6), (3, 7), (4, 5), (4, 6), (5, 5)]
3037,5,0,2,6,[(2, 8), (3, 7), (3, 8), (4, 6), (4, 7), (5, 6)]
3038,5,0,2,7,[(2, 9), (3, 8), (3, 9), (4, 7), (4, 8), (5, 7)]
3039,5,0,2,8,[(2, 10), (3, 9), (3, 10), (4, 8), (4, 9), (5, 8)]
3040,5,0,2,9,[(2, 11), (3, 10), (3, 11), (4, 9), (4, 10), (5, 9)]
3041,5,0,2,10,[(2, 12), (3, 11), (3, 12), (4, 10), (4, 11), (5, 10)]
3042,5,0,2,11,[(2, 13), (3, 12), (3, 13), (4, 11), (4, 12), (5, 11)]
3043,5,0,2,12,[(2, 14), (3, 13), (3, 14), (4, 12), (4, 13), (5, 12)]
3044,5,0,2,13,[(2, 15), (3, 14), (3, 15), (4, 13), (4, 14), (5, 13)]
3045,5,0,2,14,[(2, 16), (3, 15), (3, 16), (4, 14), (4, 15), (5, 14)]
3046,5,0,3,0,[(3, 2), (4, 1), (4, 2), (5, 0), (5, 1), (6, 0)]
3047,5,0,3,1,[(3, 3), (4, 2), (4, 3), (5, 1), (5, 2), (6, 1)]
3048,5,0,3,2,[(3, 4), (4, 3), (4, 4), (5, 2), (5, 3), (6, 2)]
3049,5,0,3,3,[(3, 5), (4, 4), (4, 5), (5, 3), (5, 4), (6, 3)]
3050,5,0,3,4,[(3, 6), (4, 5), (4, 6), (5, 4), (5, 5), (6, 4)]
3051,5,0,3,5,[(3, 7), (4, 6), (4, 7), (5, 5), (5, 6), (6, 5)]
3052,5,0,3,6,[(3, 8), (4, 7), (4, 8), (5, 6), (5, 7), (6, 6)]
3053,5,0,3,7,[(3, 9), (4, 8), (4, 9), (5, 7), (5, 8), (6, 7)]
3054,5,0,3,8,[(3, 10), (4, 9), (4, 10), (5, 8), (5, 9), (6, 8)]
3055,5,0,3,9,[(3, 11), (4, 10), (4, 11), (5, 9), (5, 10), (6, 9)]
3056,5,0,3,10,[(3, 12), (4, 11), (4, 12), (5, 10), (5, 11), (6, 10)]
3057,5,0,3,11,[(3, 13), (4, 12), (4, 13), (5, 11), (5, 12), (6, 11)]
3058,5,0,3,12,[(3, 14), (4, 13), (4, 14), (5, 12), (5, 13), (6, 12)]
3059,5,0,3,13,[(3, 15), (4, 14), (4, 15), (5, 13), (5, 14), (6, 13)]
3060,5,0,3,14,[(3, 16), (4, 15), (4, 16), (5, 14), (5, 15), (6, 14)]
3061,5,0,4,0,[(4, 2), (5, 1), (5, 2), (6, 0), (6, 1), (7, 0)]
3062,5,0,4,1,[(4, 3), (5, 2), (5, 3), (6, 1), (6, 2), (7, 1)]
3063,5,0,4,2,[(4, 4), (5, 3), (5, 4), (6, 2), (6, 3), (7, 2)]
3064,5,0,4,3,[(4, 5), (5, 4), (5, 5), (6, 3), (6, 4), (7, 3)]
3065,5,0,4,4,[(4, 6), (5, 5), (5, 6), (6, 4), (6, 5), (7, 4)]
3066,5,0,4,5,[(4, 7), (5, 6), (5, 7), (6, 5), (6, 6), (7, 5)]
3067,5,0,4,6,[(4, 8), (5, 7), (5, 8), (6, 6), (6, 7), (7, 6)]
3068,5,0,4,7,[(4, 9), (5, 8), (5, 9), (6, 7), (6, 8), (7, 7)]
3069,5,0,4,8,[(4, 10), (5, 9), (5, 10), (6, 8), (6, 9), (7, 8)]
3070,5,0,4,9,[(4, 11), (5, 10), (5, 11), (6, 9), (6, 10), (7, 9)]
3071,5,0,4,10,[(4, 12), (5, 11), (5, 12), (6, 10), (6, 11), (7, 10)]
3072,5,0,4,11,[(4, 13), (5, 12), (5, 13), (6, 11), (6, 12), (7, 11)]
3073,5,0,4,12,[(4, 14), (5, 13), (5, 14), (6, 12), (6, 13), (7, 12)]
3074,5,0,4,13,[(4, 15), (5, 14), (5, 15), (6, 13), (6, 14), (7, 13)]
3075,5,0,4,14,[(4, 16), (5, 15), (5, 16), (6, 14), (6, 15), (7, 14)]
3076,5,0,5,0,[(5, 2), (6, 1), (6, 2), (7, 0), (7, 1), (8, 0)]
3077,5,0,5,1,[(5, 3), (6, 2), (6, 3), (7, 1), (7, 2), (8, 1)]
3078,5,0,5,2,[(5, 4), (6, 3), (6, 4), (7, 2), (7, 3), (8, 2)]
3079,5,0,5,3,[(5, 5), (6, 4), (6, 5), (7, 3), (7, 4), (8, 3)]
3080,5,0,5,4,[(5, 6), (6, 5), (6, 6), (7, 4), (7, 5), (8, 4)]
3081,5,0,5,5,[(5, 7), (6, 6), (6, 7), (7, 5), (7, 6), (8, 5)]
3082,5,0,5,6,[(5, 8), (6, 7), (6, 8), (7, 6), (7, 7), (8, 6)]
3083,5,0,5,7,[(5, 9), (6, 8), (6, 9), (7, 7), (7, 8), (8, 7)]
3084,5,0,5,8,[(5, 10), (6, 9), (6, 10), (7, 8), (7, 9), (8, 8)]
3085,5,0,5,9,[(5, 11), (6, 10), (6, 11), (7, 9), (7, 10), (8, 9)]
3086,5,0,5,10,[(5, 12), (6, 11), (6, 12), (7, 10), (7, 11), (8, 10)]
3087,5,0,5,11,[(5, 13), (6, 12), (6, 13), (7, 11), (7, 12), (8, 11)]
3088,5,0,5,12,[(5, 14), (6, 13), (6, 14), (7, 12), (7, 13), (8, 12)]
3089,5,0,5,13,[(5, 15), (6, 14), (6, 15), (7, 13), (7, 14), (8, 13)]
3090,5,0,5,14,[(5, 16), (6, 15), (6, 16), (7, 14), (7, 15), (8, 14)]
3091,5,1,0,0,[(0, 0), (1, 0), (1, 1), (2, 1), (2, 2), (3, 2)]
3092,5,1,0,1,[(0, 1), (1, 1), (1, 2), (2, 2), (2, 3), (3, 3)]
3093,5,1,0,2,[(0, 2), (1, 2), (1, 3), (2, 3), (2, 4), (3, 4)]
3094,5,1,0,3,[(0, 3), (1, 3), (1, 4), (2, 4), (2, 5), (3, 5)]
3095,5,1,0,4,[(0, 4), (1, 4), (1, 5), (2, 5), (2, 6), (3, 6)]
3096,5,1,0,5,[(0, 5), (1, 5), (1, 6), (2, 6), (2, 7), (3, 7)]
3097,5,1,0,6,[(0, 6), (1, 6), (1, 7), (2, 7), (2, 8), (3, 8)]
3098,5,1,0,7,[(0, 7), (1, 7), (1, 8), (2, 8), (2, 9), (3, 9)]
3099,5,1,0,8,[(0, 8), (1, 8), (1, 9), (2, 9), (2, 10), (3, 10)]
3100,5,1,0,9,[(0, 9), (1, 9), (1, 10), (2, 10), (2, 11), (3, 11)]
3101,5,1,0,10,[(0, 10), (1, 10), (1, 11), (2, 11), (2, 12), (3, 12)]
3102,5,1,0,11,[(0, 11), (1, 11), (1, 12), (2, 12), (2, 13), (3, 13)]
3103,5,1,0,12,[(0, 12), (1, 12), (1, 13), (2, 13), (2, 14), (3, 14)]
3104,5,1,0,13,[(0, 13), (1, 13), (1, 14), (2, 14), (2, 15), (3, 15)]
3105,5,1,0,14,[(0, 14), (1, 14), (1, 15), (2, 15), (2, 16), (3, 16)]
3106,5,1,1,0,[(1, 0), (2, 0), (2, 1), (3, 1), (3, 2), (4, 2)]
3107,5,1,1,1,[(1, 1), (2, 1), (2, 2), (3, 2), (3, 3), (4, 3)]
3108,5,1,1,2,[(1, 2), (2, 2), (2, 3), (3, 3), (3, 4), (4, 4)]
3109,5,1,1,3,[(1, 3), (2, 3), (2, 4), (3, 4), (3, 5), (4, 5)]
3110,5,1,1,4,[(1, 4), (2, 4), (2, 5), (3, 5), (3, 6), (4, 6)]
3111,5,1,1,5,[(1, 5), (2, 5), (2, 6), (3, 6), (3, 7), (4, 7)]
3112,5,1,1,6,[(1, 6), (2, 6), (2, 7), (3, 7), (3, 8), (4, 8)]
3113,5,1,1,7,[(1, 7), (2, 7), (2, 8), (3, 8), (3, 9), (4, 9)]
3114,5,1,1,8,[(1, 8), (2, 8), (2, 9), (3, 9), (3, 10), (4, 10)]
3115,5,1,1,9,[(1, 9), (2, 9), (2, 10), (3, 10), (3, 11), (4, 11)]
3116,5,1,1,10,[(1, 10), (2, 10), (2, 11), (3, 11), (3, 12), (4, 12)]
3117,5,1,1,11,[(1, 11), (2, 11), (2, 12), (3, 12), (3, 13), (4, 13)]
3118,5,1,1,12,[(1, 12), (2, 12), (2, 13), (3, 13), (3, 14), (4, 14)]
3119,5,1,1,13,[(1, 13), (2, 13), (2, 14), (3, 14), (3, 15), (4, 15)]
3120,5,1,1,14,[(1, 14), (2, 14), (2, 15), (3, 15), (3, 16), (4, 16)]
3121,5,1,2,0,[(2, 0), (3, 0), (3, 1), (4, 1), (4, 2), (5, 2)]
3122,5,1,2,1,[(2, 1), (3, 1), (3, 2), (4, 2), (4, 3), (5, 3)]
3123,5,1,2,2,[(2, 2), (3, 2), (3, 3), (4, 3), (4, 4), (5, 4)]
3124,5,1,2,3,[(2, 3), (3, 3), (3, 4), (4, 4), (4, 5), (5, 5)]
3125,5,1,2,4,[(2, 4), (3, 4), (3, 5), (4, 5), (4, 6), (5, 6)]
3126,5,1,2,5,[(2, 5), (3, 5), (3, 6), (4, 6), (4, 7), (5, 7)]
3127,5,1,2,6,[(2, 6), (3, 6), (3, 7), (4, 7), (4, 8), (5, 8)]
3128,5,1,2,7,[(2, 7), (3, 7), (3, 8), (4, 8), (4, 9), (5, 9)]
3129,5,1,2,8,[(2, 8), (3, 8), (3, 9), (4, 9), (4, 10), (5, 10)]
3130,5,1,2,9,[(2, 9), (3, 9), (3, 10), (4, 10), (4, 11), (5, 11)]
3131,5,1,2,10,[(2, 10), (3, 10), (3, 11), (4, 11), (4, 12), (5, 12)]
3132,5,1,2,11,[(2, 11), (3, 11), (3, 12), (4, 12), (4, 13), (5, 13)]
3133,5,1,2,12,[(2, 12), (3, 12), (3, 13), (4, 13), (4, 14), (5, 14)]
3134,5,1,2,13,[(2, 13), (3, 13), (3, 14), (4, 14), (4, 15), (5, 15)]
3135,5,1,2,14,[(2, 14), (3, 14), (3, 15), (4, 15), (4, 16), (5, 16)]
3136,5,1,3,0,[(3, 0), (4, 0), (4, 1), (5, 1), (5, 2), (6, 2)]
3137,5,1,3,1,[(3, 1), (4, 1), (4, 2), (5, 2), (5, 3), (6, 3)]
3138,5,1,3,2,[(3, 2), (4, 2), (4, 3), (5, 3), (5, 4), (6, 4)]
3139,5,1,3,3,[(3, 3), (4, 3), (4, 4), (5, 4), (5, 5), (6, 5)]
3140,5,1,3,4,[(3, 4), (4, 4), (4, 5), (5, 5), (5, 6), (6, 6)]
3141,5,1,3,5,[(3, 5), (4, 5), (4, 6), (5, 6), (5, 7), (6, 7)]
3142,5,1,3,6,[(3, 6), (4, 6), (4, 7), (5, 7), (5, 8), (6, 8)]
3143,5,1,3,7,[(3, 7), (4, 7), (4, 8), (5, 8), (5, 9), (6, 9)]
3144,5,1,3,8,[(3, 8), (4, 8), (4, 9), (5, 9), (5, 10), (6, 10)]
3145,5,1,3,9,[(3, 9), (4, 9), (4, 10), (5, 10), (5, 11), (6, 11)]
3146,5,1,3,10,[(3, 10), (4, 10), (4, 11), (5, 11), (5, 12), (6, 12)]
3147,5,1,3,11,[(3, 11), (4, 11), (4, 12), (5, 12), (5, 13), (6, 13)]
3148,5,1,3,12,[(3, 12), (4, 12), (4, 13), (5, 13), (5, 14), (6, 14)]
3149,5,1,3,13,[(3, 13), (4, 13), (4, 14), (5, 14), (5, 15), (6, 15)]
3150,5,1,3,14,[(3, 14), (4, 14), (4, 15), (5, 15), (5, 16), (6, 16)]
3151,5,1,4,0,[(4, 0), (5, 0), (5, 1), (6, 1), (6, 2), (7, 2)]
3152,5,1,4,1,[(4, 1), (5, 1), (5, 2), (6, 2), (6, 3), (7, 3)]
3153,5,1,4,2,[(4, 2), (5, 2), (5, 3), (6, 3), (6, 4), (7, 4)]
3154,5,1,4,3,[(4, 3), (5, 3), (5, 4), (6, 4), (6, 5), (7, 5)]
3155,5,1,4,4,[(4, 4), (5, 4), (5, 5), (6, 5), (6, 6), (7, 6)]
3156,5,1,4,5,[(4, 5), (5, 5), (5, 6), (6, 6), (6, 7), (7, 7)]
3157,5,1,4,6,[(4, 6), (5, 6), (5, 7), (6, 7), (6, 8), (7, 8)]
3158,5,1,4,7,[(4, 7), (5, 7), (5, 8), (6, 8), (6, 9), (7, 9)]
3159,5,1,4,8,[(4, 8), (5, 8), (5, 9), (6, 9), (6, 10), (7, 10)]
3160,5,1,4,9,[(4, 9), (5, 9), (5, 10), (6, 10), (6, 11), (7, 11)]
3161,5,1,4,10,[(4, 10), (5, 10), (5, 11), (6, 11), (6, 12), (7, 12)]
3162,5,1,4,11,[(4, 11), (5, 11), (5, 12), (6, 12), (6, 13), (7, 13)]
3163,5,1,4,12,[(4, 12), (5, 12), (5, 13), (6, 13), (6, 14), (7, 14)]
3164,5,1,4,13,[(4, 13), (5, 13), (5, 14), (6, 14), (6, 15), (7, 15)]
3165,5,1,4,14,[(4, 14), (5, 14), (5, 15), (6, 15), (6, 16), (7, 16)]
3166,5,1,5,0,[(5, 0), (6, 0), (6, 1), (7, 1), (7, 2), (8, 2)]
3167,5,1,5,1,[(5, 1), (6, 1), (6, 2), (7, 2), (7, 3), (8, 3)]
3168,5,1,5,2,[(5, 2), (6, 2), (6, 3), (7, 3), (7, 4), (8, 4)]
3169,5,1,5,3,[(5, 3), (6, 3), (6, 4), (7, 4), (7, 5), (8, 5)]
3170,5,1,5,4,[(5, 4), (6, 4), (6, 5), (7, 5), (7, 6), (8, 6)]
3171,5,1,5,5,[(5, 5), (6, 5), (6, 6), (7, 6), (7, 7), (8, 7)]
3172,5,1,5,6,[(5, 6), (6, 6), (6, 7), (7, 7), (7, 8), (8, 8)]
3173,5,1,5,7,[(5, 7), (6, 7), (6, 8), (7, 8), (7, 9), (8, 9)]
3174,5,1,5,8,[(5, 8), (6, 8), (6, 9), (7, 9), (7, 10), (8, 10)]
3175,5,1,5,9,[(5, 9), (6, 9), (6, 10), (7, 10), (7, 11), (8, 11)]
3176,5,1,5,10,[(5, 10), (6, 10), (6, 11), (7, 11), (7, 12), (8, 12)]
3177,5,1,5,11,[(5, 11), (6, 11), (6, 12), (7, 12), (7, 13), (8, 13)]
3178,5,1,5,12,[(5, 12), (6, 12), (6, 13), (7, 13), (7, 14), (8, 14)]
3179,5,1,5,13,[(5, 13), (6, 13), (6, 14), (7, 14), (7, 15), (8, 15)]
3180,5,1,5,14,[(5, 14), (6, 14), (6, 15), (7, 15), (7, 16), (8, 16)]
3181,5,2,0,0,[(0, 0), (0, 1), (1, 1), (1, 2), (2, 2), (2, 3)]
3182,5,2,0,1,[(0, 1), (0, 2), (1, 2), (1, 3), (2, 3), (2, 4)]
3183,5,2,0,2,[(0, 2), (0, 3), (1, 3), (1, 4), (2, 4), (2, 5)]
3184,5,2,0,3,[(0, 3), (0, 4), (1, 4), (1, 5), (2, 5), (2, 6)]
3185,5,2,0,4,[(0, 4), (0, 5), (1, 5), (1, 6), (2, 6), (2, 7)]
3186,5,2,0,5,[(0, 5), (0, 6), (1, 6), (1, 7), (2, 7), (2, 8)]
3187,5,2,0,6,[(0, 6), (0, 7), (1, 7), (1, 8), (2, 8), (2, 9)]
3188,5,2,0,7,[(0, 7), (0, 8), (1, 8), (1, 9), (2, 9), (2, 10)]
3189,5,2,0,8,[(0, 8), (0, 9), (1, 9), (1, 10), (2, 10), (2, 11)]
3190,5,2,0,9,[(0, 9), (0, 10), (1, 10), (1, 11), (2, 11), (2, 12)]
3191,5,2,0,10,[(0, 10), (0, 11), (1, 11), (1, 12), (2, 12), (2, 13)]
3192,5,2,0,11,[(0, 11), (0, 12), (1, 12), (1, 13), (2, 13), (2, 14)]
3193,5,2,0,12,[(0, 12), (0, 13), (1, 13), (1, 14), (2, 14), (2, 15)]
3194,5,2,0,13,[(0, 13), (0, 14), (1, 14), (1, 15), (2, 15), (2, 16)]
3195,5,2,1,0,[(1, 0), (1, 1), (2, 1), (2, 2), (3, 2), (3, 3)]
3196,5,2,1,1,[(1, 1), (1, 2), (2, 2), (2, 3), (3, 3), (3, 4)]
3197,5,2,1,2,[(1, 2), (1, 3), (2, 3), (2, 4), (3, 4), (3, 5)]
3198,5,2,1,3,[(1, 3), (1, 4), (2, 4), (2, 5), (3, 5), (3, 6)]
3199,5,2,1,4,[(1, 4), (1, 5), (2, 5), (2, 6), (3, 6), (3, 7)]
3200,5,2,1,5,[(1, 5), (1, 6), (2, 6), (2, 7), (3, 7), (3, 8)]
3201,5,2,1,6,[(1, 6), (1, 7), (2, 7), (2, 8), (3, 8), (3, 9)]
3202,5,2,1,7,[(1, 7), (1, 8), (2, 8), (2, 9), (3, 9), (3, 10)]
3203,5,2,1,8,[(1, 8), (1, 9), (2, 9), (2, 10), (3, 10), (3, 11)]
3204,5,2,1,9,[(1, 9), (1, 10), (2, 10), (2, 11), (3, 11), (3, 12)]
3205,5,2,1,10,[(1, 10), (1, 11), (2, 11), (2, 12), (3, 12), (3, 13)]
3206,5,2,1,11,[(1, 11), (1, 12), (2, 12), (2, 13), (3, 13), (3, 14)]
3207,5,2,1,12,[(1, 12), (1, 13), (2, 13), (2, 14), (3, 14), (3, 15)]
3208,5,2,1,13,[(1, 13), (1, 14), (2, 14), (2, 15), (3, 15), (3, 16)]
3209,5,2,2,0,[(2, 0), (2, 1), (3, 1), (3, 2), (4, 2), (4, 3)]
3210,5,2,2,1,[(2, 1), (2, 2), (3, 2), (3, 3), (4, 3), (4, 4)]
3211,5,2,2,2,[(2, 2), (2, 3), (3, 3), (3, 4), (4, 4), (4, 5)]
3212,5,2,2,3,[(2, 3), (2, 4), (3, 4), (3, 5), (4, 5), (4, 6)]
3213,5,2,2,4,[(2, 4), (2, 5), (3, 5), (3, 6), (4, 6), (4, 7)]
3214,5,2,2,5,[(2, 5), (2, 6), (3, 6), (3, 7), (4, 7), (4, 8)]
3215,5,2,2,6,[(2, 6), (2, 7), (3, 7), (3, 8), (4, 8), (4, 9)]
3216,5,2,2,7,[(2, 7), (2, 8), (3, 8), (3, 9), (4, 9), (4, 10)]
3217,5,2,2,8,[(2, 8), (2, 9), (3, 9), (3, 10), (4, 10), (4, 11)]
3218,5,2,2,9,[(2, 9), (2, 10), (3, 10), (3, 11), (4, 11), (4, 12)]
3219,5,2,2,10,[(2, 10), (2, 11), (3, 11), (3, 12), (4, 12), (4, 13)]
3220,5,2,2,11,[(2, 11), (2, 12), (3, 12), (3, 13), (4, 13), (4, 14)]
3221,5,2,2,12,[(2, 12), (2, 13), (3, 13), (3, 14), (4, 14), (4, 15)]
3222,5,2,2,13,[(2, 13), (2, 14), (3, 14), (3, 15), (4, 15), (4, 16)]
3223,5,2,3,0,[(3, 0), (3, 1), (4, 1), (4, 2), (5, 2), (5, 3)]
3224,5,2,3,1,[(3, 1), (3, 2), (4, 2), (4, 3), (5, 3), (5, 4)]
3225,5,2,3,2,[(3, 2), (3, 3), (4, 3), (4, 4), (5, 4), (5, 5)]
3226,5,2,3,3,[(3, 3), (3, 4), (4, 4), (4, 5), (5, 5), (5, 6)]
3227,5,2,3,4,[(3, 4), (3, 5), (4, 5), (4, 6), (5, 6), (5, 7)]
3228,5,2,3,5,[(3, 5), (3, 6), (4, 6), (4, 7), (5, 7), (5, 8)]
3229,5,2,3,6,[(3, 6), (3, 7), (4, 7), (4, 8), (5, 8), (5, 9)]
3230,5,2,3,7,[(3, 7), (3, 8), (4, 8), (4, 9), (5, 9), (5, 10)]
3231,5,2,3,8,[(3, 8), (3, 9), (4, 9), (4, 10), (5, 10), (5, 11)]
3232,5,2,3,9,[(3, 9), (3, 10), (4, 10), (4, 11), (5, 11), (5, 12)]
3233,5,2,3,10,[(3, 10), (3, 11), (4, 11), (4, 12), (5, 12), (5, 13)]
3234,5,2,3,11,[(3, 11), (3, 12), (4, 12), (4, 13), (5, 13), (5, 14)]
3235,5,2,3,12,[(3, 12), (3, 13), (4, 13), (4, 14), (5, 14), (5, 15)]
3236,5,2,3,13,[(3, 13), (3, 14), (4, 14), (4, 15), (5, 15), (5, 16)]
3237,5,2,4,0,[(4, 0), (4, 1), (5, 1), (5, 2), (6, 2), (6, 3)]
3238,5,2,4,1,[(4, 1), (4, 2), (5, 2), (5, 3), (6, 3), (6, 4)]
3239,5,2,4,2,[(4, 2), (4, 3), (5, 3), (5, 4), (6, 4), (6, 5)]
3240,5,2,4,3,[(4, 3), (4, 4), (5, 4), (5, 5), (6, 5), (6, 6)]
3241,5,2,4,4,[(4, 4), (4, 5), (5, 5), (5, 6), (6, 6), (6, 7)]
3242,5,2,4,5,[(4, 5), (4, 6), (5, 6), (5, 7), (6, 7), (6, 8)]
3243,5,2,4,6,[(4, 6), (4, 7), (5, 7), (5, 8), (6, 8), (6, 9)]
3244,5,2,4,7,[(4, 7), (4, 8), (5, 8), (5, 9), (6, 9), (6, 10)]
3245,5,2,4,8,[(4, 8), (4, 9), (5, 9), (5, 10), (6, 10), (6, 11)]
3246,5,2,4,9,[(4, 9), (4, 10), (5, 10), (5, 11), (6, 11), (6, 12)]
3247,5,2,4,10,[(4, 10), (4, 11), (5, 11), (5, 12), (6, 12), (6, 13)]
3248,5,2,4,11,[(4, 11), (4, 12), (5, 12), (5, 13), (6, 13), (6, 14)]
3249,5,2,4,12,[(4, 12), (4, 13), (5, 13), (5, 14), (6, 14), (6, 15)]
3250,5,2,4,13,[(4, 13), (4, 14), (5, 14), (5, 15), (6, 15), (6, 16)]
3251,5,2,5,0,[(5, 0), (5, 1), (6, 1), (6, 2), (7, 2), (7, 3)]
3252,5,2,5,1,[(5, 1), (5, 2), (6, 2), (6, 3), (7, 3), (7, 4)]
3253,5,2,5,2,[(5, 2), (5, 3), (6, 3), (6, 4), (7, 4), (7, 5)]
3254,5,2,5,3,[(5, 3), (5, 4), (6, 4), (6, 5), (7, 5), (7, 6)]
3255,5,2,5,4,[(5, 4), (5, 5), (6, 5), (6, 6), (7, 6), (7, 7)]
3256,5,2,5,5,[(5, 5), (5, 6), (6, 6), (6, 7), (7, 7), (7, 8)]
3257,5,2,5,6,[(5, 6), (5, 7), (6, 7), (6, 8), (7, 8), (7, 9)]
3258,5,2,5,7,[(5, 7), (5, 8), (6, 8), (6, 9), (7, 9), (7, 10)]
3259,5,2,5,8,[(5, 8), (5, 9), (6, 9), (6, 10), (7, 10), (7, 11)]
3260,5,2,5,9,[(5, 9), (5, 10), (6, 10), (6, 11), (7, 11), (7, 12)]
3261,5,2,5,10,[(5, 10), (5, 11), (6, 11), (6, 12), (7, 12), (7, 13)]
3262,5,2,5,11,[(5, 11), (5, 12), (6, 12), (6, 13), (7, 13), (7, 14)]
3263,5,2,5,12,[(5, 12), (5, 13), (6, 13), (6, 14), (7, 14), (7, 15)]
3264,5,2,5,13,[(5, 13), (5, 14), (6, 14), (6, 15), (7, 15), (7, 16)]
3265,5,2,6,0,[(6, 0), (6, 1), (7, 1), (7, 2), (8, 2), (8, 3)]
3266,5,2,6,1,[(6, 1), (6, 2), (7, 2), (7, 3), (8, 3), (8, 4)]
3267,5,2,6,2,[(6, 2), (6, 3), (7, 3), (7, 4), (8, 4), (8, 5)]
3268,5,2,6,3,[(6, 3), (6, 4), (7, 4), (7, 5), (8, 5), (8, 6)]
3269,5,2,6,4,[(6, 4), (6, 5), (7, 5), (7, 6), (8, 6), (8, 7)]
3270,5,2,6,5,[(6, 5), (6, 6), (7, 6), (7, 7), (8, 7), (8, 8)]
3271,5,2,6,6,[(6, 6), (6, 7), (7, 7), (7, 8), (8, 8), (8, 9)]
3272,5,2,6,7,[(6, 7), (6, 8), (7, 8), (7, 9), (8, 9), (8, 10)]
3273,5,2,6,8,[(6, 8), (6, 9), (7, 9), (7, 10), (8, 10), (8, 11)]
3274,5,2,6,9,[(6, 9), (6, 10), (7, 10), (7, 11), (8, 11), (8, 12)]
3275,5,2,6,10,[(6, 10), (6, 11), (7, 11), (7, 12), (8, 12), (8, 13)]
3276,5,2,6,11,[(6, 11), (6, 12), (7, 12), (7, 13), (8, 13), (8, 14)]
3277,5,2,6,12,[(6, 12), (6, 13), (7, 13), (7, 14), (8, 14), (8, 15)]
3278,5,2,6,13,[(6, 13), (6, 14), (7, 14), (7, 15), (8, 15), (8, 16)]
3279,5,3,0,0,[(0, 2), (0, 3), (1, 1), (1, 2), (2, 0), (2, 1)]
3280,5,3,0,1,[(0, 3), (0, 4), (1, 2), (1, 3), (2, 1), (2, 2)]
3281,5,3,0,2,[(0, 4), (0, 5), (1, 3), (1, 4), (2, 2), (2, 3)]
3282,5,3,0,3,[(0, 5), (0, 6), (1, 4), (1, 5), (2, 3), (2, 4)]
3283,5,3,0,4,[(0, 6), (0, 7), (1, 5), (1, 6), (2, 4), (2, 5)]
3284,5,3,0,5,[(0, 7), (0, 8), (1, 6), (1, 7), (2, 5), (2, 6)]
3285,5,3,0,6,[(0, 8), (0, 9), (1, 7), (1, 8), (2, 6), (2, 7)]
3286,5,3,0,7,[(0, 9), (0, 10), (1, 8), (1, 9), (2, 7), (2, 8)]
3287,5,3,0,8,[(0, 10), (0, 11), (1, 9), (1, 10), (2, 8), (2, 9)]
3288,5,3,0,9,[(0, 11), (0, 12), (1, 10), (1, 11), (2, 9), (2, 10)]
3289,5,3,0,10,[(0, 12), (0, 13), (1, 11), (1, 12), (2, 10), (2, 11)]
3290,5,3,0,11,[(0, 13), (0, 14), (1, 12), (1, 13), (2, 11), (2, 12)]
3291,5,3,0,12,[(0, 14), (0, 15), (1, 13), (1, 14), (2, 12), (2, 13)]
3292,5,3,0,13,[(0, 15), (0, 16), (1, 14), (1, 15), (2, 13), (2, 14)]
3293,5,3,1,0,[(1, 2), (1, 3), (2, 1), (2, 2), (3, 0), (3, 1)]
3294,5,3,1,1,[(1, 3), (1, 4), (2, 2), (2, 3), (3, 1), (3, 2)]
3295,5,3,1,2,[(1, 4), (1, 5), (2, 3), (2, 4), (3, 2), (3, 3)]
3296,5,3,1,3,[(1, 5), (1, 6), (2, 4), (2, 5), (3, 3), (3, 4)]
3297,5,3,1,4,[(1, 6), (1, 7), (2, 5), (2, 6), (3, 4), (3, 5)]
3298,5,3,1,5,[(1, 7), (1, 8), (2, 6), (2, 7), (3, 5), (3, 6)]
3299,5,3,1,6,[(1, 8), (1, 9), (2, 7), (2, 8), (3, 6), (3, 7)]
3300,5,3,1,7,[(1, 9), (1, 10), (2, 8), (2, 9), (3, 7), (3, 8)]
3301,5,3,1,8,[(1, 10), (1, 11), (2, 9), (2, 10), (3, 8), (3, 9)]
3302,5,3,1,9,[(1, 11), (1, 12), (2, 10), (2, 11), (3, 9), (3, 10)]
3303,5,3,1,10,[(1, 12), (1, 13), (2, 11), (2, 12), (3, 10), (3, 11)]
3304,5,3,1,11,[(1, 13), (1, 14), (2, 12), (2, 13), (3, 11), (3, 12)]
3305,5,3,1,12,[(1, 14), (1, 15), (2, 13), (2, 14), (3, 12), (3, 13)]
3306,5,3,1,13,[(1, 15), (1, 16), (2, 14), (2, 15), (3, 13), (3, 14)]
3307,5,3,2,0,[(2, 2), (2, 3), (3, 1), (3, 2), (4, 0), (4, 1)]
3308,5,3,2,1,[(2, 3), (2, 4), (3, 2), (3, 3), (4, 1), (4, 2)]
3309,5,3,2,2,[(2, 4), (2, 5), (3, 3), (3, 4), (4, 2), (4, 3)]
3310,5,3,2,3,[(2, 5), (2, 6), (3, 4), (3, 5), (4, 3), (4, 4)]
3311,5,3,2,4,[(2, 6), (2, 7), (3, 5), (3, 6), (4, 4), (4, 5)]
3312,5,3,2,5,[(2, 7), (2, 8), (3, 6), (3, 7), (4, 5), (4, 6)]
3313,5,3,2,6,[(2, 8), (2, 9), (3, 7), (3, 8), (4, 6), (4, 7)]
3314,5,3,2,7,[(2, 9), (2, 10), (3, 8), (3, 9), (4, 7), (4, 8)]
3315,5,3,2,8,[(2, 10), (2, 11), (3, 9), (3, 10), (4, 8), (4, 9)]
3316,5,3,2,9,[(2, 11), (2, 12), (3, 10), (3, 11), (4, 9), (4, 10)]
3317,5,3,2,10,[(2, 12), (2, 13), (3, 11), (3, 12), (4, 10), (4, 11)]
3318,5,3,2,11,[(2, 13), (2, 14), (3, 12), (3, 13), (4, 11), (4, 12)]
3319,5,3,2,12,[(2, 14), (2, 15), (3, 13), (3, 14), (4, 12), (4, 13)]
3320,5,3,2,13,[(2, 15), (2, 16), (3, 14), (3, 15), (4, 13), (4, 14)]
3321,5,3,3,0,[(3, 2), (3, 3), (4, 1), (4, 2), (5, 0), (5, 1)]
3322,5,3,3,1,[(3, 3), (3, 4), (4, 2), (4, 3), (5, 1), (5, 2)]
3323,5,3,3,2,[(3, 4), (3, 5), (4, 3), (4, 4), (5, 2), (5, 3)]
3324,5,3,3,3,[(3, 5), (3, 6), (4, 4), (4, 5), (5, 3), (5, 4)]
3325,5,3,3,4,[(3, 6), (3, 7), (4, 5), (4, 6), (5, 4), (5, 5)]
3326,5,3,3,5,[(3, 7), (3, 8), (4, 6), (4, 7), (5, 5), (5, 6)]
3327,5,3,3,6,[(3, 8), (3, 9), (4, 7), (4, 8), (5, 6), (5, 7)]
3328,5,3,3,7,[(3, 9), (3, 10), (4, 8), (4, 9), (5, 7), (5, 8)]
3329,5,3,3,8,[(3, 10), (3, 11), (4, 9), (4, 10), (5, 8), (5, 9)]
3330,5,3,3,9,[(3, 11), (3, 12), (4, 10), (4, 11), (5, 9), (5, 10)]
3331,5,3,3,10,[(3, 12), (3, 13), (4, 11), (4, 12), (5, 10), (5, 11)]
3332,5,3,3,11,[(3, 13), (3, 14), (4, 12), (4, 13), (5, 11), (5, 12)]
3333,5,3,3,12,[(3, 14), (3, 15), (4, 13), (4, 14), (5, 12), (5, 13)]
3334,5,3,3,13,[(3, 15), (3, 16), (4, 14), (4, 15), (5, 13), (5, 14)]
3335,5,3,4,0,[(4, 2), (4, 3), (5, 1), (5, 2), (6, 0), (6, 1)]
3336,5,3,4,1,[(4, 3), (4, 4), (5, 2), (5, 3), (6, 1), (6, 2)]
3337,5,3,4,2,[(4, 4), (4, 5), (5, 3), (5, 4), (6, 2), (6, 3)]
3338,5,3,4,3,[(4, 5), (4, 6), (5, 4), (5, 5), (6, 3), (6, 4)]
3339,5,3,4,4,[(4, 6), (4, 7), (5, 5), (5, 6), (6, 4), (6, 5)]
3340,5,3,4,5,[(4, 7), (4, 8), (5, 6), (5, 7), (6, 5), (6, 6)]
3341,5,3,4,6,[(4, 8), (4, 9), (5, 7), (5, 8), (6, 6), (6, 7)]
3342,5,3,4,7,[(4, 9), (4, 10), (5, 8), (5, 9), (6, 7), (6, 8)]
3343,5,3,4,8,[(4, 10), (4, 11), (5, 9), (5, 10), (6, 8), (6, 9)]
3344,5,3,4,9,[(4, 11), (4, 12), (5, 10), (5, 11), (6, 9), (6, 10)]
3345,5,3,4,10,[(4, 12), (4, 13), (5, 11), (5, 12), (6, 10), (6, 11)]
3346,5,3,4,11,[(4, 13), (4, 14), (5, 12), (5, 13), (6, 11), (6, 12)]
3347,5,3,4,12,[(4, 14), (4, 15), (5, 13), (5, 14), (6, 12), (6, 13)]
3348,5,3,4,13,[(4, 15), (4, 16), (5, 14), (5, 15), (6, 13), (6, 14)]
3349,5,3,5,0,[(5, 2), (5, 3), (6, 1), (6, 2), (7, 0), (7, 1)]
3350,5,3,5,1,[(5, 3), (5, 4), (6, 2), (6, 3), (7, 1), (7, 2)]
3351,5,3,5,2,[(5, 4), (5, 5), (6, 3), (6, 4), (7, 2), (7, 3)]
3352,5,3,5,3,[(5, 5), (5, 6), (6, 4), (6, 5), (7, 3), (7, 4)]
3353,5,3,5,4,[(5, 6), (5, 7), (6, 5), (6, 6), (7, 4), (7, 5)]
3354,5,3,5,5,[(5, 7), (5, 8), (6, 6), (6, 7), (7, 5), (7, 6)]
3355,5,3,5,6,[(5, 8), (5, 9), (6, 7), (6, 8), (7, 6), (7, 7)]
3356,5,3,5,7,[(5, 9), (5, 10), (6, 8), (6, 9), (7, 7), (7, 8)]
3357,5,3,5,8,[(5, 10), (5, 11), (6, 9), (6, 10), (7, 8), (7, 9)]
3358,5,3,5,9,[(5, 11), (5, 12), (6, 10), (6, 11), (7, 9), (7, 10)]
3359,5,3,5,10,[(5, 12), (5, 13), (6, 11), (6, 12), (7, 10), (7, 11)]
3360,5,3,5,11,[(5, 13), (5, 14), (6, 12), (6, 13), (7, 11), (7, 12)]
3361,5,3,5,12,[(5, 14), (5, 15), (6, 13), (6, 14), (7, 12), (7, 13)]
3362,5,3,5,13,[(5, 15), (5, 16), (6, 14), (6, 15), (7, 13), (7, 14)]
3363,5,3,6,0,[(6, 2), (6, 3), (7, 1), (7, 2), (8, 0), (8, 1)]
3364,5,3,6,1,[(6, 3), (6, 4), (7, 2), (7, 3), (8, 1), (8, 2)]
3365,5,3,6,2,[(6, 4), (6, 5), (7, 3), (7, 4), (8, 2), (8, 3)]
3366,5,3,6,3,[(6, 5), (6, 6), (7, 4), (7, 5), (8, 3), (8, 4)]
3367,5,3,6,4,[(6, 6), (6, 7), (7, 5), (7, 6), (8, 4), (8, 5)]
3368,5,3,6,5,[(6, 7), (6, 8), (7, 6), (7, 7), (8, 5), (8, 6)]
3369,5,3,6,6,[(6, 8), (6, 9), (7, 7), (7, 8), (8, 6), (8, 7)]
3370,5,3,6,7,[(6, 9), (6, 10), (7, 8), (7, 9), (8, 7), (8, 8)]
3371,5,3,6,8,[(6, 10), (6, 11), (7, 9), (7, 10), (8, 8), (8, 9)]
3372,5,3,6,9,[(6, 11), (6, 12), (7, 10), (7, 11), (8, 9), (8, 10)]
3373,5,3,6,10,[(6, 12), (6, 13), (7, 11), (7, 12), (8, 10), (8, 11)]
3374,5,3,6,11,[(6, 13), (6, 14), (7, 12), (7, 13), (8, 11), (8, 12)]
3375,5,3,6,12,[(6, 14), (6, 15), (7, 13), (7, 14), (8, 12), (8, 13)]
3376,5,3,6,13,[(6, 15), (6, 16), (7, 14), (7, 15), (8, 13), (8, 14)]
3377,6,0,0,0,[(0, 1), (1, 1), (1, 2), (2, 0), (2, 1), (3, 1)]
3378,6,0,0,1,[(0, 2), (1, 2), (1, 3), (2, 1), (2, 2), (3, 2)]
3379,6,0,0,2,[(0, 3), (1, 3), (1, 4), (2, 2), (2, 3), (3, 3)]
3380,6,0,0,3,[(0, 4), (1, 4), (1, 5), (2, 3), (2, 4), (3, 4)]
3381,6,0,0,4,[(0, 5), (1, 5), (1, 6), (2, 4), (2, 5), (3, 5)]
3382,6,0,0,5,[(0, 6), (1, 6), (1, 7), (2, 5), (2, 6), (3, 6)]
3383,6,0,0,6,[(0, 7), (1, 7), (1, 8), (2, 6), (2, 7), (3, 7)]
3384,6,0,0,7,[(0, 8), (1, 8), (1, 9), (2, 7), (2, 8), (3, 8)]
3385,6,0,0,8,[(0, 9), (1, 9), (1, 10), (2, 8), (2, 9), (3, 9)]
3386,6,0,0,9,[(0, 10), (1, 10), (1, 11), (2, 9), (2, 10), (3, 10)]
3387,6,0,0,10,[(0, 11), (1, 11), (1, 12), (2, 10), (2, 11), (3, 11)]
3388,6,0,0,11,[(0, 12), (1, 12), (1, 13), (2, 11), (2, 12), (3, 12)]
3389,6,0,0,12,[(0, 13), (1, 13), (1, 14), (2, 12), (2, 13), (3, 13)]
3390,6,0,0,13,[(0, 14), (1, 14), (1, 15), (2, 13), (2, 14), (3, 14)]
3391,6,0,0,14,[(0, 15), (1, 15), (1, 16), (2, 14), (2, 15), (3, 15)]
3392,6,0,1,0,[(1, 1), (2, 1), (2, 2), (3, 0), (3, 1), (4, 1)]
3393,6,0,1,1,[(1, 2), (2, 2), (2, 3), (3, 1), (3, 2), (4, 2)]
3394,6,0,1,2,[(1, 3), (2, 3), (2, 4), (3, 2), (3, 3), (4, 3)]
3395,6,0,1,3,[(1, 4), (2, 4), (2, 5), (3, 3), (3, 4), (4, 4)]
3396,6,0,1,4,[(1, 5), (2, 5), (2, 6), (3, 4), (3, 5), (4, 5)]
3397,6,0,1,5,[(1, 6), (2, 6), (2, 7), (3, 5), (3, 6), (4, 6)]
3398,6,0,1,6,[(1, 7), (2, 7), (2, 8), (3, 6), (3, 7), (4, 7)]
3399,6,0,1,7,[(1, 8), (2, 8), (2, 9), (3, 7), (3, 8), (4, 8)]
3400,6,0,1,8,[(1, 9), (2, 9), (2, 10), (3, 8), (3, 9), (4, 9)]
3401,6,0,1,9,[(1, 10), (2, 10), (2, 11), (3, 9), (3, 10), (4, 10)]
3402,6,0,1,10,[(1, 11), (2, 11), (2, 12), (3, 10), (3, 11), (4, 11)]
3403,6,0,1,11,[(1, 12), (2, 12), (2, 13), (3, 11), (3, 12), (4, 12)]
3404,6,0,1,12,[(1, 13), (2, 13), (2, 14), (3, 12), (3, 13), (4, 13)]
3405,6,0,1,13,[(1, 14), (2, 14), (2, 15), (3, 13), (3, 14), (4, 14)]
3406,6,0,1,14,[(1, 15), (2, 15), (2, 16), (3, 14), (3, 15), (4, 15)]
3407,6,0,2,0,[(2, 1), (3, 1), (3, 2), (4, 0), (4, 1), (5, 1)]
3408,6,0,2,1,[(2, 2), (3, 2), (3, 3), (4, 1), (4, 2), (5, 2)]
3409,6,0,2,2,[(2, 3), (3, 3), (3, 4), (4, 2), (4, 3), (5, 3)]
3410,6,0,2,3,[(2, 4), (3, 4), (3, 5), (4, 3), (4, 4), (5, 4)]
3411,6,0,2,4,[(2, 5), (3, 5), (3, 6), (4, 4), (4, 5), (5, 5)]
3412,6,0,2,5,[(2, 6), (3, 6), (3, 7), (4, 5), (4, 6), (5, 6)]
3413,6,0,2,6,[(2, 7), (3, 7), (3, 8), (4, 6), (4, 7), (5, 7)]
3414,6,0,2,7,[(2, 8), (3, 8), (3, 9), (4, 7), (4, 8), (5, 8)]
3415,6,0,2,8,[(2, 9), (3, 9), (3, 10), (4, 8), (4, 9), (5, 9)]
3416,6,0,2,9,[(2, 10), (3, 10), (3, 11), (4, 9), (4, 10), (5, 10)]
3417,6,0,2,10,[(2, 11), (3, 11), (3, 12), (4, 10), (4, 11), (5, 11)]
3418,6,0,2,11,[(2, 12), (3, 12), (3, 13), (4, 11), (4, 12), (5, 12)]
3419,6,0,2,12,[(2, 13), (3, 13), (3, 14), (4, 12), (4, 13), (5, 13)]
3420,6,0,2,13,[(2, 14), (3, 14), (3, 15), (4, 13), (4, 14), (5, 14)]
3421,6,0,2,14,[(2, 15), (3, 15), (3, 16), (4, 14), (4, 15), (5, 15)]
3422,6,0,3,0,[(3, 1), (4, 1), (4, 2), (5, 0), (5, 1), (6, 1)]
3423,6,0,3,1,[(3, 2), (4, 2), (4, 3), (5, 1), (5, 2), (6, 2)]
3424,6,0,3,2,[(3, 3), (4, 3), (4, 4), (5, 2), (5, 3), (6, 3)]
3425,6,0,3,3,[(3, 4), (4, 4), (4, 5), (5, 3), (5, 4), (6, 4)]
3426,6,0,3,4,[(3, 5), (4, 5), (4, 6), (5, 4), (5, 5), (6, 5)]
3427,6,0,3,5,[(3, 6), (4, 6), (4, 7), (5, 5), (5, 6), (6, 6)]
3428,6,0,3,6,[(3, 7), (4, 7), (4, 8), (5, 6), (5, 7), (6, 7)]
3429,6,0,3,7,[(3, 8), (4, 8), (4, 9), (5, 7), (5, 8), (6, 8)]
3430,6,0,3,8,[(3, 9), (4, 9), (4, 10), (5, 8), (5, 9), (6, 9)]
3431,6,0,3,9,[(3, 10), (4, 10), (4, 11), (5, 9), (5, 10), (6, 10)]
3432,6,0,3,10,[(3, 11), (4, 11), (4, 12), (5, 10), (5, 11), (6, 11)]
3433,6,0,3,11,[(3, 12), (4, 12), (4, 13), (5, 11), (5, 12), (6, 12)]
3434,6,0,3,12,[(3, 13), (4, 13), (4, 14), (5, 12), (5, 13), (6, 13)]
3435,6,0,3,13,[(3, 14), (4, 14), (4, 15), (5, 13), (5, 14), (6, 14)]
3436,6,0,3,14,[(3, 15), (4, 15), (4, 16), (5, 14), (5, 15), (6, 15)]
3437,6,0,4,0,[(4, 1), (5, 1), (5, 2), (6, 0), (6, 1), (7, 1)]
3438,6,0,4,1,[(4, 2), (5, 2), (5, 3), (6, 1), (6, 2), (7, 2)]
3439,6,0,4,2,[(4, 3), (5, 3), (5, 4), (6, 2), (6, 3), (7, 3)]
3440,6,0,4,3,[(4, 4), (5, 4), (5, 5), (6, 3), (6, 4), (7, 4)]
3441,6,0,4,4,[(4, 5), (5, 5), (5, 6), (6, 4), (6, 5), (7, 5)]
3442,6,0,4,5,[(4, 6), (5, 6), (5, 7), (6, 5), (6, 6), (7, 6)]
3443,6,0,4,6,[(4, 7), (5, 7), (5, 8), (6, 6), (6, 7), (7, 7)]
3444,6,0,4,7,[(4, 8), (5, 8), (5, 9), (6, 7), (6, 8), (7, 8)]
3445,6,0,4,8,[(4, 9), (5, 9), (5, 10), (6, 8), (6, 9), (7, 9)]
3446,6,0,4,9,[(4, 10), (5, 10), (5, 11), (6, 9), (6, 10), (7, 10)]
3447,6,0,4,10,[(4, 11), (5, 11), (5, 12), (6, 10), (6, 11), (7, 11)]
3448,6,0,4,11,[(4, 12), (5, 12), (5, 13), (6, 11), (6, 12), (7, 12)]
3449,6,0,4,12,[(4, 13), (5, 13), (5, 14), (6, 12), (6, 13), (7, 13)]
3450,6,0,4,13,[(4, 14), (5, 14), (5, 15), (6, 13), (6, 14), (7, 14)]
3451,6,0,4,14,[(4, 15), (5, 15), (5, 16), (6, 14), (6, 15), (7, 15)]
3452,6,0,5,0,[(5, 1), (6, 1), (6, 2), (7, 0), (7, 1), (8, 1)]
3453,6,0,5,1,[(5, 2), (6, 2), (6, 3), (7, 1), (7, 2), (8, 2)]
3454,6,0,5,2,[(5, 3), (6, 3), (6, 4), (7, 2), (7, 3), (8, 3)]
3455,6,0,5,3,[(5, 4), (6, 4), (6, 5), (7, 3), (7, 4), (8, 4)]
3456,6,0,5,4,[(5, 5), (6, 5), (6, 6), (7, 4), (7, 5), (8, 5)]
3457,6,0,5,5,[(5, 6), (6, 6), (6, 7), (7, 5), (7, 6), (8, 6)]
3458,6,0,5,6,[(5, 7), (6, 7), (6, 8), (7, 6), (7, 7), (8, 7)]
3459,6,0,5,7,[(5, 8), (6, 8), (6, 9), (7, 7), (7, 8), (8, 8)]
3460,6,0,5,8,[(5, 9), (6, 9), (6, 10), (7, 8), (7, 9), (8, 9)]
3461,6,0,5,9,[(5, 10), (6, 10), (6, 11), (7, 9), (7, 10), (8, 10)]
3462,6,0,5,10,[(5, 11), (6, 11), (6, 12), (7, 10), (7, 11), (8, 11)]
3463,6,0,5,11,[(5, 12), (6, 12), (6, 13), (7, 11), (7, 12), (8, 12)]
3464,6,0,5,12,[(5, 13), (6, 13), (6, 14), (7, 12), (7, 13), (8, 13)]
3465,6,0,5,13,[(5, 14), (6, 14), (6, 15), (7, 13), (7, 14), (8, 14)]
3466,6,0,5,14,[(5, 15), (6, 15), (6, 16), (7, 14), (7, 15), (8, 15)]
3467,6,1,0,0,[(0, 1), (1, 0), (1, 1), (2, 1), (2, 2), (3, 1)]
3468,6,1,0,1,[(0, 2), (1, 1), (1, 2), (2, 2), (2, 3), (3, 2)]
3469,6,1,0,2,[(0, 3), (1, 2), (1, 3), (2, 3), (2, 4), (3, 3)]
3470,6,1,0,3,[(0, 4), (1, 3), (1, 4), (2, 4), (2, 5), (3, 4)]
3471,6,1,0,4,[(0, 5), (1, 4), (1, 5), (2, 5), (2, 6), (3, 5)]
3472,6,1,0,5,[(0, 6), (1, 5), (1, 6), (2, 6), (2, 7), (3, 6)]
3473,6,1,0,6,[(0, 7), (1, 6), (1, 7), (2, 7), (2, 8), (3, 7)]
3474,6,1,0,7,[(0, 8), (1, 7), (1, 8), (2, 8), (2, 9), (3, 8)]
3475,6,1,0,8,[(0, 9), (1, 8), (1, 9), (2, 9), (2, 10), (3, 9)]
3476,6,1,0,9,[(0, 10), (1, 9), (1, 10), (2, 10), (2, 11), (3, 10)]
3477,6,1,0,10,[(0, 11), (1, 10), (1, 11), (2, 11), (2, 12), (3, 11)]
3478,6,1,0,11,[(0, 12), (1, 11), (1, 12), (2, 12), (2, 13), (3, 12)]
3479,6,1,0,12,[(0, 13), (1, 12), (1, 13), (2, 13), (2, 14), (3, 13)]
3480,6,1,0,13,[(0, 14), (1, 13), (1, 14), (2, 14), (2, 15), (3, 14)]
3481,6,1,0,14,[(0, 15), (1, 14), (1, 15), (2, 15), (2, 16), (3, 15)]
3482,6,1,1,0,[(1, 1), (2, 0), (2, 1), (3, 1), (3, 2), (4, 1)]
3483,6,1,1,1,[(1, 2), (2, 1), (2, 2), (3, 2), (3, 3), (4, 2)]
3484,6,1,1,2,[(1, 3), (2, 2), (2, 3), (3, 3), (3, 4), (4, 3)]
3485,6,1,1,3,[(1, 4), (2, 3), (2, 4), (3, 4), (3, 5), (4, 4)]
3486,6,1,1,4,[(1, 5), (2, 4), (2, 5), (3, 5), (3, 6), (4, 5)]
3487,6,1,1,5,[(1, 6), (2, 5), (2, 6), (3, 6), (3, 7), (4, 6)]
3488,6,1,1,6,[(1, 7), (2, 6), (2, 7), (3, 7), (3, 8), (4, 7)]
3489,6,1,1,7,[(1, 8), (2, 7), (2, 8), (3, 8), (3, 9), (4, 8)]
3490,6,1,1,8,[(1, 9), (2, 8), (2, 9), (3, 9), (3, 10), (4, 9)]
3491,6,1,1,9,[(1, 10), (2, 9), (2, 10), (3, 10), (3, 11), (4, 10)]
3492,6,1,1,10,[(1, 11), (2, 10), (2, 11), (3, 11), (3, 12), (4, 11)]
3493,6,1,1,11,[(1, 12), (2, 11), (2, 12), (3, 12), (3, 13), (4, 12)]
3494,6,1,1,12,[(1, 13), (2, 12), (2, 13), (3, 13), (3, 14), (4, 13)]
3495,6,1,1,13,[(1, 14), (2, 13), (2, 14), (3, 14), (3, 15), (4, 14)]
3496,6,1,1,14,[(1, 15), (2, 14), (2, 15), (3, 15), (3, 16), (4, 15)]
3497,6,1,2,0,[(2, 1), (3, 0), (3, 1), (4, 1), (4, 2), (5, 1)]
3498,6,1,2,1,[(2, 2), (3, 1), (3, 2), (4, 2), (4, 3), (5, 2)]
3499,6,1,2,2,[(2, 3), (3, 2), (3, 3), (4, 3), (4, 4), (5, 3)]
3500,6,1,2,3,[(2, 4), (3, 3), (3, 4), (4, 4), (4, 5), (5, 4)]
3501,6,1,2,4,[(2, 5), (3, 4), (3, 5), (4, 5), (4, 6), (5, 5)]
3502,6,1,2,5,[(2, 6), (3, 5), (3, 6), (4, 6), (4, 7), (5, 6)]
3503,6,1,2,6,[(2, 7), (3, 6), (3, 7), (4, 7), (4, 8), (5, 7)]
3504,6,1,2,7,[(2, 8), (3, 7), (3, 8), (4, 8), (4, 9), (5, 8)]
3505,6,1,2,8,[(2, 9), (3, 8), (3, 9), (4, 9), (4, 10), (5, 9)]
3506,6,1,2,9,[(2, 10), (3, 9), (3, 10), (4, 10), (4, 11), (5, 10)]
3507,6,1,2,10,[(2, 11), (3, 10), (3, 11), (4, 11), (4, 12), (5, 11)]
3508,6,1,2,11,[(2, 12), (3, 11), (3, 12), (4, 12), (4, 13), (5, 12)]
3509,6,1,2,12,[(2, 13), (3, 12), (3, 13), (4, 13), (4, 14), (5, 13)]
3510,6,1,2,13,[(2, 14), (3, 13), (3, 14), (4, 14), (4, 15), (5, 14)]
3511,6,1,2,14,[(2, 15), (3, 14), (3, 15), (4, 15), (4, 16), (5, 15)]
3512,6,1,3,0,[(3, 1), (4, 0), (4, 1), (5, 1), (5, 2), (6, 1)]
3513,6,1,3,1,[(3, 2), (4, 1), (4, 2), (5, 2), (5, 3), (6, 2)]
3514,6,1,3,2,[(3, 3), (4, 2), (4, 3), (5, 3), (5, 4), (6, 3)]
3515,6,1,3,3,[(3, 4), (4, 3), (4, 4), (5, 4), (5, 5), (6, 4)]
3516,6,1,3,4,[(3, 5), (4, 4), (4, 5), (5, 5), (5, 6), (6, 5)]
3517,6,1,3,5,[(3, 6), (4, 5), (4, 6), (5, 6), (5, 7), (6, 6)]
3518,6,1,3,6,[(3, 7), (4, 6), (4, 7), (5, 7), (5, 8), (6, 7)]
3519,6,1,3,7,[(3, 8), (4, 7), (4, 8), (5, 8), (5, 9), (6, 8)]
3520,6,1,3,8,[(3, 9), (4, 8), (4, 9), (5, 9), (5, 10), (6, 9)]
3521,6,1,3,9,[(3, 10), (4, 9), (4, 10), (5, 10), (5, 11), (6, 10)]
3522,6,1,3,10,[(3, 11), (4, 10), (4, 11), (5, 11), (5, 12), (6, 11)]
3523,6,1,3,11,[(3, 12), (4, 11), (4, 12), (5, 12), (5, 13), (6, 12)]
3524,6,1,3,12,[(3, 13), (4, 12), (4, 13), (5, 13), (5, 14), (6, 13)]
3525,6,1,3,13,[(3, 14), (4, 13), (4, 14), (5, 14), (5, 15), (6, 14)]
3526,6,1,3,14,[(3, 15), (4, 14), (4, 15), (5, 15), (5, 16), (6, 15)]
3527,6,1,4,0,[(4, 1), (5, 0), (5, 1), (6, 1), (6, 2), (7, 1)]
3528,6,1,4,1,[(4, 2), (5, 1), (5, 2), (6, 2), (6, 3), (7, 2)]
3529,6,1,4,2,[(4, 3), (5, 2), (5, 3), (6, 3), (6, 4), (7, 3)]
3530,6,1,4,3,[(4, 4), (5, 3), (5, 4), (6, 4), (6, 5), (7, 4)]
3531,6,1,4,4,[(4, 5), (5, 4), (5, 5), (6, 5), (6, 6), (7, 5)]
3532,6,1,4,5,[(4, 6), (5, 5), (5, 6), (6, 6), (6, 7), (7, 6)]
3533,6,1,4,6,[(4, 7), (5, 6), (5, 7), (6, 7), (6, 8), (7, 7)]
3534,6,1,4,7,[(4, 8), (5, 7), (5, 8), (6, 8), (6, 9), (7, 8)]
3535,6,1,4,8,[(4, 9), (5, 8), (5, 9), (6, 9), (6, 10), (7, 9)]
3536,6,1,4,9,[(4, 10), (5, 9), (5, 10), (6, 10), (6, 11), (7, 10)]
3537,6,1,4,10,[(4, 11), (5, 10), (5, 11), (6, 11), (6, 12), (7, 11)]
3538,6,1,4,11,[(4, 12), (5, 11), (5, 12), (6, 12), (6, 13), (7, 12)]
3539,6,1,4,12,[(4, 13), (5, 12), (5, 13), (6, 13), (6, 14), (7, 13)]
3540,6,1,4,13,[(4, 14), (5, 13), (5, 14), (6, 14), (6, 15), (7, 14)]
3541,6,1,4,14,[(4, 15), (5, 14), (5, 15), (6, 15), (6, 16), (7, 15)]
3542,6,1,5,0,[(5, 1), (6, 0), (6, 1), (7, 1), (7, 2), (8, 1)]
3543,6,1,5,1,[(5, 2), (6, 1), (6, 2), (7, 2), (7, 3), (8, 2)]
3544,6,1,5,2,[(5, 3), (6, 2), (6, 3), (7, 3), (7, 4), (8, 3)]
3545,6,1,5,3,[(5, 4), (6, 3), (6, 4), (7, 4), (7, 5), (8, 4)]
3546,6,1,5,4,[(5, 5), (6, 4), (6, 5), (7, 5), (7, 6), (8, 5)]
3547,6,1,5,5,[(5, 6), (6, 5), (6, 6), (7, 6), (7, 7), (8, 6)]
3548,6,1,5,6,[(5, 7), (6, 6), (6, 7), (7, 7), (7, 8), (8, 7)]
3549,6,1,5,7,[(5, 8), (6, 7), (6, 8), (7, 8), (7, 9), (8, 8)]
3550,6,1,5,8,[(5, 9), (6, 8), (6, 9), (7, 9), (7, 10), (8, 9)]
3551,6,1,5,9,[(5, 10), (6, 9), (6, 10), (7, 10), (7, 11), (8, 10)]
3552,6,1,5,10,[(5, 11), (6, 10), (6, 11), (7, 11), (7, 12), (8, 11)]
3553,6,1,5,11,[(5, 12), (6, 11), (6, 12), (7, 12), (7, 13), (8, 12)]
3554,6,1,5,12,[(5, 13), (6, 12), (6, 13), (7, 13), (7, 14), (8, 13)]
3555,6,1,5,13,[(5, 14), (6, 13), (6, 14), (7, 14), (7, 15), (8, 14)]
3556,6,1,5,14,[(5, 15), (6, 14), (6, 15), (7, 15), (7, 16), (8, 15)]
3557,6,2,0,0,[(0, 1), (1, 0), (1, 1), (1, 2), (1, 3), (2, 2)]
3558,6,2,0,1,[(0, 2), (1, 1), (1, 2), (1, 3), (1, 4), (2, 3)]
3559,6,2,0,2,[(0, 3), (1, 2), (1, 3), (1, 4), (1, 5), (2, 4)]
3560,6,2,0,3,[(0, 4), (1, 3), (1, 4), (1, 5), (1, 6), (2, 5)]
3561,6,2,0,4,[(0, 5), (1, 4), (1, 5), (1, 6), (1, 7), (2, 6)]
3562,6,2,0,5,[(0, 6), (1, 5), (1, 6), (1, 7), (1, 8), (2, 7)]
3563,6,2,0,6,[(0, 7), (1, 6), (1, 7), (1, 8), (1, 9), (2, 8)]
3564,6,2,0,7,[(0, 8), (1, 7), (1, 8), (1, 9), (1, 10), (2, 9)]
3565,6,2,0,8,[(0, 9), (1, 8), (1, 9), (1, 10), (1, 11), (2, 10)]
3566,6,2,0,9,[(0, 10), (1, 9), (1, 10), (1, 11), (1, 12), (2, 11)]
3567,6,2,0,10,[(0, 11), (1, 10), (1, 11), (1, 12), (1, 13), (2, 12)]
3568,6,2,0,11,[(0, 12), (1, 11), (1, 12), (1, 13), (1, 14), (2, 13)]
3569,6,2,0,12,[(0, 13), (1, 12), (1, 13), (1, 14), (1, 15), (2, 14)]
3570,6,2,0,13,[(0, 14), (1, 13), (1, 14), (1, 15), (1, 16), (2, 15)]
3571,6,2,1,0,[(1, 1), (2, 0), (2, 1), (2, 2), (2, 3), (3, 2)]
3572,6,2,1,1,[(1, 2), (2, 1), (2, 2), (2, 3), (2, 4), (3, 3)]
3573,6,2,1,2,[(1, 3), (2, 2), (2, 3), (2, 4), (2, 5), (3, 4)]
3574,6,2,1,3,[(1, 4), (2, 3), (2, 4), (2, 5), (2, 6), (3, 5)]
3575,6,2,1,4,[(1, 5), (2, 4), (2, 5), (2, 6), (2, 7), (3, 6)]
3576,6,2,1,5,[(1, 6), (2, 5), (2, 6), (2, 7), (2, 8), (3, 7)]
3577,6,2,1,6,[(1, 7), (2, 6), (2, 7), (2, 8), (2, 9), (3, 8)]
3578,6,2,1,7,[(1, 8), (2, 7), (2, 8), (2, 9), (2, 10), (3, 9)]
3579,6,2,1,8,[(1, 9), (2, 8), (2, 9), (2, 10), (2, 11), (3, 10)]
3580,6,2,1,9,[(1, 10), (2, 9), (2, 10), (2, 11), (2, 12), (3, 11)]
3581,6,2,1,10,[(1, 11), (2, 10), (2, 11), (2, 12), (2, 13), (3, 12)]
3582,6,2,1,11,[(1, 12), (2, 11), (2, 12), (2, 13), (2, 14), (3, 13)]
3583,6,2,1,12,[(1, 13), (2, 12), (2, 13), (2, 14), (2, 15), (3, 14)]
3584,6,2,1,13,[(1, 14), (2, 13), (2, 14), (2, 15), (2, 16), (3, 15)]
3585,6,2,2,0,[(2, 1), (3, 0), (3, 1), (3, 2), (3, 3), (4, 2)]
3586,6,2,2,1,[(2, 2), (3, 1), (3, 2), (3, 3), (3, 4), (4, 3)]
3587,6,2,2,2,[(2, 3), (3, 2), (3, 3), (3, 4), (3, 5), (4, 4)]
3588,6,2,2,3,[(2, 4), (3, 3), (3, 4), (3, 5), (3, 6), (4, 5)]
3589,6,2,2,4,[(2, 5), (3, 4), (3, 5), (3, 6), (3, 7), (4, 6)]
3590,6,2,2,5,[(2, 6), (3, 5), (3, 6), (3, 7), (3, 8), (4, 7)]
3591,6,2,2,6,[(2, 7), (3, 6), (3, 7), (3, 8), (3, 9), (4, 8)]
3592,6,2,2,7,[(2, 8), (3, 7), (3, 8), (3, 9), (3, 10), (4, 9)]
3593,6,2,2,8,[(2, 9), (3, 8), (3, 9), (3, 10), (3, 11), (4, 10)]
3594,6,2,2,9,[(2, 10), (3, 9), (3, 10), (3, 11), (3, 12), (4, 11)]
3595,6,2,2,10,[(2, 11), (3, 10), (3, 11), (3, 12), (3, 13), (4, 12)]
3596,6,2,2,11,[(2, 12), (3, 11), (3, 12), (3, 13), (3, 14), (4, 13)]
3597,6,2,2,12,[(2, 13), (3, 12), (3, 13), (3, 14), (3, 15), (4, 14)]
3598,6,2,2,13,[(2, 14), (3, 13), (3, 14), (3, 15), (3, 16), (4, 15)]
3599,6,2,3,0,[(3, 1), (4, 0), (4, 1), (4, 2), (4, 3), (5, 2)]
3600,6,2,3,1,[(3, 2), (4, 1), (4, 2), (4, 3), (4, 4), (5, 3)]
3601,6,2,3,2,[(3, 3), (4, 2), (4, 3), (4, 4), (4, 5), (5, 4)]
3602,6,2,3,3,[(3, 4), (4, 3), (4, 4), (4, 5), (4, 6), (5, 5)]
3603,6,2,3,4,[(3, 5), (4, 4), (4, 5), (4, 6), (4, 7), (5, 6)]
3604,6,2,3,5,[(3, 6), (4, 5), (4, 6), (4, 7), (4, 8), (5, 7)]
3605,6,2,3,6,[(3, 7), (4, 6), (4, 7), (4, 8), (4, 9), (5, 8)]
3606,6,2,3,7,[(3, 8), (4, 7), (4, 8), (4, 9), (4, 10), (5, 9)]
3607,6,2,3,8,[(3, 9), (4, 8), (4, 9), (4, 10), (4, 11), (5, 10)]
3608,6,2,3,9,[(3, 10), (4, 9), (4, 10), (4, 11), (4, 12), (5, 11)]
3609,6,2,3,10,[(3, 11), (4, 10), (4, 11), (4, 12), (4, 13), (5, 12)]
3610,6,2,3,11,[(3, 12), (4, 11), (4, 12), (4, 13), (4, 14), (5, 13)]
3611,6,2,3,12,[(3, 13), (4, 12), (4, 13), (4, 14), (4, 15), (5, 14)]
3612,6,2,3,13,[(3, 14), (4, 13), (4, 14), (4, 15), (4, 16), (5, 15)]
3613,6,2,4,0,[(4, 1), (5, 0), (5, 1), (5, 2), (5, 3), (6, 2)]
3614,6,2,4,1,[(4, 2), (5, 1), (5, 2), (5, 3), (5, 4), (6, 3)]
3615,6,2,4,2,[(4, 3), (5, 2), (5, 3), (5, 4), (5, 5), (6, 4)]
3616,6,2,4,3,[(4, 4), (5, 3), (5, 4), (5, 5), (5, 6), (6, 5)]
3617,6,2,4,4,[(4, 5), (5, 4), (5, 5), (5, 6), (5, 7), (6, 6)]
3618,6,2,4,5,[(4, 6), (5, 5), (5, 6), (5, 7), (5, 8), (6, 7)]
3619,6,2,4,6,[(4, 7), (5, 6), (5, 7), (5, 8), (5, 9), (6, 8)]
3620,6,2,4,7,[(4, 8), (5, 7), (5, 8), (5, 9), (5, 10), (6, 9)]
3621,6,2,4,8,[(4, 9), (5, 8), (5, 9), (5, 10), (5, 11), (6, 10)]
3622,6,2,4,9,[(4, 10), (5, 9), (5, 10), (5, 11), (5, 12), (6, 11)]
3623,6,2,4,10,[(4, 11), (5, 10), (5, 11), (5, 12), (5, 13), (6, 12)]
3624,6,2,4,11,[(4, 12), (5, 11), (5, 12), (5, 13), (5, 14), (6, 13)]
3625,6,2,4,12,[(4, 13), (5, 12), (5, 13), (5, 14), (5, 15), (6, 14)]
3626,6,2,4,13,[(4, 14), (5, 13), (5, 14), (5, 15), (5, 16), (6, 15)]
3627,6,2,5,0,[(5, 1), (6, 0), (6, 1), (6, 2), (6, 3), (7, 2)]
3628,6,2,5,1,[(5, 2), (6, 1), (6, 2), (6, 3), (6, 4), (7, 3)]
3629,6,2,5,2,[(5, 3), (6, 2), (6, 3), (6, 4), (6, 5), (7, 4)]
3630,6,2,5,3,[(5, 4), (6, 3), (6, 4), (6, 5), (6, 6), (7, 5)]
3631,6,2,5,4,[(5, 5), (6, 4), (6, 5), (6, 6), (6, 7), (7, 6)]
3632,6,2,5,5,[(5, 6), (6, 5), (6, 6), (6, 7), (6, 8), (7, 7)]
3633,6,2,5,6,[(5, 7), (6, 6), (6, 7), (6, 8), (6, 9), (7, 8)]
3634,6,2,5,7,[(5, 8), (6, 7), (6, 8), (6, 9), (6, 10), (7, 9)]
3635,6,2,5,8,[(5, 9), (6, 8), (6, 9), (6, 10), (6, 11), (7, 10)]
3636,6,2,5,9,[(5, 10), (6, 9), (6, 10), (6, 11), (6, 12), (7, 11)]
3637,6,2,5,10,[(5, 11), (6, 10), (6, 11), (6, 12), (6, 13), (7, 12)]
3638,6,2,5,11,[(5, 12), (6, 11), (6, 12), (6, 13), (6, 14), (7, 13)]
3639,6,2,5,12,[(5, 13), (6, 12), (6, 13), (6, 14), (6, 15), (7, 14)]
3640,6,2,5,13,[(5, 14), (6, 13), (6, 14), (6, 15), (6, 16), (7, 15)]
3641,6,2,6,0,[(6, 1), (7, 0), (7, 1), (7, 2), (7, 3), (8, 2)]
3642,6,2,6,1,[(6, 2), (7, 1), (7, 2), (7, 3), (7, 4), (8, 3)]
3643,6,2,6,2,[(6, 3), (7, 2), (7, 3), (7, 4), (7, 5), (8, 4)]
3644,6,2,6,3,[(6, 4), (7, 3), (7, 4), (7, 5), (7, 6), (8, 5)]
3645,6,2,6,4,[(6, 5), (7, 4), (7, 5), (7, 6), (7, 7), (8, 6)]
3646,6,2,6,5,[(6, 6), (7, 5), (7, 6), (7, 7), (7, 8), (8, 7)]
3647,6,2,6,6,[(6, 7), (7, 6), (7, 7), (7, 8), (7, 9), (8, 8)]
3648,6,2,6,7,[(6, 8), (7, 7), (7, 8), (7, 9), (7, 10), (8, 9)]
3649,6,2,6,8,[(6, 9), (7, 8), (7, 9), (7, 10), (7, 11), (8, 10)]
3650,6,2,6,9,[(6, 10), (7, 9), (7, 10), (7, 11), (7, 12), (8, 11)]
3651,6,2,6,10,[(6, 11), (7, 10), (7, 11), (7, 12), (7, 13), (8, 12)]
3652,6,2,6,11,[(6, 12), (7, 11), (7, 12), (7, 13), (7, 14), (8, 13)]
3653,6,2,6,12,[(6, 13), (7, 12), (7, 13), (7, 14), (7, 15), (8, 14)]
3654,6,2,6,13,[(6, 14), (7, 13), (7, 14), (7, 15), (7, 16), (8, 15)]
3655,6,3,0,0,[(0, 2), (1, 0), (1, 1), (1, 2), (1, 3), (2, 1)]
3656,6,3,0,1,[(0, 3), (1, 1), (1, 2), (1, 3), (1, 4), (2, 2)]
3657,6,3,0,2,[(0, 4), (1, 2), (1, 3), (1, 4), (1, 5), (2, 3)]
3658,6,3,0,3,[(0, 5), (1, 3), (1, 4), (1, 5), (1, 6), (2, 4)]
3659,6,3,0,4,[(0, 6), (1, 4), (1, 5), (1, 6), (1, 7), (2, 5)]
3660,6,3,0,5,[(0, 7), (1, 5), (1, 6), (1, 7), (1, 8), (2, 6)]
3661,6,3,0,6,[(0, 8), (1, 6), (1, 7), (1, 8), (1, 9), (2, 7)]
3662,6,3,0,7,[(0, 9), (1, 7), (1, 8), (1, 9), (1, 10), (2, 8)]
3663,6,3,0,8,[(0, 10), (1, 8), (1, 9), (1, 10), (1, 11), (2, 9)]
3664,6,3,0,9,[(0, 11), (1, 9), (1, 10), (1, 11), (1, 12), (2, 10)]
3665,6,3,0,10,[(0, 12), (1, 10), (1, 11), (1, 12), (1, 13), (2, 11)]
3666,6,3,0,11,[(0, 13), (1, 11), (1, 12), (1, 13), (1, 14), (2, 12)]
3667,6,3,0,12,[(0, 14), (1, 12), (1, 13), (1, 14), (1, 15), (2, 13)]
3668,6,3,0,13,[(0, 15), (1, 13), (1, 14), (1, 15), (1, 16), (2, 14)]
3669,6,3,1,0,[(1, 2), (2, 0), (2, 1), (2, 2), (2, 3), (3, 1)]
3670,6,3,1,1,[(1, 3), (2, 1), (2, 2), (2, 3), (2, 4), (3, 2)]
3671,6,3,1,2,[(1, 4), (2, 2), (2, 3), (2, 4), (2, 5), (3, 3)]
3672,6,3,1,3,[(1, 5), (2, 3), (2, 4), (2, 5), (2, 6), (3, 4)]
3673,6,3,1,4,[(1, 6), (2, 4), (2, 5), (2, 6), (2, 7), (3, 5)]
3674,6,3,1,5,[(1, 7), (2, 5), (2, 6), (2, 7), (2, 8), (3, 6)]
3675,6,3,1,6,[(1, 8), (2, 6), (2, 7), (2, 8), (2, 9), (3, 7)]
3676,6,3,1,7,[(1, 9), (2, 7), (2, 8), (2, 9), (2, 10), (3, 8)]
3677,6,3,1,8,[(1, 10), (2, 8), (2, 9), (2, 10), (2, 11), (3, 9)]
3678,6,3,1,9,[(1, 11), (2, 9), (2, 10), (2, 11), (2, 12), (3, 10)]
3679,6,3,1,10,[(1, 12), (2, 10), (2, 11), (2, 12), (2, 13), (3, 11)]
3680,6,3,1,11,[(1, 13), (2, 11), (2, 12), (2, 13), (2, 14), (3, 12)]
3681,6,3,1,12,[(1, 14), (2, 12), (2, 13), (2, 14), (2, 15), (3, 13)]
3682,6,3,1,13,[(1, 15), (2, 13), (2, 14), (2, 15), (2, 16), (3, 14)]
3683,6,3,2,0,[(2, 2), (3, 0), (3, 1), (3, 2), (3, 3), (4, 1)]
3684,6,3,2,1,[(2, 3), (3, 1), (3, 2), (3, 3), (3, 4), (4, 2)]
3685,6,3,2,2,[(2, 4), (3, 2), (3, 3), (3, 4), (3, 5), (4, 3)]
3686,6,3,2,3,[(2, 5), (3, 3), (3, 4), (3, 5), (3, 6), (4, 4)]
3687,6,3,2,4,[(2, 6), (3, 4), (3, 5), (3, 6), (3, 7), (4, 5)]
3688,6,3,2,5,[(2, 7), (3, 5), (3, 6), (3, 7), (3, 8), (4, 6)]
3689,6,3,2,6,[(2, 8), (3, 6), (3, 7), (3, 8), (3, 9), (4, 7)]
3690,6,3,2,7,[(2, 9), (3, 7), (3, 8), (3, 9), (3, 10), (4, 8)]
3691,6,3,2,8,[(2, 10), (3, 8), (3, 9), (3, 10), (3, 11), (4, 9)]
3692,6,3,2,9,[(2, 11), (3, 9), (3, 10), (3, 11), (3, 12), (4, 10)]
3693,6,3,2,10,[(2, 12), (3, 10), (3, 11), (3, 12), (3, 13), (4, 11)]
3694,6,3,2,11,[(2, 13), (3, 11), (3, 12), (3, 13), (3, 14), (4, 12)]
3695,6,3,2,12,[(2, 14), (3, 12), (3, 13), (3, 14), (3, 15), (4, 13)]
3696,6,3,2,13,[(2, 15), (3, 13), (3, 14), (3, 15), (3, 16), (4, 14)]
3697,6,3,3,0,[(3, 2), (4, 0), (4, 1), (4, 2), (4, 3), (5, 1)]
3698,6,3,3,1,[(3, 3), (4, 1), (4, 2), (4, 3), (4, 4), (5, 2)]
3699,6,3,3,2,[(3, 4), (4, 2), (4, 3), (4, 4), (4, 5), (5, 3)]
3700,6,3,3,3,[(3, 5), (4, 3), (4, 4), (4, 5), (4, 6), (5, 4)]
3701,6,3,3,4,[(3, 6), (4, 4), (4, 5), (4, 6), (4, 7), (5, 5)]
3702,6,3,3,5,[(3, 7), (4, 5), (4, 6), (4, 7), (4, 8), (5, 6)]
3703,6,3,3,6,[(3, 8), (4, 6), (4, 7), (4, 8), (4, 9), (5, 7)]
3704,6,3,3,7,[(3, 9), (4, 7), (4, 8), (4, 9), (4, 10), (5, 8)]
3705,6,3,3,8,[(3, 10), (4, 8), (4, 9), (4, 10), (4, 11), (5, 9)]
3706,6,3,3,9,[(3, 11), (4, 9), (4, 10), (4, 11), (4, 12), (5, 10)]
3707,6,3,3,10,[(3, 12), (4, 10), (4, 11), (4, 12), (4, 13), (5, 11)]
3708,6,3,3,11,[(3, 13), (4, 11), (4, 12), (4, 13), (4, 14), (5, 12)]
3709,6,3,3,12,[(3, 14), (4, 12), (4, 13), (4, 14), (4, 15), (5, 13)]
3710,6,3,3,13,[(3, 15), (4, 13), (4, 14), (4, 15), (4, 16), (5, 14)]
3711,6,3,4,0,[(4, 2), (5, 0), (5, 1), (5, 2), (5, 3), (6, 1)]
3712,6,3,4,1,[(4, 3), (5, 1), (5, 2), (5, 3), (5, 4), (6, 2)]
3713,6,3,4,2,[(4, 4), (5, 2), (5, 3), (5, 4), (5, 5), (6, 3)]
3714,6,3,4,3,[(4, 5), (5, 3), (5, 4), (5, 5), (5, 6), (6, 4)]
3715,6,3,4,4,[(4, 6), (5, 4), (5, 5), (5, 6), (5, 7), (6, 5)]
3716,6,3,4,5,[(4, 7), (5, 5), (5, 6), (5, 7), (5, 8), (6, 6)]
3717,6,3,4,6,[(4, 8), (5, 6), (5, 7), (5, 8), (5, 9), (6, 7)]
3718,6,3,4,7,[(4, 9), (5, 7), (5, 8), (5, 9), (5, 10), (6, 8)]
3719,6,3,4,8,[(4, 10), (5, 8), (5, 9), (5, 10), (5, 11), (6, 9)]
3720,6,3,4,9,[(4, 11), (5, 9), (5, 10), (5, 11), (5, 12), (6, 10)]
3721,6,3,4,10,[(4, 12), (5, 10), (5, 11), (5, 12), (5, 13), (6, 11)]
3722,6,3,4,11,[(4, 13), (5, 11), (5, 12), (5, 13), (5, 14), (6, 12)]
3723,6,3,4,12,[(4, 14), (5, 12), (5, 13), (5, 14), (5, 15), (6, 13)]
3724,6,3,4,13,[(4, 15), (5, 13), (5, 14), (5, 15), (5, 16), (6, 14)]
3725,6,3,5,0,[(5, 2), (6, 0), (6, 1), (6, 2), (6, 3), (7, 1)]
3726,6,3,5,1,[(5, 3), (6, 1), (6, 2), (6, 3), (6, 4), (7, 2)]
3727,6,3,5,2,[(5, 4), (6, 2), (6, 3), (6, 4), (6, 5), (7, 3)]
3728,6,3,5,3,[(5, 5), (6, 3), (6, 4), (6, 5), (6, 6), (7, 4)]
3729,6,3,5,4,[(5, 6), (6, 4), (6, 5), (6, 6), (6, 7), (7, 5)]
3730,6,3,5,5,[(5, 7), (6, 5), (6, 6), (6, 7), (6, 8), (7, 6)]
3731,6,3,5,6,[(5, 8), (6, 6), (6, 7), (6, 8), (6, 9), (7, 7)]
3732,6,3,5,7,[(5, 9), (6, 7), (6, 8), (6, 9), (6, 10), (7, 8)]
3733,6,3,5,8,[(5, 10), (6, 8), (6, 9), (6, 10), (6, 11), (7, 9)]
3734,6,3,5,9,[(5, 11), (6, 9), (6, 10), (6, 11), (6, 12), (7, 10)]
3735,6,3,5,10,[(5, 12), (6, 10), (6, 11), (6, 12), (6, 13), (7, 11)]
3736,6,3,5,11,[(5, 13), (6, 11), (6, 12), (6, 13), (6, 14), (7, 12)]
3737,6,3,5,12,[(5, 14), (6, 12), (6, 13), (6, 14), (6, 15), (7, 13)]
3738,6,3,5,13,[(5, 15), (6, 13), (6, 14), (6, 15), (6, 16), (7, 14)]
3739,6,3,6,0,[(6, 2), (7, 0), (7, 1), (7, 2), (7, 3), (8, 1)]
3740,6,3,6,1,[(6, 3), (7, 1), (7, 2), (7, 3), (7, 4), (8, 2)]
3741,6,3,6,2,[(6, 4), (7, 2), (7, 3), (7, 4), (7, 5), (8, 3)]
3742,6,3,6,3,[(6, 5), (7, 3), (7, 4), (7, 5), (7, 6), (8, 4)]
3743,6,3,6,4,[(6, 6), (7, 4), (7, 5), (7, 6), (7, 7), (8, 5)]
3744,6,3,6,5,[(6, 7), (7, 5), (7, 6), (7, 7), (7, 8), (8, 6)]
3745,6,3,6,6,[(6, 8), (7, 6), (7, 7), (7, 8), (7, 9), (8, 7)]
3746,6,3,6,7,[(6, 9), (7, 7), (7, 8), (7, 9), (7, 10), (8, 8)]
3747,6,3,6,8,[(6, 10), (7, 8), (7, 9), (7, 10), (7, 11), (8, 9)]
3748,6,3,6,9,[(6, 11), (7, 9), (7, 10), (7, 11), (7, 12), (8, 10)]
3749,6,3,6,10,[(6, 12), (7, 10), (7, 11), (7, 12), (7, 13), (8, 11)]
3750,6,3,6,11,[(6, 13), (7, 11), (7, 12), (7, 13), (7, 14), (8, 12)]
3751,6,3,6,12,[(6, 14), (7, 12), (7, 13), (7, 14), (7, 15), (8, 13)]
3752,6,3,6,13,[(6, 15), (7, 13), (7, 14), (7, 15), (7, 16), (8, 14)]
3753,7,0,0,0,[(0, 0), (0, 1), (1, 1), (2, 1), (2, 2), (3, 2)]
3754,7,0,0,1,[(0, 1), (0, 2), (1, 2), (2, 2), (2, 3), (3, 3)]
3755,7,0,0,2,[(0, 2), (0, 3), (1, 3), (2, 3), (2, 4), (3, 4)]
3756,7,0,0,3,[(0, 3), (0, 4), (1, 4), (2, 4), (2, 5), (3, 5)]
3757,7,0,0,4,[(0, 4), (0, 5), (1, 5), (2, 5), (2, 6), (3, 6)]
3758,7,0,0,5,[(0, 5), (0, 6), (1, 6), (2, 6), (2, 7), (3, 7)]
3759,7,0,0,6,[(0, 6), (0, 7), (1, 7), (2, 7), (2, 8), (3, 8)]
3760,7,0,0,7,[(0, 7), (0, 8), (1, 8), (2, 8), (2, 9), (3, 9)]
3761,7,0,0,8,[(0, 8), (0, 9), (1, 9), (2, 9), (2, 10), (3, 10)]
3762,7,0,0,9,[(0, 9), (0, 10), (1, 10), (2, 10), (2, 11), (3, 11)]
3763,7,0,0,10,[(0, 10), (0, 11), (1, 11), (2, 11), (2, 12), (3, 12)]
3764,7,0,0,11,[(0, 11), (0, 12), (1, 12), (2, 12), (2, 13), (3, 13)]
3765,7,0,0,12,[(0, 12), (0, 13), (1, 13), (2, 13), (2, 14), (3, 14)]
3766,7,0,0,13,[(0, 13), (0, 14), (1, 14), (2, 14), (2, 15), (3, 15)]
3767,7,0,0,14,[(0, 14), (0, 15), (1, 15), (2, 15), (2, 16), (3, 16)]
3768,7,0,1,0,[(1, 0), (1, 1), (2, 1), (3, 1), (3, 2), (4, 2)]
3769,7,0,1,1,[(1, 1), (1, 2), (2, 2), (3, 2), (3, 3), (4, 3)]
3770,7,0,1,2,[(1, 2), (1, 3), (2, 3), (3, 3), (3, 4), (4, 4)]
3771,7,0,1,3,[(1, 3), (1, 4), (2, 4), (3, 4), (3, 5), (4, 5)]
3772,7,0,1,4,[(1, 4), (1, 5), (2, 5), (3, 5), (3, 6), (4, 6)]
3773,7,0,1,5,[(1, 5), (1, 6), (2, 6), (3, 6), (3, 7), (4, 7)]
3774,7,0,1,6,[(1, 6), (1, 7), (2, 7), (3, 7), (3, 8), (4, 8)]
3775,7,0,1,7,[(1, 7), (1, 8), (2, 8), (3, 8), (3, 9), (4, 9)]
3776,7,0,1,8,[(1, 8), (1, 9), (2, 9), (3, 9), (3, 10), (4, 10)]
3777,7,0,1,9,[(1, 9), (1, 10), (2, 10), (3, 10), (3, 11), (4, 11)]
3778,7,0,1,10,[(1, 10), (1, 11), (2, 11), (3, 11), (3, 12), (4, 12)]
3779,7,0,1,11,[(1, 11), (1, 12), (2, 12), (3, 12), (3, 13), (4, 13)]
3780,7,0,1,12,[(1, 12), (1, 13), (2, 13), (3, 13), (3, 14), (4, 14)]
3781,7,0,1,13,[(1, 13), (1, 14), (2, 14), (3, 14), (3, 15), (4, 15)]
3782,7,0,1,14,[(1, 14), (1, 15), (2, 15), (3, 15), (3, 16), (4, 16)]
3783,7,0,2,0,[(2, 0), (2, 1), (3, 1), (4, 1), (4, 2), (5, 2)]
3784,7,0,2,1,[(2, 1), (2, 2), (3, 2), (4, 2), (4, 3), (5, 3)]
3785,7,0,2,2,[(2, 2), (2, 3), (3, 3), (4, 3), (4, 4), (5, 4)]
3786,7,0,2,3,[(2, 3), (2, 4), (3, 4), (4, 4), (4, 5), (5, 5)]
3787,7,0,2,4,[(2, 4), (2, 5), (3, 5), (4, 5), (4, 6), (5, 6)]
3788,7,0,2,5,[(2, 5), (2, 6), (3, 6), (4, 6), (4, 7), (5, 7)]
3789,7,0,2,6,[(2, 6), (2, 7), (3, 7), (4, 7), (4, 8), (5, 8)]
3790,7,0,2,7,[(2, 7), (2, 8), (3, 8), (4, 8), (4, 9), (5, 9)]
3791,7,0,2,8,[(2, 8), (2, 9), (3, 9), (4, 9), (4, 10), (5, 10)]
3792,7,0,2,9,[(2, 9), (2, 10), (3, 10), (4, 10), (4, 11), (5, 11)]
3793,7,0,2,10,[(2, 10), (2, 11), (3, 11), (4, 11), (4, 12), (5, 12)]
3794,7,0,2,11,[(2, 11), (2, 12), (3, 12), (4, 12), (4, 13), (5, 13)]
3795,7,0,2,12,[(2, 12), (2, 13), (3, 13), (4, 13), (4, 14), (5, 14)]
3796,7,0,2,13,[(2, 13), (2, 14), (3, 14), (4, 14), (4, 15), (5, 15)]
3797,7,0,2,14,[(2, 14), (2, 15), (3, 15), (4, 15), (4, 16), (5, 16)]
3798,7,0,3,0,[(3, 0), (3, 1), (4, 1), (5, 1), (5, 2), (6, 2)]
3799,7,0,3,1,[(3, 1), (3, 2), (4, 2), (5, 2), (5, 3), (6, 3)]
3800,7,0,3,2,[(3, 2), (3, 3), (4, 3), (5, 3), (5, 4), (6, 4)]
3801,7,0,3,3,[(3, 3), (3, 4), (4, 4), (5, 4), (5, 5), (6, 5)]
3802,7,0,3,4,[(3, 4), (3, 5), (4, 5), (5, 5), (5, 6), (6, 6)]
3803,7,0,3,5,[(3, 5), (3, 6), (4, 6), (5, 6), (5, 7), (6, 7)]
3804,7,0,3,6,[(3, 6), (3, 7), (4, 7), (5, 7), (5, 8), (6, 8)]
3805,7,0,3,7,[(3, 7), (3, 8), (4, 8), (5, 8), (5, 9), (6, 9)]
3806,7,0,3,8,[(3, 8), (3, 9), (4, 9), (5, 9), (5, 10), (6, 10)]
3807,7,0,3,9,[(3, 9), (3, 10), (4, 10), (5, 10), (5, 11), (6, 11)]
3808,7,0,3,10,[(3, 10), (3, 11), (4, 11), (5, 11), (5, 12), (6, 12)]
3809,7,0,3,11,[(3, 11), (3, 12), (4, 12), (5, 12), (5, 13), (6, 13)]
3810,7,0,3,12,[(3, 12), (3, 13), (4, 13), (5, 13), (5, 14), (6, 14)]
3811,7,0,3,13,[(3, 13), (3, 14), (4, 14), (5, 14), (5, 15), (6, 15)]
3812,7,0,3,14,[(3, 14), (3, 15), (4, 15), (5, 15), (5, 16), (6, 16)]
3813,7,0,4,0,[(4, 0), (4, 1), (5, 1), (6, 1), (6, 2), (7, 2)]
3814,7,0,4,1,[(4, 1), (4, 2), (5, 2), (6, 2), (6, 3), (7, 3)]
3815,7,0,4,2,[(4, 2), (4, 3), (5, 3), (6, 3), (6, 4), (7, 4)]
3816,7,0,4,3,[(4, 3), (4, 4), (5, 4), (6, 4), (6, 5), (7, 5)]
3817,7,0,4,4,[(4, 4), (4, 5), (5, 5), (6, 5), (6, 6), (7, 6)]
3818,7,0,4,5,[(4, 5), (4, 6), (5, 6), (6, 6), (6, 7), (7, 7)]
3819,7,0,4,6,[(4, 6), (4, 7), (5, 7), (6, 7), (6, 8), (7, 8)]
3820,7,0,4,7,[(4, 7), (4, 8), (5, 8), (6, 8), (6, 9), (7, 9)]
3821,7,0,4,8,[(4, 8), (4, 9), (5, 9), (6, 9), (6, 10), (7, 10)]
3822,7,0,4,9,[(4, 9), (4, 10), (5, 10), (6, 10), (6, 11), (7, 11)]
3823,7,0,4,10,[(4, 10), (4, 11), (5, 11), (6, 11), (6, 12), (7, 12)]
3824,7,0,4,11,[(4, 11), (4, 12), (5, 12), (6, 12), (6, 13), (7, 13)]
3825,7,0,4,12,[(4, 12), (4, 13), (5, 13), (6, 13), (6, 14), (7, 14)]
3826,7,0,4,13,[(4, 13), (4, 14), (5, 14), (6, 14), (6, 15), (7, 15)]
3827,7,0,4,14,[(4, 14), (4, 15), (5, 15), (6, 15), (6, 16), (7, 16)]
3828,7,0,5,0,[(5, 0), (5, 1), (6, 1), (7, 1), (7, 2), (8, 2)]
3829,7,0,5,1,[(5, 1), (5, 2), (6, 2), (7, 2), (7, 3), (8, 3)]
3830,7,0,5,2,[(5, 2), (5, 3), (6, 3), (7, 3), (7, 4), (8, 4)]
3831,7,0,5,3,[(5, 3), (5, 4), (6, 4), (7, 4), (7, 5), (8, 5)]
3832,7,0,5,4,[(5, 4), (5, 5), (6, 5), (7, 5), (7, 6), (8, 6)]
3833,7,0,5,5,[(5, 5), (5, 6), (6, 6), (7, 6), (7, 7), (8, 7)]
3834,7,0,5,6,[(5, 6), (5, 7), (6, 7), (7, 7), (7, 8), (8, 8)]
3835,7,0,5,7,[(5, 7), (5, 8), (6, 8), (7, 8), (7, 9), (8, 9)]
3836,7,0,5,8,[(5, 8), (5, 9), (6, 9), (7, 9), (7, 10), (8, 10)]
3837,7,0,5,9,[(5, 9), (5, 10), (6, 10), (7, 10), (7, 11), (8, 11)]
3838,7,0,5,10,[(5, 10), (5, 11), (6, 11), (7, 11), (7, 12), (8, 12)]
3839,7,0,5,11,[(5, 11), (5, 12), (6, 12), (7, 12), (7, 13), (8, 13)]
3840,7,0,5,12,[(5, 12), (5, 13), (6, 13), (7, 13), (7, 14), (8, 14)]
3841,7,0,5,13,[(5, 13), (5, 14), (6, 14), (7, 14), (7, 15), (8, 15)]
3842,7,0,5,14,[(5, 14), (5, 15), (6, 15), (7, 15), (7, 16), (8, 16)]
3843,7,1,0,0,[(0, 1), (0, 2), (1, 1), (2, 0), (2, 1), (3, 0)]
3844,7,1,0,1,[(0, 2), (0, 3), (1, 2), (2, 1), (2, 2), (3, 1)]
3845,7,1,0,2,[(0, 3), (0, 4), (1, 3), (2, 2), (2, 3), (3, 2)]
3846,7,1,0,3,[(0, 4), (0, 5), (1, 4), (2, 3), (2, 4), (3, 3)]
3847,7,1,0,4,[(0, 5), (0, 6), (1, 5), (2, 4), (2, 5), (3, 4)]
3848,7,1,0,5,[(0, 6), (0, 7), (1, 6), (2, 5), (2, 6), (3, 5)]
3849,7,1,0,6,[(0, 7), (0, 8), (1, 7), (2, 6), (2, 7), (3, 6)]
3850,7,1,0,7,[(0, 8), (0, 9), (1, 8), (2, 7), (2, 8), (3, 7)]
3851,7,1,0,8,[(0, 9), (0, 10), (1, 9), (2, 8), (2, 9), (3, 8)]
3852,7,1,0,9,[(0, 10), (0, 11), (1, 10), (2, 9), (2, 10), (3, 9)]
3853,7,1,0,10,[(0, 11), (0, 12), (1, 11), (2, 10), (2, 11), (3, 10)]
3854,7,1,0,11,[(0, 12), (0, 13), (1, 12), (2, 11), (2, 12), (3, 11)]
3855,7,1,0,12,[(0, 13), (0, 14), (1, 13), (2, 12), (2, 13), (3, 12)]
3856,7,1,0,13,[(0, 14), (0, 15), (1, 14), (2, 13), (2, 14), (3, 13)]
3857,7,1,0,14,[(0, 15), (0, 16), (1, 15), (2, 14), (2, 15), (3, 14)]
3858,7,1,1,0,[(1, 1), (1, 2), (2, 1), (3, 0), (3, 1), (4, 0)]
3859,7,1,1,1,[(1, 2), (1, 3), (2, 2), (3, 1), (3, 2), (4, 1)]
3860,7,1,1,2,[(1, 3), (1, 4), (2, 3), (3, 2), (3, 3), (4, 2)]
3861,7,1,1,3,[(1, 4), (1, 5), (2, 4), (3, 3), (3, 4), (4, 3)]
3862,7,1,1,4,[(1, 5), (1, 6), (2, 5), (3, 4), (3, 5), (4, 4)]
3863,7,1,1,5,[(1, 6), (1, 7), (2, 6), (3, 5), (3, 6), (4, 5)]
3864,7,1,1,6,[(1, 7), (1, 8), (2, 7), (3, 6), (3, 7), (4, 6)]
3865,7,1,1,7,[(1, 8), (1, 9), (2, 8), (3, 7), (3, 8), (4, 7)]
3866,7,1,1,8,[(1, 9), (1, 10), (2, 9), (3, 8), (3, 9), (4, 8)]
3867,7,1,1,9,[(1, 10), (1, 11), (2, 10), (3, 9), (3, 10), (4, 9)]
3868,7,1,1,10,[(1, 11), (1, 12), (2, 11), (3, 10), (3, 11), (4, 10)]
3869,7,1,1,11,[(1, 12), (1, 13), (2, 12), (3, 11), (3, 12), (4, 11)]
3870,7,1,1,12,[(1, 13), (1, 14), (2, 13), (3, 12), (3, 13), (4, 12)]
3871,7,1,1,13,[(1, 14), (1, 15), (2, 14), (3, 13), (3, 14), (4, 13)]
3872,7,1,1,14,[(1, 15), (1, 16), (2, 15), (3, 14), (3, 15), (4, 14)]
3873,7,1,2,0,[(2, 1), (2, 2), (3, 1), (4, 0), (4, 1), (5, 0)]
3874,7,1,2,1,[(2, 2), (2, 3), (3, 2), (4, 1), (4, 2), (5, 1)]
3875,7,1,2,2,[(2, 3), (2, 4), (3, 3), (4, 2), (4, 3), (5, 2)]
3876,7,1,2,3,[(2, 4), (2, 5), (3, 4), (4, 3), (4, 4), (5, 3)]
3877,7,1,2,4,[(2, 5), (2, 6), (3, 5), (4, 4), (4, 5), (5, 4)]
3878,7,1,2,5,[(2, 6), (2, 7), (3, 6), (4, 5), (4, 6), (5, 5)]
3879,7,1,2,6,[(2, 7), (2, 8), (3, 7), (4, 6), (4, 7), (5, 6)]
3880,7,1,2,7,[(2, 8), (2, 9), (3, 8), (4, 7), (4, 8), (5, 7)]
3881,7,1,2,8,[(2, 9), (2, 10), (3, 9), (4, 8), (4, 9), (5, 8)]
3882,7,1,2,9,[(2, 10), (2, 11), (3, 10), (4, 9), (4, 10), (5, 9)]
3883,7,1,2,10,[(2, 11), (2, 12), (3, 11), (4, 10), (4, 11), (5, 10)]
3884,7,1,2,11,[(2, 12), (2, 13), (3, 12), (4, 11), (4, 12), (5, 11)]
3885,7,1,2,12,[(2, 13), (2, 14), (3, 13), (4, 12), (4, 13), (5, 12)]
3886,7,1,2,13,[(2, 14), (2, 15), (3, 14), (4, 13), (4, 14), (5, 13)]
3887,7,1,2,14,[(2, 15), (2, 16), (3, 15), (4, 14), (4, 15), (5, 14)]
3888,7,1,3,0,[(3, 1), (3, 2), (4, 1), (5, 0), (5, 1), (6, 0)]
3889,7,1,3,1,[(3, 2), (3, 3), (4, 2), (5, 1), (5, 2), (6, 1)]
3890,7,1,3,2,[(3, 3), (3, 4), (4, 3), (5, 2), (5, 3), (6, 2)]
3891,7,1,3,3,[(3, 4), (3, 5), (4, 4), (5, 3), (5, 4), (6, 3)]
3892,7,1,3,4,[(3, 5), (3, 6), (4, 5), (5, 4), (5, 5), (6, 4)]
3893,7,1,3,5,[(3, 6), (3, 7), (4, 6), (5, 5), (5, 6), (6, 5)]
3894,7,1,3,6,[(3, 7), (3, 8), (4, 7), (5, 6), (5, 7), (6, 6)]
3895,7,1,3,7,[(3, 8), (3, 9), (4, 8), (5, 7), (5, 8), (6, 7)]
3896,7,1,3,8,[(3, 9), (3, 10), (4, 9), (5, 8), (5, 9), (6, 8)]
3897,7,1,3,9,[(3, 10), (3, 11), (4, 10), (5, 9), (5, 10), (6, 9)]
3898,7,1,3,10,[(3, 11), (3, 12), (4, 11), (5, 10), (5, 11), (6, 10)]
3899,7,1,3,11,[(3, 12), (3, 13), (4, 12), (5, 11), (5, 12), (6, 11)]
3900,7,1,3,12,[(3, 13), (3, 14), (4, 13), (5, 12), (5, 13), (6, 12)]
3901,7,1,3,13,[(3, 14), (3, 15), (4, 14), (5, 13), (5, 14), (6, 13)]
3902,7,1,3,14,[(3, 15), (3, 16), (4, 15), (5, 14), (5, 15), (6, 14)]
3903,7,1,4,0,[(4, 1), (4, 2), (5, 1), (6, 0), (6, 1), (7, 0)]
3904,7,1,4,1,[(4, 2), (4, 3), (5, 2), (6, 1), (6, 2), (7, 1)]
3905,7,1,4,2,[(4, 3), (4, 4), (5, 3), (6, 2), (6, 3), (7, 2)]
3906,7,1,4,3,[(4, 4), (4, 5), (5, 4), (6, 3), (6, 4), (7, 3)]
3907,7,1,4,4,[(4, 5), (4, 6), (5, 5), (6, 4), (6, 5), (7, 4)]
3908,7,1,4,5,[(4, 6), (4, 7), (5, 6), (6, 5), (6, 6), (7, 5)]
3909,7,1,4,6,[(4, 7), (4, 8), (5, 7), (6, 6), (6, 7), (7, 6)]
3910,7,1,4,7,[(4, 8), (4, 9), (5, 8), (6, 7), (6, 8), (7, 7)]
3911,7,1,4,8,[(4, 9), (4, 10), (5, 9), (6, 8), (6, 9), (7, 8)]
3912,7,1,4,9,[(4, 10), (4, 11), (5, 10), (6, 9), (6, 10), (7, 9)]
3913,7,1,4,10,[(4, 11), (4, 12), (5, 11), (6, 10), (6, 11), (7, 10)]
3914,7,1,4,11,[(4, 12), (4, 13), (5, 12), (6, 11), (6, 12), (7, 11)]
3915,7,1,4,12,[(4, 13), (4, 14), (5, 13), (6, 12), (6, 13), (7, 12)]
3916,7,1,4,13,[(4, 14), (4, 15), (5, 14), (6, 13), (6, 14), (7, 13)]
3917,7,1,4,14,[(4, 15), (4, 16), (5, 15), (6, 14), (6, 15), (7, 14)]
3918,7,1,5,0,[(5, 1), (5, 2), (6, 1), (7, 0), (7, 1), (8, 0)]
3919,7,1,5,1,[(5, 2), (5, 3), (6, 2), (7, 1), (7, 2), (8, 1)]
3920,7,1,5,2,[(5, 3), (5, 4), (6, 3), (7, 2), (7, 3), (8, 2)]
3921,7,1,5,3,[(5, 4), (5, 5), (6, 4), (7, 3), (7, 4), (8, 3)]
3922,7,1,5,4,[(5, 5), (5, 6), (6, 5), (7, 4), (7, 5), (8, 4)]
3923,7,1,5,5,[(5, 6), (5, 7), (6, 6), (7, 5), (7, 6), (8, 5)]
3924,7,1,5,6,[(5, 7), (5, 8), (6, 7), (7, 6), (7, 7), (8, 6)]
3925,7,1,5,7,[(5, 8), (5, 9), (6, 8), (7, 7), (7, 8), (8, 7)]
3926,7,1,5,8,[(5, 9), (5, 10), (6, 9), (7, 8), (7, 9), (8, 8)]
3927,7,1,5,9,[(5, 10), (5, 11), (6, 10), (7, 9), (7, 10), (8, 9)]
3928,7,1,5,10,[(5, 11), (5, 12), (6, 11), (7, 10), (7, 11), (8, 10)]
3929,7,1,5,11,[(5, 12), (5, 13), (6, 12), (7, 11), (7, 12), (8, 11)]
3930,7,1,5,12,[(5, 13), (5, 14), (6, 13), (7, 12), (7, 13), (8, 12)]
3931,7,1,5,13,[(5, 14), (5, 15), (6, 14), (7, 13), (7, 14), (8, 13)]
3932,7,1,5,14,[(5, 15), (5, 16), (6, 15), (7, 14), (7, 15), (8, 14)]
3933,7,2,0,0,[(0, 2), (1, 1), (1, 2), (2, 1), (3, 0), (3, 1)]
3934,7,2,0,1,[(0, 3), (1, 2), (1, 3), (2, 2), (3, 1), (3, 2)]
3935,7,2,0,2,[(0, 4), (1, 3), (1, 4), (2, 3), (3, 2), (3, 3)]
3936,7,2,0,3,[(0, 5), (1, 4), (1, 5), (2, 4), (3, 3), (3, 4)]
3937,7,2,0,4,[(0, 6), (1, 5), (1, 6), (2, 5), (3, 4), (3, 5)]
3938,7,2,0,5,[(0, 7), (1, 6), (1, 7), (2, 6), (3, 5), (3, 6)]
3939,7,2,0,6,[(0, 8), (1, 7), (1, 8), (2, 7), (3, 6), (3, 7)]
3940,7,2,0,7,[(0, 9), (1, 8), (1, 9), (2, 8), (3, 7), (3, 8)]
3941,7,2,0,8,[(0, 10), (1, 9), (1, 10), (2, 9), (3, 8), (3, 9)]
3942,7,2,0,9,[(0, 11), (1, 10), (1, 11), (2, 10), (3, 9), (3, 10)]
3943,7,2,0,10,[(0, 12), (1, 11), (1, 12), (2, 11), (3, 10), (3, 11)]
3944,7,2,0,11,[(0, 13), (1, 12), (1, 13), (2, 12), (3, 11), (3, 12)]
3945,7,2,0,12,[(0, 14), (1, 13), (1, 14), (2, 13), (3, 12), (3, 13)]
3946,7,2,0,13,[(0, 15), (1, 14), (1, 15), (2, 14), (3, 13), (3, 14)]
3947,7,2,0,14,[(0, 16), (1, 15), (1, 16), (2, 15), (3, 14), (3, 15)]
3948,7,2,1,0,[(1, 2), (2, 1), (2, 2), (3, 1), (4, 0), (4, 1)]
3949,7,2,1,1,[(1, 3), (2, 2), (2, 3), (3, 2), (4, 1), (4, 2)]
3950,7,2,1,2,[(1, 4), (2, 3), (2, 4), (3, 3), (4, 2), (4, 3)]
3951,7,2,1,3,[(1, 5), (2, 4), (2, 5), (3, 4), (4, 3), (4, 4)]
3952,7,2,1,4,[(1, 6), (2, 5), (2, 6), (3, 5), (4, 4), (4, 5)]
3953,7,2,1,5,[(1, 7), (2, 6), (2, 7), (3, 6), (4, 5), (4, 6)]
3954,7,2,1,6,[(1, 8), (2, 7), (2, 8), (3, 7), (4, 6), (4, 7)]
3955,7,2,1,7,[(1, 9), (2, 8), (2, 9), (3, 8), (4, 7), (4, 8)]
3956,7,2,1,8,[(1, 10), (2, 9), (2, 10), (3, 9), (4, 8), (4, 9)]
3957,7,2,1,9,[(1, 11), (2, 10), (2, 11), (3, 10), (4, 9), (4, 10)]
3958,7,2,1,10,[(1, 12), (2, 11), (2, 12), (3, 11), (4, 10), (4, 11)]
3959,7,2,1,11,[(1, 13), (2, 12), (2, 13), (3, 12), (4, 11), (4, 12)]
3960,7,2,1,12,[(1, 14), (2, 13), (2, 14), (3, 13), (4, 12), (4, 13)]
3961,7,2,1,13,[(1, 15), (2, 14), (2, 15), (3, 14), (4, 13), (4, 14)]
3962,7,2,1,14,[(1, 16), (2, 15), (2, 16), (3, 15), (4, 14), (4, 15)]
3963,7,2,2,0,[(2, 2), (3, 1), (3, 2), (4, 1), (5, 0), (5, 1)]
3964,7,2,2,1,[(2, 3), (3, 2), (3, 3), (4, 2), (5, 1), (5, 2)]
3965,7,2,2,2,[(2, 4), (3, 3), (3, 4), (4, 3), (5, 2), (5, 3)]
3966,7,2,2,3,[(2, 5), (3, 4), (3, 5), (4, 4), (5, 3), (5, 4)]
3967,7,2,2,4,[(2, 6), (3, 5), (3, 6), (4, 5), (5, 4), (5, 5)]
3968,7,2,2,5,[(2, 7), (3, 6), (3, 7), (4, 6), (5, 5), (5, 6)]
3969,7,2,2,6,[(2, 8), (3, 7), (3, 8), (4, 7), (5, 6), (5, 7)]
3970,7,2,2,7,[(2, 9), (3, 8), (3, 9), (4, 8), (5, 7), (5, 8)]
3971,7,2,2,8,[(2, 10), (3, 9), (3, 10), (4, 9), (5, 8), (5, 9)]
3972,7,2,2,9,[(2, 11), (3, 10), (3, 11), (4, 10), (5, 9), (5, 10)]
3973,7,2,2,10,[(2, 12), (3, 11), (3, 12), (4, 11), (5, 10), (5, 11)]
3974,7,2,2,11,[(2, 13), (3, 12), (3, 13), (4, 12), (5, 11), (5, 12)]
3975,7,2,2,12,[(2, 14), (3, 13), (3, 14), (4, 13), (5, 12), (5, 13)]
3976,7,2,2,13,[(2, 15), (3, 14), (3, 15), (4, 14), (5, 13), (5, 14)]
3977,7,2,2,14,[(2, 16), (3, 15), (3, 16), (4, 15), (5, 14), (5, 15)]
3978,7,2,3,0,[(3, 2), (4, 1), (4, 2), (5, 1), (6, 0), (6, 1)]
3979,7,2,3,1,[(3, 3), (4, 2), (4, 3), (5, 2), (6, 1), (6, 2)]
3980,7,2,3,2,[(3, 4), (4, 3), (4, 4), (5, 3), (6, 2), (6, 3)]
3981,7,2,3,3,[(3, 5), (4, 4), (4, 5), (5, 4), (6, 3), (6, 4)]
3982,7,2,3,4,[(3, 6), (4, 5), (4, 6), (5, 5), (6, 4), (6, 5)]
3983,7,2,3,5,[(3, 7), (4, 6), (4, 7), (5, 6), (6, 5), (6, 6)]
3984,7,2,3,6,[(3, 8), (4, 7), (4, 8), (5, 7), (6, 6), (6, 7)]
3985,7,2,3,7,[(3, 9), (4, 8), (4, 9), (5, 8), (6, 7), (6, 8)]
3986,7,2,3,8,[(3, 10), (4, 9), (4, 10), (5, 9), (6, 8), (6, 9)]
3987,7,2,3,9,[(3, 11), (4, 10), (4, 11), (5, 10), (6, 9), (6, 10)]
3988,7,2,3,10,[(3, 12), (4, 11), (4, 12), (5, 11), (6, 10), (6, 11)]
3989,7,2,3,11,[(3, 13), (4, 12), (4, 13), (5, 12), (6, 11), (6, 12)]
3990,7,2,3,12,[(3, 14), (4, 13), (4, 14), (5, 13), (6, 12), (6, 13)]
3991,7,2,3,13,[(3, 15), (4, 14), (4, 15), (5, 14), (6, 13), (6, 14)]
3992,7,2,3,14,[(3, 16), (4, 15), (4, 16), (5, 15), (6, 14), (6, 15)]
3993,7,2,4,0,[(4, 2), (5, 1), (5, 2), (6, 1), (7, 0), (7, 1)]
3994,7,2,4,1,[(4, 3), (5, 2), (5, 3), (6, 2), (7, 1), (7, 2)]
3995,7,2,4,2,[(4, 4), (5, 3), (5, 4), (6, 3), (7, 2), (7, 3)]
3996,7,2,4,3,[(4, 5), (5, 4), (5, 5), (6, 4), (7, 3), (7, 4)]
3997,7,2,4,4,[(4, 6), (5, 5), (5, 6), (6, 5), (7, 4), (7, 5)]
3998,7,2,4,5,[(4, 7), (5, 6), (5, 7), (6, 6), (7, 5), (7, 6)]
3999,7,2,4,6,[(4, 8), (5, 7), (5, 8), (6, 7), (7, 6), (7, 7)]
4000,7,2,4,7,[(4, 9), (5, 8), (5, 9), (6, 8), (7, 7), (7, 8)]
4001,7,2,4,8,[(4, 10), (5, 9), (5, 10), (6, 9), (7, 8), (7, 9)]
4002,7,2,4,9,[(4, 11), (5, 10), (5, 11), (6, 10), (7, 9), (7, 10)]
4003,7,2,4,10,[(4, 12), (5, 11), (5, 12), (6, 11), (7, 10), (7, 11)]
4004,7,2,4,11,[(4, 13), (5, 12), (5, 13), (6, 12), (7, 11), (7, 12)]
4005,7,2,4,12,[(4, 14), (5, 13), (5, 14), (6, 13), (7, 12), (7, 13)]
4006,7,2,4,13,[(4, 15), (5, 14), (5, 15), (6, 14), (7, 13), (7, 14)]
4007,7,2,4,14,[(4, 16), (5, 15), (5, 16), (6, 15), (7, 14), (7, 15)]
4008,7,2,5,0,[(5, 2), (6, 1), (6, 2), (7, 1), (8, 0), (8, 1)]
4009,7,2,5,1,[(5, 3), (6, 2), (6, 3), (7, 2), (8, 1), (8, 2)]
4010,7,2,5,2,[(5, 4), (6, 3), (6, 4), (7, 3), (8, 2), (8, 3)]
4011,7,2,5,3,[(5, 5), (6, 4), (6, 5), (7, 4), (8, 3), (8, 4)]
4012,7,2,5,4,[(5, 6), (6, 5), (6, 6), (7, 5), (8, 4), (8, 5)]
4013,7,2,5,5,[(5, 7), (6, 6), (6, 7), (7, 6), (8, 5), (8, 6)]
4014,7,2,5,6,[(5, 8), (6, 7), (6, 8), (7, 7), (8, 6), (8, 7)]
4015,7,2,5,7,[(5, 9), (6, 8), (6, 9), (7, 8), (8, 7), (8, 8)]
4016,7,2,5,8,[(5, 10), (6, 9), (6, 10), (7, 9), (8, 8), (8, 9)]
4017,7,2,5,9,[(5, 11), (6, 10), (6, 11), (7, 10), (8, 9), (8, 10)]
4018,7,2,5,10,[(5, 12), (6, 11), (6, 12), (7, 11), (8, 10), (8, 11)]
4019,7,2,5,11,[(5, 13), (6, 12), (6, 13), (7, 12), (8, 11), (8, 12)]
4020,7,2,5,12,[(5, 14), (6, 13), (6, 14), (7, 13), (8, 12), (8, 13)]
4021,7,2,5,13,[(5, 15), (6, 14), (6, 15), (7, 14), (8, 13), (8, 14)]
4022,7,2,5,14,[(5, 16), (6, 15), (6, 16), (7, 15), (8, 14), (8, 15)]
4023,7,3,0,0,[(0, 3), (1, 1), (1, 2), (1, 3), (2, 0), (2, 1)]
4024,7,3,0,1,[(0, 4), (1, 2), (1, 3), (1, 4), (2, 1), (2, 2)]
4025,7,3,0,2,[(0, 5), (1, 3), (1, 4), (1, 5), (2, 2), (2, 3)]
4026,7,3,0,3,[(0, 6), (1, 4), (1, 5), (1, 6), (2, 3), (2, 4)]
4027,7,3,0,4,[(0, 7), (1, 5), (1, 6), (1, 7), (2, 4), (2, 5)]
4028,7,3,0,5,[(0, 8), (1, 6), (1, 7), (1, 8), (2, 5), (2, 6)]
4029,7,3,0,6,[(0, 9), (1, 7), (1, 8), (1, 9), (2, 6), (2, 7)]
4030,7,3,0,7,[(0, 10), (1, 8), (1, 9), (1, 10), (2, 7), (2, 8)]
4031,7,3,0,8,[(0, 11), (1, 9), (1, 10), (1, 11), (2, 8), (2, 9)]
4032,7,3,0,9,[(0, 12), (1, 10), (1, 11), (1, 12), (2, 9), (2, 10)]
4033,7,3,0,10,[(0, 13), (1, 11), (1, 12), (1, 13), (2, 10), (2, 11)]
4034,7,3,0,11,[(0, 14), (1, 12), (1, 13), (1, 14), (2, 11), (2, 12)]
4035,7,3,0,12,[(0, 15), (1, 13), (1, 14), (1, 15), (2, 12), (2, 13)]
4036,7,3,0,13,[(0, 16), (1, 14), (1, 15), (1, 16), (2, 13), (2, 14)]
4037,7,3,1,0,[(1, 3), (2, 1), (2, 2), (2, 3), (3, 0), (3, 1)]
4038,7,3,1,1,[(1, 4), (2, 2), (2, 3), (2, 4), (3, 1), (3, 2)]
4039,7,3,1,2,[(1, 5), (2, 3), (2, 4), (2, 5), (3, 2), (3, 3)]
4040,7,3,1,3,[(1, 6), (2, 4), (2, 5), (2, 6), (3, 3), (3, 4)]
4041,7,3,1,4,[(1, 7), (2, 5), (2, 6), (2, 7), (3, 4), (3, 5)]
4042,7,3,1,5,[(1, 8), (2, 6), (2, 7), (2, 8), (3, 5), (3, 6)]
4043,7,3,1,6,[(1, 9), (2, 7), (2, 8), (2, 9), (3, 6), (3, 7)]
4044,7,3,1,7,[(1, 10), (2, 8), (2, 9), (2, 10), (3, 7), (3, 8)]
4045,7,3,1,8,[(1, 11), (2, 9), (2, 10), (2, 11), (3, 8), (3, 9)]
4046,7,3,1,9,[(1, 12), (2, 10), (2, 11), (2, 12), (3, 9), (3, 10)]
4047,7,3,1,10,[(1, 13), (2, 11), (2, 12), (2, 13), (3, 10), (3, 11)]
4048,7,3,1,11,[(1, 14), (2, 12), (2, 13), (2, 14), (3, 11), (3, 12)]
4049,7,3,1,12,[(1, 15), (2, 13), (2, 14), (2, 15), (3, 12), (3, 13)]
4050,7,3,1,13,[(1, 16), (2, 14), (2, 15), (2, 16), (3, 13), (3, 14)]
4051,7,3,2,0,[(2, 3), (3, 1), (3, 2), (3, 3), (4, 0), (4, 1)]
4052,7,3,2,1,[(2, 4), (3, 2), (3, 3), (3, 4), (4, 1), (4, 2)]
4053,7,3,2,2,[(2, 5), (3, 3), (3, 4), (3, 5), (4, 2), (4, 3)]
4054,7,3,2,3,[(2, 6), (3, 4), (3, 5), (3, 6), (4, 3), (4, 4)]
4055,7,3,2,4,[(2, 7), (3, 5), (3, 6), (3, 7), (4, 4), (4, 5)]
4056,7,3,2,5,[(2, 8), (3, 6), (3, 7), (3, 8), (4, 5), (4, 6)]
4057,7,3,2,6,[(2, 9), (3, 7), (3, 8), (3, 9), (4, 6), (4, 7)]
4058,7,3,2,7,[(2, 10), (3, 8), (3, 9), (3, 10), (4, 7), (4, 8)]
4059,7,3,2,8,[(2, 11), (3, 9), (3, 10), (3, 11), (4, 8), (4, 9)]
4060,7,3,2,9,[(2, 12), (3, 10), (3, 11), (3, 12), (4, 9), (4, 10)]
4061,7,3,2,10,[(2, 13), (3, 11), (3, 12), (3, 13), (4, 10), (4, 11)]
4062,7,3,2,11,[(2, 14), (3, 12), (3, 13), (3, 14), (4, 11), (4, 12)]
4063,7,3,2,12,[(2, 15), (3, 13), (3, 14), (3, 15), (4, 12), (4, 13)]
4064,7,3,2,13,[(2, 16), (3, 14), (3, 15), (3, 16), (4, 13), (4, 14)]
4065,7,3,3,0,[(3, 3), (4, 1), (4, 2), (4, 3), (5, 0), (5, 1)]
4066,7,3,3,1,[(3, 4), (4, 2), (4, 3), (4, 4), (5, 1), (5, 2)]
4067,7,3,3,2,[(3, 5), (4, 3), (4, 4), (4, 5), (5, 2), (5, 3)]
4068,7,3,3,3,[(3, 6), (4, 4), (4, 5), (4, 6), (5, 3), (5, 4)]
4069,7,3,3,4,[(3, 7), (4, 5), (4, 6), (4, 7), (5, 4), (5, 5)]
4070,7,3,3,5,[(3, 8), (4, 6), (4, 7), (4, 8), (5, 5), (5, 6)]
4071,7,3,3,6,[(3, 9), (4, 7), (4, 8), (4, 9), (5, 6), (5, 7)]
4072,7,3,3,7,[(3, 10), (4, 8), (4, 9), (4, 10), (5, 7), (5, 8)]
4073,7,3,3,8,[(3, 11), (4, 9), (4, 10), (4, 11), (5, 8), (5, 9)]
4074,7,3,3,9,[(3, 12), (4, 10), (4, 11), (4, 12), (5, 9), (5, 10)]
4075,7,3,3,10,[(3, 13), (4, 11), (4, 12), (4, 13), (5, 10), (5, 11)]
4076,7,3,3,11,[(3, 14), (4, 12), (4, 13), (4, 14), (5, 11), (5, 12)]
4077,7,3,3,12,[(3, 15), (4, 13), (4, 14), (4, 15), (5, 12), (5, 13)]
4078,7,3,3,13,[(3, 16), (4, 14), (4, 15), (4, 16), (5, 13), (5, 14)]
4079,7,3,4,0,[(4, 3), (5, 1), (5, 2), (5, 3), (6, 0), (6, 1)]
4080,7,3,4,1,[(4, 4), (5, 2), (5, 3), (5, 4), (6, 1), (6, 2)]
4081,7,3,4,2,[(4, 5), (5, 3), (5, 4), (5, 5), (6, 2), (6, 3)]
4082,7,3,4,3,[(4, 6), (5, 4), (5, 5), (5, 6), (6, 3), (6, 4)]
4083,7,3,4,4,[(4, 7), (5, 5), (5, 6), (5, 7), (6, 4), (6, 5)]
4084,7,3,4,5,[(4, 8), (5, 6), (5, 7), (5, 8), (6, 5), (6, 6)]
4085,7,3,4,6,[(4, 9), (5, 7), (5, 8), (5, 9), (6, 6), (6, 7)]
4086,7,3,4,7,[(4, 10), (5, 8), (5, 9), (5, 10), (6, 7), (6, 8)]
4087,7,3,4,8,[(4, 11), (5, 9), (5, 10), (5, 11), (6, 8), (6, 9)]
4088,7,3,4,9,[(4, 12), (5, 10), (5, 11), (5, 12), (6, 9), (6, 10)]
4089,7,3,4,10,[(4, 13), (5, 11), (5, 12), (5, 13), (6, 10), (6, 11)]
4090,7,3,4,11,[(4, 14), (5, 12), (5, 13), (5, 14), (6, 11), (6, 12)]
4091,7,3,4,12,[(4, 15), (5, 13), (5, 14), (5, 15), (6, 12), (6, 13)]
4092,7,3,4,13,[(4, 16), (5, 14), (5, 15), (5, 16), (6, 13), (6, 14)]
4093,7,3,5,0,[(5, 3), (6, 1), (6, 2), (6, 3), (7, 0), (7, 1)]
4094,7,3,5,1,[(5, 4), (6, 2), (6, 3), (6, 4), (7, 1), (7, 2)]
4095,7,3,5,2,[(5, 5), (6, 3), (6, 4), (6, 5), (7, 2), (7, 3)]
4096,7,3,5,3,[(5, 6), (6, 4), (6, 5), (6, 6), (7, 3), (7, 4)]
4097,7,3,5,4,[(5, 7), (6, 5), (6, 6), (6, 7), (7, 4), (7, 5)]
4098,7,3,5,5,[(5, 8), (6, 6), (6, 7), (6, 8), (7, 5), (7, 6)]
4099,7,3,5,6,[(5, 9), (6, 7), (6, 8), (6, 9), (7, 6), (7, 7)]
4100,7,3,5,7,[(5, 10), (6, 8), (6, 9), (6, 10), (7, 7), (7, 8)]
4101,7,3,5,8,[(5, 11), (6, 9), (6, 10), (6, 11), (7, 8), (7, 9)]
4102,7,3,5,9,[(5, 12), (6, 10), (6, 11), (6, 12), (7, 9), (7, 10)]
4103,7,3,5,10,[(5, 13), (6, 11), (6, 12), (6, 13), (7, 10), (7, 11)]
4104,7,3,5,11,[(5, 14), (6, 12), (6, 13), (6, 14), (7, 11), (7, 12)]
4105,7,3,5,12,[(5, 15), (6, 13), (6, 14), (6, 15), (7, 12), (7, 13)]
4106,7,3,5,13,[(5, 16), (6, 14), (6, 15), (6, 16), (7, 13), (7, 14)]
4107,7,3,6,0,[(6, 3), (7, 1), (7, 2), (7, 3), (8, 0), (8, 1)]
4108,7,3,6,1,[(6, 4), (7, 2), (7, 3), (7, 4), (8, 1), (8, 2)]
4109,7,3,6,2,[(6, 5), (7, 3), (7, 4), (7, 5), (8, 2), (8, 3)]
4110,7,3,6,3,[(6, 6), (7, 4), (7, 5), (7, 6), (8, 3), (8, 4)]
4111,7,3,6,4,[(6, 7), (7, 5), (7, 6), (7, 7), (8, 4), (8, 5)]
4112,7,3,6,5,[(6, 8), (7, 6), (7, 7), (7, 8), (8, 5), (8, 6)]
4113,7,3,6,6,[(6, 9), (7, 7), (7, 8), (7, 9), (8, 6), (8, 7)]
4114,7,3,6,7,[(6, 10), (7, 8), (7, 9), (7, 10), (8, 7), (8, 8)]
4115,7,3,6,8,[(6, 11), (7, 9), (7, 10), (7, 11), (8, 8), (8, 9)]
4116,7,3,6,9,[(6, 12), (7, 10), (7, 11), (7, 12), (8, 9), (8, 10)]
4117,7,3,6,10,[(6, 13), (7, 11), (7, 12), (7, 13), (8, 10), (8, 11)]
4118,7,3,6,11,[(6, 14), (7, 12), (7, 13), (7, 14), (8, 11), (8, 12)]
4119,7,3,6,12,[(6, 15), (7, 13), (7, 14), (7, 15), (8, 12), (8, 13)]
4120,7,3,6,13,[(6, 16), (7, 14), (7, 15), (7, 16), (8, 13), (8, 14)]
4121,7,4,0,0,[(0, 0), (1, 0), (1, 1), (1, 2), (2, 2), (2, 3)]
4122,7,4,0,1,[(0, 1), (1, 1), (1, 2), (1, 3), (2, 3), (2, 4)]
4123,7,4,0,2,[(0, 2), (1, 2), (1, 3), (1, 4), (2, 4), (2, 5)]
4124,7,4,0,3,[(0, 3), (1, 3), (1, 4), (1, 5), (2, 5), (2, 6)]
4125,7,4,0,4,[(0, 4), (1, 4), (1, 5), (1, 6), (2, 6), (2, 7)]
4126,7,4,0,5,[(0, 5), (1, 5), (1, 6), (1, 7), (2, 7), (2, 8)]
4127,7,4,0,6,[(0, 6), (1, 6), (1, 7), (1, 8), (2, 8), (2, 9)]
4128,7,4,0,7,[(0, 7), (1, 7), (1, 8), (1, 9), (2, 9), (2, 10)]
4129,7,4,0,8,[(0, 8), (1, 8), (1, 9), (1, 10), (2, 10), (2, 11)]
4130,7,4,0,9,[(0, 9), (1, 9), (1, 10), (1, 11), (2, 11), (2, 12)]
4131,7,4,0,10,[(0, 10), (1, 10), (1, 11), (1, 12), (2, 12), (2, 13)]
4132,7,4,0,11,[(0, 11), (1, 11), (1, 12), (1, 13), (2, 13), (2, 14)]
4133,7,4,0,12,[(0, 12), (1, 12), (1, 13), (1, 14), (2, 14), (2, 15)]
4134,7,4,0,13,[(0, 13), (1, 13), (1, 14), (1, 15), (2, 15), (2, 16)]
4135,7,4,1,0,[(1, 0), (2, 0), (2, 1), (2, 2), (3, 2), (3, 3)]
4136,7,4,1,1,[(1, 1), (2, 1), (2, 2), (2, 3), (3, 3), (3, 4)]
4137,7,4,1,2,[(1, 2), (2, 2), (2, 3), (2, 4), (3, 4), (3, 5)]
4138,7,4,1,3,[(1, 3), (2, 3), (2, 4), (2, 5), (3, 5), (3, 6)]
4139,7,4,1,4,[(1, 4), (2, 4), (2, 5), (2, 6), (3, 6), (3, 7)]
4140,7,4,1,5,[(1, 5), (2, 5), (2, 6), (2, 7), (3, 7), (3, 8)]
4141,7,4,1,6,[(1, 6), (2, 6), (2, 7), (2, 8), (3, 8), (3, 9)]
4142,7,4,1,7,[(1, 7), (2, 7), (2, 8), (2, 9), (3, 9), (3, 10)]
4143,7,4,1,8,[(1, 8), (2, 8), (2, 9), (2, 10), (3, 10), (3, 11)]
4144,7,4,1,9,[(1, 9), (2, 9), (2, 10), (2, 11), (3, 11), (3, 12)]
4145,7,4,1,10,[(1, 10), (2, 10), (2, 11), (2, 12), (3, 12), (3, 13)]
4146,7,4,1,11,[(1, 11), (2, 11), (2, 12), (2, 13), (3, 13), (3, 14)]
4147,7,4,1,12,[(1, 12), (2, 12), (2, 13), (2, 14), (3, 14), (3, 15)]
4148,7,4,1,13,[(1, 13), (2, 13), (2, 14), (2, 15), (3, 15), (3, 16)]
4149,7,4,2,0,[(2, 0), (3, 0), (3, 1), (3, 2), (4, 2), (4, 3)]
4150,7,4,2,1,[(2, 1), (3, 1), (3, 2), (3, 3), (4, 3), (4, 4)]
4151,7,4,2,2,[(2, 2), (3, 2), (3, 3), (3, 4), (4, 4), (4, 5)]
4152,7,4,2,3,[(2, 3), (3, 3), (3, 4), (3, 5), (4, 5), (4, 6)]
4153,7,4,2,4,[(2, 4), (3, 4), (3, 5), (3, 6), (4, 6), (4, 7)]
4154,7,4,2,5,[(2, 5), (3, 5), (3, 6), (3, 7), (4, 7), (4, 8)]
4155,7,4,2,6,[(2, 6), (3, 6), (3, 7), (3, 8), (4, 8), (4, 9)]
4156,7,4,2,7,[(2, 7), (3, 7), (3, 8), (3, 9), (4, 9), (4, 10)]
4157,7,4,2,8,[(2, 8), (3, 8), (3, 9), (3, 10), (4, 10), (4, 11)]
4158,7,4,2,9,[(2, 9), (3, 9), (3, 10), (3, 11), (4, 11), (4, 12)]
4159,7,4,2,10,[(2, 10), (3, 10), (3, 11), (3, 12), (4, 12), (4, 13)]
4160,7,4,2,11,[(2, 11), (3, 11), (3, 12), (3, 13), (4, 13), (4, 14)]
4161,7,4,2,12,[(2, 12), (3, 12), (3, 13), (3, 14), (4, 14), (4, 15)]
4162,7,4,2,13,[(2, 13), (3, 13), (3, 14), (3, 15), (4, 15), (4, 16)]
4163,7,4,3,0,[(3, 0), (4, 0), (4, 1), (4, 2), (5, 2), (5, 3)]
4164,7,4,3,1,[(3, 1), (4, 1), (4, 2), (4, 3), (5, 3), (5, 4)]
4165,7,4,3,2,[(3, 2), (4, 2), (4, 3), (4, 4), (5, 4), (5, 5)]
4166,7,4,3,3,[(3, 3), (4, 3), (4, 4), (4, 5), (5, 5), (5, 6)]
4167,7,4,3,4,[(3, 4), (4, 4), (4, 5), (4, 6), (5, 6), (5, 7)]
4168,7,4,3,5,[(3, 5), (4, 5), (4, 6), (4, 7), (5, 7), (5, 8)]
4169,7,4,3,6,[(3, 6), (4, 6), (4, 7), (4, 8), (5, 8), (5, 9)]
4170,7,4,3,7,[(3, 7), (4, 7), (4, 8), (4, 9), (5, 9), (5, 10)]
4171,7,4,3,8,[(3, 8), (4, 8), (4, 9), (4, 10), (5, 10), (5, 11)]
4172,7,4,3,9,[(3, 9), (4, 9), (4, 10), (4, 11), (5, 11), (5, 12)]
4173,7,4,3,10,[(3, 10), (4, 10), (4, 11), (4, 12), (5, 12), (5, 13)]
4174,7,4,3,11,[(3, 11), (4, 11), (4, 12), (4, 13), (5, 13), (5, 14)]
4175,7,4,3,12,[(3, 12), (4, 12), (4, 13), (4, 14), (5, 14), (5, 15)]
4176,7,4,3,13,[(3, 13), (4, 13), (4, 14), (4, 15), (5, 15), (5, 16)]
4177,7,4,4,0,[(4, 0), (5, 0), (5, 1), (5, 2), (6, 2), (6, 3)]
4178,7,4,4,1,[(4, 1), (5, 1), (5, 2), (5, 3), (6, 3), (6, 4)]
4179,7,4,4,2,[(4, 2), (5, 2), (5, 3), (5, 4), (6, 4), (6, 5)]
4180,7,4,4,3,[(4, 3), (5, 3), (5, 4), (5, 5), (6, 5), (6, 6)]
4181,7,4,4,4,[(4, 4), (5, 4), (5, 5), (5, 6), (6, 6), (6, 7)]
4182,7,4,4,5,[(4, 5), (5, 5), (5, 6), (5, 7), (6, 7), (6, 8)]
4183,7,4,4,6,[(4, 6), (5, 6), (5, 7), (5, 8), (6, 8), (6, 9)]
4184,7,4,4,7,[(4, 7), (5, 7), (5, 8), (5, 9), (6, 9), (6, 10)]
4185,7,4,4,8,[(4, 8), (5, 8), (5, 9), (5, 10), (6, 10), (6, 11)]
4186,7,4,4,9,[(4, 9), (5, 9), (5, 10), (5, 11), (6, 11), (6, 12)]
4187,7,4,4,10,[(4, 10), (5, 10), (5, 11), (5, 12), (6, 12), (6, 13)]
4188,7,4,4,11,[(4, 11), (5, 11), (5, 12), (5, 13), (6, 13), (6, 14)]
4189,7,4,4,12,[(4, 12), (5, 12), (5, 13), (5, 14), (6, 14), (6, 15)]
4190,7,4,4,13,[(4, 13), (5, 13), (5, 14), (5, 15), (6, 15), (6, 16)]
4191,7,4,5,0,[(5, 0), (6, 0), (6, 1), (6, 2), (7, 2), (7, 3)]
4192,7,4,5,1,[(5, 1), (6, 1), (6, 2), (6, 3), (7, 3), (7, 4)]
4193,7,4,5,2,[(5, 2), (6, 2), (6, 3), (6, 4), (7, 4), (7, 5)]
4194,7,4,5,3,[(5, 3), (6, 3), (6, 4), (6, 5), (7, 5), (7, 6)]
4195,7,4,5,4,[(5, 4), (6, 4), (6, 5), (6, 6), (7, 6), (7, 7)]
4196,7,4,5,5,[(5, 5), (6, 5), (6, 6), (6, 7), (7, 7), (7, 8)]
4197,7,4,5,6,[(5, 6), (6, 6), (6, 7), (6, 8), (7, 8), (7, 9)]
4198,7,4,5,7,[(5, 7), (6, 7), (6, 8), (6, 9), (7, 9), (7, 10)]
4199,7,4,5,8,[(5, 8), (6, 8), (6, 9), (6, 10), (7, 10), (7, 11)]
4200,7,4,5,9,[(5, 9), (6, 9), (6, 10), (6, 11), (7, 11), (7, 12)]
4201,7,4,5,10,[(5, 10), (6, 10), (6, 11), (6, 12), (7, 12), (7, 13)]
4202,7,4,5,11,[(5, 11), (6, 11), (6, 12), (6, 13), (7, 13), (7, 14)]
4203,7,4,5,12,[(5, 12), (6, 12), (6, 13), (6, 14), (7, 14), (7, 15)]
4204,7,4,5,13,[(5, 13), (6, 13), (6, 14), (6, 15), (7, 15), (7, 16)]
4205,7,4,6,0,[(6, 0), (7, 0), (7, 1), (7, 2), (8, 2), (8, 3)]
4206,7,4,6,1,[(6, 1), (7, 1), (7, 2), (7, 3), (8, 3), (8, 4)]
4207,7,4,6,2,[(6, 2), (7, 2), (7, 3), (7, 4), (8, 4), (8, 5)]
4208,7,4,6,3,[(6, 3), (7, 3), (7, 4), (7, 5), (8, 5), (8, 6)]
4209,7,4,6,4,[(6, 4), (7, 4), (7, 5), (7, 6), (8, 6), (8, 7)]
4210,7,4,6,5,[(6, 5), (7, 5), (7, 6), (7, 7), (8, 7), (8, 8)]
4211,7,4,6,6,[(6, 6), (7, 6), (7, 7), (7, 8), (8, 8), (8, 9)]
4212,7,4,6,7,[(6, 7), (7, 7), (7, 8), (7, 9), (8, 9), (8, 10)]
4213,7,4,6,8,[(6, 8), (7, 8), (7, 9), (7, 10), (8, 10), (8, 11)]
4214,7,4,6,9,[(6, 9), (7, 9), (7, 10), (7, 11), (8, 11), (8, 12)]
4215,7,4,6,10,[(6, 10), (7, 10), (7, 11), (7, 12), (8, 12), (8, 13)]
4216,7,4,6,11,[(6, 11), (7, 11), (7, 12), (7, 13), (8, 13), (8, 14)]
4217,7,4,6,12,[(6, 12), (7, 12), (7, 13), (7, 14), (8, 14), (8, 15)]
4218,7,4,6,13,[(6, 13), (7, 13), (7, 14), (7, 15), (8, 15), (8, 16)]
4219,7,5,0,0,[(0, 0), (0, 1), (1, 1), (1, 2), (1, 3), (2, 3)]
4220,7,5,0,1,[(0, 1), (0, 2), (1, 2), (1, 3), (1, 4), (2, 4)]
4221,7,5,0,2,[(0, 2), (0, 3), (1, 3), (1, 4), (1, 5), (2, 5)]
4222,7,5,0,3,[(0, 3), (0, 4), (1, 4), (1, 5), (1, 6), (2, 6)]
4223,7,5,0,4,[(0, 4), (0, 5), (1, 5), (1, 6), (1, 7), (2, 7)]
4224,7,5,0,5,[(0, 5), (0, 6), (1, 6), (1, 7), (1, 8), (2, 8)]
4225,7,5,0,6,[(0, 6), (0, 7), (1, 7), (1, 8), (1, 9), (2, 9)]
4226,7,5,0,7,[(0, 7), (0, 8), (1, 8), (1, 9), (1, 10), (2, 10)]
4227,7,5,0,8,[(0, 8), (0, 9), (1, 9), (1, 10), (1, 11), (2, 11)]
4228,7,5,0,9,[(0, 9), (0, 10), (1, 10), (1, 11), (1, 12), (2, 12)]
4229,7,5,0,10,[(0, 10), (0, 11), (1, 11), (1, 12), (1, 13), (2, 13)]
4230,7,5,0,11,[(0, 11), (0, 12), (1, 12), (1, 13), (1, 14), (2, 14)]
4231,7,5,0,12,[(0, 12), (0, 13), (1, 13), (1, 14), (1, 15), (2, 15)]
4232,7,5,0,13,[(0, 13), (0, 14), (1, 14), (1, 15), (1, 16), (2, 16)]
4233,7,5,1,0,[(1, 0), (1, 1), (2, 1), (2, 2), (2, 3), (3, 3)]
4234,7,5,1,1,[(1, 1), (1, 2), (2, 2), (2, 3), (2, 4), (3, 4)]
4235,7,5,1,2,[(1, 2), (1, 3), (2, 3), (2, 4), (2, 5), (3, 5)]
4236,7,5,1,3,[(1, 3), (1, 4), (2, 4), (2, 5), (2, 6), (3, 6)]
4237,7,5,1,4,[(1, 4), (1, 5), (2, 5), (2, 6), (2, 7), (3, 7)]
4238,7,5,1,5,[(1, 5), (1, 6), (2, 6), (2, 7), (2, 8), (3, 8)]
4239,7,5,1,6,[(1, 6), (1, 7), (2, 7), (2, 8), (2, 9), (3, 9)]
4240,7,5,1,7,[(1, 7), (1, 8), (2, 8), (2, 9), (2, 10), (3, 10)]
4241,7,5,1,8,[(1, 8), (1, 9), (2, 9), (2, 10), (2, 11), (3, 11)]
4242,7,5,1,9,[(1, 9), (1, 10), (2, 10), (2, 11), (2, 12), (3, 12)]
4243,7,5,1,10,[(1, 10), (1, 11), (2, 11), (2, 12), (2, 13), (3, 13)]
4244,7,5,1,11,[(1, 11), (1, 12), (2, 12), (2, 13), (2, 14), (3, 14)]
4245,7,5,1,12,[(1, 12), (1, 13), (2, 13), (2, 14), (2, 15), (3, 15)]
4246,7,5,1,13,[(1, 13), (1, 14), (2, 14), (2, 15), (2, 16), (3, 16)]
4247,7,5,2,0,[(2, 0), (2, 1), (3, 1), (3, 2), (3, 3), (4, 3)]
4248,7,5,2,1,[(2, 1), (2, 2), (3, 2), (3, 3), (3, 4), (4, 4)]
4249,7,5,2,2,[(2, 2), (2, 3), (3, 3), (3, 4), (3, 5), (4, 5)]
4250,7,5,2,3,[(2, 3), (2, 4), (3, 4), (3, 5), (3, 6), (4, 6)]
4251,7,5,2,4,[(2, 4), (2, 5), (3, 5), (3, 6), (3, 7), (4, 7)]
4252,7,5,2,5,[(2, 5), (2, 6), (3, 6), (3, 7), (3, 8), (4, 8)]
4253,7,5,2,6,[(2, 6), (2, 7), (3, 7), (3, 8), (3, 9), (4, 9)]
4254,7,5,2,7,[(2, 7), (2, 8), (3, 8), (3, 9), (3, 10), (4, 10)]
4255,7,5,2,8,[(2, 8), (2, 9), (3, 9), (3, 10), (3, 11), (4, 11)]
4256,7,5,2,9,[(2, 9), (2, 10), (3, 10), (3, 11), (3, 12), (4, 12)]
4257,7,5,2,10,[(2, 10), (2, 11), (3, 11), (3, 12), (3, 13), (4, 13)]
4258,7,5,2,11,[(2, 11), (2, 12), (3, 12), (3, 13), (3, 14), (4, 14)]
4259,7,5,2,12,[(2, 12), (2, 13), (3, 13), (3, 14), (3, 15), (4, 15)]
4260,7,5,2,13,[(2, 13), (2, 14), (3, 14), (3, 15), (3, 16), (4, 16)]
4261,7,5,3,0,[(3, 0), (3, 1), (4, 1), (4, 2), (4, 3), (5, 3)]
4262,7,5,3,1,[(3, 1), (3, 2), (4, 2), (4, 3), (4, 4), (5, 4)]
4263,7,5,3,2,[(3, 2), (3, 3), (4, 3), (4, 4), (4, 5), (5, 5)]
4264,7,5,3,3,[(3, 3), (3, 4), (4, 4), (4, 5), (4, 6), (5, 6)]
4265,7,5,3,4,[(3, 4), (3, 5), (4, 5), (4, 6), (4, 7), (5, 7)]
4266,7,5,3,5,[(3, 5), (3, 6), (4, 6), (4, 7), (4, 8), (5, 8)]
4267,7,5,3,6,[(3, 6), (3, 7), (4, 7), (4, 8), (4, 9), (5, 9)]
4268,7,5,3,7,[(3, 7), (3, 8), (4, 8), (4, 9), (4, 10), (5, 10)]
4269,7,5,3,8,[(3, 8), (3, 9), (4, 9), (4, 10), (4, 11), (5, 11)]
4270,7,5,3,9,[(3, 9), (3, 10), (4, 10), (4, 11), (4, 12), (5, 12)]
4271,7,5,3,10,[(3, 10), (3, 11), (4, 11), (4, 12), (4, 13), (5, 13)]
4272,7,5,3,11,[(3, 11), (3, 12), (4, 12), (4, 13), (4, 14), (5, 14)]
4273,7,5,3,12,[(3, 12), (3, 13), (4, 13), (4, 14), (4, 15), (5, 15)]
4274,7,5,3,13,[(3, 13), (3, 14), (4, 14), (4, 15), (4, 16), (5, 16)]
4275,7,5,4,0,[(4, 0), (4, 1), (5, 1), (5, 2), (5, 3), (6, 3)]
4276,7,5,4,1,[(4, 1), (4, 2), (5, 2), (5, 3), (5, 4), (6, 4)]
4277,7,5,4,2,[(4, 2), (4, 3), (5, 3), (5, 4), (5, 5), (6, 5)]
4278,7,5,4,3,[(4, 3), (4, 4), (5, 4), (5, 5), (5, 6), (6, 6)]
4279,7,5,4,4,[(4, 4), (4, 5), (5, 5), (5, 6), (5, 7), (6, 7)]
4280,7,5,4,5,[(4, 5), (4, 6), (5, 6), (5, 7), (5, 8), (6, 8)]
4281,7,5,4,6,[(4, 6), (4, 7), (5, 7), (5, 8), (5, 9), (6, 9)]
4282,7,5,4,7,[(4, 7), (4, 8), (5, 8), (5, 9), (5, 10), (6, 10)]
4283,7,5,4,8,[(4, 8), (4, 9), (5, 9), (5, 10), (5, 11), (6, 11)]
4284,7,5,4,9,[(4, 9), (4, 10), (5, 10), (5, 11), (5, 12), (6, 12)]
4285,7,5,4,10,[(4, 10), (4, 11), (5, 11), (5, 12), (5, 13), (6, 13)]
4286,7,5,4,11,[(4, 11), (4, 12), (5, 12), (5, 13), (5, 14), (6, 14)]
4287,7,5,4,12,[(4, 12), (4, 13), (5, 13), (5, 14), (5, 15), (6, 15)]
4288,7,5,4,13,[(4, 13), (4, 14), (5, 14), (5, 15), (5, 16), (6, 16)]
4289,7,5,5,0,[(5, 0), (5, 1), (6, 1), (6, 2), (6, 3), (7, 3)]
4290,7,5,5,1,[(5, 1), (5, 2), (6, 2), (6, 3), (6, 4), (7, 4)]
4291,7,5,5,2,[(5, 2), (5, 3), (6, 3), (6, 4), (6, 5), (7, 5)]
4292,7,5,5,3,[(5, 3), (5, 4), (6, 4), (6, 5), (6, 6), (7, 6)]
4293,7,5,5,4,[(5, 4), (5, 5), (6, 5), (6, 6), (6, 7), (7, 7)]
4294,7,5,5,5,[(5, 5), (5, 6), (6, 6), (6, 7), (6, 8), (7, 8)]
4295,7,5,5,6,[(5, 6), (5, 7), (6, 7), (6, 8), (6, 9), (7, 9)]
4296,7,5,5,7,[(5, 7), (5, 8), (6, 8), (6, 9), (6, 10), (7, 10)]
4297,7,5,5,8,[(5, 8), (5, 9), (6, 9), (6, 10), (6, 11), (7, 11)]
4298,7,5,5,9,[(5, 9), (5, 10), (6, 10), (6, 11), (6, 12), (7, 12)]
4299,7,5,5,10,[(5, 10), (5, 11), (6, 11), (6, 12), (6, 13), (7, 13)]
4300,7,5,5,11,[(5, 11), (5, 12), (6, 12), (6, 13), (6, 14), (7, 14)]
4301,7,5,5,12,[(5, 12), (5, 13), (6, 13), (6, 14), (6, 15), (7, 15)]
4302,7,5,5,13,[(5, 13), (5, 14), (6, 14), (6, 15), (6, 16), (7, 16)]
4303,7,5,6,0,[(6, 0), (6, 1), (7, 1), (7, 2), (7, 3), (8, 3)]
4304,7,5,6,1,[(6, 1), (6, 2), (7, 2), (7, 3), (7, 4), (8, 4)]
4305,7,5,6,2,[(6, 2), (6, 3), (7, 3), (7, 4), (7, 5), (8, 5)]
4306,7,5,6,3,[(6, 3), (6, 4), (7, 4), (7, 5), (7, 6), (8, 6)]
4307,7,5,6,4,[(6, 4), (6, 5), (7, 5), (7, 6), (7, 7), (8, 7)]
4308,7,5,6,5,[(6, 5), (6, 6), (7, 6), (7, 7), (7, 8), (8, 8)]
4309,7,5,6,6,[(6, 6), (6, 7), (7, 7), (7, 8), (7, 9), (8, 9)]
4310,7,5,6,7,[(6, 7), (6, 8), (7, 8), (7, 9), (7, 10), (8, 10)]
4311,7,5,6,8,[(6, 8), (6, 9), (7, 9), (7, 10), (7, 11), (8, 11)]
4312,7,5,6,9,[(6, 9), (6, 10), (7, 10), (7, 11), (7, 12), (8, 12)]
4313,7,5,6,10,[(6, 10), (6, 11), (7, 11), (7, 12), (7, 13), (8, 13)]
4314,7,5,6,11,[(6, 11), (6, 12), (7, 12), (7, 13), (7, 14), (8, 14)]
4315,7,5,6,12,[(6, 12), (6, 13), (7, 13), (7, 14), (7, 15), (8, 15)]
4316,7,5,6,13,[(6, 13), (6, 14), (7, 14), (7, 15), (7, 16), (8, 16)]
4317,7,6,0,0,[(0, 0), (1, 0), (1, 1), (2, 1), (3, 1), (3, 2)]
4318,7,6,0,1,[(0, 1), (1, 1), (1, 2), (2, 2), (3, 2), (3, 3)]
4319,7,6,0,2,[(0, 2), (1, 2), (1, 3), (2, 3), (3, 3), (3, 4)]
4320,7,6,0,3,[(0, 3), (1, 3), (1, 4), (2, 4), (3, 4), (3, 5)]
4321,7,6,0,4,[(0, 4), (1, 4), (1, 5), (2, 5), (3, 5), (3, 6)]
4322,7,6,0,5,[(0, 5), (1, 5), (1, 6), (2, 6), (3, 6), (3, 7)]
4323,7,6,0,6,[(0, 6), (1, 6), (1, 7), (2, 7), (3, 7), (3, 8)]
4324,7,6,0,7,[(0, 7), (1, 7), (1, 8), (2, 8), (3, 8), (3, 9)]
4325,7,6,0,8,[(0, 8), (1, 8), (1, 9), (2, 9), (3, 9), (3, 10)]
4326,7,6,0,9,[(0, 9), (1, 9), (1, 10), (2, 10), (3, 10), (3, 11)]
4327,7,6,0,10,[(0, 10), (1, 10), (1, 11), (2, 11), (3, 11), (3, 12)]
4328,7,6,0,11,[(0, 11), (1, 11), (1, 12), (2, 12), (3, 12), (3, 13)]
4329,7,6,0,12,[(0, 12), (1, 12), (1, 13), (2, 13), (3, 13), (3, 14)]
4330,7,6,0,13,[(0, 13), (1, 13), (1, 14), (2, 14), (3, 14), (3, 15)]
4331,7,6,0,14,[(0, 14), (1, 14), (1, 15), (2, 15), (3, 15), (3, 16)]
4332,7,6,1,0,[(1, 0), (2, 0), (2, 1), (3, 1), (4, 1), (4, 2)]
4333,7,6,1,1,[(1, 1), (2, 1), (2, 2), (3, 2), (4, 2), (4, 3)]
4334,7,6,1,2,[(1, 2), (2, 2), (2, 3), (3, 3), (4, 3), (4, 4)]
4335,7,6,1,3,[(1, 3), (2, 3), (2, 4), (3, 4), (4, 4), (4, 5)]
4336,7,6,1,4,[(1, 4), (2, 4), (2, 5), (3, 5), (4, 5), (4, 6)]
4337,7,6,1,5,[(1, 5), (2, 5), (2, 6), (3, 6), (4, 6), (4, 7)]
4338,7,6,1,6,[(1, 6), (2, 6), (2, 7), (3, 7), (4, 7), (4, 8)]
4339,7,6,1,7,[(1, 7), (2, 7), (2, 8), (3, 8), (4, 8), (4, 9)]
4340,7,6,1,8,[(1, 8), (2, 8), (2, 9), (3, 9), (4, 9), (4, 10)]
4341,7,6,1,9,[(1, 9), (2, 9), (2, 10), (3, 10), (4, 10), (4, 11)]
4342,7,6,1,10,[(1, 10), (2, 10), (2, 11), (3, 11), (4, 11), (4, 12)]
4343,7,6,1,11,[(1, 11), (2, 11), (2, 12), (3, 12), (4, 12), (4, 13)]
4344,7,6,1,12,[(1, 12), (2, 12), (2, 13), (3, 13), (4, 13), (4, 14)]
4345,7,6,1,13,[(1, 13), (2, 13), (2, 14), (3, 14), (4, 14), (4, 15)]
4346,7,6,1,14,[(1, 14), (2, 14), (2, 15), (3, 15), (4, 15), (4, 16)]
4347,7,6,2,0,[(2, 0), (3, 0), (3, 1), (4, 1), (5, 1), (5, 2)]
4348,7,6,2,1,[(2, 1), (3, 1), (3, 2), (4, 2), (5, 2), (5, 3)]
4349,7,6,2,2,[(2, 2), (3, 2), (3, 3), (4, 3), (5, 3), (5, 4)]
4350,7,6,2,3,[(2, 3), (3, 3), (3, 4), (4, 4), (5, 4), (5, 5)]
4351,7,6,2,4,[(2, 4), (3, 4), (3, 5), (4, 5), (5, 5), (5, 6)]
4352,7,6,2,5,[(2, 5), (3, 5), (3, 6), (4, 6), (5, 6), (5, 7)]
4353,7,6,2,6,[(2, 6), (3, 6), (3, 7), (4, 7), (5, 7), (5, 8)]
4354,7,6,2,7,[(2, 7), (3, 7), (3, 8), (4, 8), (5, 8), (5, 9)]
4355,7,6,2,8,[(2, 8), (3, 8), (3, 9), (4, 9), (5, 9), (5, 10)]
4356,7,6,2,9,[(2, 9), (3, 9), (3, 10), (4, 10), (5, 10), (5, 11)]
4357,7,6,2,10,[(2, 10), (3, 10), (3, 11), (4, 11), (5, 11), (5, 12)]
4358,7,6,2,11,[(2, 11), (3, 11), (3, 12), (4, 12), (5, 12), (5, 13)]
4359,7,6,2,12,[(2, 12), (3, 12), (3, 13), (4, 13), (5, 13), (5, 14)]
4360,7,6,2,13,[(2, 13), (3, 13), (3, 14), (4, 14), (5, 14), (5, 15)]
4361,7,6,2,14,[(2, 14), (3, 14), (3, 15), (4, 15), (5, 15), (5, 16)]
4362,7,6,3,0,[(3, 0), (4, 0), (4, 1), (5, 1), (6, 1), (6, 2)]
4363,7,6,3,1,[(3, 1), (4, 1), (4, 2), (5, 2), (6, 2), (6, 3)]
4364,7,6,3,2,[(3, 2), (4, 2), (4, 3), (5, 3), (6, 3), (6, 4)]
4365,7,6,3,3,[(3, 3), (4, 3), (4, 4), (5, 4), (6, 4), (6, 5)]
4366,7,6,3,4,[(3, 4), (4, 4), (4, 5), (5, 5), (6, 5), (6, 6)]
4367,7,6,3,5,[(3, 5), (4, 5), (4, 6), (5, 6), (6, 6), (6, 7)]
4368,7,6,3,6,[(3, 6), (4, 6), (4, 7), (5, 7), (6, 7), (6, 8)]
4369,7,6,3,7,[(3, 7), (4, 7), (4, 8), (5, 8), (6, 8), (6, 9)]
4370,7,6,3,8,[(3, 8), (4, 8), (4, 9), (5, 9), (6, 9), (6, 10)]
4371,7,6,3,9,[(3, 9), (4, 9), (4, 10), (5, 10), (6, 10), (6, 11)]
4372,7,6,3,10,[(3, 10), (4, 10), (4, 11), (5, 11), (6, 11), (6, 12)]
4373,7,6,3,11,[(3, 11), (4, 11), (4, 12), (5, 12), (6, 12), (6, 13)]
4374,7,6,3,12,[(3, 12), (4, 12), (4, 13), (5, 13), (6, 13), (6, 14)]
4375,7,6,3,13,[(3, 13), (4, 13), (4, 14), (5, 14), (6, 14), (6, 15)]
4376,7,6,3,14,[(3, 14), (4, 14), (4, 15), (5, 15), (6, 15), (6, 16)]
4377,7,6,4,0,[(4, 0), (5, 0), (5, 1), (6, 1), (7, 1), (7, 2)]
4378,7,6,4,1,[(4, 1), (5, 1), (5, 2), (6, 2), (7, 2), (7, 3)]
4379,7,6,4,2,[(4, 2), (5, 2), (5, 3), (6, 3), (7, 3), (7, 4)]
4380,7,6,4,3,[(4, 3), (5, 3), (5, 4), (6, 4), (7, 4), (7, 5)]
4381,7,6,4,4,[(4, 4), (5, 4), (5, 5), (6, 5), (7, 5), (7, 6)]
4382,7,6,4,5,[(4, 5), (5, 5), (5, 6), (6, 6), (7, 6), (7, 7)]
4383,7,6,4,6,[(4, 6), (5, 6), (5, 7), (6, 7), (7, 7), (7, 8)]
4384,7,6,4,7,[(4, 7), (5, 7), (5, 8), (6, 8), (7, 8), (7, 9)]
4385,7,6,4,8,[(4, 8), (5, 8), (5, 9), (6, 9), (7, 9), (7, 10)]
4386,7,6,4,9,[(4, 9), (5, 9), (5, 10), (6, 10), (7, 10), (7, 11)]
4387,7,6,4,10,[(4, 10), (5, 10), (5, 11), (6, 11), (7, 11), (7, 12)]
4388,7,6,4,11,[(4, 11), (5, 11), (5, 12), (6, 12), (7, 12), (7, 13)]
4389,7,6,4,12,[(4, 12), (5, 12), (5, 13), (6, 13), (7, 13), (7, 14)]
4390,7,6,4,13,[(4, 13), (5, 13), (5, 14), (6, 14), (7, 14), (7, 15)]
4391,7,6,4,14,[(4, 14), (5, 14), (5, 15), (6, 15), (7, 15), (7, 16)]
4392,7,6,5,0,[(5, 0), (6, 0), (6, 1), (7, 1), (8, 1), (8, 2)]
4393,7,6,5,1,[(5, 1), (6, 1), (6, 2), (7, 2), (8, 2), (8, 3)]
4394,7,6,5,2,[(5, 2), (6, 2), (6, 3), (7, 3), (8, 3), (8, 4)]
4395,7,6,5,3,[(5, 3), (6, 3), (6, 4), (7, 4), (8, 4), (8, 5)]
4396,7,6,5,4,[(5, 4), (6, 4), (6, 5), (7, 5), (8, 5), (8, 6)]
4397,7,6,5,5,[(5, 5), (6, 5), (6, 6), (7, 6), (8, 6), (8, 7)]
4398,7,6,5,6,[(5, 6), (6, 6), (6, 7), (7, 7), (8, 7), (8, 8)]
4399,7,6,5,7,[(5, 7), (6, 7), (6, 8), (7, 8), (8, 8), (8, 9)]
4400,7,6,5,8,[(5, 8), (6, 8), (6, 9), (7, 9), (8, 9), (8, 10)]
4401,7,6,5,9,[(5, 9), (6, 9), (6, 10), (7, 10), (8, 10), (8, 11)]
4402,7,6,5,10,[(5, 10), (6, 10), (6, 11), (7, 11), (8, 11), (8, 12)]
4403,7,6,5,11,[(5, 11), (6, 11), (6, 12), (7, 12), (8, 12), (8, 13)]
4404,7,6,5,12,[(5, 12), (6, 12), (6, 13), (7, 13), (8, 13), (8, 14)]
4405,7,6,5,13,[(5, 13), (6, 13), (6, 14), (7, 14), (8, 14), (8, 15)]
4406,7,6,5,14,[(5, 14), (6, 14), (6, 15), (7, 15), (8, 15), (8, 16)]
4407,7,7,0,0,[(0, 2), (0, 3), (1, 0), (1, 1), (1, 2), (2, 0)]
4408,7,7,0,1,[(0, 3), (0, 4), (1, 1), (1, 2), (1, 3), (2, 1)]
4409,7,7,0,2,[(0, 4), (0, 5), (1, 2), (1, 3), (1, 4), (2, 2)]
4410,7,7,0,3,[(0, 5), (0, 6), (1, 3), (1, 4), (1, 5), (2, 3)]
4411,7,7,0,4,[(0, 6), (0, 7), (1, 4), (1, 5), (1, 6), (2, 4)]
4412,7,7,0,5,[(0, 7), (0, 8), (1, 5), (1, 6), (1, 7), (2, 5)]
4413,7,7,0,6,[(0, 8), (0, 9), (1, 6), (1, 7), (1, 8), (2, 6)]
4414,7,7,0,7,[(0, 9), (0, 10), (1, 7), (1, 8), (1, 9), (2, 7)]
4415,7,7,0,8,[(0, 10), (0, 11), (1, 8), (1, 9), (1, 10), (2, 8)]
4416,7,7,0,9,[(0, 11), (0, 12), (1, 9), (1, 10), (1, 11), (2, 9)]
4417,7,7,0,10,[(0, 12), (0, 13), (1, 10), (1, 11), (1, 12), (2, 10)]
4418,7,7,0,11,[(0, 13), (0, 14), (1, 11), (1, 12), (1, 13), (2, 11)]
4419,7,7,0,12,[(0, 14), (0, 15), (1, 12), (1, 13), (1, 14), (2, 12)]
4420,7,7,0,13,[(0, 15), (0, 16), (1, 13), (1, 14), (1, 15), (2, 13)]
4421,7,7,1,0,[(1, 2), (1, 3), (2, 0), (2, 1), (2, 2), (3, 0)]
4422,7,7,1,1,[(1, 3), (1, 4), (2, 1), (2, 2), (2, 3), (3, 1)]
4423,7,7,1,2,[(1, 4), (1, 5), (2, 2), (2, 3), (2, 4), (3, 2)]
4424,7,7,1,3,[(1, 5), (1, 6), (2, 3), (2, 4), (2, 5), (3, 3)]
4425,7,7,1,4,[(1, 6), (1, 7), (2, 4), (2, 5), (2, 6), (3, 4)]
4426,7,7,1,5,[(1, 7), (1, 8), (2, 5), (2, 6), (2, 7), (3, 5)]
4427,7,7,1,6,[(1, 8), (1, 9), (2, 6), (2, 7), (2, 8), (3, 6)]
4428,7,7,1,7,[(1, 9), (1, 10), (2, 7), (2, 8), (2, 9), (3, 7)]
4429,7,7,1,8,[(1, 10), (1, 11), (2, 8), (2, 9), (2, 10), (3, 8)]
4430,7,7,1,9,[(1, 11), (1, 12), (2, 9), (2, 10), (2, 11), (3, 9)]
4431,7,7,1,10,[(1, 12), (1, 13), (2, 10), (2, 11), (2, 12), (3, 10)]
4432,7,7,1,11,[(1, 13), (1, 14), (2, 11), (2, 12), (2, 13), (3, 11)]
4433,7,7,1,12,[(1, 14), (1, 15), (2, 12), (2, 13), (2, 14), (3, 12)]
4434,7,7,1,13,[(1, 15), (1, 16), (2, 13), (2, 14), (2, 15), (3, 13)]
4435,7,7,2,0,[(2, 2), (2, 3), (3, 0), (3, 1), (3, 2), (4, 0)]
4436,7,7,2,1,[(2, 3), (2, 4), (3, 1), (3, 2), (3, 3), (4, 1)]
4437,7,7,2,2,[(2, 4), (2, 5), (3, 2), (3, 3), (3, 4), (4, 2)]
4438,7,7,2,3,[(2, 5), (2, 6), (3, 3), (3, 4), (3, 5), (4, 3)]
4439,7,7,2,4,[(2, 6), (2, 7), (3, 4), (3, 5), (3, 6), (4, 4)]
4440,7,7,2,5,[(2, 7), (2, 8), (3, 5), (3, 6), (3, 7), (4, 5)]
4441,7,7,2,6,[(2, 8), (2, 9), (3, 6), (3, 7), (3, 8), (4, 6)]
4442,7,7,2,7,[(2, 9), (2, 10), (3, 7), (3, 8), (3, 9), (4, 7)]
4443,7,7,2,8,[(2, 10), (2, 11), (3, 8), (3, 9), (3, 10), (4, 8)]
4444,7,7,2,9,[(2, 11), (2, 12), (3, 9), (3, 10), (3, 11), (4, 9)]
4445,7,7,2,10,[(2, 12), (2, 13), (3, 10), (3, 11), (3, 12), (4, 10)]
4446,7,7,2,11,[(2, 13), (2, 14), (3, 11), (3, 12), (3, 13), (4, 11)]
4447,7,7,2,12,[(2, 14), (2, 15), (3, 12), (3, 13), (3, 14), (4, 12)]
4448,7,7,2,13,[(2, 15), (2, 16), (3, 13), (3, 14), (3, 15), (4, 13)]
4449,7,7,3,0,[(3, 2), (3, 3), (4, 0), (4, 1), (4, 2), (5, 0)]
4450,7,7,3,1,[(3, 3), (3, 4), (4, 1), (4, 2), (4, 3), (5, 1)]
4451,7,7,3,2,[(3, 4), (3, 5), (4, 2), (4, 3), (4, 4), (5, 2)]
4452,7,7,3,3,[(3, 5), (3, 6), (4, 3), (4, 4), (4, 5), (5, 3)]
4453,7,7,3,4,[(3, 6), (3, 7), (4, 4), (4, 5), (4, 6), (5, 4)]
4454,7,7,3,5,[(3, 7), (3, 8), (4, 5), (4, 6), (4, 7), (5, 5)]
4455,7,7,3,6,[(3, 8), (3, 9), (4, 6), (4, 7), (4, 8), (5, 6)]
4456,7,7,3,7,[(3, 9), (3, 10), (4, 7), (4, 8), (4, 9), (5, 7)]
4457,7,7,3,8,[(3, 10), (3, 11), (4, 8), (4, 9), (4, 10), (5, 8)]
4458,7,7,3,9,[(3, 11), (3, 12), (4, 9), (4, 10), (4, 11), (5, 9)]
4459,7,7,3,10,[(3, 12), (3, 13), (4, 10), (4, 11), (4, 12), (5, 10)]
4460,7,7,3,11,[(3, 13), (3, 14), (4, 11), (4, 12), (4, 13), (5, 11)]
4461,7,7,3,12,[(3, 14), (3, 15), (4, 12), (4, 13), (4, 14), (5, 12)]
4462,7,7,3,13,[(3, 15), (3, 16), (4, 13), (4, 14), (4, 15), (5, 13)]
4463,7,7,4,0,[(4, 2), (4, 3), (5, 0), (5, 1), (5, 2), (6, 0)]
4464,7,7,4,1,[(4, 3), (4, 4), (5, 1), (5, 2), (5, 3), (6, 1)]
4465,7,7,4,2,[(4, 4), (4, 5), (5, 2), (5, 3), (5, 4), (6, 2)]
4466,7,7,4,3,[(4, 5), (4, 6), (5, 3), (5, 4), (5, 5), (6, 3)]
4467,7,7,4,4,[(4, 6), (4, 7), (5, 4), (5, 5), (5, 6), (6, 4)]
4468,7,7,4,5,[(4, 7), (4, 8), (5, 5), (5, 6), (5, 7), (6, 5)]
4469,7,7,4,6,[(4, 8), (4, 9), (5, 6), (5, 7), (5, 8), (6, 6)]
4470,7,7,4,7,[(4, 9), (4, 10), (5, 7), (5, 8), (5, 9), (6, 7)]
4471,7,7,4,8,[(4, 10), (4, 11), (5, 8), (5, 9), (5, 10), (6, 8)]
4472,7,7,4,9,[(4, 11), (4, 12), (5, 9), (5, 10), (5, 11), (6, 9)]
4473,7,7,4,10,[(4, 12), (4, 13), (5, 10), (5, 11), (5, 12), (6, 10)]
4474,7,7,4,11,[(4, 13), (4, 14), (5, 11), (5, 12), (5, 13), (6, 11)]
4475,7,7,4,12,[(4, 14), (4, 15), (5, 12), (5, 13), (5, 14), (6, 12)]
4476,7,7,4,13,[(4, 15), (4, 16), (5, 13), (5, 14), (5, 15), (6, 13)]
4477,7,7,5,0,[(5, 2), (5, 3), (6, 0), (6, 1), (6, 2), (7, 0)]
4478,7,7,5,1,[(5, 3), (5, 4), (6, 1), (6, 2), (6, 3), (7, 1)]
4479,7,7,5,2,[(5, 4), (5, 5), (6, 2), (6, 3), (6, 4), (7, 2)]
4480,7,7,5,3,[(5, 5), (5, 6), (6, 3), (6, 4), (6, 5), (7, 3)]
4481,7,7,5,4,[(5, 6), (5, 7), (6, 4), (6, 5), (6, 6), (7, 4)]
4482,7,7,5,5,[(5, 7), (5, 8), (6, 5), (6, 6), (6, 7), (7, 5)]
4483,7,7,5,6,[(5, 8), (5, 9), (6, 6), (6, 7), (6, 8), (7, 6)]
4484,7,7,5,7,[(5, 9), (5, 10), (6, 7), (6, 8), (6, 9), (7, 7)]
4485,7,7,5,8,[(5, 10), (5, 11), (6, 8), (6, 9), (6, 10), (7, 8)]
4486,7,7,5,9,[(5, 11), (5, 12), (6, 9), (6, 10), (6, 11), (7, 9)]
4487,7,7,5,10,[(5, 12), (5, 13), (6, 10), (6, 11), (6, 12), (7, 10)]
4488,7,7,5,11,[(5, 13), (5, 14), (6, 11), (6, 12), (6, 13), (7, 11)]
4489,7,7,5,12,[(5, 14), (5, 15), (6, 12), (6, 13), (6, 14), (7, 12)]
4490,7,7,5,13,[(5, 15), (5, 16), (6, 13), (6, 14), (6, 15), (7, 13)]
4491,7,7,6,0,[(6, 2), (6, 3), (7, 0), (7, 1), (7, 2), (8, 0)]
4492,7,7,6,1,[(6, 3), (6, 4), (7, 1), (7, 2), (7, 3), (8, 1)]
4493,7,7,6,2,[(6, 4), (6, 5), (7, 2), (7, 3), (7, 4), (8, 2)]
4494,7,7,6,3,[(6, 5), (6, 6), (7, 3), (7, 4), (7, 5), (8, 3)]
4495,7,7,6,4,[(6, 6), (6, 7), (7, 4), (7, 5), (7, 6), (8, 4)]
4496,7,7,6,5,[(6, 7), (6, 8), (7, 5), (7, 6), (7, 7), (8, 5)]
4497,7,7,6,6,[(6, 8), (6, 9), (7, 6), (7, 7), (7, 8), (8, 6)]
4498,7,7,6,7,[(6, 9), (6, 10), (7, 7), (7, 8), (7, 9), (8, 7)]
4499,7,7,6,8,[(6, 10), (6, 11), (7, 8), (7, 9), (7, 10), (8, 8)]
4500,7,7,6,9,[(6, 11), (6, 12), (7, 9), (7, 10), (7, 11), (8, 9)]
4501,7,7,6,10,[(6, 12), (6, 13), (7, 10), (7, 11), (7, 12), (8, 10)]
4502,7,7,6,11,[(6, 13), (6, 14), (7, 11), (7, 12), (7, 13), (8, 11)]
4503,7,7,6,12,[(6, 14), (6, 15), (7, 12), (7, 13), (7, 14), (8, 12)]
4504,7,7,6,13,[(6, 15), (6, 16), (7, 13), (7, 14), (7, 15), (8, 13)]
4505,8,0,0,0,[(0, 3), (1, 0), (1, 1), (1, 2), (1, 3), (2, 2)]
4506,8,0,0,1,[(0, 4), (1, 1), (1, 2), (1, 3), (1, 4), (2, 3)]
4507,8,0,0,2,[(0, 5), (1, 2), (1, 3), (1, 4), (1, 5), (2, 4)]
4508,8,0,0,3,[(0, 6), (1, 3), (1, 4), (1, 5), (1, 6), (2, 5)]
4509,8,0,0,4,[(0, 7), (1, 4), (1, 5), (1, 6), (1, 7), (2, 6)]
4510,8,0,0,5,[(0, 8), (1, 5), (1, 6), (1, 7), (1, 8), (2, 7)]
4511,8,0,0,6,[(0, 9), (1, 6), (1, 7), (1, 8), (1, 9), (2, 8)]
4512,8,0,0,7,[(0, 10), (1, 7), (1, 8), (1, 9), (1, 10), (2, 9)]
4513,8,0,0,8,[(0, 11), (1, 8), (1, 9), (1, 10), (1, 11), (2, 10)]
4514,8,0,0,9,[(0, 12), (1, 9), (1, 10), (1, 11), (1, 12), (2, 11)]
4515,8,0,0,10,[(0, 13), (1, 10), (1, 11), (1, 12), (1, 13), (2, 12)]
4516,8,0,0,11,[(0, 14), (1, 11), (1, 12), (1, 13), (1, 14), (2, 13)]
4517,8,0,0,12,[(0, 15), (1, 12), (1, 13), (1, 14), (1, 15), (2, 14)]
4518,8,0,0,13,[(0, 16), (1, 13), (1, 14), (1, 15), (1, 16), (2, 15)]
4519,8,0,1,0,[(1, 3), (2, 0), (2, 1), (2, 2), (2, 3), (3, 2)]
4520,8,0,1,1,[(1, 4), (2, 1), (2, 2), (2, 3), (2, 4), (3, 3)]
4521,8,0,1,2,[(1, 5), (2, 2), (2, 3), (2, 4), (2, 5), (3, 4)]
4522,8,0,1,3,[(1, 6), (2, 3), (2, 4), (2, 5), (2, 6), (3, 5)]
4523,8,0,1,4,[(1, 7), (2, 4), (2, 5), (2, 6), (2, 7), (3, 6)]
4524,8,0,1,5,[(1, 8), (2, 5), (2, 6), (2, 7), (2, 8), (3, 7)]
4525,8,0,1,6,[(1, 9), (2, 6), (2, 7), (2, 8), (2, 9), (3, 8)]
4526,8,0,1,7,[(1, 10), (2, 7), (2, 8), (2, 9), (2, 10), (3, 9)]
4527,8,0,1,8,[(1, 11), (2, 8), (2, 9), (2, 10), (2, 11), (3, 10)]
4528,8,0,1,9,[(1, 12), (2, 9), (2, 10), (2, 11), (2, 12), (3, 11)]
4529,8,0,1,10,[(1, 13), (2, 10), (2, 11), (2, 12), (2, 13), (3, 12)]
4530,8,0,1,11,[(1, 14), (2, 11), (2, 12), (2, 13), (2, 14), (3, 13)]
4531,8,0,1,12,[(1, 15), (2, 12), (2, 13), (2, 14), (2, 15), (3, 14)]
4532,8,0,1,13,[(1, 16), (2, 13), (2, 14), (2, 15), (2, 16), (3, 15)]
4533,8,0,2,0,[(2, 3), (3, 0), (3, 1), (3, 2), (3, 3), (4, 2)]
4534,8,0,2,1,[(2, 4), (3, 1), (3, 2), (3, 3), (3, 4), (4, 3)]
4535,8,0,2,2,[(2, 5), (3, 2), (3, 3), (3, 4), (3, 5), (4, 4)]
4536,8,0,2,3,[(2, 6), (3, 3), (3, 4), (3, 5), (3, 6), (4, 5)]
4537,8,0,2,4,[(2, 7), (3, 4), (3, 5), (3, 6), (3, 7), (4, 6)]
4538,8,0,2,5,[(2, 8), (3, 5), (3, 6), (3, 7), (3, 8), (4, 7)]
4539,8,0,2,6,[(2, 9), (3, 6), (3, 7), (3, 8), (3, 9), (4, 8)]
4540,8,0,2,7,[(2, 10), (3, 7), (3, 8), (3, 9), (3, 10), (4, 9)]
4541,8,0,2,8,[(2, 11), (3, 8), (3, 9), (3, 10), (3, 11), (4, 10)]
4542,8,0,2,9,[(2, 12), (3, 9), (3, 10), (3, 11), (3, 12), (4, 11)]
4543,8,0,2,10,[(2, 13), (3, 10), (3, 11), (3, 12), (3, 13), (4, 12)]
4544,8,0,2,11,[(2, 14), (3, 11), (3, 12), (3, 13), (3, 14), (4, 13)]
4545,8,0,2,12,[(2, 15), (3, 12), (3, 13), (3, 14), (3, 15), (4, 14)]
4546,8,0,2,13,[(2, 16), (3, 13), (3, 14), (3, 15), (3, 16), (4, 15)]
4547,8,0,3,0,[(3, 3), (4, 0), (4, 1), (4, 2), (4, 3), (5, 2)]
4548,8,0,3,1,[(3, 4), (4, 1), (4, 2), (4, 3), (4, 4), (5, 3)]
4549,8,0,3,2,[(3, 5), (4, 2), (4, 3), (4, 4), (4, 5), (5, 4)]
4550,8,0,3,3,[(3, 6), (4, 3), (4, 4), (4, 5), (4, 6), (5, 5)]
4551,8,0,3,4,[(3, 7), (4, 4), (4, 5), (4, 6), (4, 7), (5, 6)]
4552,8,0,3,5,[(3, 8), (4, 5), (4, 6), (4, 7), (4, 8), (5, 7)]
4553,8,0,3,6,[(3, 9), (4, 6), (4, 7), (4, 8), (4, 9), (5, 8)]
4554,8,0,3,7,[(3, 10), (4, 7), (4, 8), (4, 9), (4, 10), (5, 9)]
4555,8,0,3,8,[(3, 11), (4, 8), (4, 9), (4, 10), (4, 11), (5, 10)]
4556,8,0,3,9,[(3, 12), (4, 9), (4, 10), (4, 11), (4, 12), (5, 11)]
4557,8,0,3,10,[(3, 13), (4, 10), (4, 11), (4, 12), (4, 13), (5, 12)]
4558,8,0,3,11,[(3, 14), (4, 11), (4, 12), (4, 13), (4, 14), (5, 13)]
4559,8,0,3,12,[(3, 15), (4, 12), (4, 13), (4, 14), (4, 15), (5, 14)]
4560,8,0,3,13,[(3, 16), (4, 13), (4, 14), (4, 15), (4, 16), (5, 15)]
4561,8,0,4,0,[(4, 3), (5, 0), (5, 1), (5, 2), (5, 3), (6, 2)]
4562,8,0,4,1,[(4, 4), (5, 1), (5, 2), (5, 3), (5, 4), (6, 3)]
4563,8,0,4,2,[(4, 5), (5, 2), (5, 3), (5, 4), (5, 5), (6, 4)]
4564,8,0,4,3,[(4, 6), (5, 3), (5, 4), (5, 5), (5, 6), (6, 5)]
4565,8,0,4,4,[(4, 7), (5, 4), (5, 5), (5, 6), (5, 7), (6, 6)]
4566,8,0,4,5,[(4, 8), (5, 5), (5, 6), (5, 7), (5, 8), (6, 7)]
4567,8,0,4,6,[(4, 9), (5, 6), (5, 7), (5, 8), (5, 9), (6, 8)]
4568,8,0,4,7,[(4, 10), (5, 7), (5, 8), (5, 9), (5, 10), (6, 9)]
4569,8,0,4,8,[(4, 11), (5, 8), (5, 9), (5, 10), (5, 11), (6, 10)]
4570,8,0,4,9,[(4, 12), (5, 9), (5, 10), (5, 11), (5, 12), (6, 11)]
4571,8,0,4,10,[(4, 13), (5, 10), (5, 11), (5, 12), (5, 13), (6, 12)]
4572,8,0,4,11,[(4, 14), (5, 11), (5, 12), (5, 13), (5, 14), (6, 13)]
4573,8,0,4,12,[(4, 15), (5, 12), (5, 13), (5, 14), (5, 15), (6, 14)]
4574,8,0,4,13,[(4, 16), (5, 13), (5, 14), (5, 15), (5, 16), (6, 15)]
4575,8,0,5,0,[(5, 3), (6, 0), (6, 1), (6, 2), (6, 3), (7, 2)]
4576,8,0,5,1,[(5, 4), (6, 1), (6, 2), (6, 3), (6, 4), (7, 3)]
4577,8,0,5,2,[(5, 5), (6, 2), (6, 3), (6, 4), (6, 5), (7, 4)]
4578,8,0,5,3,[(5, 6), (6, 3), (6, 4), (6, 5), (6, 6), (7, 5)]
4579,8,0,5,4,[(5, 7), (6, 4), (6, 5), (6, 6), (6, 7), (7, 6)]
4580,8,0,5,5,[(5, 8), (6, 5), (6, 6), (6, 7), (6, 8), (7, 7)]
4581,8,0,5,6,[(5, 9), (6, 6), (6, 7), (6, 8), (6, 9), (7, 8)]
4582,8,0,5,7,[(5, 10), (6, 7), (6, 8), (6, 9), (6, 10), (7, 9)]
4583,8,0,5,8,[(5, 11), (6, 8), (6, 9), (6, 10), (6, 11), (7, 10)]
4584,8,0,5,9,[(5, 12), (6, 9), (6, 10), (6, 11), (6, 12), (7, 11)]
4585,8,0,5,10,[(5, 13), (6, 10), (6, 11), (6, 12), (6, 13), (7, 12)]
4586,8,0,5,11,[(5, 14), (6, 11), (6, 12), (6, 13), (6, 14), (7, 13)]
4587,8,0,5,12,[(5, 15), (6, 12), (6, 13), (6, 14), (6, 15), (7, 14)]
4588,8,0,5,13,[(5, 16), (6, 13), (6, 14), (6, 15), (6, 16), (7, 15)]
4589,8,0,6,0,[(6, 3), (7, 0), (7, 1), (7, 2), (7, 3), (8, 2)]
4590,8,0,6,1,[(6, 4), (7, 1), (7, 2), (7, 3), (7, 4), (8, 3)]
4591,8,0,6,2,[(6, 5), (7, 2), (7, 3), (7, 4), (7, 5), (8, 4)]
4592,8,0,6,3,[(6, 6), (7, 3), (7, 4), (7, 5), (7, 6), (8, 5)]
4593,8,0,6,4,[(6, 7), (7, 4), (7, 5), (7, 6), (7, 7), (8, 6)]
4594,8,0,6,5,[(6, 8), (7, 5), (7, 6), (7, 7), (7, 8), (8, 7)]
4595,8,0,6,6,[(6, 9), (7, 6), (7, 7), (7, 8), (7, 9), (8, 8)]
4596,8,0,6,7,[(6, 10), (7, 7), (7, 8), (7, 9), (7, 10), (8, 9)]
4597,8,0,6,8,[(6, 11), (7, 8), (7, 9), (7, 10), (7, 11), (8, 10)]
4598,8,0,6,9,[(6, 12), (7, 9), (7, 10), (7, 11), (7, 12), (8, 11)]
4599,8,0,6,10,[(6, 13), (7, 10), (7, 11), (7, 12), (7, 13), (8, 12)]
4600,8,0,6,11,[(6, 14), (7, 11), (7, 12), (7, 13), (7, 14), (8, 13)]
4601,8,0,6,12,[(6, 15), (7, 12), (7, 13), (7, 14), (7, 15), (8, 14)]
4602,8,0,6,13,[(6, 16), (7, 13), (7, 14), (7, 15), (7, 16), (8, 15)]
4603,8,1,0,0,[(0, 0), (1, 0), (1, 1), (1, 2), (1, 3), (2, 1)]
4604,8,1,0,1,[(0, 1), (1, 1), (1, 2), (1, 3), (1, 4), (2, 2)]
4605,8,1,0,2,[(0, 2), (1, 2), (1, 3), (1, 4), (1, 5), (2, 3)]
4606,8,1,0,3,[(0, 3), (1, 3), (1, 4), (1, 5), (1, 6), (2, 4)]
4607,8,1,0,4,[(0, 4), (1, 4), (1, 5), (1, 6), (1, 7), (2, 5)]
4608,8,1,0,5,[(0, 5), (1, 5), (1, 6), (1, 7), (1, 8), (2, 6)]
4609,8,1,0,6,[(0, 6), (1, 6), (1, 7), (1, 8), (1, 9), (2, 7)]
4610,8,1,0,7,[(0, 7), (1, 7), (1, 8), (1, 9), (1, 10), (2, 8)]
4611,8,1,0,8,[(0, 8), (1, 8), (1, 9), (1, 10), (1, 11), (2, 9)]
4612,8,1,0,9,[(0, 9), (1, 9), (1, 10), (1, 11), (1, 12), (2, 10)]
4613,8,1,0,10,[(0, 10), (1, 10), (1, 11), (1, 12), (1, 13), (2, 11)]
4614,8,1,0,11,[(0, 11), (1, 11), (1, 12), (1, 13), (1, 14), (2, 12)]
4615,8,1,0,12,[(0, 12), (1, 12), (1, 13), (1, 14), (1, 15), (2, 13)]
4616,8,1,0,13,[(0, 13), (1, 13), (1, 14), (1, 15), (1, 16), (2, 14)]
4617,8,1,1,0,[(1, 0), (2, 0), (2, 1), (2, 2), (2, 3), (3, 1)]
4618,8,1,1,1,[(1, 1), (2, 1), (2, 2), (2, 3), (2, 4), (3, 2)]
4619,8,1,1,2,[(1, 2), (2, 2), (2, 3), (2, 4), (2, 5), (3, 3)]
4620,8,1,1,3,[(1, 3), (2, 3), (2, 4), (2, 5), (2, 6), (3, 4)]
4621,8,1,1,4,[(1, 4), (2, 4), (2, 5), (2, 6), (2, 7), (3, 5)]
4622,8,1,1,5,[(1, 5), (2, 5), (2, 6), (2, 7), (2, 8), (3, 6)]
4623,8,1,1,6,[(1, 6), (2, 6), (2, 7), (2, 8), (2, 9), (3, 7)]
4624,8,1,1,7,[(1, 7), (2, 7), (2, 8), (2, 9), (2, 10), (3, 8)]
4625,8,1,1,8,[(1, 8), (2, 8), (2, 9), (2, 10), (2, 11), (3, 9)]
4626,8,1,1,9,[(1, 9), (2, 9), (2, 10), (2, 11), (2, 12), (3, 10)]
4627,8,1,1,10,[(1, 10), (2, 10), (2, 11), (2, 12), (2, 13), (3, 11)]
4628,8,1,1,11,[(1, 11), (2, 11), (2, 12), (2, 13), (2, 14), (3, 12)]
4629,8,1,1,12,[(1, 12), (2, 12), (2, 13), (2, 14), (2, 15), (3, 13)]
4630,8,1,1,13,[(1, 13), (2, 13), (2, 14), (2, 15), (2, 16), (3, 14)]
4631,8,1,2,0,[(2, 0), (3, 0), (3, 1), (3, 2), (3, 3), (4, 1)]
4632,8,1,2,1,[(2, 1), (3, 1), (3, 2), (3, 3), (3, 4), (4, 2)]
4633,8,1,2,2,[(2, 2), (3, 2), (3, 3), (3, 4), (3, 5), (4, 3)]
4634,8,1,2,3,[(2, 3), (3, 3), (3, 4), (3, 5), (3, 6), (4, 4)]
4635,8,1,2,4,[(2, 4), (3, 4), (3, 5), (3, 6), (3, 7), (4, 5)]
4636,8,1,2,5,[(2, 5), (3, 5), (3, 6), (3, 7), (3, 8), (4, 6)]
4637,8,1,2,6,[(2, 6), (3, 6), (3, 7), (3, 8), (3, 9), (4, 7)]
4638,8,1,2,7,[(2, 7), (3, 7), (3, 8), (3, 9), (3, 10), (4, 8)]
4639,8,1,2,8,[(2, 8), (3, 8), (3, 9), (3, 10), (3, 11), (4, 9)]
4640,8,1,2,9,[(2, 9), (3, 9), (3, 10), (3, 11), (3, 12), (4, 10)]
4641,8,1,2,10,[(2, 10), (3, 10), (3, 11), (3, 12), (3, 13), (4, 11)]
4642,8,1,2,11,[(2, 11), (3, 11), (3, 12), (3, 13), (3, 14), (4, 12)]
4643,8,1,2,12,[(2, 12), (3, 12), (3, 13), (3, 14), (3, 15), (4, 13)]
4644,8,1,2,13,[(2, 13), (3, 13), (3, 14), (3, 15), (3, 16), (4, 14)]
4645,8,1,3,0,[(3, 0), (4, 0), (4, 1), (4, 2), (4, 3), (5, 1)]
4646,8,1,3,1,[(3, 1), (4, 1), (4, 2), (4, 3), (4, 4), (5, 2)]
4647,8,1,3,2,[(3, 2), (4, 2), (4, 3), (4, 4), (4, 5), (5, 3)]
4648,8,1,3,3,[(3, 3), (4, 3), (4, 4), (4, 5), (4, 6), (5, 4)]
4649,8,1,3,4,[(3, 4), (4, 4), (4, 5), (4, 6), (4, 7), (5, 5)]
4650,8,1,3,5,[(3, 5), (4, 5), (4, 6), (4, 7), (4, 8), (5, 6)]
4651,8,1,3,6,[(3, 6), (4, 6), (4, 7), (4, 8), (4, 9), (5, 7)]
4652,8,1,3,7,[(3, 7), (4, 7), (4, 8), (4, 9), (4, 10), (5, 8)]
4653,8,1,3,8,[(3, 8), (4, 8), (4, 9), (4, 10), (4, 11), (5, 9)]
4654,8,1,3,9,[(3, 9), (4, 9), (4, 10), (4, 11), (4, 12), (5, 10)]
4655,8,1,3,10,[(3, 10), (4, 10), (4, 11), (4, 12), (4, 13), (5, 11)]
4656,8,1,3,11,[(3, 11), (4, 11), (4, 12), (4, 13), (4, 14), (5, 12)]
4657,8,1,3,12,[(3, 12), (4, 12), (4, 13), (4, 14), (4, 15), (5, 13)]
4658,8,1,3,13,[(3, 13), (4, 13), (4, 14), (4, 15), (4, 16), (5, 14)]
4659,8,1,4,0,[(4, 0), (5, 0), (5, 1), (5, 2), (5, 3), (6, 1)]
4660,8,1,4,1,[(4, 1), (5, 1), (5, 2), (5, 3), (5, 4), (6, 2)]
4661,8,1,4,2,[(4, 2), (5, 2), (5, 3), (5, 4), (5, 5), (6, 3)]
4662,8,1,4,3,[(4, 3), (5, 3), (5, 4), (5, 5), (5, 6), (6, 4)]
4663,8,1,4,4,[(4, 4), (5, 4), (5, 5), (5, 6), (5, 7), (6, 5)]
4664,8,1,4,5,[(4, 5), (5, 5), (5, 6), (5, 7), (5, 8), (6, 6)]
4665,8,1,4,6,[(4, 6), (5, 6), (5, 7), (5, 8), (5, 9), (6, 7)]
4666,8,1,4,7,[(4, 7), (5, 7), (5, 8), (5, 9), (5, 10), (6, 8)]
4667,8,1,4,8,[(4, 8), (5, 8), (5, 9), (5, 10), (5, 11), (6, 9)]
4668,8,1,4,9,[(4, 9), (5, 9), (5, 10), (5, 11), (5, 12), (6, 10)]
4669,8,1,4,10,[(4, 10), (5, 10), (5, 11), (5, 12), (5, 13), (6, 11)]
4670,8,1,4,11,[(4, 11), (5, 11), (5, 12), (5, 13), (5, 14), (6, 12)]
4671,8,1,4,12,[(4, 12), (5, 12), (5, 13), (5, 14), (5, 15), (6, 13)]
4672,8,1,4,13,[(4, 13), (5, 13), (5, 14), (5, 15), (5, 16), (6, 14)]
4673,8,1,5,0,[(5, 0), (6, 0), (6, 1), (6, 2), (6, 3), (7, 1)]
4674,8,1,5,1,[(5, 1), (6, 1), (6, 2), (6, 3), (6, 4), (7, 2)]
4675,8,1,5,2,[(5, 2), (6, 2), (6, 3), (6, 4), (6, 5), (7, 3)]
4676,8,1,5,3,[(5, 3), (6, 3), (6, 4), (6, 5), (6, 6), (7, 4)]
4677,8,1,5,4,[(5, 4), (6, 4), (6, 5), (6, 6), (6, 7), (7, 5)]
4678,8,1,5,5,[(5, 5), (6, 5), (6, 6), (6, 7), (6, 8), (7, 6)]
4679,8,1,5,6,[(5, 6), (6, 6), (6, 7), (6, 8), (6, 9), (7, 7)]
4680,8,1,5,7,[(5, 7), (6, 7), (6, 8), (6, 9), (6, 10), (7, 8)]
4681,8,1,5,8,[(5, 8), (6, 8), (6, 9), (6, 10), (6, 11), (7, 9)]
4682,8,1,5,9,[(5, 9), (6, 9), (6, 10), (6, 11), (6, 12), (7, 10)]
4683,8,1,5,10,[(5, 10), (6, 10), (6, 11), (6, 12), (6, 13), (7, 11)]
4684,8,1,5,11,[(5, 11), (6, 11), (6, 12), (6, 13), (6, 14), (7, 12)]
4685,8,1,5,12,[(5, 12), (6, 12), (6, 13), (6, 14), (6, 15), (7, 13)]
4686,8,1,5,13,[(5, 13), (6, 13), (6, 14), (6, 15), (6, 16), (7, 14)]
4687,8,1,6,0,[(6, 0), (7, 0), (7, 1), (7, 2), (7, 3), (8, 1)]
4688,8,1,6,1,[(6, 1), (7, 1), (7, 2), (7, 3), (7, 4), (8, 2)]
4689,8,1,6,2,[(6, 2), (7, 2), (7, 3), (7, 4), (7, 5), (8, 3)]
4690,8,1,6,3,[(6, 3), (7, 3), (7, 4), (7, 5), (7, 6), (8, 4)]
4691,8,1,6,4,[(6, 4), (7, 4), (7, 5), (7, 6), (7, 7), (8, 5)]
4692,8,1,6,5,[(6, 5), (7, 5), (7, 6), (7, 7), (7, 8), (8, 6)]
4693,8,1,6,6,[(6, 6), (7, 6), (7, 7), (7, 8), (7, 9), (8, 7)]
4694,8,1,6,7,[(6, 7), (7, 7), (7, 8), (7, 9), (7, 10), (8, 8)]
4695,8,1,6,8,[(6, 8), (7, 8), (7, 9), (7, 10), (7, 11), (8, 9)]
4696,8,1,6,9,[(6, 9), (7, 9), (7, 10), (7, 11), (7, 12), (8, 10)]
4697,8,1,6,10,[(6, 10), (7, 10), (7, 11), (7, 12), (7, 13), (8, 11)]
4698,8,1,6,11,[(6, 11), (7, 11), (7, 12), (7, 13), (7, 14), (8, 12)]
4699,8,1,6,12,[(6, 12), (7, 12), (7, 13), (7, 14), (7, 15), (8, 13)]
4700,8,1,6,13,[(6, 13), (7, 13), (7, 14), (7, 15), (7, 16), (8, 14)]
4701,8,2,0,0,[(0, 2), (1, 0), (1, 1), (1, 2), (1, 3), (2, 3)]
4702,8,2,0,1,[(0, 3), (1, 1), (1, 2), (1, 3), (1, 4), (2, 4)]
4703,8,2,0,2,[(0, 4), (1, 2), (1, 3), (1, 4), (1, 5), (2, 5)]
4704,8,2,0,3,[(0, 5), (1, 3), (1, 4), (1, 5), (1, 6), (2, 6)]
4705,8,2,0,4,[(0, 6), (1, 4), (1, 5), (1, 6), (1, 7), (2, 7)]
4706,8,2,0,5,[(0, 7), (1, 5), (1, 6), (1, 7), (1, 8), (2, 8)]
4707,8,2,0,6,[(0, 8), (1, 6), (1, 7), (1, 8), (1, 9), (2, 9)]
4708,8,2,0,7,[(0, 9), (1, 7), (1, 8), (1, 9), (1, 10), (2, 10)]
4709,8,2,0,8,[(0, 10), (1, 8), (1, 9), (1, 10), (1, 11), (2, 11)]
4710,8,2,0,9,[(0, 11), (1, 9), (1, 10), (1, 11), (1, 12), (2, 12)]
4711,8,2,0,10,[(0, 12), (1, 10), (1, 11), (1, 12), (1, 13), (2, 13)]
4712,8,2,0,11,[(0, 13), (1, 11), (1, 12), (1, 13), (1, 14), (2, 14)]
4713,8,2,0,12,[(0, 14), (1, 12), (1, 13), (1, 14), (1, 15), (2, 15)]
4714,8,2,0,13,[(0, 15), (1, 13), (1, 14), (1, 15), (1, 16), (2, 16)]
4715,8,2,1,0,[(1, 2), (2, 0), (2, 1), (2, 2), (2, 3), (3, 3)]
4716,8,2,1,1,[(1, 3), (2, 1), (2, 2), (2, 3), (2, 4), (3, 4)]
4717,8,2,1,2,[(1, 4), (2, 2), (2, 3), (2, 4), (2, 5), (3, 5)]
4718,8,2,1,3,[(1, 5), (2, 3), (2, 4), (2, 5), (2, 6), (3, 6)]
4719,8,2,1,4,[(1, 6), (2, 4), (2, 5), (2, 6), (2, 7), (3, 7)]
4720,8,2,1,5,[(1, 7), (2, 5), (2, 6), (2, 7), (2, 8), (3, 8)]
4721,8,2,1,6,[(1, 8), (2, 6), (2, 7), (2, 8), (2, 9), (3, 9)]
4722,8,2,1,7,[(1, 9), (2, 7), (2, 8), (2, 9), (2, 10), (3, 10)]
4723,8,2,1,8,[(1, 10), (2, 8), (2, 9), (2, 10), (2, 11), (3, 11)]
4724,8,2,1,9,[(1, 11), (2, 9), (2, 10), (2, 11), (2, 12), (3, 12)]
4725,8,2,1,10,[(1, 12), (2, 10), (2, 11), (2, 12), (2, 13), (3, 13)]
4726,8,2,1,11,[(1, 13), (2, 11), (2, 12), (2, 13), (2, 14), (3, 14)]
4727,8,2,1,12,[(1, 14), (2, 12), (2, 13), (2, 14), (2, 15), (3, 15)]
4728,8,2,1,13,[(1, 15), (2, 13), (2, 14), (2, 15), (2, 16), (3, 16)]
4729,8,2,2,0,[(2, 2), (3, 0), (3, 1), (3, 2), (3, 3), (4, 3)]
4730,8,2,2,1,[(2, 3), (3, 1), (3, 2), (3, 3), (3, 4), (4, 4)]
4731,8,2,2,2,[(2, 4), (3, 2), (3, 3), (3, 4), (3, 5), (4, 5)]
4732,8,2,2,3,[(2, 5), (3, 3), (3, 4), (3, 5), (3, 6), (4, 6)]
4733,8,2,2,4,[(2, 6), (3, 4), (3, 5), (3, 6), (3, 7), (4, 7)]
4734,8,2,2,5,[(2, 7), (3, 5), (3, 6), (3, 7), (3, 8), (4, 8)]
4735,8,2,2,6,[(2, 8), (3, 6), (3, 7), (3, 8), (3, 9), (4, 9)]
4736,8,2,2,7,[(2, 9), (3, 7), (3, 8), (3, 9), (3, 10), (4, 10)]
4737,8,2,2,8,[(2, 10), (3, 8), (3, 9), (3, 10), (3, 11), (4, 11)]
4738,8,2,2,9,[(2, 11), (3, 9), (3, 10), (3, 11), (3, 12), (4, 12)]
4739,8,2,2,10,[(2, 12), (3, 10), (3, 11), (3, 12), (3, 13), (4, 13)]
4740,8,2,2,11,[(2, 13), (3, 11), (3, 12), (3, 13), (3, 14), (4, 14)]
4741,8,2,2,12,[(2, 14), (3, 12), (3, 13), (3, 14), (3, 15), (4, 15)]
4742,8,2,2,13,[(2, 15), (3, 13), (3, 14), (3, 15), (3, 16), (4, 16)]
4743,8,2,3,0,[(3, 2), (4, 0), (4, 1), (4, 2), (4, 3), (5, 3)]
4744,8,2,3,1,[(3, 3), (4, 1), (4, 2), (4, 3), (4, 4), (5, 4)]
4745,8,2,3,2,[(3, 4), (4, 2), (4, 3), (4, 4), (4, 5), (5, 5)]
4746,8,2,3,3,[(3, 5), (4, 3), (4, 4), (4, 5), (4, 6), (5, 6)]
4747,8,2,3,4,[(3, 6), (4, 4), (4, 5), (4, 6), (4, 7), (5, 7)]
4748,8,2,3,5,[(3, 7), (4, 5), (4, 6), (4, 7), (4, 8), (5, 8)]
4749,8,2,3,6,[(3, 8), (4, 6), (4, 7), (4, 8), (4, 9), (5, 9)]
4750,8,2,3,7,[(3, 9), (4, 7), (4, 8), (4, 9), (4, 10), (5, 10)]
4751,8,2,3,8,[(3, 10), (4, 8), (4, 9), (4, 10), (4, 11), (5, 11)]
4752,8,2,3,9,[(3, 11), (4, 9), (4, 10), (4, 11), (4, 12), (5, 12)]
4753,8,2,3,10,[(3, 12), (4, 10), (4, 11), (4, 12), (4, 13), (5, 13)]
4754,8,2,3,11,[(3, 13), (4, 11), (4, 12), (4, 13), (4, 14), (5, 14)]
4755,8,2,3,12,[(3, 14), (4, 12), (4, 13), (4, 14), (4, 15), (5, 15)]
4756,8,2,3,13,[(3, 15), (4, 13), (4, 14), (4, 15), (4, 16), (5, 16)]
4757,8,2,4,0,[(4, 2), (5, 0), (5, 1), (5, 2), (5, 3), (6, 3)]
4758,8,2,4,1,[(4, 3), (5, 1), (5, 2), (5, 3), (5, 4), (6, 4)]
4759,8,2,4,2,[(4, 4), (5, 2), (5, 3), (5, 4), (5, 5), (6, 5)]
4760,8,2,4,3,[(4, 5), (5, 3), (5, 4), (5, 5), (5, 6), (6, 6)]
4761,8,2,4,4,[(4, 6), (5, 4), (5, 5), (5, 6), (5, 7), (6, 7)]
4762,8,2,4,5,[(4, 7), (5, 5), (5, 6), (5, 7), (5, 8), (6, 8)]
4763,8,2,4,6,[(4, 8), (5, 6), (5, 7), (5, 8), (5, 9), (6, 9)]
4764,8,2,4,7,[(4, 9), (5, 7), (5, 8), (5, 9), (5, 10), (6, 10)]
4765,8,2,4,8,[(4, 10), (5, 8), (5, 9), (5, 10), (5, 11), (6, 11)]
4766,8,2,4,9,[(4, 11), (5, 9), (5, 10), (5, 11), (5, 12), (6, 12)]
4767,8,2,4,10,[(4, 12), (5, 10), (5, 11), (5, 12), (5, 13), (6, 13)]
4768,8,2,4,11,[(4, 13), (5, 11), (5, 12), (5, 13), (5, 14), (6, 14)]
4769,8,2,4,12,[(4, 14), (5, 12), (5, 13), (5, 14), (5, 15), (6, 15)]
4770,8,2,4,13,[(4, 15), (5, 13), (5, 14), (5, 15), (5, 16), (6, 16)]
4771,8,2,5,0,[(5, 2), (6, 0), (6, 1), (6, 2), (6, 3), (7, 3)]
4772,8,2,5,1,[(5, 3), (6, 1), (6, 2), (6, 3), (6, 4), (7, 4)]
4773,8,2,5,2,[(5, 4), (6, 2), (6, 3), (6, 4), (6, 5), (7, 5)]
4774,8,2,5,3,[(5, 5), (6, 3), (6, 4), (6, 5), (6, 6), (7, 6)]
4775,8,2,5,4,[(5, 6), (6, 4), (6, 5), (6, 6), (6, 7), (7, 7)]
4776,8,2,5,5,[(5, 7), (6, 5), (6, 6), (6, 7), (6, 8), (7, 8)]
4777,8,2,5,6,[(5, 8), (6, 6), (6, 7), (6, 8), (6, 9), (7, 9)]
4778,8,2,5,7,[(5, 9), (6, 7), (6, 8), (6, 9), (6, 10), (7, 10)]
4779,8,2,5,8,[(5, 10), (6, 8), (6, 9), (6, 10), (6, 11), (7, 11)]
4780,8,2,5,9,[(5, 11), (6, 9), (6, 10), (6, 11), (6, 12), (7, 12)]
4781,8,2,5,10,[(5, 12), (6, 10), (6, 11), (6, 12), (6, 13), (7, 13)]
4782,8,2,5,11,[(5, 13), (6, 11), (6, 12), (6, 13), (6, 14), (7, 14)]
4783,8,2,5,12,[(5, 14), (6, 12), (6, 13), (6, 14), (6, 15), (7, 15)]
4784,8,2,5,13,[(5, 15), (6, 13), (6, 14), (6, 15), (6, 16), (7, 16)]
4785,8,2,6,0,[(6, 2), (7, 0), (7, 1), (7, 2), (7, 3), (8, 3)]
4786,8,2,6,1,[(6, 3), (7, 1), (7, 2), (7, 3), (7, 4), (8, 4)]
4787,8,2,6,2,[(6, 4), (7, 2), (7, 3), (7, 4), (7, 5), (8, 5)]
4788,8,2,6,3,[(6, 5), (7, 3), (7, 4), (7, 5), (7, 6), (8, 6)]
4789,8,2,6,4,[(6, 6), (7, 4), (7, 5), (7, 6), (7, 7), (8, 7)]
4790,8,2,6,5,[(6, 7), (7, 5), (7, 6), (7, 7), (7, 8), (8, 8)]
4791,8,2,6,6,[(6, 8), (7, 6), (7, 7), (7, 8), (7, 9), (8, 9)]
4792,8,2,6,7,[(6, 9), (7, 7), (7, 8), (7, 9), (7, 10), (8, 10)]
4793,8,2,6,8,[(6, 10), (7, 8), (7, 9), (7, 10), (7, 11), (8, 11)]
4794,8,2,6,9,[(6, 11), (7, 9), (7, 10), (7, 11), (7, 12), (8, 12)]
4795,8,2,6,10,[(6, 12), (7, 10), (7, 11), (7, 12), (7, 13), (8, 13)]
4796,8,2,6,11,[(6, 13), (7, 11), (7, 12), (7, 13), (7, 14), (8, 14)]
4797,8,2,6,12,[(6, 14), (7, 12), (7, 13), (7, 14), (7, 15), (8, 15)]
4798,8,2,6,13,[(6, 15), (7, 13), (7, 14), (7, 15), (7, 16), (8, 16)]
4799,8,3,0,0,[(0, 1), (1, 1), (2, 0), (2, 1), (3, 1), (3, 2)]
4800,8,3,0,1,[(0, 2), (1, 2), (2, 1), (2, 2), (3, 2), (3, 3)]
4801,8,3,0,2,[(0, 3), (1, 3), (2, 2), (2, 3), (3, 3), (3, 4)]
4802,8,3,0,3,[(0, 4), (1, 4), (2, 3), (2, 4), (3, 4), (3, 5)]
4803,8,3,0,4,[(0, 5), (1, 5), (2, 4), (2, 5), (3, 5), (3, 6)]
4804,8,3,0,5,[(0, 6), (1, 6), (2, 5), (2, 6), (3, 6), (3, 7)]
4805,8,3,0,6,[(0, 7), (1, 7), (2, 6), (2, 7), (3, 7), (3, 8)]
4806,8,3,0,7,[(0, 8), (1, 8), (2, 7), (2, 8), (3, 8), (3, 9)]
4807,8,3,0,8,[(0, 9), (1, 9), (2, 8), (2, 9), (3, 9), (3, 10)]
4808,8,3,0,9,[(0, 10), (1, 10), (2, 9), (2, 10), (3, 10), (3, 11)]
4809,8,3,0,10,[(0, 11), (1, 11), (2, 10), (2, 11), (3, 11), (3, 12)]
4810,8,3,0,11,[(0, 12), (1, 12), (2, 11), (2, 12), (3, 12), (3, 13)]
4811,8,3,0,12,[(0, 13), (1, 13), (2, 12), (2, 13), (3, 13), (3, 14)]
4812,8,3,0,13,[(0, 14), (1, 14), (2, 13), (2, 14), (3, 14), (3, 15)]
4813,8,3,0,14,[(0, 15), (1, 15), (2, 14), (2, 15), (3, 15), (3, 16)]
4814,8,3,1,0,[(1, 1), (2, 1), (3, 0), (3, 1), (4, 1), (4, 2)]
4815,8,3,1,1,[(1, 2), (2, 2), (3, 1), (3, 2), (4, 2), (4, 3)]
4816,8,3,1,2,[(1, 3), (2, 3), (3, 2), (3, 3), (4, 3), (4, 4)]
4817,8,3,1,3,[(1, 4), (2, 4), (3, 3), (3, 4), (4, 4), (4, 5)]
4818,8,3,1,4,[(1, 5), (2, 5), (3, 4), (3, 5), (4, 5), (4, 6)]
4819,8,3,1,5,[(1, 6), (2, 6), (3, 5), (3, 6), (4, 6), (4, 7)]
4820,8,3,1,6,[(1, 7), (2, 7), (3, 6), (3, 7), (4, 7), (4, 8)]
4821,8,3,1,7,[(1, 8), (2, 8), (3, 7), (3, 8), (4, 8), (4, 9)]
4822,8,3,1,8,[(1, 9), (2, 9), (3, 8), (3, 9), (4, 9), (4, 10)]
4823,8,3,1,9,[(1, 10), (2, 10), (3, 9), (3, 10), (4, 10), (4, 11)]
4824,8,3,1,10,[(1, 11), (2, 11), (3, 10), (3, 11), (4, 11), (4, 12)]
4825,8,3,1,11,[(1, 12), (2, 12), (3, 11), (3, 12), (4, 12), (4, 13)]
4826,8,3,1,12,[(1, 13), (2, 13), (3, 12), (3, 13), (4, 13), (4, 14)]
4827,8,3,1,13,[(1, 14), (2, 14), (3, 13), (3, 14), (4, 14), (4, 15)]
4828,8,3,1,14,[(1, 15), (2, 15), (3, 14), (3, 15), (4, 15), (4, 16)]
4829,8,3,2,0,[(2, 1), (3, 1), (4, 0), (4, 1), (5, 1), (5, 2)]
4830,8,3,2,1,[(2, 2), (3, 2), (4, 1), (4, 2), (5, 2), (5, 3)]
4831,8,3,2,2,[(2, 3), (3, 3), (4, 2), (4, 3), (5, 3), (5, 4)]
4832,8,3,2,3,[(2, 4), (3, 4), (4, 3), (4, 4), (5, 4), (5, 5)]
4833,8,3,2,4,[(2, 5), (3, 5), (4, 4), (4, 5), (5, 5), (5, 6)]
4834,8,3,2,5,[(2, 6), (3, 6), (4, 5), (4, 6), (5, 6), (5, 7)]
4835,8,3,2,6,[(2, 7), (3, 7), (4, 6), (4, 7), (5, 7), (5, 8)]
4836,8,3,2,7,[(2, 8), (3, 8), (4, 7), (4, 8), (5, 8), (5, 9)]
4837,8,3,2,8,[(2, 9), (3, 9), (4, 8), (4, 9), (5, 9), (5, 10)]
4838,8,3,2,9,[(2, 10), (3, 10), (4, 9), (4, 10), (5, 10), (5, 11)]
4839,8,3,2,10,[(2, 11), (3, 11), (4, 10), (4, 11), (5, 11), (5, 12)]
4840,8,3,2,11,[(2, 12), (3, 12), (4, 11), (4, 12), (5, 12), (5, 13)]
4841,8,3,2,12,[(2, 13), (3, 13), (4, 12), (4, 13), (5, 13), (5, 14)]
4842,8,3,2,13,[(2, 14), (3, 14), (4, 13), (4, 14), (5, 14), (5, 15)]
4843,8,3,2,14,[(2, 15), (3, 15), (4, 14), (4, 15), (5, 15), (5, 16)]
4844,8,3,3,0,[(3, 1), (4, 1), (5, 0), (5, 1), (6, 1), (6, 2)]
4845,8,3,3,1,[(3, 2), (4, 2), (5, 1), (5, 2), (6, 2), (6, 3)]
4846,8,3,3,2,[(3, 3), (4, 3), (5, 2), (5, 3), (6, 3), (6, 4)]
4847,8,3,3,3,[(3, 4), (4, 4), (5, 3), (5, 4), (6, 4), (6, 5)]
4848,8,3,3,4,[(3, 5), (4, 5), (5, 4), (5, 5), (6, 5), (6, 6)]
4849,8,3,3,5,[(3, 6), (4, 6), (5, 5), (5, 6), (6, 6), (6, 7)]
4850,8,3,3,6,[(3, 7), (4, 7), (5, 6), (5, 7), (6, 7), (6, 8)]
4851,8,3,3,7,[(3, 8), (4, 8), (5, 7), (5, 8), (6, 8), (6, 9)]
4852,8,3,3,8,[(3, 9), (4, 9), (5, 8), (5, 9), (6, 9), (6, 10)]
4853,8,3,3,9,[(3, 10), (4, 10), (5, 9), (5, 10), (6, 10), (6, 11)]
4854,8,3,3,10,[(3, 11), (4, 11), (5, 10), (5, 11), (6, 11), (6, 12)]
4855,8,3,3,11,[(3, 12), (4, 12), (5, 11), (5, 12), (6, 12), (6, 13)]
4856,8,3,3,12,[(3, 13), (4, 13), (5, 12), (5, 13), (6, 13), (6, 14)]
4857,8,3,3,13,[(3, 14), (4, 14), (5, 13), (5, 14), (6, 14), (6, 15)]
4858,8,3,3,14,[(3, 15), (4, 15), (5, 14), (5, 15), (6, 15), (6, 16)]
4859,8,3,4,0,[(4, 1), (5, 1), (6, 0), (6, 1), (7, 1), (7, 2)]
4860,8,3,4,1,[(4, 2), (5, 2), (6, 1), (6, 2), (7, 2), (7, 3)]
4861,8,3,4,2,[(4, 3), (5, 3), (6, 2), (6, 3), (7, 3), (7, 4)]
4862,8,3,4,3,[(4, 4), (5, 4), (6, 3), (6, 4), (7, 4), (7, 5)]
4863,8,3,4,4,[(4, 5), (5, 5), (6, 4), (6, 5), (7, 5), (7, 6)]
4864,8,3,4,5,[(4, 6), (5, 6), (6, 5), (6, 6), (7, 6), (7, 7)]
4865,8,3,4,6,[(4, 7), (5, 7), (6, 6), (6, 7), (7, 7), (7, 8)]
4866,8,3,4,7,[(4, 8), (5, 8), (6, 7), (6, 8), (7, 8), (7, 9)]
4867,8,3,4,8,[(4, 9), (5, 9), (6, 8), (6, 9), (7, 9), (7, 10)]
4868,8,3,4,9,[(4, 10), (5, 10), (6, 9), (6, 10), (7, 10), (7, 11)]
4869,8,3,4,10,[(4, 11), (5, 11), (6, 10), (6, 11), (7, 11), (7, 12)]
4870,8,3,4,11,[(4, 12), (5, 12), (6, 11), (6, 12), (7, 12), (7, 13)]
4871,8,3,4,12,[(4, 13), (5, 13), (6, 12), (6, 13), (7, 13), (7, 14)]
4872,8,3,4,13,[(4, 14), (5, 14), (6, 13), (6, 14), (7, 14), (7, 15)]
4873,8,3,4,14,[(4, 15), (5, 15), (6, 14), (6, 15), (7, 15), (7, 16)]
4874,8,3,5,0,[(5, 1), (6, 1), (7, 0), (7, 1), (8, 1), (8, 2)]
4875,8,3,5,1,[(5, 2), (6, 2), (7, 1), (7, 2), (8, 2), (8, 3)]
4876,8,3,5,2,[(5, 3), (6, 3), (7, 2), (7, 3), (8, 3), (8, 4)]
4877,8,3,5,3,[(5, 4), (6, 4), (7, 3), (7, 4), (8, 4), (8, 5)]
4878,8,3,5,4,[(5, 5), (6, 5), (7, 4), (7, 5), (8, 5), (8, 6)]
4879,8,3,5,5,[(5, 6), (6, 6), (7, 5), (7, 6), (8, 6), (8, 7)]
4880,8,3,5,6,[(5, 7), (6, 7), (7, 6), (7, 7), (8, 7), (8, 8)]
4881,8,3,5,7,[(5, 8), (6, 8), (7, 7), (7, 8), (8, 8), (8, 9)]
4882,8,3,5,8,[(5, 9), (6, 9), (7, 8), (7, 9), (8, 9), (8, 10)]
4883,8,3,5,9,[(5, 10), (6, 10), (7, 9), (7, 10), (8, 10), (8, 11)]
4884,8,3,5,10,[(5, 11), (6, 11), (7, 10), (7, 11), (8, 11), (8, 12)]
4885,8,3,5,11,[(5, 12), (6, 12), (7, 11), (7, 12), (8, 12), (8, 13)]
4886,8,3,5,12,[(5, 13), (6, 13), (7, 12), (7, 13), (8, 13), (8, 14)]
4887,8,3,5,13,[(5, 14), (6, 14), (7, 13), (7, 14), (8, 14), (8, 15)]
4888,8,3,5,14,[(5, 15), (6, 15), (7, 14), (7, 15), (8, 15), (8, 16)]
4889,8,4,0,0,[(0, 1), (1, 1), (2, 1), (2, 2), (3, 0), (3, 1)]
4890,8,4,0,1,[(0, 2), (1, 2), (2, 2), (2, 3), (3, 1), (3, 2)]
4891,8,4,0,2,[(0, 3), (1, 3), (2, 3), (2, 4), (3, 2), (3, 3)]
4892,8,4,0,3,[(0, 4), (1, 4), (2, 4), (2, 5), (3, 3), (3, 4)]
4893,8,4,0,4,[(0, 5), (1, 5), (2, 5), (2, 6), (3, 4), (3, 5)]
4894,8,4,0,5,[(0, 6), (1, 6), (2, 6), (2, 7), (3, 5), (3, 6)]
4895,8,4,0,6,[(0, 7), (1, 7), (2, 7), (2, 8), (3, 6), (3, 7)]
4896,8,4,0,7,[(0, 8), (1, 8), (2, 8), (2, 9), (3, 7), (3, 8)]
4897,8,4,0,8,[(0, 9), (1, 9), (2, 9), (2, 10), (3, 8), (3, 9)]
4898,8,4,0,9,[(0, 10), (1, 10), (2, 10), (2, 11), (3, 9), (3, 10)]
4899,8,4,0,10,[(0, 11), (1, 11), (2, 11), (2, 12), (3, 10), (3, 11)]
4900,8,4,0,11,[(0, 12), (1, 12), (2, 12), (2, 13), (3, 11), (3, 12)]
4901,8,4,0,12,[(0, 13), (1, 13), (2, 13), (2, 14), (3, 12), (3, 13)]
4902,8,4,0,13,[(0, 14), (1, 14), (2, 14), (2, 15), (3, 13), (3, 14)]
4903,8,4,0,14,[(0, 15), (1, 15), (2, 15), (2, 16), (3, 14), (3, 15)]
4904,8,4,1,0,[(1, 1), (2, 1), (3, 1), (3, 2), (4, 0), (4, 1)]
4905,8,4,1,1,[(1, 2), (2, 2), (3, 2), (3, 3), (4, 1), (4, 2)]
4906,8,4,1,2,[(1, 3), (2, 3), (3, 3), (3, 4), (4, 2), (4, 3)]
4907,8,4,1,3,[(1, 4), (2, 4), (3, 4), (3, 5), (4, 3), (4, 4)]
4908,8,4,1,4,[(1, 5), (2, 5), (3, 5), (3, 6), (4, 4), (4, 5)]
4909,8,4,1,5,[(1, 6), (2, 6), (3, 6), (3, 7), (4, 5), (4, 6)]
4910,8,4,1,6,[(1, 7), (2, 7), (3, 7), (3, 8), (4, 6), (4, 7)]
4911,8,4,1,7,[(1, 8), (2, 8), (3, 8), (3, 9), (4, 7), (4, 8)]
4912,8,4,1,8,[(1, 9), (2, 9), (3, 9), (3, 10), (4, 8), (4, 9)]
4913,8,4,1,9,[(1, 10), (2, 10), (3, 10), (3, 11), (4, 9), (4, 10)]
4914,8,4,1,10,[(1, 11), (2, 11), (3, 11), (3, 12), (4, 10), (4, 11)]
4915,8,4,1,11,[(1, 12), (2, 12), (3, 12), (3, 13), (4, 11), (4, 12)]
4916,8,4,1,12,[(1, 13), (2, 13), (3, 13), (3, 14), (4, 12), (4, 13)]
4917,8,4,1,13,[(1, 14), (2, 14), (3, 14), (3, 15), (4, 13), (4, 14)]
4918,8,4,1,14,[(1, 15), (2, 15), (3, 15), (3, 16), (4, 14), (4, 15)]
4919,8,4,2,0,[(2, 1), (3, 1), (4, 1), (4, 2), (5, 0), (5, 1)]
4920,8,4,2,1,[(2, 2), (3, 2), (4, 2), (4, 3), (5, 1), (5, 2)]
4921,8,4,2,2,[(2, 3), (3, 3), (4, 3), (4, 4), (5, 2), (5, 3)]
4922,8,4,2,3,[(2, 4), (3, 4), (4, 4), (4, 5), (5, 3), (5, 4)]
4923,8,4,2,4,[(2, 5), (3, 5), (4, 5), (4, 6), (5, 4), (5, 5)]
4924,8,4,2,5,[(2, 6), (3, 6), (4, 6), (4, 7), (5, 5), (5, 6)]
4925,8,4,2,6,[(2, 7), (3, 7), (4, 7), (4, 8), (5, 6), (5, 7)]
4926,8,4,2,7,[(2, 8), (3, 8), (4, 8), (4, 9), (5, 7), (5, 8)]
4927,8,4,2,8,[(2, 9), (3, 9), (4, 9), (4, 10), (5, 8), (5, 9)]
4928,8,4,2,9,[(2, 10), (3, 10), (4, 10), (4, 11), (5, 9), (5, 10)]
4929,8,4,2,10,[(2, 11), (3, 11), (4, 11), (4, 12), (5, 10), (5, 11)]
4930,8,4,2,11,[(2, 12), (3, 12), (4, 12), (4, 13), (5, 11), (5, 12)]
4931,8,4,2,12,[(2, 13), (3, 13), (4, 13), (4, 14), (5, 12), (5, 13)]
4932,8,4,2,13,[(2, 14), (3, 14), (4, 14), (4, 15), (5, 13), (5, 14)]
4933,8,4,2,14,[(2, 15), (3, 15), (4, 15), (4, 16), (5, 14), (5, 15)]
4934,8,4,3,0,[(3, 1), (4, 1), (5, 1), (5, 2), (6, 0), (6, 1)]
4935,8,4,3,1,[(3, 2), (4, 2), (5, 2), (5, 3), (6, 1), (6, 2)]
4936,8,4,3,2,[(3, 3), (4, 3), (5, 3), (5, 4), (6, 2), (6, 3)]
4937,8,4,3,3,[(3, 4), (4, 4), (5, 4), (5, 5), (6, 3), (6, 4)]
4938,8,4,3,4,[(3, 5), (4, 5), (5, 5), (5, 6), (6, 4), (6, 5)]
4939,8,4,3,5,[(3, 6), (4, 6), (5, 6), (5, 7), (6, 5), (6, 6)]
4940,8,4,3,6,[(3, 7), (4, 7), (5, 7), (5, 8), (6, 6), (6, 7)]
4941,8,4,3,7,[(3, 8), (4, 8), (5, 8), (5, 9), (6, 7), (6, 8)]
4942,8,4,3,8,[(3, 9), (4, 9), (5, 9), (5, 10), (6, 8), (6, 9)]
4943,8,4,3,9,[(3, 10), (4, 10), (5, 10), (5, 11), (6, 9), (6, 10)]
4944,8,4,3,10,[(3, 11), (4, 11), (5, 11), (5, 12), (6, 10), (6, 11)]
4945,8,4,3,11,[(3, 12), (4, 12), (5, 12), (5, 13), (6, 11), (6, 12)]
4946,8,4,3,12,[(3, 13), (4, 13), (5, 13), (5, 14), (6, 12), (6, 13)]
4947,8,4,3,13,[(3, 14), (4, 14), (5, 14), (5, 15), (6, 13), (6, 14)]
4948,8,4,3,14,[(3, 15), (4, 15), (5, 15), (5, 16), (6, 14), (6, 15)]
4949,8,4,4,0,[(4, 1), (5, 1), (6, 1), (6, 2), (7, 0), (7, 1)]
4950,8,4,4,1,[(4, 2), (5, 2), (6, 2), (6, 3), (7, 1), (7, 2)]
4951,8,4,4,2,[(4, 3), (5, 3), (6, 3), (6, 4), (7, 2), (7, 3)]
4952,8,4,4,3,[(4, 4), (5, 4), (6, 4), (6, 5), (7, 3), (7, 4)]
4953,8,4,4,4,[(4, 5), (5, 5), (6, 5), (6, 6), (7, 4), (7, 5)]
4954,8,4,4,5,[(4, 6), (5, 6), (6, 6), (6, 7), (7, 5), (7, 6)]
4955,8,4,4,6,[(4, 7), (5, 7), (6, 7), (6, 8), (7, 6), (7, 7)]
4956,8,4,4,7,[(4, 8), (5, 8), (6, 8), (6, 9), (7, 7), (7, 8)]
4957,8,4,4,8,[(4, 9), (5, 9), (6, 9), (6, 10), (7, 8), (7, 9)]
4958,8,4,4,9,[(4, 10), (5, 10), (6, 10), (6, 11), (7, 9), (7, 10)]
4959,8,4,4,10,[(4, 11), (5, 11), (6, 11), (6, 12), (7, 10), (7, 11)]
4960,8,4,4,11,[(4, 12), (5, 12), (6, 12), (6, 13), (7, 11), (7, 12)]
4961,8,4,4,12,[(4, 13), (5, 13), (6, 13), (6, 14), (7, 12), (7, 13)]
4962,8,4,4,13,[(4, 14), (5, 14), (6, 14), (6, 15), (7, 13), (7, 14)]
4963,8,4,4,14,[(4, 15), (5, 15), (6, 15), (6, 16), (7, 14), (7, 15)]
4964,8,4,5,0,[(5, 1), (6, 1), (7, 1), (7, 2), (8, 0), (8, 1)]
4965,8,4,5,1,[(5, 2), (6, 2), (7, 2), (7, 3), (8, 1), (8, 2)]
4966,8,4,5,2,[(5, 3), (6, 3), (7, 3), (7, 4), (8, 2), (8, 3)]
4967,8,4,5,3,[(5, 4), (6, 4), (7, 4), (7, 5), (8, 3), (8, 4)]
4968,8,4,5,4,[(5, 5), (6, 5), (7, 5), (7, 6), (8, 4), (8, 5)]
4969,8,4,5,5,[(5, 6), (6, 6), (7, 6), (7, 7), (8, 5), (8, 6)]
4970,8,4,5,6,[(5, 7), (6, 7), (7, 7), (7, 8), (8, 6), (8, 7)]
4971,8,4,5,7,[(5, 8), (6, 8), (7, 8), (7, 9), (8, 7), (8, 8)]
4972,8,4,5,8,[(5, 9), (6, 9), (7, 9), (7, 10), (8, 8), (8, 9)]
4973,8,4,5,9,[(5, 10), (6, 10), (7, 10), (7, 11), (8, 9), (8, 10)]
4974,8,4,5,10,[(5, 11), (6, 11), (7, 11), (7, 12), (8, 10), (8, 11)]
4975,8,4,5,11,[(5, 12), (6, 12), (7, 12), (7, 13), (8, 11), (8, 12)]
4976,8,4,5,12,[(5, 13), (6, 13), (7, 13), (7, 14), (8, 12), (8, 13)]
4977,8,4,5,13,[(5, 14), (6, 14), (7, 14), (7, 15), (8, 13), (8, 14)]
4978,8,4,5,14,[(5, 15), (6, 15), (7, 15), (7, 16), (8, 14), (8, 15)]
4979,8,5,0,0,[(0, 1), (0, 2), (1, 0), (1, 1), (2, 1), (3, 1)]
4980,8,5,0,1,[(0, 2), (0, 3), (1, 1), (1, 2), (2, 2), (3, 2)]
4981,8,5,0,2,[(0, 3), (0, 4), (1, 2), (1, 3), (2, 3), (3, 3)]
4982,8,5,0,3,[(0, 4), (0, 5), (1, 3), (1, 4), (2, 4), (3, 4)]
4983,8,5,0,4,[(0, 5), (0, 6), (1, 4), (1, 5), (2, 5), (3, 5)]
4984,8,5,0,5,[(0, 6), (0, 7), (1, 5), (1, 6), (2, 6), (3, 6)]
4985,8,5,0,6,[(0, 7), (0, 8), (1, 6), (1, 7), (2, 7), (3, 7)]
4986,8,5,0,7,[(0, 8), (0, 9), (1, 7), (1, 8), (2, 8), (3, 8)]
4987,8,5,0,8,[(0, 9), (0, 10), (1, 8), (1, 9), (2, 9), (3, 9)]
4988,8,5,0,9,[(0, 10), (0, 11), (1, 9), (1, 10), (2, 10), (3, 10)]
4989,8,5,0,10,[(0, 11), (0, 12), (1, 10), (1, 11), (2, 11), (3, 11)]
4990,8,5,0,11,[(0, 12), (0, 13), (1, 11), (1, 12), (2, 12), (3, 12)]
4991,8,5,0,12,[(0, 13), (0, 14), (1, 12), (1, 13), (2, 13), (3, 13)]
4992,8,5,0,13,[(0, 14), (0, 15), (1, 13), (1, 14), (2, 14), (3, 14)]
4993,8,5,0,14,[(0, 15), (0, 16), (1, 14), (1, 15), (2, 15), (3, 15)]
4994,8,5,1,0,[(1, 1), (1, 2), (2, 0), (2, 1), (3, 1), (4, 1)]
4995,8,5,1,1,[(1, 2), (1, 3), (2, 1), (2, 2), (3, 2), (4, 2)]
4996,8,5,1,2,[(1, 3), (1, 4), (2, 2), (2, 3), (3, 3), (4, 3)]
4997,8,5,1,3,[(1, 4), (1, 5), (2, 3), (2, 4), (3, 4), (4, 4)]
4998,8,5,1,4,[(1, 5), (1, 6), (2, 4), (2, 5), (3, 5), (4, 5)]
4999,8,5,1,5,[(1, 6), (1, 7), (2, 5), (2, 6), (3, 6), (4, 6)]
5000,8,5,1,6,[(1, 7), (1, 8), (2, 6), (2, 7), (3, 7), (4, 7)]
5001,8,5,1,7,[(1, 8), (1, 9), (2, 7), (2, 8), (3, 8), (4, 8)]
5002,8,5,1,8,[(1, 9), (1, 10), (2, 8), (2, 9), (3, 9), (4, 9)]
5003,8,5,1,9,[(1, 10), (1, 11), (2, 9), (2, 10), (3, 10), (4, 10)]
5004,8,5,1,10,[(1, 11), (1, 12), (2, 10), (2, 11), (3, 11), (4, 11)]
5005,8,5,1,11,[(1, 12), (1, 13), (2, 11), (2, 12), (3, 12), (4, 12)]
5006,8,5,1,12,[(1, 13), (1, 14), (2, 12), (2, 13), (3, 13), (4, 13)]
5007,8,5,1,13,[(1, 14), (1, 15), (2, 13), (2, 14), (3, 14), (4, 14)]
5008,8,5,1,14,[(1, 15), (1, 16), (2, 14), (2, 15), (3, 15), (4, 15)]
5009,8,5,2,0,[(2, 1), (2, 2), (3, 0), (3, 1), (4, 1), (5, 1)]
5010,8,5,2,1,[(2, 2), (2, 3), (3, 1), (3, 2), (4, 2), (5, 2)]
5011,8,5,2,2,[(2, 3), (2, 4), (3, 2), (3, 3), (4, 3), (5, 3)]
5012,8,5,2,3,[(2, 4), (2, 5), (3, 3), (3, 4), (4, 4), (5, 4)]
5013,8,5,2,4,[(2, 5), (2, 6), (3, 4), (3, 5), (4, 5), (5, 5)]
5014,8,5,2,5,[(2, 6), (2, 7), (3, 5), (3, 6), (4, 6), (5, 6)]
5015,8,5,2,6,[(2, 7), (2, 8), (3, 6), (3, 7), (4, 7), (5, 7)]
5016,8,5,2,7,[(2, 8), (2, 9), (3, 7), (3, 8), (4, 8), (5, 8)]
5017,8,5,2,8,[(2, 9), (2, 10), (3, 8), (3, 9), (4, 9), (5, 9)]
5018,8,5,2,9,[(2, 10), (2, 11), (3, 9), (3, 10), (4, 10), (5, 10)]
5019,8,5,2,10,[(2, 11), (2, 12), (3, 10), (3, 11), (4, 11), (5, 11)]
5020,8,5,2,11,[(2, 12), (2, 13), (3, 11), (3, 12), (4, 12), (5, 12)]
5021,8,5,2,12,[(2, 13), (2, 14), (3, 12), (3, 13), (4, 13), (5, 13)]
5022,8,5,2,13,[(2, 14), (2, 15), (3, 13), (3, 14), (4, 14), (5, 14)]
5023,8,5,2,14,[(2, 15), (2, 16), (3, 14), (3, 15), (4, 15), (5, 15)]
5024,8,5,3,0,[(3, 1), (3, 2), (4, 0), (4, 1), (5, 1), (6, 1)]
5025,8,5,3,1,[(3, 2), (3, 3), (4, 1), (4, 2), (5, 2), (6, 2)]
5026,8,5,3,2,[(3, 3), (3, 4), (4, 2), (4, 3), (5, 3), (6, 3)]
5027,8,5,3,3,[(3, 4), (3, 5), (4, 3), (4, 4), (5, 4), (6, 4)]
5028,8,5,3,4,[(3, 5), (3, 6), (4, 4), (4, 5), (5, 5), (6, 5)]
5029,8,5,3,5,[(3, 6), (3, 7), (4, 5), (4, 6), (5, 6), (6, 6)]
5030,8,5,3,6,[(3, 7), (3, 8), (4, 6), (4, 7), (5, 7), (6, 7)]
5031,8,5,3,7,[(3, 8), (3, 9), (4, 7), (4, 8), (5, 8), (6, 8)]
5032,8,5,3,8,[(3, 9), (3, 10), (4, 8), (4, 9), (5, 9), (6, 9)]
5033,8,5,3,9,[(3, 10), (3, 11), (4, 9), (4, 10), (5, 10), (6, 10)]
5034,8,5,3,10,[(3, 11), (3, 12), (4, 10), (4, 11), (5, 11), (6, 11)]
5035,8,5,3,11,[(3, 12), (3, 13), (4, 11), (4, 12), (5, 12), (6, 12)]
5036,8,5,3,12,[(3, 13), (3, 14), (4, 12), (4, 13), (5, 13), (6, 13)]
5037,8,5,3,13,[(3, 14), (3, 15), (4, 13), (4, 14), (5, 14), (6, 14)]
5038,8,5,3,14,[(3, 15), (3, 16), (4, 14), (4, 15), (5, 15), (6, 15)]
5039,8,5,4,0,[(4, 1), (4, 2), (5, 0), (5, 1), (6, 1), (7, 1)]
5040,8,5,4,1,[(4, 2), (4, 3), (5, 1), (5, 2), (6, 2), (7, 2)]
5041,8,5,4,2,[(4, 3), (4, 4), (5, 2), (5, 3), (6, 3), (7, 3)]
5042,8,5,4,3,[(4, 4), (4, 5), (5, 3), (5, 4), (6, 4), (7, 4)]
5043,8,5,4,4,[(4, 5), (4, 6), (5, 4), (5, 5), (6, 5), (7, 5)]
5044,8,5,4,5,[(4, 6), (4, 7), (5, 5), (5, 6), (6, 6), (7, 6)]
5045,8,5,4,6,[(4, 7), (4, 8), (5, 6), (5, 7), (6, 7), (7, 7)]
5046,8,5,4,7,[(4, 8), (4, 9), (5, 7), (5, 8), (6, 8), (7, 8)]
5047,8,5,4,8,[(4, 9), (4, 10), (5, 8), (5, 9), (6, 9), (7, 9)]
5048,8,5,4,9,[(4, 10), (4, 11), (5, 9), (5, 10), (6, 10), (7, 10)]
5049,8,5,4,10,[(4, 11), (4, 12), (5, 10), (5, 11), (6, 11), (7, 11)]
5050,8,5,4,11,[(4, 12), (4, 13), (5, 11), (5, 12), (6, 12), (7, 12)]
5051,8,5,4,12,[(4, 13), (4, 14), (5, 12), (5, 13), (6, 13), (7, 13)]
5052,8,5,4,13,[(4, 14), (4, 15), (5, 13), (5, 14), (6, 14), (7, 14)]
5053,8,5,4,14,[(4, 15), (4, 16), (5, 14), (5, 15), (6, 15), (7, 15)]
5054,8,5,5,0,[(5, 1), (5, 2), (6, 0), (6, 1), (7, 1), (8, 1)]
5055,8,5,5,1,[(5, 2), (5, 3), (6, 1), (6, 2), (7, 2), (8, 2)]
5056,8,5,5,2,[(5, 3), (5, 4), (6, 2), (6, 3), (7, 3), (8, 3)]
5057,8,5,5,3,[(5, 4), (5, 5), (6, 3), (6, 4), (7, 4), (8, 4)]
5058,8,5,5,4,[(5, 5), (5, 6), (6, 4), (6, 5), (7, 5), (8, 5)]
5059,8,5,5,5,[(5, 6), (5, 7), (6, 5), (6, 6), (7, 6), (8, 6)]
5060,8,5,5,6,[(5, 7), (5, 8), (6, 6), (6, 7), (7, 7), (8, 7)]
5061,8,5,5,7,[(5, 8), (5, 9), (6, 7), (6, 8), (7, 8), (8, 8)]
5062,8,5,5,8,[(5, 9), (5, 10), (6, 8), (6, 9), (7, 9), (8, 9)]
5063,8,5,5,9,[(5, 10), (5, 11), (6, 9), (6, 10), (7, 10), (8, 10)]
5064,8,5,5,10,[(5, 11), (5, 12), (6, 10), (6, 11), (7, 11), (8, 11)]
5065,8,5,5,11,[(5, 12), (5, 13), (6, 11), (6, 12), (7, 12), (8, 12)]
5066,8,5,5,12,[(5, 13), (5, 14), (6, 12), (6, 13), (7, 13), (8, 13)]
5067,8,5,5,13,[(5, 14), (5, 15), (6, 13), (6, 14), (7, 14), (8, 14)]
5068,8,5,5,14,[(5, 15), (5, 16), (6, 14), (6, 15), (7, 15), (8, 15)]
5069,8,6,0,0,[(0, 1), (1, 0), (1, 1), (1, 2), (1, 3), (2, 0)]
5070,8,6,0,1,[(0, 2), (1, 1), (1, 2), (1, 3), (1, 4), (2, 1)]
5071,8,6,0,2,[(0, 3), (1, 2), (1, 3), (1, 4), (1, 5), (2, 2)]
5072,8,6,0,3,[(0, 4), (1, 3), (1, 4), (1, 5), (1, 6), (2, 3)]
5073,8,6,0,4,[(0, 5), (1, 4), (1, 5), (1, 6), (1, 7), (2, 4)]
5074,8,6,0,5,[(0, 6), (1, 5), (1, 6), (1, 7), (1, 8), (2, 5)]
5075,8,6,0,6,[(0, 7), (1, 6), (1, 7), (1, 8), (1, 9), (2, 6)]
5076,8,6,0,7,[(0, 8), (1, 7), (1, 8), (1, 9), (1, 10), (2, 7)]
5077,8,6,0,8,[(0, 9), (1, 8), (1, 9), (1, 10), (1, 11), (2, 8)]
5078,8,6,0,9,[(0, 10), (1, 9), (1, 10), (1, 11), (1, 12), (2, 9)]
5079,8,6,0,10,[(0, 11), (1, 10), (1, 11), (1, 12), (1, 13), (2, 10)]
5080,8,6,0,11,[(0, 12), (1, 11), (1, 12), (1, 13), (1, 14), (2, 11)]
5081,8,6,0,12,[(0, 13), (1, 12), (1, 13), (1, 14), (1, 15), (2, 12)]
5082,8,6,0,13,[(0, 14), (1, 13), (1, 14), (1, 15), (1, 16), (2, 13)]
5083,8,6,1,0,[(1, 1), (2, 0), (2, 1), (2, 2), (2, 3), (3, 0)]
5084,8,6,1,1,[(1, 2), (2, 1), (2, 2), (2, 3), (2, 4), (3, 1)]
5085,8,6,1,2,[(1, 3), (2, 2), (2, 3), (2, 4), (2, 5), (3, 2)]
5086,8,6,1,3,[(1, 4), (2, 3), (2, 4), (2, 5), (2, 6), (3, 3)]
5087,8,6,1,4,[(1, 5), (2, 4), (2, 5), (2, 6), (2, 7), (3, 4)]
5088,8,6,1,5,[(1, 6), (2, 5), (2, 6), (2, 7), (2, 8), (3, 5)]
5089,8,6,1,6,[(1, 7), (2, 6), (2, 7), (2, 8), (2, 9), (3, 6)]
5090,8,6,1,7,[(1, 8), (2, 7), (2, 8), (2, 9), (2, 10), (3, 7)]
5091,8,6,1,8,[(1, 9), (2, 8), (2, 9), (2, 10), (2, 11), (3, 8)]
5092,8,6,1,9,[(1, 10), (2, 9), (2, 10), (2, 11), (2, 12), (3, 9)]
5093,8,6,1,10,[(1, 11), (2, 10), (2, 11), (2, 12), (2, 13), (3, 10)]
5094,8,6,1,11,[(1, 12), (2, 11), (2, 12), (2, 13), (2, 14), (3, 11)]
5095,8,6,1,12,[(1, 13), (2, 12), (2, 13), (2, 14), (2, 15), (3, 12)]
5096,8,6,1,13,[(1, 14), (2, 13), (2, 14), (2, 15), (2, 16), (3, 13)]
5097,8,6,2,0,[(2, 1), (3, 0), (3, 1), (3, 2), (3, 3), (4, 0)]
5098,8,6,2,1,[(2, 2), (3, 1), (3, 2), (3, 3), (3, 4), (4, 1)]
5099,8,6,2,2,[(2, 3), (3, 2), (3, 3), (3, 4), (3, 5), (4, 2)]
5100,8,6,2,3,[(2, 4), (3, 3), (3, 4), (3, 5), (3, 6), (4, 3)]
5101,8,6,2,4,[(2, 5), (3, 4), (3, 5), (3, 6), (3, 7), (4, 4)]
5102,8,6,2,5,[(2, 6), (3, 5), (3, 6), (3, 7), (3, 8), (4, 5)]
5103,8,6,2,6,[(2, 7), (3, 6), (3, 7), (3, 8), (3, 9), (4, 6)]
5104,8,6,2,7,[(2, 8), (3, 7), (3, 8), (3, 9), (3, 10), (4, 7)]
5105,8,6,2,8,[(2, 9), (3, 8), (3, 9), (3, 10), (3, 11), (4, 8)]
5106,8,6,2,9,[(2, 10), (3, 9), (3, 10), (3, 11), (3, 12), (4, 9)]
5107,8,6,2,10,[(2, 11), (3, 10), (3, 11), (3, 12), (3, 13), (4, 10)]
5108,8,6,2,11,[(2, 12), (3, 11), (3, 12), (3, 13), (3, 14), (4, 11)]
5109,8,6,2,12,[(2, 13), (3, 12), (3, 13), (3, 14), (3, 15), (4, 12)]
5110,8,6,2,13,[(2, 14), (3, 13), (3, 14), (3, 15), (3, 16), (4, 13)]
5111,8,6,3,0,[(3, 1), (4, 0), (4, 1), (4, 2), (4, 3), (5, 0)]
5112,8,6,3,1,[(3, 2), (4, 1), (4, 2), (4, 3), (4, 4), (5, 1)]
5113,8,6,3,2,[(3, 3), (4, 2), (4, 3), (4, 4), (4, 5), (5, 2)]
5114,8,6,3,3,[(3, 4), (4, 3), (4, 4), (4, 5), (4, 6), (5, 3)]
5115,8,6,3,4,[(3, 5), (4, 4), (4, 5), (4, 6), (4, 7), (5, 4)]
5116,8,6,3,5,[(3, 6), (4, 5), (4, 6), (4, 7), (4, 8), (5, 5)]
5117,8,6,3,6,[(3, 7), (4, 6), (4, 7), (4, 8), (4, 9), (5, 6)]
5118,8,6,3,7,[(3, 8), (4, 7), (4, 8), (4, 9), (4, 10), (5, 7)]
5119,8,6,3,8,[(3, 9), (4, 8), (4, 9), (4, 10), (4, 11), (5, 8)]
5120,8,6,3,9,[(3, 10), (4, 9), (4, 10), (4, 11), (4, 12), (5, 9)]
5121,8,6,3,10,[(3, 11), (4, 10), (4, 11), (4, 12), (4, 13), (5, 10)]
5122,8,6,3,11,[(3, 12), (4, 11), (4, 12), (4, 13), (4, 14), (5, 11)]
5123,8,6,3,12,[(3, 13), (4, 12), (4, 13), (4, 14), (4, 15), (5, 12)]
5124,8,6,3,13,[(3, 14), (4, 13), (4, 14), (4, 15), (4, 16), (5, 13)]
5125,8,6,4,0,[(4, 1), (5, 0), (5, 1), (5, 2), (5, 3), (6, 0)]
5126,8,6,4,1,[(4, 2), (5, 1), (5, 2), (5, 3), (5, 4), (6, 1)]
5127,8,6,4,2,[(4, 3), (5, 2), (5, 3), (5, 4), (5, 5), (6, 2)]
5128,8,6,4,3,[(4, 4), (5, 3), (5, 4), (5, 5), (5, 6), (6, 3)]
5129,8,6,4,4,[(4, 5), (5, 4), (5, 5), (5, 6), (5, 7), (6, 4)]
5130,8,6,4,5,[(4, 6), (5, 5), (5, 6), (5, 7), (5, 8), (6, 5)]
5131,8,6,4,6,[(4, 7), (5, 6), (5, 7), (5, 8), (5, 9), (6, 6)]
5132,8,6,4,7,[(4, 8), (5, 7), (5, 8), (5, 9), (5, 10), (6, 7)]
5133,8,6,4,8,[(4, 9), (5, 8), (5, 9), (5, 10), (5, 11), (6, 8)]
5134,8,6,4,9,[(4, 10), (5, 9), (5, 10), (5, 11), (5, 12), (6, 9)]
5135,8,6,4,10,[(4, 11), (5, 10), (5, 11), (5, 12), (5, 13), (6, 10)]
5136,8,6,4,11,[(4, 12), (5, 11), (5, 12), (5, 13), (5, 14), (6, 11)]
5137,8,6,4,12,[(4, 13), (5, 12), (5, 13), (5, 14), (5, 15), (6, 12)]
5138,8,6,4,13,[(4, 14), (5, 13), (5, 14), (5, 15), (5, 16), (6, 13)]
5139,8,6,5,0,[(5, 1), (6, 0), (6, 1), (6, 2), (6, 3), (7, 0)]
5140,8,6,5,1,[(5, 2), (6, 1), (6, 2), (6, 3), (6, 4), (7, 1)]
5141,8,6,5,2,[(5, 3), (6, 2), (6, 3), (6, 4), (6, 5), (7, 2)]
5142,8,6,5,3,[(5, 4), (6, 3), (6, 4), (6, 5), (6, 6), (7, 3)]
5143,8,6,5,4,[(5, 5), (6, 4), (6, 5), (6, 6), (6, 7), (7, 4)]
5144,8,6,5,5,[(5, 6), (6, 5), (6, 6), (6, 7), (6, 8), (7, 5)]
5145,8,6,5,6,[(5, 7), (6, 6), (6, 7), (6, 8), (6, 9), (7, 6)]
5146,8,6,5,7,[(5, 8), (6, 7), (6, 8), (6, 9), (6, 10), (7, 7)]
5147,8,6,5,8,[(5, 9), (6, 8), (6, 9), (6, 10), (6, 11), (7, 8)]
5148,8,6,5,9,[(5, 10), (6, 9), (6, 10), (6, 11), (6, 12), (7, 9)]
5149,8,6,5,10,[(5, 11), (6, 10), (6, 11), (6, 12), (6, 13), (7, 10)]
5150,8,6,5,11,[(5, 12), (6, 11), (6, 12), (6, 13), (6, 14), (7, 11)]
5151,8,6,5,12,[(5, 13), (6, 12), (6, 13), (6, 14), (6, 15), (7, 12)]
5152,8,6,5,13,[(5, 14), (6, 13), (6, 14), (6, 15), (6, 16), (7, 13)]
5153,8,6,6,0,[(6, 1), (7, 0), (7, 1), (7, 2), (7, 3), (8, 0)]
5154,8,6,6,1,[(6, 2), (7, 1), (7, 2), (7, 3), (7, 4), (8, 1)]
5155,8,6,6,2,[(6, 3), (7, 2), (7, 3), (7, 4), (7, 5), (8, 2)]
5156,8,6,6,3,[(6, 4), (7, 3), (7, 4), (7, 5), (7, 6), (8, 3)]
5157,8,6,6,4,[(6, 5), (7, 4), (7, 5), (7, 6), (7, 7), (8, 4)]
5158,8,6,6,5,[(6, 6), (7, 5), (7, 6), (7, 7), (7, 8), (8, 5)]
5159,8,6,6,6,[(6, 7), (7, 6), (7, 7), (7, 8), (7, 9), (8, 6)]
5160,8,6,6,7,[(6, 8), (7, 7), (7, 8), (7, 9), (7, 10), (8, 7)]
5161,8,6,6,8,[(6, 9), (7, 8), (7, 9), (7, 10), (7, 11), (8, 8)]
5162,8,6,6,9,[(6, 10), (7, 9), (7, 10), (7, 11), (7, 12), (8, 9)]
5163,8,6,6,10,[(6, 11), (7, 10), (7, 11), (7, 12), (7, 13), (8, 10)]
5164,8,6,6,11,[(6, 12), (7, 11), (7, 12), (7, 13), (7, 14), (8, 11)]
5165,8,6,6,12,[(6, 13), (7, 12), (7, 13), (7, 14), (7, 15), (8, 12)]
5166,8,6,6,13,[(6, 14), (7, 13), (7, 14), (7, 15), (7, 16), (8, 13)]
5167,8,7,0,0,[(0, 0), (0, 1), (1, 1), (1, 2), (2, 1), (3, 1)]
5168,8,7,0,1,[(0, 1), (0, 2), (1, 2), (1, 3), (2, 2), (3, 2)]
5169,8,7,0,2,[(0, 2), (0, 3), (1, 3), (1, 4), (2, 3), (3, 3)]
5170,8,7,0,3,[(0, 3), (0, 4), (1, 4), (1, 5), (2, 4), (3, 4)]
5171,8,7,0,4,[(0, 4), (0, 5), (1, 5), (1, 6), (2, 5), (3, 5)]
5172,8,7,0,5,[(0, 5), (0, 6), (1, 6), (1, 7), (2, 6), (3, 6)]
5173,8,7,0,6,[(0, 6), (0, 7), (1, 7), (1, 8), (2, 7), (3, 7)]
5174,8,7,0,7,[(0, 7), (0, 8), (1, 8), (1, 9), (2, 8), (3, 8)]
5175,8,7,0,8,[(0, 8), (0, 9), (1, 9), (1, 10), (2, 9), (3, 9)]
5176,8,7,0,9,[(0, 9), (0, 10), (1, 10), (1, 11), (2, 10), (3, 10)]
5177,8,7,0,10,[(0, 10), (0, 11), (1, 11), (1, 12), (2, 11), (3, 11)]
5178,8,7,0,11,[(0, 11), (0, 12), (1, 12), (1, 13), (2, 12), (3, 12)]
5179,8,7,0,12,[(0, 12), (0, 13), (1, 13), (1, 14), (2, 13), (3, 13)]
5180,8,7,0,13,[(0, 13), (0, 14), (1, 14), (1, 15), (2, 14), (3, 14)]
5181,8,7,0,14,[(0, 14), (0, 15), (1, 15), (1, 16), (2, 15), (3, 15)]
5182,8,7,1,0,[(1, 0), (1, 1), (2, 1), (2, 2), (3, 1), (4, 1)]
5183,8,7,1,1,[(1, 1), (1, 2), (2, 2), (2, 3), (3, 2), (4, 2)]
5184,8,7,1,2,[(1, 2), (1, 3), (2, 3), (2, 4), (3, 3), (4, 3)]
5185,8,7,1,3,[(1, 3), (1, 4), (2, 4), (2, 5), (3, 4), (4, 4)]
5186,8,7,1,4,[(1, 4), (1, 5), (2, 5), (2, 6), (3, 5), (4, 5)]
5187,8,7,1,5,[(1, 5), (1, 6), (2, 6), (2, 7), (3, 6), (4, 6)]
5188,8,7,1,6,[(1, 6), (1, 7), (2, 7), (2, 8), (3, 7), (4, 7)]
5189,8,7,1,7,[(1, 7), (1, 8), (2, 8), (2, 9), (3, 8), (4, 8)]
5190,8,7,1,8,[(1, 8), (1, 9), (2, 9), (2, 10), (3, 9), (4, 9)]
5191,8,7,1,9,[(1, 9), (1, 10), (2, 10), (2, 11), (3, 10), (4, 10)]
5192,8,7,1,10,[(1, 10), (1, 11), (2, 11), (2, 12), (3, 11), (4, 11)]
5193,8,7,1,11,[(1, 11), (1, 12), (2, 12), (2, 13), (3, 12), (4, 12)]
5194,8,7,1,12,[(1, 12), (1, 13), (2, 13), (2, 14), (3, 13), (4, 13)]
5195,8,7,1,13,[(1, 13), (1, 14), (2, 14), (2, 15), (3, 14), (4, 14)]
5196,8,7,1,14,[(1, 14), (1, 15), (2, 15), (2, 16), (3, 15), (4, 15)]
5197,8,7,2,0,[(2, 0), (2, 1), (3, 1), (3, 2), (4, 1), (5, 1)]
5198,8,7,2,1,[(2, 1), (2, 2), (3, 2), (3, 3), (4, 2), (5, 2)]
5199,8,7,2,2,[(2, 2), (2, 3), (3, 3), (3, 4), (4, 3), (5, 3)]
5200,8,7,2,3,[(2, 3), (2, 4), (3, 4), (3, 5), (4, 4), (5, 4)]
5201,8,7,2,4,[(2, 4), (2, 5), (3, 5), (3, 6), (4, 5), (5, 5)]
5202,8,7,2,5,[(2, 5), (2, 6), (3, 6), (3, 7), (4, 6), (5, 6)]
5203,8,7,2,6,[(2, 6), (2, 7), (3, 7), (3, 8), (4, 7), (5, 7)]
5204,8,7,2,7,[(2, 7), (2, 8), (3, 8), (3, 9), (4, 8), (5, 8)]
5205,8,7,2,8,[(2, 8), (2, 9), (3, 9), (3, 10), (4, 9), (5, 9)]
5206,8,7,2,9,[(2, 9), (2, 10), (3, 10), (3, 11), (4, 10), (5, 10)]
5207,8,7,2,10,[(2, 10), (2, 11), (3, 11), (3, 12), (4, 11), (5, 11)]
5208,8,7,2,11,[(2, 11), (2, 12), (3, 12), (3, 13), (4, 12), (5, 12)]
5209,8,7,2,12,[(2, 12), (2, 13), (3, 13), (3, 14), (4, 13), (5, 13)]
5210,8,7,2,13,[(2, 13), (2, 14), (3, 14), (3, 15), (4, 14), (5, 14)]
5211,8,7,2,14,[(2, 14), (2, 15), (3, 15), (3, 16), (4, 15), (5, 15)]
5212,8,7,3,0,[(3, 0), (3, 1), (4, 1), (4, 2), (5, 1), (6, 1)]
5213,8,7,3,1,[(3, 1), (3, 2), (4, 2), (4, 3), (5, 2), (6, 2)]
5214,8,7,3,2,[(3, 2), (3, 3), (4, 3), (4, 4), (5, 3), (6, 3)]
5215,8,7,3,3,[(3, 3), (3, 4), (4, 4), (4, 5), (5, 4), (6, 4)]
5216,8,7,3,4,[(3, 4), (3, 5), (4, 5), (4, 6), (5, 5), (6, 5)]
5217,8,7,3,5,[(3, 5), (3, 6), (4, 6), (4, 7), (5, 6), (6, 6)]
5218,8,7,3,6,[(3, 6), (3, 7), (4, 7), (4, 8), (5, 7), (6, 7)]
5219,8,7,3,7,[(3, 7), (3, 8), (4, 8), (4, 9), (5, 8), (6, 8)]
5220,8,7,3,8,[(3, 8), (3, 9), (4, 9), (4, 10), (5, 9), (6, 9)]
5221,8,7,3,9,[(3, 9), (3, 10), (4, 10), (4, 11), (5, 10), (6, 10)]
5222,8,7,3,10,[(3, 10), (3, 11), (4, 11), (4, 12), (5, 11), (6, 11)]
5223,8,7,3,11,[(3, 11), (3, 12), (4, 12), (4, 13), (5, 12), (6, 12)]
5224,8,7,3,12,[(3, 12), (3, 13), (4, 13), (4, 14), (5, 13), (6, 13)]
5225,8,7,3,13,[(3, 13), (3, 14), (4, 14), (4, 15), (5, 14), (6, 14)]
5226,8,7,3,14,[(3, 14), (3, 15), (4, 15), (4, 16), (5, 15), (6, 15)]
5227,8,7,4,0,[(4, 0), (4, 1), (5, 1), (5, 2), (6, 1), (7, 1)]
5228,8,7,4,1,[(4, 1), (4, 2), (5, 2), (5, 3), (6, 2), (7, 2)]
5229,8,7,4,2,[(4, 2), (4, 3), (5, 3), (5, 4), (6, 3), (7, 3)]
5230,8,7,4,3,[(4, 3), (4, 4), (5, 4), (5, 5), (6, 4), (7, 4)]
5231,8,7,4,4,[(4, 4), (4, 5), (5, 5), (5, 6), (6, 5), (7, 5)]
5232,8,7,4,5,[(4, 5), (4, 6), (5, 6), (5, 7), (6, 6), (7, 6)]
5233,8,7,4,6,[(4, 6), (4, 7), (5, 7), (5, 8), (6, 7), (7, 7)]
5234,8,7,4,7,[(4, 7), (4, 8), (5, 8), (5, 9), (6, 8), (7, 8)]
5235,8,7,4,8,[(4, 8), (4, 9), (5, 9), (5, 10), (6, 9), (7, 9)]
5236,8,7,4,9,[(4, 9), (4, 10), (5, 10), (5, 11), (6, 10), (7, 10)]
5237,8,7,4,10,[(4, 10), (4, 11), (5, 11), (5, 12), (6, 11), (7, 11)]
5238,8,7,4,11,[(4, 11), (4, 12), (5, 12), (5, 13), (6, 12), (7, 12)]
5239,8,7,4,12,[(4, 12), (4, 13), (5, 13), (5, 14), (6, 13), (7, 13)]
5240,8,7,4,13,[(4, 13), (4, 14), (5, 14), (5, 15), (6, 14), (7, 14)]
5241,8,7,4,14,[(4, 14), (4, 15), (5, 15), (5, 16), (6, 15), (7, 15)]
5242,8,7,5,0,[(5, 0), (5, 1), (6, 1), (6, 2), (7, 1), (8, 1)]
5243,8,7,5,1,[(5, 1), (5, 2), (6, 2), (6, 3), (7, 2), (8, 2)]
5244,8,7,5,2,[(5, 2), (5, 3), (6, 3), (6, 4), (7, 3), (8, 3)]
5245,8,7,5,3,[(5, 3), (5, 4), (6, 4), (6, 5), (7, 4), (8, 4)]
5246,8,7,5,4,[(5, 4), (5, 5), (6, 5), (6, 6), (7, 5), (8, 5)]
5247,8,7,5,5,[(5, 5), (5, 6), (6, 6), (6, 7), (7, 6), (8, 6)]
5248,8,7,5,6,[(5, 6), (5, 7), (6, 7), (6, 8), (7, 7), (8, 7)]
5249,8,7,5,7,[(5, 7), (5, 8), (6, 8), (6, 9), (7, 8), (8, 8)]
5250,8,7,5,8,[(5, 8), (5, 9), (6, 9), (6, 10), (7, 9), (8, 9)]
5251,8,7,5,9,[(5, 9), (5, 10), (6, 10), (6, 11), (7, 10), (8, 10)]
5252,8,7,5,10,[(5, 10), (5, 11), (6, 11), (6, 12), (7, 11), (8, 11)]
5253,8,7,5,11,[(5, 11), (5, 12), (6, 12), (6, 13), (7, 12), (8, 12)]
5254,8,7,5,12,[(5, 12), (5, 13), (6, 13), (6, 14), (7, 13), (8, 13)]
5255,8,7,5,13,[(5, 13), (5, 14), (6, 14), (6, 15), (7, 14), (8, 14)]
5256,8,7,5,14,[(5, 14), (5, 15), (6, 15), (6, 16), (7, 15), (8, 15)]
5257,9,0,0,0,[(0, 2), (1, 0), (1, 1), (1, 2), (1, 3), (2, 2)]
5258,9,0,0,1,[(0, 3), (1, 1), (1, 2), (1, 3), (1, 4), (2, 3)]
5259,9,0,0,2,[(0, 4), (1, 2), (1, 3), (1, 4), (1, 5), (2, 4)]
5260,9,0,0,3,[(0, 5), (1, 3), (1, 4), (1, 5), (1, 6), (2, 5)]
5261,9,0,0,4,[(0, 6), (1, 4), (1, 5), (1, 6), (1, 7), (2, 6)]
5262,9,0,0,5,[(0, 7), (1, 5), (1, 6), (1, 7), (1, 8), (2, 7)]
5263,9,0,0,6,[(0, 8), (1, 6), (1, 7), (1, 8), (1, 9), (2, 8)]
5264,9,0,0,7,[(0, 9), (1, 7), (1, 8), (1, 9), (1, 10), (2, 9)]
5265,9,0,0,8,[(0, 10), (1, 8), (1, 9), (1, 10), (1, 11), (2, 10)]
5266,9,0,0,9,[(0, 11), (1, 9), (1, 10), (1, 11), (1, 12), (2, 11)]
5267,9,0,0,10,[(0, 12), (1, 10), (1, 11), (1, 12), (1, 13), (2, 12)]
5268,9,0,0,11,[(0, 13), (1, 11), (1, 12), (1, 13), (1, 14), (2, 13)]
5269,9,0,0,12,[(0, 14), (1, 12), (1, 13), (1, 14), (1, 15), (2, 14)]
5270,9,0,0,13,[(0, 15), (1, 13), (1, 14), (1, 15), (1, 16), (2, 15)]
5271,9,0,1,0,[(1, 2), (2, 0), (2, 1), (2, 2), (2, 3), (3, 2)]
5272,9,0,1,1,[(1, 3), (2, 1), (2, 2), (2, 3), (2, 4), (3, 3)]
5273,9,0,1,2,[(1, 4), (2, 2), (2, 3), (2, 4), (2, 5), (3, 4)]
5274,9,0,1,3,[(1, 5), (2, 3), (2, 4), (2, 5), (2, 6), (3, 5)]
5275,9,0,1,4,[(1, 6), (2, 4), (2, 5), (2, 6), (2, 7), (3, 6)]
5276,9,0,1,5,[(1, 7), (2, 5), (2, 6), (2, 7), (2, 8), (3, 7)]
5277,9,0,1,6,[(1, 8), (2, 6), (2, 7), (2, 8), (2, 9), (3, 8)]
5278,9,0,1,7,[(1, 9), (2, 7), (2, 8), (2, 9), (2, 10), (3, 9)]
5279,9,0,1,8,[(1, 10), (2, 8), (2, 9), (2, 10), (2, 11), (3, 10)]
5280,9,0,1,9,[(1, 11), (2, 9), (2, 10), (2, 11), (2, 12), (3, 11)]
5281,9,0,1,10,[(1, 12), (2, 10), (2, 11), (2, 12), (2, 13), (3, 12)]
5282,9,0,1,11,[(1, 13), (2, 11), (2, 12), (2, 13), (2, 14), (3, 13)]
5283,9,0,1,12,[(1, 14), (2, 12), (2, 13), (2, 14), (2, 15), (3, 14)]
5284,9,0,1,13,[(1, 15), (2, 13), (2, 14), (2, 15), (2, 16), (3, 15)]
5285,9,0,2,0,[(2, 2), (3, 0), (3, 1), (3, 2), (3, 3), (4, 2)]
5286,9,0,2,1,[(2, 3), (3, 1), (3, 2), (3, 3), (3, 4), (4, 3)]
5287,9,0,2,2,[(2, 4), (3, 2), (3, 3), (3, 4), (3, 5), (4, 4)]
5288,9,0,2,3,[(2, 5), (3, 3), (3, 4), (3, 5), (3, 6), (4, 5)]
5289,9,0,2,4,[(2, 6), (3, 4), (3, 5), (3, 6), (3, 7), (4, 6)]
5290,9,0,2,5,[(2, 7), (3, 5), (3, 6), (3, 7), (3, 8), (4, 7)]
5291,9,0,2,6,[(2, 8), (3, 6), (3, 7), (3, 8), (3, 9), (4, 8)]
5292,9,0,2,7,[(2, 9), (3, 7), (3, 8), (3, 9), (3, 10), (4, 9)]
5293,9,0,2,8,[(2, 10), (3, 8), (3, 9), (3, 10), (3, 11), (4, 10)]
5294,9,0,2,9,[(2, 11), (3, 9), (3, 10), (3, 11), (3, 12), (4, 11)]
5295,9,0,2,10,[(2, 12), (3, 10), (3, 11), (3, 12), (3, 13), (4, 12)]
5296,9,0,2,11,[(2, 13), (3, 11), (3, 12), (3, 13), (3, 14), (4, 13)]
5297,9,0,2,12,[(2, 14), (3, 12), (3, 13), (3, 14), (3, 15), (4, 14)]
5298,9,0,2,13,[(2, 15), (3, 13), (3, 14), (3, 15), (3, 16), (4, 15)]
5299,9,0,3,0,[(3, 2), (4, 0), (4, 1), (4, 2), (4, 3), (5, 2)]
5300,9,0,3,1,[(3, 3), (4, 1), (4, 2), (4, 3), (4, 4), (5, 3)]
5301,9,0,3,2,[(3, 4), (4, 2), (4, 3), (4, 4), (4, 5), (5, 4)]
5302,9,0,3,3,[(3, 5), (4, 3), (4, 4), (4, 5), (4, 6), (5, 5)]
5303,9,0,3,4,[(3, 6), (4, 4), (4, 5), (4, 6), (4, 7), (5, 6)]
5304,9,0,3,5,[(3, 7), (4, 5), (4, 6), (4, 7), (4, 8), (5, 7)]
5305,9,0,3,6,[(3, 8), (4, 6), (4, 7), (4, 8), (4, 9), (5, 8)]
5306,9,0,3,7,[(3, 9), (4, 7), (4, 8), (4, 9), (4, 10), (5, 9)]
5307,9,0,3,8,[(3, 10), (4, 8), (4, 9), (4, 10), (4, 11), (5, 10)]
5308,9,0,3,9,[(3, 11), (4, 9), (4, 10), (4, 11), (4, 12), (5, 11)]
5309,9,0,3,10,[(3, 12), (4, 10), (4, 11), (4, 12), (4, 13), (5, 12)]
5310,9,0,3,11,[(3, 13), (4, 11), (4, 12), (4, 13), (4, 14), (5, 13)]
5311,9,0,3,12,[(3, 14), (4, 12), (4, 13), (4, 14), (4, 15), (5, 14)]
5312,9,0,3,13,[(3, 15), (4, 13), (4, 14), (4, 15), (4, 16), (5, 15)]
5313,9,0,4,0,[(4, 2), (5, 0), (5, 1), (5, 2), (5, 3), (6, 2)]
5314,9,0,4,1,[(4, 3), (5, 1), (5, 2), (5, 3), (5, 4), (6, 3)]
5315,9,0,4,2,[(4, 4), (5, 2), (5, 3), (5, 4), (5, 5), (6, 4)]
5316,9,0,4,3,[(4, 5), (5, 3), (5, 4), (5, 5), (5, 6), (6, 5)]
5317,9,0,4,4,[(4, 6), (5, 4), (5, 5), (5, 6), (5, 7), (6, 6)]
5318,9,0,4,5,[(4, 7), (5, 5), (5, 6), (5, 7), (5, 8), (6, 7)]
5319,9,0,4,6,[(4, 8), (5, 6), (5, 7), (5, 8), (5, 9), (6, 8)]
5320,9,0,4,7,[(4, 9), (5, 7), (5, 8), (5, 9), (5, 10), (6, 9)]
5321,9,0,4,8,[(4, 10), (5, 8), (5, 9), (5, 10), (5, 11), (6, 10)]
5322,9,0,4,9,[(4, 11), (5, 9), (5, 10), (5, 11), (5, 12), (6, 11)]
5323,9,0,4,10,[(4, 12), (5, 10), (5, 11), (5, 12), (5, 13), (6, 12)]
5324,9,0,4,11,[(4, 13), (5, 11), (5, 12), (5, 13), (5, 14), (6, 13)]
5325,9,0,4,12,[(4, 14), (5, 12), (5, 13), (5, 14), (5, 15), (6, 14)]
5326,9,0,4,13,[(4, 15), (5, 13), (5, 14), (5, 15), (5, 16), (6, 15)]
5327,9,0,5,0,[(5, 2), (6, 0), (6, 1), (6, 2), (6, 3), (7, 2)]
5328,9,0,5,1,[(5, 3), (6, 1), (6, 2), (6, 3), (6, 4), (7, 3)]
5329,9,0,5,2,[(5, 4), (6, 2), (6, 3), (6, 4), (6, 5), (7, 4)]
5330,9,0,5,3,[(5, 5), (6, 3), (6, 4), (6, 5), (6, 6), (7, 5)]
5331,9,0,5,4,[(5, 6), (6, 4), (6, 5), (6, 6), (6, 7), (7, 6)]
5332,9,0,5,5,[(5, 7), (6, 5), (6, 6), (6, 7), (6, 8), (7, 7)]
5333,9,0,5,6,[(5, 8), (6, 6), (6, 7), (6, 8), (6, 9), (7, 8)]
5334,9,0,5,7,[(5, 9), (6, 7), (6, 8), (6, 9), (6, 10), (7, 9)]
5335,9,0,5,8,[(5, 10), (6, 8), (6, 9), (6, 10), (6, 11), (7, 10)]
5336,9,0,5,9,[(5, 11), (6, 9), (6, 10), (6, 11), (6, 12), (7, 11)]
5337,9,0,5,10,[(5, 12), (6, 10), (6, 11), (6, 12), (6, 13), (7, 12)]
5338,9,0,5,11,[(5, 13), (6, 11), (6, 12), (6, 13), (6, 14), (7, 13)]
5339,9,0,5,12,[(5, 14), (6, 12), (6, 13), (6, 14), (6, 15), (7, 14)]
5340,9,0,5,13,[(5, 15), (6, 13), (6, 14), (6, 15), (6, 16), (7, 15)]
5341,9,0,6,0,[(6, 2), (7, 0), (7, 1), (7, 2), (7, 3), (8, 2)]
5342,9,0,6,1,[(6, 3), (7, 1), (7, 2), (7, 3), (7, 4), (8, 3)]
5343,9,0,6,2,[(6, 4), (7, 2), (7, 3), (7, 4), (7, 5), (8, 4)]
5344,9,0,6,3,[(6, 5), (7, 3), (7, 4), (7, 5), (7, 6), (8, 5)]
5345,9,0,6,4,[(6, 6), (7, 4), (7, 5), (7, 6), (7, 7), (8, 6)]
5346,9,0,6,5,[(6, 7), (7, 5), (7, 6), (7, 7), (7, 8), (8, 7)]
5347,9,0,6,6,[(6, 8), (7, 6), (7, 7), (7, 8), (7, 9), (8, 8)]
5348,9,0,6,7,[(6, 9), (7, 7), (7, 8), (7, 9), (7, 10), (8, 9)]
5349,9,0,6,8,[(6, 10), (7, 8), (7, 9), (7, 10), (7, 11), (8, 10)]
5350,9,0,6,9,[(6, 11), (7, 9), (7, 10), (7, 11), (7, 12), (8, 11)]
5351,9,0,6,10,[(6, 12), (7, 10), (7, 11), (7, 12), (7, 13), (8, 12)]
5352,9,0,6,11,[(6, 13), (7, 11), (7, 12), (7, 13), (7, 14), (8, 13)]
5353,9,0,6,12,[(6, 14), (7, 12), (7, 13), (7, 14), (7, 15), (8, 14)]
5354,9,0,6,13,[(6, 15), (7, 13), (7, 14), (7, 15), (7, 16), (8, 15)]
5355,9,1,0,0,[(0, 1), (1, 0), (1, 1), (1, 2), (1, 3), (2, 1)]
5356,9,1,0,1,[(0, 2), (1, 1), (1, 2), (1, 3), (1, 4), (2, 2)]
5357,9,1,0,2,[(0, 3), (1, 2), (1, 3), (1, 4), (1, 5), (2, 3)]
5358,9,1,0,3,[(0, 4), (1, 3), (1, 4), (1, 5), (1, 6), (2, 4)]
5359,9,1,0,4,[(0, 5), (1, 4), (1, 5), (1, 6), (1, 7), (2, 5)]
5360,9,1,0,5,[(0, 6), (1, 5), (1, 6), (1, 7), (1, 8), (2, 6)]
5361,9,1,0,6,[(0, 7), (1, 6), (1, 7), (1, 8), (1, 9), (2, 7)]
5362,9,1,0,7,[(0, 8), (1, 7), (1, 8), (1, 9), (1, 10), (2, 8)]
5363,9,1,0,8,[(0, 9), (1, 8), (1, 9), (1, 10), (1, 11), (2, 9)]
5364,9,1,0,9,[(0, 10), (1, 9), (1, 10), (1, 11), (1, 12), (2, 10)]
5365,9,1,0,10,[(0, 11), (1, 10), (1, 11), (1, 12), (1, 13), (2, 11)]
5366,9,1,0,11,[(0, 12), (1, 11), (1, 12), (1, 13), (1, 14), (2, 12)]
5367,9,1,0,12,[(0, 13), (1, 12), (1, 13), (1, 14), (1, 15), (2, 13)]
5368,9,1,0,13,[(0, 14), (1, 13), (1, 14), (1, 15), (1, 16), (2, 14)]
5369,9,1,1,0,[(1, 1), (2, 0), (2, 1), (2, 2), (2, 3), (3, 1)]
5370,9,1,1,1,[(1, 2), (2, 1), (2, 2), (2, 3), (2, 4), (3, 2)]
5371,9,1,1,2,[(1, 3), (2, 2), (2, 3), (2, 4), (2, 5), (3, 3)]
5372,9,1,1,3,[(1, 4), (2, 3), (2, 4), (2, 5), (2, 6), (3, 4)]
5373,9,1,1,4,[(1, 5), (2, 4), (2, 5), (2, 6), (2, 7), (3, 5)]
5374,9,1,1,5,[(1, 6), (2, 5), (2, 6), (2, 7), (2, 8), (3, 6)]
5375,9,1,1,6,[(1, 7), (2, 6), (2, 7), (2, 8), (2, 9), (3, 7)]
5376,9,1,1,7,[(1, 8), (2, 7), (2, 8), (2, 9), (2, 10), (3, 8)]
5377,9,1,1,8,[(1, 9), (2, 8), (2, 9), (2, 10), (2, 11), (3, 9)]
5378,9,1,1,9,[(1, 10), (2, 9), (2, 10), (2, 11), (2, 12), (3, 10)]
5379,9,1,1,10,[(1, 11), (2, 10), (2, 11), (2, 12), (2, 13), (3, 11)]
5380,9,1,1,11,[(1, 12), (2, 11), (2, 12), (2, 13), (2, 14), (3, 12)]
5381,9,1,1,12,[(1, 13), (2, 12), (2, 13), (2, 14), (2, 15), (3, 13)]
5382,9,1,1,13,[(1, 14), (2, 13), (2, 14), (2, 15), (2, 16), (3, 14)]
5383,9,1,2,0,[(2, 1), (3, 0), (3, 1), (3, 2), (3, 3), (4, 1)]
5384,9,1,2,1,[(2, 2), (3, 1), (3, 2), (3, 3), (3, 4), (4, 2)]
5385,9,1,2,2,[(2, 3), (3, 2), (3, 3), (3, 4), (3, 5), (4, 3)]
5386,9,1,2,3,[(2, 4), (3, 3), (3, 4), (3, 5), (3, 6), (4, 4)]
5387,9,1,2,4,[(2, 5), (3, 4), (3, 5), (3, 6), (3, 7), (4, 5)]
5388,9,1,2,5,[(2, 6), (3, 5), (3, 6), (3, 7), (3, 8), (4, 6)]
5389,9,1,2,6,[(2, 7), (3, 6), (3, 7), (3, 8), (3, 9), (4, 7)]
5390,9,1,2,7,[(2, 8), (3, 7), (3, 8), (3, 9), (3, 10), (4, 8)]
5391,9,1,2,8,[(2, 9), (3, 8), (3, 9), (3, 10), (3, 11), (4, 9)]
5392,9,1,2,9,[(2, 10), (3, 9), (3, 10), (3, 11), (3, 12), (4, 10)]
5393,9,1,2,10,[(2, 11), (3, 10), (3, 11), (3, 12), (3, 13), (4, 11)]
5394,9,1,2,11,[(2, 12), (3, 11), (3, 12), (3, 13), (3, 14), (4, 12)]
5395,9,1,2,12,[(2, 13), (3, 12), (3, 13), (3, 14), (3, 15), (4, 13)]
5396,9,1,2,13,[(2, 14), (3, 13), (3, 14), (3, 15), (3, 16), (4, 14)]
5397,9,1,3,0,[(3, 1), (4, 0), (4, 1), (4, 2), (4, 3), (5, 1)]
5398,9,1,3,1,[(3, 2), (4, 1), (4, 2), (4, 3), (4, 4), (5, 2)]
5399,9,1,3,2,[(3, 3), (4, 2), (4, 3), (4, 4), (4, 5), (5, 3)]
5400,9,1,3,3,[(3, 4), (4, 3), (4, 4), (4, 5), (4, 6), (5, 4)]
5401,9,1,3,4,[(3, 5), (4, 4), (4, 5), (4, 6), (4, 7), (5, 5)]
5402,9,1,3,5,[(3, 6), (4, 5), (4, 6), (4, 7), (4, 8), (5, 6)]
5403,9,1,3,6,[(3, 7), (4, 6), (4, 7), (4, 8), (4, 9), (5, 7)]
5404,9,1,3,7,[(3, 8), (4, 7), (4, 8), (4, 9), (4, 10), (5, 8)]
5405,9,1,3,8,[(3, 9), (4, 8), (4, 9), (4, 10), (4, 11), (5, 9)]
5406,9,1,3,9,[(3, 10), (4, 9), (4, 10), (4, 11), (4, 12), (5, 10)]
5407,9,1,3,10,[(3, 11), (4, 10), (4, 11), (4, 12), (4, 13), (5, 11)]
5408,9,1,3,11,[(3, 12), (4, 11), (4, 12), (4, 13), (4, 14), (5, 12)]
5409,9,1,3,12,[(3, 13), (4, 12), (4, 13), (4, 14), (4, 15), (5, 13)]
5410,9,1,3,13,[(3, 14), (4, 13), (4, 14), (4, 15), (4, 16), (5, 14)]
5411,9,1,4,0,[(4, 1), (5, 0), (5, 1), (5, 2), (5, 3), (6, 1)]
5412,9,1,4,1,[(4, 2), (5, 1), (5, 2), (5, 3), (5, 4), (6, 2)]
5413,9,1,4,2,[(4, 3), (5, 2), (5, 3), (5, 4), (5, 5), (6, 3)]
5414,9,1,4,3,[(4, 4), (5, 3), (5, 4), (5, 5), (5, 6), (6, 4)]
5415,9,1,4,4,[(4, 5), (5, 4), (5, 5), (5, 6), (5, 7), (6, 5)]
5416,9,1,4,5,[(4, 6), (5, 5), (5, 6), (5, 7), (5, 8), (6, 6)]
5417,9,1,4,6,[(4, 7), (5, 6), (5, 7), (5, 8), (5, 9), (6, 7)]
5418,9,1,4,7,[(4, 8), (5, 7), (5, 8), (5, 9), (5, 10), (6, 8)]
5419,9,1,4,8,[(4, 9), (5, 8), (5, 9), (5, 10), (5, 11), (6, 9)]
5420,9,1,4,9,[(4, 10), (5, 9), (5, 10), (5, 11), (5, 12), (6, 10)]
5421,9,1,4,10,[(4, 11), (5, 10), (5, 11), (5, 12), (5, 13), (6, 11)]
5422,9,1,4,11,[(4, 12), (5, 11), (5, 12), (5, 13), (5, 14), (6, 12)]
5423,9,1,4,12,[(4, 13), (5, 12), (5, 13), (5, 14), (5, 15), (6, 13)]
5424,9,1,4,13,[(4, 14), (5, 13), (5, 14), (5, 15), (5, 16), (6, 14)]
5425,9,1,5,0,[(5, 1), (6, 0), (6, 1), (6, 2), (6, 3), (7, 1)]
5426,9,1,5,1,[(5, 2), (6, 1), (6, 2), (6, 3), (6, 4), (7, 2)]
5427,9,1,5,2,[(5, 3), (6, 2), (6, 3), (6, 4), (6, 5), (7, 3)]
5428,9,1,5,3,[(5, 4), (6, 3), (6, 4), (6, 5), (6, 6), (7, 4)]
5429,9,1,5,4,[(5, 5), (6, 4), (6, 5), (6, 6), (6, 7), (7, 5)]
5430,9,1,5,5,[(5, 6), (6, 5), (6, 6), (6, 7), (6, 8), (7, 6)]
5431,9,1,5,6,[(5, 7), (6, 6), (6, 7), (6, 8), (6, 9), (7, 7)]
5432,9,1,5,7,[(5, 8), (6, 7), (6, 8), (6, 9), (6, 10), (7, 8)]
5433,9,1,5,8,[(5, 9), (6, 8), (6, 9), (6, 10), (6, 11), (7, 9)]
5434,9,1,5,9,[(5, 10), (6, 9), (6, 10), (6, 11), (6, 12), (7, 10)]
5435,9,1,5,10,[(5, 11), (6, 10), (6, 11), (6, 12), (6, 13), (7, 11)]
5436,9,1,5,11,[(5, 12), (6, 11), (6, 12), (6, 13), (6, 14), (7, 12)]
5437,9,1,5,12,[(5, 13), (6, 12), (6, 13), (6, 14), (6, 15), (7, 13)]
5438,9,1,5,13,[(5, 14), (6, 13), (6, 14), (6, 15), (6, 16), (7, 14)]
5439,9,1,6,0,[(6, 1), (7, 0), (7, 1), (7, 2), (7, 3), (8, 1)]
5440,9,1,6,1,[(6, 2), (7, 1), (7, 2), (7, 3), (7, 4), (8, 2)]
5441,9,1,6,2,[(6, 3), (7, 2), (7, 3), (7, 4), (7, 5), (8, 3)]
5442,9,1,6,3,[(6, 4), (7, 3), (7, 4), (7, 5), (7, 6), (8, 4)]
5443,9,1,6,4,[(6, 5), (7, 4), (7, 5), (7, 6), (7, 7), (8, 5)]
5444,9,1,6,5,[(6, 6), (7, 5), (7, 6), (7, 7), (7, 8), (8, 6)]
5445,9,1,6,6,[(6, 7), (7, 6), (7, 7), (7, 8), (7, 9), (8, 7)]
5446,9,1,6,7,[(6, 8), (7, 7), (7, 8), (7, 9), (7, 10), (8, 8)]
5447,9,1,6,8,[(6, 9), (7, 8), (7, 9), (7, 10), (7, 11), (8, 9)]
5448,9,1,6,9,[(6, 10), (7, 9), (7, 10), (7, 11), (7, 12), (8, 10)]
5449,9,1,6,10,[(6, 11), (7, 10), (7, 11), (7, 12), (7, 13), (8, 11)]
5450,9,1,6,11,[(6, 12), (7, 11), (7, 12), (7, 13), (7, 14), (8, 12)]
5451,9,1,6,12,[(6, 13), (7, 12), (7, 13), (7, 14), (7, 15), (8, 13)]
5452,9,1,6,13,[(6, 14), (7, 13), (7, 14), (7, 15), (7, 16), (8, 14)]
5453,9,2,0,0,[(0, 1), (1, 1), (2, 0), (2, 1), (2, 2), (3, 1)]
5454,9,2,0,1,[(0, 2), (1, 2), (2, 1), (2, 2), (2, 3), (3, 2)]
5455,9,2,0,2,[(0, 3), (1, 3), (2, 2), (2, 3), (2, 4), (3, 3)]
5456,9,2,0,3,[(0, 4), (1, 4), (2, 3), (2, 4), (2, 5), (3, 4)]
5457,9,2,0,4,[(0, 5), (1, 5), (2, 4), (2, 5), (2, 6), (3, 5)]
5458,9,2,0,5,[(0, 6), (1, 6), (2, 5), (2, 6), (2, 7), (3, 6)]
5459,9,2,0,6,[(0, 7), (1, 7), (2, 6), (2, 7), (2, 8), (3, 7)]
5460,9,2,0,7,[(0, 8), (1, 8), (2, 7), (2, 8), (2, 9), (3, 8)]
5461,9,2,0,8,[(0, 9), (1, 9), (2, 8), (2, 9), (2, 10), (3, 9)]
5462,9,2,0,9,[(0, 10), (1, 10), (2, 9), (2, 10), (2, 11), (3, 10)]
5463,9,2,0,10,[(0, 11), (1, 11), (2, 10), (2, 11), (2, 12), (3, 11)]
5464,9,2,0,11,[(0, 12), (1, 12), (2, 11), (2, 12), (2, 13), (3, 12)]
5465,9,2,0,12,[(0, 13), (1, 13), (2, 12), (2, 13), (2, 14), (3, 13)]
5466,9,2,0,13,[(0, 14), (1, 14), (2, 13), (2, 14), (2, 15), (3, 14)]
5467,9,2,0,14,[(0, 15), (1, 15), (2, 14), (2, 15), (2, 16), (3, 15)]
5468,9,2,1,0,[(1, 1), (2, 1), (3, 0), (3, 1), (3, 2), (4, 1)]
5469,9,2,1,1,[(1, 2), (2, 2), (3, 1), (3, 2), (3, 3), (4, 2)]
5470,9,2,1,2,[(1, 3), (2, 3), (3, 2), (3, 3), (3, 4), (4, 3)]
5471,9,2,1,3,[(1, 4), (2, 4), (3, 3), (3, 4), (3, 5), (4, 4)]
5472,9,2,1,4,[(1, 5), (2, 5), (3, 4), (3, 5), (3, 6), (4, 5)]
5473,9,2,1,5,[(1, 6), (2, 6), (3, 5), (3, 6), (3, 7), (4, 6)]
5474,9,2,1,6,[(1, 7), (2, 7), (3, 6), (3, 7), (3, 8), (4, 7)]
5475,9,2,1,7,[(1, 8), (2, 8), (3, 7), (3, 8), (3, 9), (4, 8)]
5476,9,2,1,8,[(1, 9), (2, 9), (3, 8), (3, 9), (3, 10), (4, 9)]
5477,9,2,1,9,[(1, 10), (2, 10), (3, 9), (3, 10), (3, 11), (4, 10)]
5478,9,2,1,10,[(1, 11), (2, 11), (3, 10), (3, 11), (3, 12), (4, 11)]
5479,9,2,1,11,[(1, 12), (2, 12), (3, 11), (3, 12), (3, 13), (4, 12)]
5480,9,2,1,12,[(1, 13), (2, 13), (3, 12), (3, 13), (3, 14), (4, 13)]
5481,9,2,1,13,[(1, 14), (2, 14), (3, 13), (3, 14), (3, 15), (4, 14)]
5482,9,2,1,14,[(1, 15), (2, 15), (3, 14), (3, 15), (3, 16), (4, 15)]
5483,9,2,2,0,[(2, 1), (3, 1), (4, 0), (4, 1), (4, 2), (5, 1)]
5484,9,2,2,1,[(2, 2), (3, 2), (4, 1), (4, 2), (4, 3), (5, 2)]
5485,9,2,2,2,[(2, 3), (3, 3), (4, 2), (4, 3), (4, 4), (5, 3)]
5486,9,2,2,3,[(2, 4), (3, 4), (4, 3), (4, 4), (4, 5), (5, 4)]
5487,9,2,2,4,[(2, 5), (3, 5), (4, 4), (4, 5), (4, 6), (5, 5)]
5488,9,2,2,5,[(2, 6), (3, 6), (4, 5), (4, 6), (4, 7), (5, 6)]
5489,9,2,2,6,[(2, 7), (3, 7), (4, 6), (4, 7), (4, 8), (5, 7)]
5490,9,2,2,7,[(2, 8), (3, 8), (4, 7), (4, 8), (4, 9), (5, 8)]
5491,9,2,2,8,[(2, 9), (3, 9), (4, 8), (4, 9), (4, 10), (5, 9)]
5492,9,2,2,9,[(2, 10), (3, 10), (4, 9), (4, 10), (4, 11), (5, 10)]
5493,9,2,2,10,[(2, 11), (3, 11), (4, 10), (4, 11), (4, 12), (5, 11)]
5494,9,2,2,11,[(2, 12), (3, 12), (4, 11), (4, 12), (4, 13), (5, 12)]
5495,9,2,2,12,[(2, 13), (3, 13), (4, 12), (4, 13), (4, 14), (5, 13)]
5496,9,2,2,13,[(2, 14), (3, 14), (4, 13), (4, 14), (4, 15), (5, 14)]
5497,9,2,2,14,[(2, 15), (3, 15), (4, 14), (4, 15), (4, 16), (5, 15)]
5498,9,2,3,0,[(3, 1), (4, 1), (5, 0), (5, 1), (5, 2), (6, 1)]
5499,9,2,3,1,[(3, 2), (4, 2), (5, 1), (5, 2), (5, 3), (6, 2)]
5500,9,2,3,2,[(3, 3), (4, 3), (5, 2), (5, 3), (5, 4), (6, 3)]
5501,9,2,3,3,[(3, 4), (4, 4), (5, 3), (5, 4), (5, 5), (6, 4)]
5502,9,2,3,4,[(3, 5), (4, 5), (5, 4), (5, 5), (5, 6), (6, 5)]
5503,9,2,3,5,[(3, 6), (4, 6), (5, 5), (5, 6), (5, 7), (6, 6)]
5504,9,2,3,6,[(3, 7), (4, 7), (5, 6), (5, 7), (5, 8), (6, 7)]
5505,9,2,3,7,[(3, 8), (4, 8), (5, 7), (5, 8), (5, 9), (6, 8)]
5506,9,2,3,8,[(3, 9), (4, 9), (5, 8), (5, 9), (5, 10), (6, 9)]
5507,9,2,3,9,[(3, 10), (4, 10), (5, 9), (5, 10), (5, 11), (6, 10)]
5508,9,2,3,10,[(3, 11), (4, 11), (5, 10), (5, 11), (5, 12), (6, 11)]
5509,9,2,3,11,[(3, 12), (4, 12), (5, 11), (5, 12), (5, 13), (6, 12)]
5510,9,2,3,12,[(3, 13), (4, 13), (5, 12), (5, 13), (5, 14), (6, 13)]
5511,9,2,3,13,[(3, 14), (4, 14), (5, 13), (5, 14), (5, 15), (6, 14)]
5512,9,2,3,14,[(3, 15), (4, 15), (5, 14), (5, 15), (5, 16), (6, 15)]
5513,9,2,4,0,[(4, 1), (5, 1), (6, 0), (6, 1), (6, 2), (7, 1)]
5514,9,2,4,1,[(4, 2), (5, 2), (6, 1), (6, 2), (6, 3), (7, 2)]
5515,9,2,4,2,[(4, 3), (5, 3), (6, 2), (6, 3), (6, 4), (7, 3)]
5516,9,2,4,3,[(4, 4), (5, 4), (6, 3), (6, 4), (6, 5), (7, 4)]
5517,9,2,4,4,[(4, 5), (5, 5), (6, 4), (6, 5), (6, 6), (7, 5)]
5518,9,2,4,5,[(4, 6), (5, 6), (6, 5), (6, 6), (6, 7), (7, 6)]
5519,9,2,4,6,[(4, 7), (5, 7), (6, 6), (6, 7), (6, 8), (7, 7)]
5520,9,2,4,7,[(4, 8), (5, 8), (6, 7), (6, 8), (6, 9), (7, 8)]
5521,9,2,4,8,[(4, 9), (5, 9), (6, 8), (6, 9), (6, 10), (7, 9)]
5522,9,2,4,9,[(4, 10), (5, 10), (6, 9), (6, 10), (6, 11), (7, 10)]
5523,9,2,4,10,[(4, 11), (5, 11), (6, 10), (6, 11), (6, 12), (7, 11)]
5524,9,2,4,11,[(4, 12), (5, 12), (6, 11), (6, 12), (6, 13), (7, 12)]
5525,9,2,4,12,[(4, 13), (5, 13), (6, 12), (6, 13), (6, 14), (7, 13)]
5526,9,2,4,13,[(4, 14), (5, 14), (6, 13), (6, 14), (6, 15), (7, 14)]
5527,9,2,4,14,[(4, 15), (5, 15), (6, 14), (6, 15), (6, 16), (7, 15)]
5528,9,2,5,0,[(5, 1), (6, 1), (7, 0), (7, 1), (7, 2), (8, 1)]
5529,9,2,5,1,[(5, 2), (6, 2), (7, 1), (7, 2), (7, 3), (8, 2)]
5530,9,2,5,2,[(5, 3), (6, 3), (7, 2), (7, 3), (7, 4), (8, 3)]
5531,9,2,5,3,[(5, 4), (6, 4), (7, 3), (7, 4), (7, 5), (8, 4)]
5532,9,2,5,4,[(5, 5), (6, 5), (7, 4), (7, 5), (7, 6), (8, 5)]
5533,9,2,5,5,[(5, 6), (6, 6), (7, 5), (7, 6), (7, 7), (8, 6)]
5534,9,2,5,6,[(5, 7), (6, 7), (7, 6), (7, 7), (7, 8), (8, 7)]
5535,9,2,5,7,[(5, 8), (6, 8), (7, 7), (7, 8), (7, 9), (8, 8)]
5536,9,2,5,8,[(5, 9), (6, 9), (7, 8), (7, 9), (7, 10), (8, 9)]
5537,9,2,5,9,[(5, 10), (6, 10), (7, 9), (7, 10), (7, 11), (8, 10)]
5538,9,2,5,10,[(5, 11), (6, 11), (7, 10), (7, 11), (7, 12), (8, 11)]
5539,9,2,5,11,[(5, 12), (6, 12), (7, 11), (7, 12), (7, 13), (8, 12)]
5540,9,2,5,12,[(5, 13), (6, 13), (7, 12), (7, 13), (7, 14), (8, 13)]
5541,9,2,5,13,[(5, 14), (6, 14), (7, 13), (7, 14), (7, 15), (8, 14)]
5542,9,2,5,14,[(5, 15), (6, 15), (7, 14), (7, 15), (7, 16), (8, 15)]
5543,9,3,0,0,[(0, 1), (1, 0), (1, 1), (1, 2), (2, 1), (3, 1)]
5544,9,3,0,1,[(0, 2), (1, 1), (1, 2), (1, 3), (2, 2), (3, 2)]
5545,9,3,0,2,[(0, 3), (1, 2), (1, 3), (1, 4), (2, 3), (3, 3)]
5546,9,3,0,3,[(0, 4), (1, 3), (1, 4), (1, 5), (2, 4), (3, 4)]
5547,9,3,0,4,[(0, 5), (1, 4), (1, 5), (1, 6), (2, 5), (3, 5)]
5548,9,3,0,5,[(0, 6), (1, 5), (1, 6), (1, 7), (2, 6), (3, 6)]
5549,9,3,0,6,[(0, 7), (1, 6), (1, 7), (1, 8), (2, 7), (3, 7)]
5550,9,3,0,7,[(0, 8), (1, 7), (1, 8), (1, 9), (2, 8), (3, 8)]
5551,9,3,0,8,[(0, 9), (1, 8), (1, 9), (1, 10), (2, 9), (3, 9)]
5552,9,3,0,9,[(0, 10), (1, 9), (1, 10), (1, 11), (2, 10), (3, 10)]
5553,9,3,0,10,[(0, 11), (1, 10), (1, 11), (1, 12), (2, 11), (3, 11)]
5554,9,3,0,11,[(0, 12), (1, 11), (1, 12), (1, 13), (2, 12), (3, 12)]
5555,9,3,0,12,[(0, 13), (1, 12), (1, 13), (1, 14), (2, 13), (3, 13)]
5556,9,3,0,13,[(0, 14), (1, 13), (1, 14), (1, 15), (2, 14), (3, 14)]
5557,9,3,0,14,[(0, 15), (1, 14), (1, 15), (1, 16), (2, 15), (3, 15)]
5558,9,3,1,0,[(1, 1), (2, 0), (2, 1), (2, 2), (3, 1), (4, 1)]
5559,9,3,1,1,[(1, 2), (2, 1), (2, 2), (2, 3), (3, 2), (4, 2)]
5560,9,3,1,2,[(1, 3), (2, 2), (2, 3), (2, 4), (3, 3), (4, 3)]
5561,9,3,1,3,[(1, 4), (2, 3), (2, 4), (2, 5), (3, 4), (4, 4)]
5562,9,3,1,4,[(1, 5), (2, 4), (2, 5), (2, 6), (3, 5), (4, 5)]
5563,9,3,1,5,[(1, 6), (2, 5), (2, 6), (2, 7), (3, 6), (4, 6)]
5564,9,3,1,6,[(1, 7), (2, 6), (2, 7), (2, 8), (3, 7), (4, 7)]
5565,9,3,1,7,[(1, 8), (2, 7), (2, 8), (2, 9), (3, 8), (4, 8)]
5566,9,3,1,8,[(1, 9), (2, 8), (2, 9), (2, 10), (3, 9), (4, 9)]
5567,9,3,1,9,[(1, 10), (2, 9), (2, 10), (2, 11), (3, 10), (4, 10)]
5568,9,3,1,10,[(1, 11), (2, 10), (2, 11), (2, 12), (3, 11), (4, 11)]
5569,9,3,1,11,[(1, 12), (2, 11), (2, 12), (2, 13), (3, 12), (4, 12)]
5570,9,3,1,12,[(1, 13), (2, 12), (2, 13), (2, 14), (3, 13), (4, 13)]
5571,9,3,1,13,[(1, 14), (2, 13), (2, 14), (2, 15), (3, 14), (4, 14)]
5572,9,3,1,14,[(1, 15), (2, 14), (2, 15), (2, 16), (3, 15), (4, 15)]
5573,9,3,2,0,[(2, 1), (3, 0), (3, 1), (3, 2), (4, 1), (5, 1)]
5574,9,3,2,1,[(2, 2), (3, 1), (3, 2), (3, 3), (4, 2), (5, 2)]
5575,9,3,2,2,[(2, 3), (3, 2), (3, 3), (3, 4), (4, 3), (5, 3)]
5576,9,3,2,3,[(2, 4), (3, 3), (3, 4), (3, 5), (4, 4), (5, 4)]
5577,9,3,2,4,[(2, 5), (3, 4), (3, 5), (3, 6), (4, 5), (5, 5)]
5578,9,3,2,5,[(2, 6), (3, 5), (3, 6), (3, 7), (4, 6), (5, 6)]
5579,9,3,2,6,[(2, 7), (3, 6), (3, 7), (3, 8), (4, 7), (5, 7)]
5580,9,3,2,7,[(2, 8), (3, 7), (3, 8), (3, 9), (4, 8), (5, 8)]
5581,9,3,2,8,[(2, 9), (3, 8), (3, 9), (3, 10), (4, 9), (5, 9)]
5582,9,3,2,9,[(2, 10), (3, 9), (3, 10), (3, 11), (4, 10), (5, 10)]
5583,9,3,2,10,[(2, 11), (3, 10), (3, 11), (3, 12), (4, 11), (5, 11)]
5584,9,3,2,11,[(2, 12), (3, 11), (3, 12), (3, 13), (4, 12), (5, 12)]
5585,9,3,2,12,[(2, 13), (3, 12), (3, 13), (3, 14), (4, 13), (5, 13)]
5586,9,3,2,13,[(2, 14), (3, 13), (3, 14), (3, 15), (4, 14), (5, 14)]
5587,9,3,2,14,[(2, 15), (3, 14), (3, 15), (3, 16), (4, 15), (5, 15)]
5588,9,3,3,0,[(3, 1), (4, 0), (4, 1), (4, 2), (5, 1), (6, 1)]
5589,9,3,3,1,[(3, 2), (4, 1), (4, 2), (4, 3), (5, 2), (6, 2)]
5590,9,3,3,2,[(3, 3), (4, 2), (4, 3), (4, 4), (5, 3), (6, 3)]
5591,9,3,3,3,[(3, 4), (4, 3), (4, 4), (4, 5), (5, 4), (6, 4)]
5592,9,3,3,4,[(3, 5), (4, 4), (4, 5), (4, 6), (5, 5), (6, 5)]
5593,9,3,3,5,[(3, 6), (4, 5), (4, 6), (4, 7), (5, 6), (6, 6)]
5594,9,3,3,6,[(3, 7), (4, 6), (4, 7), (4, 8), (5, 7), (6, 7)]
5595,9,3,3,7,[(3, 8), (4, 7), (4, 8), (4, 9), (5, 8), (6, 8)]
5596,9,3,3,8,[(3, 9), (4, 8), (4, 9), (4, 10), (5, 9), (6, 9)]
5597,9,3,3,9,[(3, 10), (4, 9), (4, 10), (4, 11), (5, 10), (6, 10)]
5598,9,3,3,10,[(3, 11), (4, 10), (4, 11), (4, 12), (5, 11), (6, 11)]
5599,9,3,3,11,[(3, 12), (4, 11), (4, 12), (4, 13), (5, 12), (6, 12)]
5600,9,3,3,12,[(3, 13), (4, 12), (4, 13), (4, 14), (5, 13), (6, 13)]
5601,9,3,3,13,[(3, 14), (4, 13), (4, 14), (4, 15), (5, 14), (6, 14)]
5602,9,3,3,14,[(3, 15), (4, 14), (4, 15), (4, 16), (5, 15), (6, 15)]
5603,9,3,4,0,[(4, 1), (5, 0), (5, 1), (5, 2), (6, 1), (7, 1)]
5604,9,3,4,1,[(4, 2), (5, 1), (5, 2), (5, 3), (6, 2), (7, 2)]
5605,9,3,4,2,[(4, 3), (5, 2), (5, 3), (5, 4), (6, 3), (7, 3)]
5606,9,3,4,3,[(4, 4), (5, 3), (5, 4), (5, 5), (6, 4), (7, 4)]
5607,9,3,4,4,[(4, 5), (5, 4), (5, 5), (5, 6), (6, 5), (7, 5)]
5608,9,3,4,5,[(4, 6), (5, 5), (5, 6), (5, 7), (6, 6), (7, 6)]
5609,9,3,4,6,[(4, 7), (5, 6), (5, 7), (5, 8), (6, 7), (7, 7)]
5610,9,3,4,7,[(4, 8), (5, 7), (5, 8), (5, 9), (6, 8), (7, 8)]
5611,9,3,4,8,[(4, 9), (5, 8), (5, 9), (5, 10), (6, 9), (7, 9)]
5612,9,3,4,9,[(4, 10), (5, 9), (5, 10), (5, 11), (6, 10), (7, 10)]
5613,9,3,4,10,[(4, 11), (5, 10), (5, 11), (5, 12), (6, 11), (7, 11)]
5614,9,3,4,11,[(4, 12), (5, 11), (5, 12), (5, 13), (6, 12), (7, 12)]
5615,9,3,4,12,[(4, 13), (5, 12), (5, 13), (5, 14), (6, 13), (7, 13)]
5616,9,3,4,13,[(4, 14), (5, 13), (5, 14), (5, 15), (6, 14), (7, 14)]
5617,9,3,4,14,[(4, 15), (5, 14), (5, 15), (5, 16), (6, 15), (7, 15)]
5618,9,3,5,0,[(5, 1), (6, 0), (6, 1), (6, 2), (7, 1), (8, 1)]
5619,9,3,5,1,[(5, 2), (6, 1), (6, 2), (6, 3), (7, 2), (8, 2)]
5620,9,3,5,2,[(5, 3), (6, 2), (6, 3), (6, 4), (7, 3), (8, 3)]
5621,9,3,5,3,[(5, 4), (6, 3), (6, 4), (6, 5), (7, 4), (8, 4)]
5622,9,3,5,4,[(5, 5), (6, 4), (6, 5), (6, 6), (7, 5), (8, 5)]
5623,9,3,5,5,[(5, 6), (6, 5), (6, 6), (6, 7), (7, 6), (8, 6)]
5624,9,3,5,6,[(5, 7), (6, 6), (6, 7), (6, 8), (7, 7), (8, 7)]
5625,9,3,5,7,[(5, 8), (6, 7), (6, 8), (6, 9), (7, 8), (8, 8)]
5626,9,3,5,8,[(5, 9), (6, 8), (6, 9), (6, 10), (7, 9), (8, 9)]
5627,9,3,5,9,[(5, 10), (6, 9), (6, 10), (6, 11), (7, 10), (8, 10)]
5628,9,3,5,10,[(5, 11), (6, 10), (6, 11), (6, 12), (7, 11), (8, 11)]
5629,9,3,5,11,[(5, 12), (6, 11), (6, 12), (6, 13), (7, 12), (8, 12)]
5630,9,3,5,12,[(5, 13), (6, 12), (6, 13), (6, 14), (7, 13), (8, 13)]
5631,9,3,5,13,[(5, 14), (6, 13), (6, 14), (6, 15), (7, 14), (8, 14)]
5632,9,3,5,14,[(5, 15), (6, 14), (6, 15), (6, 16), (7, 15), (8, 15)]
5633,10,0,0,0,[(0, 0), (1, 0), (1, 1), (1, 2), (1, 3), (2, 3)]
5634,10,0,0,1,[(0, 1), (1, 1), (1, 2), (1, 3), (1, 4), (2, 4)]
5635,10,0,0,2,[(0, 2), (1, 2), (1, 3), (1, 4), (1, 5), (2, 5)]
5636,10,0,0,3,[(0, 3), (1, 3), (1, 4), (1, 5), (1, 6), (2, 6)]
5637,10,0,0,4,[(0, 4), (1, 4), (1, 5), (1, 6), (1, 7), (2, 7)]
5638,10,0,0,5,[(0, 5), (1, 5), (1, 6), (1, 7), (1, 8), (2, 8)]
5639,10,0,0,6,[(0, 6), (1, 6), (1, 7), (1, 8), (1, 9), (2, 9)]
5640,10,0,0,7,[(0, 7), (1, 7), (1, 8), (1, 9), (1, 10), (2, 10)]
5641,10,0,0,8,[(0, 8), (1, 8), (1, 9), (1, 10), (1, 11), (2, 11)]
5642,10,0,0,9,[(0, 9), (1, 9), (1, 10), (1, 11), (1, 12), (2, 12)]
5643,10,0,0,10,[(0, 10), (1, 10), (1, 11), (1, 12), (1, 13), (2, 13)]
5644,10,0,0,11,[(0, 11), (1, 11), (1, 12), (1, 13), (1, 14), (2, 14)]
5645,10,0,0,12,[(0, 12), (1, 12), (1, 13), (1, 14), (1, 15), (2, 15)]
5646,10,0,0,13,[(0, 13), (1, 13), (1, 14), (1, 15), (1, 16), (2, 16)]
5647,10,0,1,0,[(1, 0), (2, 0), (2, 1), (2, 2), (2, 3), (3, 3)]
5648,10,0,1,1,[(1, 1), (2, 1), (2, 2), (2, 3), (2, 4), (3, 4)]
5649,10,0,1,2,[(1, 2), (2, 2), (2, 3), (2, 4), (2, 5), (3, 5)]
5650,10,0,1,3,[(1, 3), (2, 3), (2, 4), (2, 5), (2, 6), (3, 6)]
5651,10,0,1,4,[(1, 4), (2, 4), (2, 5), (2, 6), (2, 7), (3, 7)]
5652,10,0,1,5,[(1, 5), (2, 5), (2, 6), (2, 7), (2, 8), (3, 8)]
5653,10,0,1,6,[(1, 6), (2, 6), (2, 7), (2, 8), (2, 9), (3, 9)]
5654,10,0,1,7,[(1, 7), (2, 7), (2, 8), (2, 9), (2, 10), (3, 10)]
5655,10,0,1,8,[(1, 8), (2, 8), (2, 9), (2, 10), (2, 11), (3, 11)]
5656,10,0,1,9,[(1, 9), (2, 9), (2, 10), (2, 11), (2, 12), (3, 12)]
5657,10,0,1,10,[(1, 10), (2, 10), (2, 11), (2, 12), (2, 13), (3, 13)]
5658,10,0,1,11,[(1, 11), (2, 11), (2, 12), (2, 13), (2, 14), (3, 14)]
5659,10,0,1,12,[(1, 12), (2, 12), (2, 13), (2, 14), (2, 15), (3, 15)]
5660,10,0,1,13,[(1, 13), (2, 13), (2, 14), (2, 15), (2, 16), (3, 16)]
5661,10,0,2,0,[(2, 0), (3, 0), (3, 1), (3, 2), (3, 3), (4, 3)]
5662,10,0,2,1,[(2, 1), (3, 1), (3, 2), (3, 3), (3, 4), (4, 4)]
5663,10,0,2,2,[(2, 2), (3, 2), (3, 3), (3, 4), (3, 5), (4, 5)]
5664,10,0,2,3,[(2, 3), (3, 3), (3, 4), (3, 5), (3, 6), (4, 6)]
5665,10,0,2,4,[(2, 4), (3, 4), (3, 5), (3, 6), (3, 7), (4, 7)]
5666,10,0,2,5,[(2, 5), (3, 5), (3, 6), (3, 7), (3, 8), (4, 8)]
5667,10,0,2,6,[(2, 6), (3, 6), (3, 7), (3, 8), (3, 9), (4, 9)]
5668,10,0,2,7,[(2, 7), (3, 7), (3, 8), (3, 9), (3, 10), (4, 10)]
5669,10,0,2,8,[(2, 8), (3, 8), (3, 9), (3, 10), (3, 11), (4, 11)]
5670,10,0,2,9,[(2, 9), (3, 9), (3, 10), (3, 11), (3, 12), (4, 12)]
5671,10,0,2,10,[(2, 10), (3, 10), (3, 11), (3, 12), (3, 13), (4, 13)]
5672,10,0,2,11,[(2, 11), (3, 11), (3, 12), (3, 13), (3, 14), (4, 14)]
5673,10,0,2,12,[(2, 12), (3, 12), (3, 13), (3, 14), (3, 15), (4, 15)]
5674,10,0,2,13,[(2, 13), (3, 13), (3, 14), (3, 15), (3, 16), (4, 16)]
5675,10,0,3,0,[(3, 0), (4, 0), (4, 1), (4, 2), (4, 3), (5, 3)]
5676,10,0,3,1,[(3, 1), (4, 1), (4, 2), (4, 3), (4, 4), (5, 4)]
5677,10,0,3,2,[(3, 2), (4, 2), (4, 3), (4, 4), (4, 5), (5, 5)]
5678,10,0,3,3,[(3, 3), (4, 3), (4, 4), (4, 5), (4, 6), (5, 6)]
5679,10,0,3,4,[(3, 4), (4, 4), (4, 5), (4, 6), (4, 7), (5, 7)]
5680,10,0,3,5,[(3, 5), (4, 5), (4, 6), (4, 7), (4, 8), (5, 8)]
5681,10,0,3,6,[(3, 6), (4, 6), (4, 7), (4, 8), (4, 9), (5, 9)]
5682,10,0,3,7,[(3, 7), (4, 7), (4, 8), (4, 9), (4, 10), (5, 10)]
5683,10,0,3,8,[(3, 8), (4, 8), (4, 9), (4, 10), (4, 11), (5, 11)]
5684,10,0,3,9,[(3, 9), (4, 9), (4, 10), (4, 11), (4, 12), (5, 12)]
5685,10,0,3,10,[(3, 10), (4, 10), (4, 11), (4, 12), (4, 13), (5, 13)]
5686,10,0,3,11,[(3, 11), (4, 11), (4, 12), (4, 13), (4, 14), (5, 14)]
5687,10,0,3,12,[(3, 12), (4, 12), (4, 13), (4, 14), (4, 15), (5, 15)]
5688,10,0,3,13,[(3, 13), (4, 13), (4, 14), (4, 15), (4, 16), (5, 16)]
5689,10,0,4,0,[(4, 0), (5, 0), (5, 1), (5, 2), (5, 3), (6, 3)]
5690,10,0,4,1,[(4, 1), (5, 1), (5, 2), (5, 3), (5, 4), (6, 4)]
5691,10,0,4,2,[(4, 2), (5, 2), (5, 3), (5, 4), (5, 5), (6, 5)]
5692,10,0,4,3,[(4, 3), (5, 3), (5, 4), (5, 5), (5, 6), (6, 6)]
5693,10,0,4,4,[(4, 4), (5, 4), (5, 5), (5, 6), (5, 7), (6, 7)]
5694,10,0,4,5,[(4, 5), (5, 5), (5, 6), (5, 7), (5, 8), (6, 8)]
5695,10,0,4,6,[(4, 6), (5, 6), (5, 7), (5, 8), (5, 9), (6, 9)]
5696,10,0,4,7,[(4, 7), (5, 7), (5, 8), (5, 9), (5, 10), (6, 10)]
5697,10,0,4,8,[(4, 8), (5, 8), (5, 9), (5, 10), (5, 11), (6, 11)]
5698,10,0,4,9,[(4, 9), (5, 9), (5, 10), (5, 11), (5, 12), (6, 12)]
5699,10,0,4,10,[(4, 10), (5, 10), (5, 11), (5, 12), (5, 13), (6, 13)]
5700,10,0,4,11,[(4, 11), (5, 11), (5, 12), (5, 13), (5, 14), (6, 14)]
5701,10,0,4,12,[(4, 12), (5, 12), (5, 13), (5, 14), (5, 15), (6, 15)]
5702,10,0,4,13,[(4, 13), (5, 13), (5, 14), (5, 15), (5, 16), (6, 16)]
5703,10,0,5,0,[(5, 0), (6, 0), (6, 1), (6, 2), (6, 3), (7, 3)]
5704,10,0,5,1,[(5, 1), (6, 1), (6, 2), (6, 3), (6, 4), (7, 4)]
5705,10,0,5,2,[(5, 2), (6, 2), (6, 3), (6, 4), (6, 5), (7, 5)]
5706,10,0,5,3,[(5, 3), (6, 3), (6, 4), (6, 5), (6, 6), (7, 6)]
5707,10,0,5,4,[(5, 4), (6, 4), (6, 5), (6, 6), (6, 7), (7, 7)]
5708,10,0,5,5,[(5, 5), (6, 5), (6, 6), (6, 7), (6, 8), (7, 8)]
5709,10,0,5,6,[(5, 6), (6, 6), (6, 7), (6, 8), (6, 9), (7, 9)]
5710,10,0,5,7,[(5, 7), (6, 7), (6, 8), (6, 9), (6, 10), (7, 10)]
5711,10,0,5,8,[(5, 8), (6, 8), (6, 9), (6, 10), (6, 11), (7, 11)]
5712,10,0,5,9,[(5, 9), (6, 9), (6, 10), (6, 11), (6, 12), (7, 12)]
5713,10,0,5,10,[(5, 10), (6, 10), (6, 11), (6, 12), (6, 13), (7, 13)]
5714,10,0,5,11,[(5, 11), (6, 11), (6, 12), (6, 13), (6, 14), (7, 14)]
5715,10,0,5,12,[(5, 12), (6, 12), (6, 13), (6, 14), (6, 15), (7, 15)]
5716,10,0,5,13,[(5, 13), (6, 13), (6, 14), (6, 15), (6, 16), (7, 16)]
5717,10,0,6,0,[(6, 0), (7, 0), (7, 1), (7, 2), (7, 3), (8, 3)]
5718,10,0,6,1,[(6, 1), (7, 1), (7, 2), (7, 3), (7, 4), (8, 4)]
5719,10,0,6,2,[(6, 2), (7, 2), (7, 3), (7, 4), (7, 5), (8, 5)]
5720,10,0,6,3,[(6, 3), (7, 3), (7, 4), (7, 5), (7, 6), (8, 6)]
5721,10,0,6,4,[(6, 4), (7, 4), (7, 5), (7, 6), (7, 7), (8, 7)]
5722,10,0,6,5,[(6, 5), (7, 5), (7, 6), (7, 7), (7, 8), (8, 8)]
5723,10,0,6,6,[(6, 6), (7, 6), (7, 7), (7, 8), (7, 9), (8, 9)]
5724,10,0,6,7,[(6, 7), (7, 7), (7, 8), (7, 9), (7, 10), (8, 10)]
5725,10,0,6,8,[(6, 8), (7, 8), (7, 9), (7, 10), (7, 11), (8, 11)]
5726,10,0,6,9,[(6, 9), (7, 9), (7, 10), (7, 11), (7, 12), (8, 12)]
5727,10,0,6,10,[(6, 10), (7, 10), (7, 11), (7, 12), (7, 13), (8, 13)]
5728,10,0,6,11,[(6, 11), (7, 11), (7, 12), (7, 13), (7, 14), (8, 14)]
5729,10,0,6,12,[(6, 12), (7, 12), (7, 13), (7, 14), (7, 15), (8, 15)]
5730,10,0,6,13,[(6, 13), (7, 13), (7, 14), (7, 15), (7, 16), (8, 16)]
5731,10,1,0,0,[(0, 3), (1, 0), (1, 1), (1, 2), (1, 3), (2, 0)]
5732,10,1,0,1,[(0, 4), (1, 1), (1, 2), (1, 3), (1, 4), (2, 1)]
5733,10,1,0,2,[(0, 5), (1, 2), (1, 3), (1, 4), (1, 5), (2, 2)]
5734,10,1,0,3,[(0, 6), (1, 3), (1, 4), (1, 5), (1, 6), (2, 3)]
5735,10,1,0,4,[(0, 7), (1, 4), (1, 5), (1, 6), (1, 7), (2, 4)]
5736,10,1,0,5,[(0, 8), (1, 5), (1, 6), (1, 7), (1, 8), (2, 5)]
5737,10,1,0,6,[(0, 9), (1, 6), (1, 7), (1, 8), (1, 9), (2, 6)]
5738,10,1,0,7,[(0, 10), (1, 7), (1, 8), (1, 9), (1, 10), (2, 7)]
5739,10,1,0,8,[(0, 11), (1, 8), (1, 9), (1, 10), (1, 11), (2, 8)]
5740,10,1,0,9,[(0, 12), (1, 9), (1, 10), (1, 11), (1, 12), (2, 9)]
5741,10,1,0,10,[(0, 13), (1, 10), (1, 11), (1, 12), (1, 13), (2, 10)]
5742,10,1,0,11,[(0, 14), (1, 11), (1, 12), (1, 13), (1, 14), (2, 11)]
5743,10,1,0,12,[(0, 15), (1, 12), (1, 13), (1, 14), (1, 15), (2, 12)]
5744,10,1,0,13,[(0, 16), (1, 13), (1, 14), (1, 15), (1, 16), (2, 13)]
5745,10,1,1,0,[(1, 3), (2, 0), (2, 1), (2, 2), (2, 3), (3, 0)]
5746,10,1,1,1,[(1, 4), (2, 1), (2, 2), (2, 3), (2, 4), (3, 1)]
5747,10,1,1,2,[(1, 5), (2, 2), (2, 3), (2, 4), (2, 5), (3, 2)]
5748,10,1,1,3,[(1, 6), (2, 3), (2, 4), (2, 5), (2, 6), (3, 3)]
5749,10,1,1,4,[(1, 7), (2, 4), (2, 5), (2, 6), (2, 7), (3, 4)]
5750,10,1,1,5,[(1, 8), (2, 5), (2, 6), (2, 7), (2, 8), (3, 5)]
5751,10,1,1,6,[(1, 9), (2, 6), (2, 7), (2, 8), (2, 9), (3, 6)]
5752,10,1,1,7,[(1, 10), (2, 7), (2, 8), (2, 9), (2, 10), (3, 7)]
5753,10,1,1,8,[(1, 11), (2, 8), (2, 9), (2, 10), (2, 11), (3, 8)]
5754,10,1,1,9,[(1, 12), (2, 9), (2, 10), (2, 11), (2, 12), (3, 9)]
5755,10,1,1,10,[(1, 13), (2, 10), (2, 11), (2, 12), (2, 13), (3, 10)]
5756,10,1,1,11,[(1, 14), (2, 11), (2, 12), (2, 13), (2, 14), (3, 11)]
5757,10,1,1,12,[(1, 15), (2, 12), (2, 13), (2, 14), (2, 15), (3, 12)]
5758,10,1,1,13,[(1, 16), (2, 13), (2, 14), (2, 15), (2, 16), (3, 13)]
5759,10,1,2,0,[(2, 3), (3, 0), (3, 1), (3, 2), (3, 3), (4, 0)]
5760,10,1,2,1,[(2, 4), (3, 1), (3, 2), (3, 3), (3, 4), (4, 1)]
5761,10,1,2,2,[(2, 5), (3, 2), (3, 3), (3, 4), (3, 5), (4, 2)]
5762,10,1,2,3,[(2, 6), (3, 3), (3, 4), (3, 5), (3, 6), (4, 3)]
5763,10,1,2,4,[(2, 7), (3, 4), (3, 5), (3, 6), (3, 7), (4, 4)]
5764,10,1,2,5,[(2, 8), (3, 5), (3, 6), (3, 7), (3, 8), (4, 5)]
5765,10,1,2,6,[(2, 9), (3, 6), (3, 7), (3, 8), (3, 9), (4, 6)]
5766,10,1,2,7,[(2, 10), (3, 7), (3, 8), (3, 9), (3, 10), (4, 7)]
5767,10,1,2,8,[(2, 11), (3, 8), (3, 9), (3, 10), (3, 11), (4, 8)]
5768,10,1,2,9,[(2, 12), (3, 9), (3, 10), (3, 11), (3, 12), (4, 9)]
5769,10,1,2,10,[(2, 13), (3, 10), (3, 11), (3, 12), (3, 13), (4, 10)]
5770,10,1,2,11,[(2, 14), (3, 11), (3, 12), (3, 13), (3, 14), (4, 11)]
5771,10,1,2,12,[(2, 15), (3, 12), (3, 13), (3, 14), (3, 15), (4, 12)]
5772,10,1,2,13,[(2, 16), (3, 13), (3, 14), (3, 15), (3, 16), (4, 13)]
5773,10,1,3,0,[(3, 3), (4, 0), (4, 1), (4, 2), (4, 3), (5, 0)]
5774,10,1,3,1,[(3, 4), (4, 1), (4, 2), (4, 3), (4, 4), (5, 1)]
5775,10,1,3,2,[(3, 5), (4, 2), (4, 3), (4, 4), (4, 5), (5, 2)]
5776,10,1,3,3,[(3, 6), (4, 3), (4, 4), (4, 5), (4, 6), (5, 3)]
5777,10,1,3,4,[(3, 7), (4, 4), (4, 5), (4, 6), (4, 7), (5, 4)]
5778,10,1,3,5,[(3, 8), (4, 5), (4, 6), (4, 7), (4, 8), (5, 5)]
5779,10,1,3,6,[(3, 9), (4, 6), (4, 7), (4, 8), (4, 9), (5, 6)]
5780,10,1,3,7,[(3, 10), (4, 7), (4, 8), (4, 9), (4, 10), (5, 7)]
5781,10,1,3,8,[(3, 11), (4, 8), (4, 9), (4, 10), (4, 11), (5, 8)]
5782,10,1,3,9,[(3, 12), (4, 9), (4, 10), (4, 11), (4, 12), (5, 9)]
5783,10,1,3,10,[(3, 13), (4, 10), (4, 11), (4, 12), (4, 13), (5, 10)]
5784,10,1,3,11,[(3, 14), (4, 11), (4, 12), (4, 13), (4, 14), (5, 11)]
5785,10,1,3,12,[(3, 15), (4, 12), (4, 13), (4, 14), (4, 15), (5, 12)]
5786,10,1,3,13,[(3, 16), (4, 13), (4, 14), (4, 15), (4, 16), (5, 13)]
5787,10,1,4,0,[(4, 3), (5, 0), (5, 1), (5, 2), (5, 3), (6, 0)]
5788,10,1,4,1,[(4, 4), (5, 1), (5, 2), (5, 3), (5, 4), (6, 1)]
5789,10,1,4,2,[(4, 5), (5, 2), (5, 3), (5, 4), (5, 5), (6, 2)]
5790,10,1,4,3,[(4, 6), (5, 3), (5, 4), (5, 5), (5, 6), (6, 3)]
5791,10,1,4,4,[(4, 7), (5, 4), (5, 5), (5, 6), (5, 7), (6, 4)]
5792,10,1,4,5,[(4, 8), (5, 5), (5, 6), (5, 7), (5, 8), (6, 5)]
5793,10,1,4,6,[(4, 9), (5, 6), (5, 7), (5, 8), (5, 9), (6, 6)]
5794,10,1,4,7,[(4, 10), (5, 7), (5, 8), (5, 9), (5, 10), (6, 7)]
5795,10,1,4,8,[(4, 11), (5, 8), (5, 9), (5, 10), (5, 11), (6, 8)]
5796,10,1,4,9,[(4, 12), (5, 9), (5, 10), (5, 11), (5, 12), (6, 9)]
5797,10,1,4,10,[(4, 13), (5, 10), (5, 11), (5, 12), (5, 13), (6, 10)]
5798,10,1,4,11,[(4, 14), (5, 11), (5, 12), (5, 13), (5, 14), (6, 11)]
5799,10,1,4,12,[(4, 15), (5, 12), (5, 13), (5, 14), (5, 15), (6, 12)]
5800,10,1,4,13,[(4, 16), (5, 13), (5, 14), (5, 15), (5, 16), (6, 13)]
5801,10,1,5,0,[(5, 3), (6, 0), (6, 1), (6, 2), (6, 3), (7, 0)]
5802,10,1,5,1,[(5, 4), (6, 1), (6, 2), (6, 3), (6, 4), (7, 1)]
5803,10,1,5,2,[(5, 5), (6, 2), (6, 3), (6, 4), (6, 5), (7, 2)]
5804,10,1,5,3,[(5, 6), (6, 3), (6, 4), (6, 5), (6, 6), (7, 3)]
5805,10,1,5,4,[(5, 7), (6, 4), (6, 5), (6, 6), (6, 7), (7, 4)]
5806,10,1,5,5,[(5, 8), (6, 5), (6, 6), (6, 7), (6, 8), (7, 5)]
5807,10,1,5,6,[(5, 9), (6, 6), (6, 7), (6, 8), (6, 9), (7, 6)]
5808,10,1,5,7,[(5, 10), (6, 7), (6, 8), (6, 9), (6, 10), (7, 7)]
5809,10,1,5,8,[(5, 11), (6, 8), (6, 9), (6, 10), (6, 11), (7, 8)]
5810,10,1,5,9,[(5, 12), (6, 9), (6, 10), (6, 11), (6, 12), (7, 9)]
5811,10,1,5,10,[(5, 13), (6, 10), (6, 11), (6, 12), (6, 13), (7, 10)]
5812,10,1,5,11,[(5, 14), (6, 11), (6, 12), (6, 13), (6, 14), (7, 11)]
5813,10,1,5,12,[(5, 15), (6, 12), (6, 13), (6, 14), (6, 15), (7, 12)]
5814,10,1,5,13,[(5, 16), (6, 13), (6, 14), (6, 15), (6, 16), (7, 13)]
5815,10,1,6,0,[(6, 3), (7, 0), (7, 1), (7, 2), (7, 3), (8, 0)]
5816,10,1,6,1,[(6, 4), (7, 1), (7, 2), (7, 3), (7, 4), (8, 1)]
5817,10,1,6,2,[(6, 5), (7, 2), (7, 3), (7, 4), (7, 5), (8, 2)]
5818,10,1,6,3,[(6, 6), (7, 3), (7, 4), (7, 5), (7, 6), (8, 3)]
5819,10,1,6,4,[(6, 7), (7, 4), (7, 5), (7, 6), (7, 7), (8, 4)]
5820,10,1,6,5,[(6, 8), (7, 5), (7, 6), (7, 7), (7, 8), (8, 5)]
5821,10,1,6,6,[(6, 9), (7, 6), (7, 7), (7, 8), (7, 9), (8, 6)]
5822,10,1,6,7,[(6, 10), (7, 7), (7, 8), (7, 9), (7, 10), (8, 7)]
5823,10,1,6,8,[(6, 11), (7, 8), (7, 9), (7, 10), (7, 11), (8, 8)]
5824,10,1,6,9,[(6, 12), (7, 9), (7, 10), (7, 11), (7, 12), (8, 9)]
5825,10,1,6,10,[(6, 13), (7, 10), (7, 11), (7, 12), (7, 13), (8, 10)]
5826,10,1,6,11,[(6, 14), (7, 11), (7, 12), (7, 13), (7, 14), (8, 11)]
5827,10,1,6,12,[(6, 15), (7, 12), (7, 13), (7, 14), (7, 15), (8, 12)]
5828,10,1,6,13,[(6, 16), (7, 13), (7, 14), (7, 15), (7, 16), (8, 13)]
5829,10,2,0,0,[(0, 1), (0, 2), (1, 1), (2, 1), (3, 0), (3, 1)]
5830,10,2,0,1,[(0, 2), (0, 3), (1, 2), (2, 2), (3, 1), (3, 2)]
5831,10,2,0,2,[(0, 3), (0, 4), (1, 3), (2, 3), (3, 2), (3, 3)]
5832,10,2,0,3,[(0, 4), (0, 5), (1, 4), (2, 4), (3, 3), (3, 4)]
5833,10,2,0,4,[(0, 5), (0, 6), (1, 5), (2, 5), (3, 4), (3, 5)]
5834,10,2,0,5,[(0, 6), (0, 7), (1, 6), (2, 6), (3, 5), (3, 6)]
5835,10,2,0,6,[(0, 7), (0, 8), (1, 7), (2, 7), (3, 6), (3, 7)]
5836,10,2,0,7,[(0, 8), (0, 9), (1, 8), (2, 8), (3, 7), (3, 8)]
5837,10,2,0,8,[(0, 9), (0, 10), (1, 9), (2, 9), (3, 8), (3, 9)]
5838,10,2,0,9,[(0, 10), (0, 11), (1, 10), (2, 10), (3, 9), (3, 10)]
5839,10,2,0,10,[(0, 11), (0, 12), (1, 11), (2, 11), (3, 10), (3, 11)]
5840,10,2,0,11,[(0, 12), (0, 13), (1, 12), (2, 12), (3, 11), (3, 12)]
5841,10,2,0,12,[(0, 13), (0, 14), (1, 13), (2, 13), (3, 12), (3, 13)]
5842,10,2,0,13,[(0, 14), (0, 15), (1, 14), (2, 14), (3, 13), (3, 14)]
5843,10,2,0,14,[(0, 15), (0, 16), (1, 15), (2, 15), (3, 14), (3, 15)]
5844,10,2,1,0,[(1, 1), (1, 2), (2, 1), (3, 1), (4, 0), (4, 1)]
5845,10,2,1,1,[(1, 2), (1, 3), (2, 2), (3, 2), (4, 1), (4, 2)]
5846,10,2,1,2,[(1, 3), (1, 4), (2, 3), (3, 3), (4, 2), (4, 3)]
5847,10,2,1,3,[(1, 4), (1, 5), (2, 4), (3, 4), (4, 3), (4, 4)]
5848,10,2,1,4,[(1, 5), (1, 6), (2, 5), (3, 5), (4, 4), (4, 5)]
5849,10,2,1,5,[(1, 6), (1, 7), (2, 6), (3, 6), (4, 5), (4, 6)]
5850,10,2,1,6,[(1, 7), (1, 8), (2, 7), (3, 7), (4, 6), (4, 7)]
5851,10,2,1,7,[(1, 8), (1, 9), (2, 8), (3, 8), (4, 7), (4, 8)]
5852,10,2,1,8,[(1, 9), (1, 10), (2, 9), (3, 9), (4, 8), (4, 9)]
5853,10,2,1,9,[(1, 10), (1, 11), (2, 10), (3, 10), (4, 9), (4, 10)]
5854,10,2,1,10,[(1, 11), (1, 12), (2, 11), (3, 11), (4, 10), (4, 11)]
5855,10,2,1,11,[(1, 12), (1, 13), (2, 12), (3, 12), (4, 11), (4, 12)]
5856,10,2,1,12,[(1, 13), (1, 14), (2, 13), (3, 13), (4, 12), (4, 13)]
5857,10,2,1,13,[(1, 14), (1, 15), (2, 14), (3, 14), (4, 13), (4, 14)]
5858,10,2,1,14,[(1, 15), (1, 16), (2, 15), (3, 15), (4, 14), (4, 15)]
5859,10,2,2,0,[(2, 1), (2, 2), (3, 1), (4, 1), (5, 0), (5, 1)]
5860,10,2,2,1,[(2, 2), (2, 3), (3, 2), (4, 2), (5, 1), (5, 2)]
5861,10,2,2,2,[(2, 3), (2, 4), (3, 3), (4, 3), (5, 2), (5, 3)]
5862,10,2,2,3,[(2, 4), (2, 5), (3, 4), (4, 4), (5, 3), (5, 4)]
5863,10,2,2,4,[(2, 5), (2, 6), (3, 5), (4, 5), (5, 4), (5, 5)]
5864,10,2,2,5,[(2, 6), (2, 7), (3, 6), (4, 6), (5, 5), (5, 6)]
5865,10,2,2,6,[(2, 7), (2, 8), (3, 7), (4, 7), (5, 6), (5, 7)]
5866,10,2,2,7,[(2, 8), (2, 9), (3, 8), (4, 8), (5, 7), (5, 8)]
5867,10,2,2,8,[(2, 9), (2, 10), (3, 9), (4, 9), (5, 8), (5, 9)]
5868,10,2,2,9,[(2, 10), (2, 11), (3, 10), (4, 10), (5, 9), (5, 10)]
5869,10,2,2,10,[(2, 11), (2, 12), (3, 11), (4, 11), (5, 10), (5, 11)]
5870,10,2,2,11,[(2, 12), (2, 13), (3, 12), (4, 12), (5, 11), (5, 12)]
5871,10,2,2,12,[(2, 13), (2, 14), (3, 13), (4, 13), (5, 12), (5, 13)]
5872,10,2,2,13,[(2, 14), (2, 15), (3, 14), (4, 14), (5, 13), (5, 14)]
5873,10,2,2,14,[(2, 15), (2, 16), (3, 15), (4, 15), (5, 14), (5, 15)]
5874,10,2,3,0,[(3, 1), (3, 2), (4, 1), (5, 1), (6, 0), (6, 1)]
5875,10,2,3,1,[(3, 2), (3, 3), (4, 2), (5, 2), (6, 1), (6, 2)]
5876,10,2,3,2,[(3, 3), (3, 4), (4, 3), (5, 3), (6, 2), (6, 3)]
5877,10,2,3,3,[(3, 4), (3, 5), (4, 4), (5, 4), (6, 3), (6, 4)]
5878,10,2,3,4,[(3, 5), (3, 6), (4, 5), (5, 5), (6, 4), (6, 5)]
5879,10,2,3,5,[(3, 6), (3, 7), (4, 6), (5, 6), (6, 5), (6, 6)]
5880,10,2,3,6,[(3, 7), (3, 8), (4, 7), (5, 7), (6, 6), (6, 7)]
5881,10,2,3,7,[(3, 8), (3, 9), (4, 8), (5, 8), (6, 7), (6, 8)]
5882,10,2,3,8,[(3, 9), (3, 10), (4, 9), (5, 9), (6, 8), (6, 9)]
5883,10,2,3,9,[(3, 10), (3, 11), (4, 10), (5, 10), (6, 9), (6, 10)]
5884,10,2,3,10,[(3, 11), (3, 12), (4, 11), (5, 11), (6, 10), (6, 11)]
5885,10,2,3,11,[(3, 12), (3, 13), (4, 12), (5, 12), (6, 11), (6, 12)]
5886,10,2,3,12,[(3, 13), (3, 14), (4, 13), (5, 13), (6, 12), (6, 13)]
5887,10,2,3,13,[(3, 14), (3, 15), (4, 14), (5, 14), (6, 13), (6, 14)]
5888,10,2,3,14,[(3, 15), (3, 16), (4, 15), (5, 15), (6, 14), (6, 15)]
5889,10,2,4,0,[(4, 1), (4, 2), (5, 1), (6, 1), (7, 0), (7, 1)]
5890,10,2,4,1,[(4, 2), (4, 3), (5, 2), (6, 2), (7, 1), (7, 2)]
5891,10,2,4,2,[(4, 3), (4, 4), (5, 3), (6, 3), (7, 2), (7, 3)]
5892,10,2,4,3,[(4, 4), (4, 5), (5, 4), (6, 4), (7, 3), (7, 4)]
5893,10,2,4,4,[(4, 5), (4, 6), (5, 5), (6, 5), (7, 4), (7, 5)]
5894,10,2,4,5,[(4, 6), (4, 7), (5, 6), (6, 6), (7, 5), (7, 6)]
5895,10,2,4,6,[(4, 7), (4, 8), (5, 7), (6, 7), (7, 6), (7, 7)]
5896,10,2,4,7,[(4, 8), (4, 9), (5, 8), (6, 8), (7, 7), (7, 8)]
5897,10,2,4,8,[(4, 9), (4, 10), (5, 9), (6, 9), (7, 8), (7, 9)]
5898,10,2,4,9,[(4, 10), (4, 11), (5, 10), (6, 10), (7, 9), (7, 10)]
5899,10,2,4,10,[(4, 11), (4, 12), (5, 11), (6, 11), (7, 10), (7, 11)]
5900,10,2,4,11,[(4, 12), (4, 13), (5, 12), (6, 12), (7, 11), (7, 12)]
5901,10,2,4,12,[(4, 13), (4, 14), (5, 13), (6, 13), (7, 12), (7, 13)]
5902,10,2,4,13,[(4, 14), (4, 15), (5, 14), (6, 14), (7, 13), (7, 14)]
5903,10,2,4,14,[(4, 15), (4, 16), (5, 15), (6, 15), (7, 14), (7, 15)]
5904,10,2,5,0,[(5, 1), (5, 2), (6, 1), (7, 1), (8, 0), (8, 1)]
5905,10,2,5,1,[(5, 2), (5, 3), (6, 2), (7, 2), (8, 1), (8, 2)]
5906,10,2,5,2,[(5, 3), (5, 4), (6, 3), (7, 3), (8, 2), (8, 3)]
5907,10,2,5,3,[(5, 4), (5, 5), (6, 4), (7, 4), (8, 3), (8, 4)]
5908,10,2,5,4,[(5, 5), (5, 6), (6, 5), (7, 5), (8, 4), (8, 5)]
5909,10,2,5,5,[(5, 6), (5, 7), (6, 6), (7, 6), (8, 5), (8, 6)]
5910,10,2,5,6,[(5, 7), (5, 8), (6, 7), (7, 7), (8, 6), (8, 7)]
5911,10,2,5,7,[(5, 8), (5, 9), (6, 8), (7, 8), (8, 7), (8, 8)]
5912,10,2,5,8,[(5, 9), (5, 10), (6, 9), (7, 9), (8, 8), (8, 9)]
5913,10,2,5,9,[(5, 10), (5, 11), (6, 10), (7, 10), (8, 9), (8, 10)]
5914,10,2,5,10,[(5, 11), (5, 12), (6, 11), (7, 11), (8, 10), (8, 11)]
5915,10,2,5,11,[(5, 12), (5, 13), (6, 12), (7, 12), (8, 11), (8, 12)]
5916,10,2,5,12,[(5, 13), (5, 14), (6, 13), (7, 13), (8, 12), (8, 13)]
5917,10,2,5,13,[(5, 14), (5, 15), (6, 14), (7, 14), (8, 13), (8, 14)]
5918,10,2,5,14,[(5, 15), (5, 16), (6, 15), (7, 15), (8, 14), (8, 15)]
5919,10,3,0,0,[(0, 0), (0, 1), (1, 1), (2, 1), (3, 1), (3, 2)]
5920,10,3,0,1,[(0, 1), (0, 2), (1, 2), (2, 2), (3, 2), (3, 3)]
5921,10,3,0,2,[(0, 2), (0, 3), (1, 3), (2, 3), (3, 3), (3, 4)]
5922,10,3,0,3,[(0, 3), (0, 4), (1, 4), (2, 4), (3, 4), (3, 5)]
5923,10,3,0,4,[(0, 4), (0, 5), (1, 5), (2, 5), (3, 5), (3, 6)]
5924,10,3,0,5,[(0, 5), (0, 6), (1, 6), (2, 6), (3, 6), (3, 7)]
5925,10,3,0,6,[(0, 6), (0, 7), (1, 7), (2, 7), (3, 7), (3, 8)]
5926,10,3,0,7,[(0, 7), (0, 8), (1, 8), (2, 8), (3, 8), (3, 9)]
5927,10,3,0,8,[(0, 8), (0, 9), (1, 9), (2, 9), (3, 9), (3, 10)]
5928,10,3,0,9,[(0, 9), (0, 10), (1, 10), (2, 10), (3, 10), (3, 11)]
5929,10,3,0,10,[(0, 10), (0, 11), (1, 11), (2, 11), (3, 11), (3, 12)]
5930,10,3,0,11,[(0, 11), (0, 12), (1, 12), (2, 12), (3, 12), (3, 13)]
5931,10,3,0,12,[(0, 12), (0, 13), (1, 13), (2, 13), (3, 13), (3, 14)]
5932,10,3,0,13,[(0, 13), (0, 14), (1, 14), (2, 14), (3, 14), (3, 15)]
5933,10,3,0,14,[(0, 14), (0, 15), (1, 15), (2, 15), (3, 15), (3, 16)]
5934,10,3,1,0,[(1, 0), (1, 1), (2, 1), (3, 1), (4, 1), (4, 2)]
5935,10,3,1,1,[(1, 1), (1, 2), (2, 2), (3, 2), (4, 2), (4, 3)]
5936,10,3,1,2,[(1, 2), (1, 3), (2, 3), (3, 3), (4, 3), (4, 4)]
5937,10,3,1,3,[(1, 3), (1, 4), (2, 4), (3, 4), (4, 4), (4, 5)]
5938,10,3,1,4,[(1, 4), (1, 5), (2, 5), (3, 5), (4, 5), (4, 6)]
5939,10,3,1,5,[(1, 5), (1, 6), (2, 6), (3, 6), (4, 6), (4, 7)]
5940,10,3,1,6,[(1, 6), (1, 7), (2, 7), (3, 7), (4, 7), (4, 8)]
5941,10,3,1,7,[(1, 7), (1, 8), (2, 8), (3, 8), (4, 8), (4, 9)]
5942,10,3,1,8,[(1, 8), (1, 9), (2, 9), (3, 9), (4, 9), (4, 10)]
5943,10,3,1,9,[(1, 9), (1, 10), (2, 10), (3, 10), (4, 10), (4, 11)]
5944,10,3,1,10,[(1, 10), (1, 11), (2, 11), (3, 11), (4, 11), (4, 12)]
5945,10,3,1,11,[(1, 11), (1, 12), (2, 12), (3, 12), (4, 12), (4, 13)]
5946,10,3,1,12,[(1, 12), (1, 13), (2, 13), (3, 13), (4, 13), (4, 14)]
5947,10,3,1,13,[(1, 13), (1, 14), (2, 14), (3, 14), (4, 14), (4, 15)]
5948,10,3,1,14,[(1, 14), (1, 15), (2, 15), (3, 15), (4, 15), (4, 16)]
5949,10,3,2,0,[(2, 0), (2, 1), (3, 1), (4, 1), (5, 1), (5, 2)]
5950,10,3,2,1,[(2, 1), (2, 2), (3, 2), (4, 2), (5, 2), (5, 3)]
5951,10,3,2,2,[(2, 2), (2, 3), (3, 3), (4, 3), (5, 3), (5, 4)]
5952,10,3,2,3,[(2, 3), (2, 4), (3, 4), (4, 4), (5, 4), (5, 5)]
5953,10,3,2,4,[(2, 4), (2, 5), (3, 5), (4, 5), (5, 5), (5, 6)]
5954,10,3,2,5,[(2, 5), (2, 6), (3, 6), (4, 6), (5, 6), (5, 7)]
5955,10,3,2,6,[(2, 6), (2, 7), (3, 7), (4, 7), (5, 7), (5, 8)]
5956,10,3,2,7,[(2, 7), (2, 8), (3, 8), (4, 8), (5, 8), (5, 9)]
5957,10,3,2,8,[(2, 8), (2, 9), (3, 9), (4, 9), (5, 9), (5, 10)]
5958,10,3,2,9,[(2, 9), (2, 10), (3, 10), (4, 10), (5, 10), (5, 11)]
5959,10,3,2,10,[(2, 10), (2, 11), (3, 11), (4, 11), (5, 11), (5, 12)]
5960,10,3,2,11,[(2, 11), (2, 12), (3, 12), (4, 12), (5, 12), (5, 13)]
5961,10,3,2,12,[(2, 12), (2, 13), (3, 13), (4, 13), (5, 13), (5, 14)]
5962,10,3,2,13,[(2, 13), (2, 14), (3, 14), (4, 14), (5, 14), (5, 15)]
5963,10,3,2,14,[(2, 14), (2, 15), (3, 15), (4, 15), (5, 15), (5, 16)]
5964,10,3,3,0,[(3, 0), (3, 1), (4, 1), (5, 1), (6, 1), (6, 2)]
5965,10,3,3,1,[(3, 1), (3, 2), (4, 2), (5, 2), (6, 2), (6, 3)]
5966,10,3,3,2,[(3, 2), (3, 3), (4, 3), (5, 3), (6, 3), (6, 4)]
5967,10,3,3,3,[(3, 3), (3, 4), (4, 4), (5, 4), (6, 4), (6, 5)]
5968,10,3,3,4,[(3, 4), (3, 5), (4, 5), (5, 5), (6, 5), (6, 6)]
5969,10,3,3,5,[(3, 5), (3, 6), (4, 6), (5, 6), (6, 6), (6, 7)]
5970,10,3,3,6,[(3, 6), (3, 7), (4, 7), (5, 7), (6, 7), (6, 8)]
5971,10,3,3,7,[(3, 7), (3, 8), (4, 8), (5, 8), (6, 8), (6, 9)]
5972,10,3,3,8,[(3, 8), (3, 9), (4, 9), (5, 9), (6, 9), (6, 10)]
5973,10,3,3,9,[(3, 9), (3, 10), (4, 10), (5, 10), (6, 10), (6, 11)]
5974,10,3,3,10,[(3, 10), (3, 11), (4, 11), (5, 11), (6, 11), (6, 12)]
5975,10,3,3,11,[(3, 11), (3, 12), (4, 12), (5, 12), (6, 12), (6, 13)]
5976,10,3,3,12,[(3, 12), (3, 13), (4, 13), (5, 13), (6, 13), (6, 14)]
5977,10,3,3,13,[(3, 13), (3, 14), (4, 14), (5, 14), (6, 14), (6, 15)]
5978,10,3,3,14,[(3, 14), (3, 15), (4, 15), (5, 15), (6, 15), (6, 16)]
5979,10,3,4,0,[(4, 0), (4, 1), (5, 1), (6, 1), (7, 1), (7, 2)]
5980,10,3,4,1,[(4, 1), (4, 2), (5, 2), (6, 2), (7, 2), (7, 3)]
5981,10,3,4,2,[(4, 2), (4, 3), (5, 3), (6, 3), (7, 3), (7, 4)]
5982,10,3,4,3,[(4, 3), (4, 4), (5, 4), (6, 4), (7, 4), (7, 5)]
5983,10,3,4,4,[(4, 4), (4, 5), (5, 5), (6, 5), (7, 5), (7, 6)]
5984,10,3,4,5,[(4, 5), (4, 6), (5, 6), (6, 6), (7, 6), (7, 7)]
5985,10,3,4,6,[(4, 6), (4, 7), (5, 7), (6, 7), (7, 7), (7, 8)]
5986,10,3,4,7,[(4, 7), (4, 8), (5, 8), (6, 8), (7, 8), (7, 9)]
5987,10,3,4,8,[(4, 8), (4, 9), (5, 9), (6, 9), (7, 9), (7, 10)]
5988,10,3,4,9,[(4, 9), (4, 10), (5, 10), (6, 10), (7, 10), (7, 11)]
5989,10,3,4,10,[(4, 10), (4, 11), (5, 11), (6, 11), (7, 11), (7, 12)]
5990,10,3,4,11,[(4, 11), (4, 12), (5, 12), (6, 12), (7, 12), (7, 13)]
5991,10,3,4,12,[(4, 12), (4, 13), (5, 13), (6, 13), (7, 13), (7, 14)]
5992,10,3,4,13,[(4, 13), (4, 14), (5, 14), (6, 14), (7, 14), (7, 15)]
5993,10,3,4,14,[(4, 14), (4, 15), (5, 15), (6, 15), (7, 15), (7, 16)]
5994,10,3,5,0,[(5, 0), (5, 1), (6, 1), (7, 1), (8, 1), (8, 2)]
5995,10,3,5,1,[(5, 1), (5, 2), (6, 2), (7, 2), (8, 2), (8, 3)]
5996,10,3,5,2,[(5, 2), (5, 3), (6, 3), (7, 3), (8, 3), (8, 4)]
5997,10,3,5,3,[(5, 3), (5, 4), (6, 4), (7, 4), (8, 4), (8, 5)]
5998,10,3,5,4,[(5, 4), (5, 5), (6, 5), (7, 5), (8, 5), (8, 6)]
5999,10,3,5,5,[(5, 5), (5, 6), (6, 6), (7, 6), (8, 6), (8, 7)]
6000,10,3,5,6,[(5, 6), (5, 7), (6, 7), (7, 7), (8, 7), (8, 8)]
6001,10,3,5,7,[(5, 7), (5, 8), (6, 8), (7, 8), (8, 8), (8, 9)]
6002,10,3,5,8,[(5, 8), (5, 9), (6, 9), (7, 9), (8, 9), (8, 10)]
6003,10,3,5,9,[(5, 9), (5, 10), (6, 10), (7, 10), (8, 10), (8, 11)]
6004,10,3,5,10,[(5, 10), (5, 11), (6, 11), (7, 11), (8, 11), (8, 12)]
6005,10,3,5,11,[(5, 11), (5, 12), (6, 12), (7, 12), (8, 12), (8, 13)]
6006,10,3,5,12,[(5, 12), (5, 13), (6, 13), (7, 13), (8, 13), (8, 14)]
6007,10,3,5,13,[(5, 13), (5, 14), (6, 14), (7, 14), (8, 14), (8, 15)]
6008,10,3,5,14,[(5, 14), (5, 15), (6, 15), (7, 15), (8, 15), (8, 16)]
